-- phpMyAdmin SQL Dump
-- version 5.2.1
-- https://www.phpmyadmin.net/
--
-- Host: 127.0.0.1
-- Generation Time: Aug 13, 2025 at 07:17 AM
-- Server version: 10.4.32-MariaDB
-- PHP Version: 8.2.12

SET SQL_MODE = "NO_AUTO_VALUE_ON_ZERO";
START TRANSACTION;
SET time_zone = "+00:00";


/*!40101 SET @OLD_CHARACTER_SET_CLIENT=@@CHARACTER_SET_CLIENT */;
/*!40101 SET @OLD_CHARACTER_SET_RESULTS=@@CHARACTER_SET_RESULTS */;
/*!40101 SET @OLD_COLLATION_CONNECTION=@@COLLATION_CONNECTION */;
/*!40101 SET NAMES utf8mb4 */;

--
-- Database: `laravel_resturant_updated_db`
--

-- --------------------------------------------------------

--
-- Table structure for table `areas`
--

CREATE TABLE `areas` (
  `id` bigint(20) UNSIGNED NOT NULL,
  `branch_id` bigint(20) UNSIGNED DEFAULT NULL,
  `area_name` varchar(191) NOT NULL,
  `created_at` timestamp NULL DEFAULT NULL,
  `updated_at` timestamp NULL DEFAULT NULL
) ENGINE=InnoDB DEFAULT CHARSET=utf8mb4 COLLATE=utf8mb4_unicode_ci;

--
-- Dumping data for table `areas`
--

INSERT INTO `areas` (`id`, `branch_id`, `area_name`, `created_at`, `updated_at`) VALUES
(1, 3, 'Lounge', '2025-01-11 01:55:08', '2025-01-11 01:55:08'),
(2, 3, 'Roof Top', '2025-01-11 01:55:23', '2025-01-11 01:55:23'),
(3, 3, 'Garden', '2025-01-11 01:55:41', '2025-01-11 01:55:41'),
(18, 7, 'Members Area', '2025-01-20 22:20:05', '2025-01-20 22:21:20'),
(19, 7, 'Non-Member Area', '2025-01-20 22:21:36', '2025-01-20 22:21:36'),
(20, 7, 'VIP LONGE', '2025-01-21 09:11:44', '2025-01-21 09:11:44'),
(21, 3, 'Member Area', '2025-01-21 09:57:32', '2025-01-21 09:57:32'),
(22, 3, 'VIP Lounge', '2025-02-07 03:43:54', '2025-02-07 03:43:54'),
(23, 2, 'roof', '2025-07-22 09:58:57', '2025-07-22 09:58:57'),
(24, 2, 'etbdgbdg', '2025-07-22 09:59:15', '2025-07-22 09:59:15'),
(25, 1, 'Rooftop', '2025-07-24 07:02:18', '2025-07-24 07:02:18');

-- --------------------------------------------------------

--
-- Table structure for table `branches`
--

CREATE TABLE `branches` (
  `id` bigint(20) UNSIGNED NOT NULL,
  `unique_hash` varchar(64) DEFAULT NULL,
  `restaurant_id` bigint(20) UNSIGNED DEFAULT NULL,
  `name` varchar(191) NOT NULL,
  `cloned_branch_name` varchar(191) DEFAULT NULL,
  `cloned_branch_id` varchar(191) DEFAULT NULL,
  `is_menu_clone` tinyint(1) NOT NULL DEFAULT 0,
  `is_item_categories_clone` tinyint(1) NOT NULL DEFAULT 0,
  `is_menu_items_clone` tinyint(1) NOT NULL DEFAULT 0,
  `is_item_modifiers_clone` tinyint(1) NOT NULL DEFAULT 0,
  `is_clone_reservation_settings` tinyint(1) NOT NULL DEFAULT 0,
  `is_clone_delivery_settings` tinyint(1) NOT NULL DEFAULT 0,
  `is_clone_kot_setting` tinyint(1) NOT NULL DEFAULT 0,
  `is_modifiers_groups_clone` tinyint(1) NOT NULL DEFAULT 0,
  `address` varchar(191) DEFAULT NULL,
  `created_at` timestamp NULL DEFAULT NULL,
  `updated_at` timestamp NULL DEFAULT NULL,
  `lat` decimal(10,7) DEFAULT NULL,
  `lng` decimal(10,7) DEFAULT NULL
) ENGINE=InnoDB DEFAULT CHARSET=utf8mb4 COLLATE=utf8mb4_unicode_ci;

--
-- Dumping data for table `branches`
--

INSERT INTO `branches` (`id`, `unique_hash`, `restaurant_id`, `name`, `cloned_branch_name`, `cloned_branch_id`, `is_menu_clone`, `is_item_categories_clone`, `is_menu_items_clone`, `is_item_modifiers_clone`, `is_clone_reservation_settings`, `is_clone_delivery_settings`, `is_clone_kot_setting`, `is_modifiers_groups_clone`, `address`, `created_at`, `updated_at`, `lat`, `lng`) VALUES
(1, '783a85a756cd28dc0e3a', 1, 'East Juliana', NULL, NULL, 0, 0, 0, 0, 0, 0, 0, 0, '5240 Hodkiewicz Unions Apt. 349\nKameronton, MA 21900', '2025-08-01 09:37:55', '2025-08-01 09:37:55', NULL, NULL),
(2, '15dcf4a297fd46088716', 1, 'Isadorechester', NULL, NULL, 0, 0, 0, 0, 0, 0, 0, 0, '45534 Hauck Village Suite 090\nSouth Opal, MO 27100', '2025-08-01 09:37:57', '2025-08-01 09:37:57', NULL, NULL),
(3, NULL, 2, 'Branch three', NULL, NULL, 0, 0, 0, 0, 0, 0, 0, 0, 'RUBY GENERAL HOSPITAL, Anandapur Main Road, Golpark, Sector I, Kasba, Kolkata, West Bengal, India', '2025-01-11 01:44:36', '2025-01-11 01:44:36', NULL, NULL),
(7, NULL, 6, 'PSK - Laxmi Nagar', NULL, NULL, 0, 0, 0, 0, 0, 0, 0, 0, '14, District Centre, Vikas Marg, Laxmi Nagar, New Delhi, Delhi, 110092', '2025-01-14 08:40:57', '2025-08-10 11:06:09', 26.9125000, 75.7875000),
(8, NULL, 7, 'Patna', NULL, NULL, 0, 0, 0, 0, 0, 0, 0, 0, 'Jawaharlal Nehru Marg, Bailey Rd, Patna, Bihar 800001', '2025-02-07 05:34:12', '2025-02-07 05:34:12', NULL, NULL),
(9, NULL, 8, 'New Delhi', NULL, NULL, 0, 0, 0, 0, 0, 0, 0, 0, 'Ashram, New Delhi', '2025-02-12 05:05:51', '2025-02-12 05:05:51', NULL, NULL),
(10, NULL, 9, 'il piatto', NULL, NULL, 0, 0, 0, 0, 0, 0, 0, 0, '4 harcourt', '2025-05-18 02:16:48', '2025-05-18 02:16:48', NULL, NULL);

-- --------------------------------------------------------

--
-- Table structure for table `branch_delivery_settings`
--

CREATE TABLE `branch_delivery_settings` (
  `id` bigint(20) UNSIGNED NOT NULL,
  `branch_id` bigint(20) UNSIGNED NOT NULL,
  `max_radius` decimal(8,2) NOT NULL DEFAULT 5.00,
  `unit` enum('km','miles') NOT NULL DEFAULT 'km',
  `fee_type` varchar(191) NOT NULL DEFAULT 'fixed',
  `fixed_fee` decimal(8,2) DEFAULT NULL,
  `per_distance_rate` decimal(8,2) DEFAULT NULL,
  `free_delivery_over_amount` decimal(8,2) DEFAULT NULL,
  `free_delivery_within_radius` double DEFAULT NULL,
  `delivery_schedule_start` time DEFAULT NULL,
  `delivery_schedule_end` time DEFAULT NULL,
  `prep_time_minutes` int(11) NOT NULL DEFAULT 20,
  `additional_eta_buffer_time` int(11) DEFAULT NULL,
  `avg_delivery_speed_kmh` int(11) NOT NULL DEFAULT 30,
  `is_enabled` tinyint(1) NOT NULL DEFAULT 1,
  `created_at` timestamp NULL DEFAULT NULL,
  `updated_at` timestamp NULL DEFAULT NULL
) ENGINE=InnoDB DEFAULT CHARSET=utf8mb4 COLLATE=utf8mb4_unicode_ci;

-- --------------------------------------------------------

--
-- Table structure for table `cache`
--

CREATE TABLE `cache` (
  `key` varchar(191) NOT NULL,
  `value` mediumtext NOT NULL,
  `expiration` int(11) NOT NULL
) ENGINE=InnoDB DEFAULT CHARSET=utf8mb4 COLLATE=utf8mb4_unicode_ci;

-- --------------------------------------------------------

--
-- Table structure for table `cache_locks`
--

CREATE TABLE `cache_locks` (
  `key` varchar(191) NOT NULL,
  `owner` varchar(191) NOT NULL,
  `expiration` int(11) NOT NULL
) ENGINE=InnoDB DEFAULT CHARSET=utf8mb4 COLLATE=utf8mb4_unicode_ci;

-- --------------------------------------------------------

--
-- Table structure for table `contacts`
--

CREATE TABLE `contacts` (
  `id` bigint(20) UNSIGNED NOT NULL,
  `language_setting_id` bigint(20) UNSIGNED DEFAULT NULL,
  `email` varchar(191) DEFAULT NULL,
  `contact_company` varchar(191) DEFAULT NULL,
  `image` varchar(200) DEFAULT NULL,
  `address` text DEFAULT NULL,
  `created_at` timestamp NULL DEFAULT NULL,
  `updated_at` timestamp NULL DEFAULT NULL
) ENGINE=InnoDB DEFAULT CHARSET=utf8mb4 COLLATE=utf8mb4_unicode_ci;

--
-- Dumping data for table `contacts`
--

INSERT INTO `contacts` (`id`, `language_setting_id`, `email`, `contact_company`, `image`, `address`, `created_at`, `updated_at`) VALUES
(1, 1, 'support@example.com', 'Bond Hobbs Inc', NULL, '957 Jamie Station, Lamontborough, SD 27319-9459', '2025-08-01 09:37:59', '2025-08-01 09:37:59');

-- --------------------------------------------------------

--
-- Table structure for table `countries`
--

CREATE TABLE `countries` (
  `id` bigint(20) UNSIGNED NOT NULL,
  `countries_code` char(2) NOT NULL,
  `countries_name` varchar(191) NOT NULL,
  `phonecode` varchar(191) NOT NULL
) ENGINE=InnoDB DEFAULT CHARSET=utf8mb4 COLLATE=utf8mb4_unicode_ci;

--
-- Dumping data for table `countries`
--

INSERT INTO `countries` (`id`, `countries_code`, `countries_name`, `phonecode`) VALUES
(1, 'AF', 'Afghanistan', '93'),
(2, 'AX', 'Åland Islands', '358'),
(3, 'AL', 'Albania', '355'),
(4, 'DZ', 'Algeria', '213'),
(5, 'AS', 'American Samoa', '1684'),
(6, 'AD', 'Andorra', '376'),
(7, 'AO', 'Angola', '244'),
(8, 'AI', 'Anguilla', '1264'),
(9, 'AQ', 'Antarctica', '0'),
(10, 'AG', 'Antigua and Barbuda', '1268'),
(11, 'AR', 'Argentina', '54'),
(12, 'AM', 'Armenia', '374'),
(13, 'AW', 'Aruba', '297'),
(14, 'AU', 'Australia', '61'),
(15, 'AT', 'Austria', '43'),
(16, 'AZ', 'Azerbaijan', '994'),
(17, 'BS', 'Bahamas', '1242'),
(18, 'BH', 'Bahrain', '973'),
(19, 'BD', 'Bangladesh', '880'),
(20, 'BB', 'Barbados', '1246'),
(21, 'BY', 'Belarus', '375'),
(22, 'BE', 'Belgium', '32'),
(23, 'BZ', 'Belize', '501'),
(24, 'BJ', 'Benin', '229'),
(25, 'BM', 'Bermuda', '1441'),
(26, 'BT', 'Bhutan', '975'),
(27, 'BO', 'Bolivia, Plurinational State of', '591'),
(28, 'BQ', 'Bonaire, Sint Eustatius and Saba', '599'),
(29, 'BA', 'Bosnia and Herzegovina', '387'),
(30, 'BW', 'Botswana', '267'),
(31, 'BV', 'Bouvet Island', '0'),
(32, 'BR', 'Brazil', '55'),
(33, 'IO', 'British Indian Ocean Territory', '246'),
(34, 'BN', 'Brunei Darussalam', '673'),
(35, 'BG', 'Bulgaria', '359'),
(36, 'BF', 'Burkina Faso', '226'),
(37, 'BI', 'Burundi', '257'),
(38, 'KH', 'Cambodia', '855'),
(39, 'CM', 'Cameroon', '237'),
(40, 'CA', 'Canada', '1'),
(41, 'CV', 'Cape Verde', '238'),
(42, 'KY', 'Cayman Islands', '1345'),
(43, 'CF', 'Central African Republic', '236'),
(44, 'TD', 'Chad', '235'),
(45, 'CL', 'Chile', '56'),
(46, 'CN', 'China', '86'),
(47, 'CX', 'Christmas Island', '61'),
(48, 'CC', 'Cocos (Keeling) Islands', '672'),
(49, 'CO', 'Colombia', '57'),
(50, 'KM', 'Comoros', '269'),
(51, 'CG', 'Congo', '242'),
(52, 'CD', 'Congo, the Democratic Republic of the', '242'),
(53, 'CK', 'Cook Islands', '682'),
(54, 'CR', 'Costa Rica', '506'),
(55, 'CI', 'Côte d\'Ivoire', '225'),
(56, 'HR', 'Croatia', '385'),
(57, 'CU', 'Cuba', '53'),
(58, 'CW', 'Curaçao', '599'),
(59, 'CY', 'Cyprus', '357'),
(60, 'CZ', 'Czech Republic', '420'),
(61, 'DK', 'Denmark', '45'),
(62, 'DJ', 'Djibouti', '253'),
(63, 'DM', 'Dominica', '1767'),
(64, 'DO', 'Dominican Republic', '1809'),
(65, 'EC', 'Ecuador', '593'),
(66, 'EG', 'Egypt', '20'),
(67, 'SV', 'El Salvador', '503'),
(68, 'GQ', 'Equatorial Guinea', '240'),
(69, 'ER', 'Eritrea', '291'),
(70, 'EE', 'Estonia', '372'),
(71, 'ET', 'Ethiopia', '251'),
(72, 'FK', 'Falkland Islands (Malvinas)', '500'),
(73, 'FO', 'Faroe Islands', '298'),
(74, 'FJ', 'Fiji', '679'),
(75, 'FI', 'Finland', '358'),
(76, 'FR', 'France', '33'),
(77, 'GF', 'French Guiana', '594'),
(78, 'PF', 'French Polynesia', '689'),
(79, 'TF', 'French Southern Territories', '0'),
(80, 'GA', 'Gabon', '241'),
(81, 'GM', 'Gambia', '220'),
(82, 'GE', 'Georgia', '995'),
(83, 'DE', 'Germany', '49'),
(84, 'GH', 'Ghana', '233'),
(85, 'GI', 'Gibraltar', '350'),
(86, 'GR', 'Greece', '30'),
(87, 'GL', 'Greenland', '299'),
(88, 'GD', 'Grenada', '1473'),
(89, 'GP', 'Guadeloupe', '590'),
(90, 'GU', 'Guam', '1671'),
(91, 'GT', 'Guatemala', '502'),
(92, 'GG', 'Guernsey', '44'),
(93, 'GN', 'Guinea', '224'),
(94, 'GW', 'Guinea-Bissau', '245'),
(95, 'GY', 'Guyana', '592'),
(96, 'HT', 'Haiti', '509'),
(97, 'HM', 'Heard Island and McDonald Islands', '0'),
(98, 'VA', 'Holy See (Vatican City State)', '39'),
(99, 'HN', 'Honduras', '504'),
(100, 'HK', 'Hong Kong', '852'),
(101, 'HU', 'Hungary', '36'),
(102, 'IS', 'Iceland', '354'),
(103, 'IN', 'India', '91'),
(104, 'ID', 'Indonesia', '62'),
(105, 'IR', 'Iran, Islamic Republic of', '98'),
(106, 'IQ', 'Iraq', '964'),
(107, 'IE', 'Ireland', '353'),
(108, 'IM', 'Isle of Man', '44'),
(109, 'IL', 'Israel', '972'),
(110, 'IT', 'Italy', '39'),
(111, 'JM', 'Jamaica', '1876'),
(112, 'JP', 'Japan', '81'),
(113, 'JE', 'Jersey', '44'),
(114, 'JO', 'Jordan', '962'),
(115, 'KZ', 'Kazakhstan', '7'),
(116, 'KE', 'Kenya', '254'),
(117, 'KI', 'Kiribati', '686'),
(118, 'KP', 'Korea, Democratic People\'s Republic of', '850'),
(119, 'KR', 'Korea, Republic of', '82'),
(120, 'KW', 'Kuwait', '965'),
(121, 'KG', 'Kyrgyzstan', '996'),
(122, 'LA', 'Lao People\'s Democratic Republic', '856'),
(123, 'LV', 'Latvia', '371'),
(124, 'LB', 'Lebanon', '961'),
(125, 'LS', 'Lesotho', '266'),
(126, 'LR', 'Liberia', '231'),
(127, 'LY', 'Libya', '218'),
(128, 'LI', 'Liechtenstein', '423'),
(129, 'LT', 'Lithuania', '370'),
(130, 'LU', 'Luxembourg', '352'),
(131, 'MO', 'Macao', '853'),
(132, 'MK', 'Macedonia, the Former Yugoslav Republic of', '389'),
(133, 'MG', 'Madagascar', '261'),
(134, 'MW', 'Malawi', '265'),
(135, 'MY', 'Malaysia', '60'),
(136, 'MV', 'Maldives', '960'),
(137, 'ML', 'Mali', '223'),
(138, 'MT', 'Malta', '356'),
(139, 'MH', 'Marshall Islands', '692'),
(140, 'MQ', 'Martinique', '596'),
(141, 'MR', 'Mauritania', '222'),
(142, 'MU', 'Mauritius', '230'),
(143, 'YT', 'Mayotte', '269'),
(144, 'MX', 'Mexico', '52'),
(145, 'FM', 'Micronesia, Federated States of', '691'),
(146, 'MD', 'Moldova, Republic of', '373'),
(147, 'MC', 'Monaco', '377'),
(148, 'MN', 'Mongolia', '976'),
(149, 'ME', 'Montenegro', '382'),
(150, 'MS', 'Montserrat', '1664'),
(151, 'MA', 'Morocco', '212'),
(152, 'MZ', 'Mozambique', '258'),
(153, 'MM', 'Myanmar', '95'),
(154, 'NA', 'Namibia', '264'),
(155, 'NR', 'Nauru', '674'),
(156, 'NP', 'Nepal', '977'),
(157, 'NL', 'Netherlands', '31'),
(158, 'NC', 'New Caledonia', '687'),
(159, 'NZ', 'New Zealand', '64'),
(160, 'NI', 'Nicaragua', '505'),
(161, 'NE', 'Niger', '227'),
(162, 'NG', 'Nigeria', '234'),
(163, 'NU', 'Niue', '683'),
(164, 'NF', 'Norfolk Island', '672'),
(165, 'MP', 'Northern Mariana Islands', '1670'),
(166, 'NO', 'Norway', '47'),
(167, 'OM', 'Oman', '968'),
(168, 'PK', 'Pakistan', '92'),
(169, 'PW', 'Palau', '680'),
(170, 'PS', 'Palestine, State of', '970'),
(171, 'PA', 'Panama', '507'),
(172, 'PG', 'Papua New Guinea', '675'),
(173, 'PY', 'Paraguay', '595'),
(174, 'PE', 'Peru', '51'),
(175, 'PH', 'Philippines', '63'),
(176, 'PN', 'Pitcairn', '0'),
(177, 'PL', 'Poland', '48'),
(178, 'PT', 'Portugal', '351'),
(179, 'PR', 'Puerto Rico', '1787'),
(180, 'QA', 'Qatar', '974'),
(181, 'RE', 'Réunion', '262'),
(182, 'RO', 'Romania', '40'),
(183, 'RU', 'Russian Federation', '7'),
(184, 'RW', 'Rwanda', '250'),
(185, 'BL', 'Saint Barthélemy', '590'),
(186, 'SH', 'Saint Helena, Ascension and Tristan da Cunha', '290'),
(187, 'KN', 'Saint Kitts and Nevis', '1869'),
(188, 'LC', 'Saint Lucia', '1758'),
(189, 'MF', 'Saint Martin (French part)', '590'),
(190, 'PM', 'Saint Pierre and Miquelon', '508'),
(191, 'VC', 'Saint Vincent and the Grenadines', '1784'),
(192, 'WS', 'Samoa', '684'),
(193, 'SM', 'San Marino', '378'),
(194, 'ST', 'Sao Tome and Principe', '239'),
(195, 'SA', 'Saudi Arabia', '966'),
(196, 'SN', 'Senegal', '221'),
(197, 'RS', 'Serbia', '381'),
(198, 'SC', 'Seychelles', '248'),
(199, 'SL', 'Sierra Leone', '232'),
(200, 'SG', 'Singapore', '65'),
(201, 'SX', 'Sint Maarten (Dutch part)', '1'),
(202, 'SK', 'Slovakia', '421'),
(203, 'SI', 'Slovenia', '386'),
(204, 'SB', 'Solomon Islands', '677'),
(205, 'SO', 'Somalia', '252'),
(206, 'ZA', 'South Africa', '27'),
(207, 'GS', 'South Georgia and the South Sandwich Islands', '0'),
(208, 'SS', 'South Sudan', '211'),
(209, 'ES', 'Spain', '34'),
(210, 'LK', 'Sri Lanka', '94'),
(211, 'SD', 'Sudan', '249'),
(212, 'SR', 'Suriname', '597'),
(213, 'SJ', 'Svalbard and Jan Mayen', '47'),
(214, 'SZ', 'Swaziland', '268'),
(215, 'SE', 'Sweden', '46'),
(216, 'CH', 'Switzerland', '41'),
(217, 'SY', 'Syrian Arab Republic', '963'),
(218, 'TW', 'Taiwan, Province of China', '886'),
(219, 'TJ', 'Tajikistan', '992'),
(220, 'TZ', 'Tanzania, United Republic of', '255'),
(221, 'TH', 'Thailand', '66'),
(222, 'TL', 'Timor-Leste', '670'),
(223, 'TG', 'Togo', '228'),
(224, 'TK', 'Tokelau', '690'),
(225, 'TO', 'Tonga', '676'),
(226, 'TT', 'Trinidad and Tobago', '1868'),
(227, 'TN', 'Tunisia', '216'),
(228, 'TR', 'Turkey', '90'),
(229, 'TM', 'Turkmenistan', '7370'),
(230, 'TC', 'Turks and Caicos Islands', '1649'),
(231, 'TV', 'Tuvalu', '688'),
(232, 'UG', 'Uganda', '256'),
(233, 'UA', 'Ukraine', '380'),
(234, 'AE', 'United Arab Emirates', '971'),
(235, 'GB', 'United Kingdom', '44'),
(236, 'US', 'United States', '1'),
(237, 'UM', 'United States Minor Outlying Islands', '1'),
(238, 'UY', 'Uruguay', '598'),
(239, 'UZ', 'Uzbekistan', '998'),
(240, 'VU', 'Vanuatu', '678'),
(241, 'VE', 'Venezuela, Bolivarian Republic of', '58'),
(242, 'VN', 'Viet Nam', '84'),
(243, 'VG', 'Virgin Islands, British', '1284'),
(244, 'VI', 'Virgin Islands, U.S.', '1340'),
(245, 'WF', 'Wallis and Futuna', '681'),
(246, 'EH', 'Western Sahara', '212'),
(247, 'YE', 'Yemen', '967'),
(248, 'ZM', 'Zambia', '260'),
(249, 'ZW', 'Zimbabwe', '263');

-- --------------------------------------------------------

--
-- Table structure for table `currencies`
--

CREATE TABLE `currencies` (
  `id` bigint(20) UNSIGNED NOT NULL,
  `restaurant_id` bigint(20) UNSIGNED DEFAULT NULL,
  `currency_name` varchar(191) NOT NULL,
  `currency_code` varchar(191) NOT NULL,
  `currency_symbol` varchar(191) NOT NULL,
  `currency_position` enum('left','right','left_with_space','right_with_space') NOT NULL DEFAULT 'left',
  `no_of_decimal` int(10) UNSIGNED NOT NULL DEFAULT 2,
  `thousand_separator` varchar(191) DEFAULT ',',
  `decimal_separator` varchar(191) DEFAULT '.',
  `exchange_rate` decimal(16,2) DEFAULT NULL,
  `usd_price` decimal(16,2) DEFAULT NULL,
  `is_cryptocurrency` enum('yes','no') NOT NULL DEFAULT 'no'
) ENGINE=InnoDB DEFAULT CHARSET=utf8mb4 COLLATE=utf8mb4_unicode_ci;

--
-- Dumping data for table `currencies`
--

INSERT INTO `currencies` (`id`, `restaurant_id`, `currency_name`, `currency_code`, `currency_symbol`, `currency_position`, `no_of_decimal`, `thousand_separator`, `decimal_separator`, `exchange_rate`, `usd_price`, `is_cryptocurrency`) VALUES
(1, 1, 'Dollars', 'USD', '$', 'left', 2, ',', '.', NULL, NULL, 'no'),
(2, 1, 'Rupee', 'INR', '₹', 'left', 2, ',', '.', NULL, NULL, 'no'),
(3, 1, 'Pounds', 'GBP', '£', 'left', 2, ',', '.', NULL, NULL, 'no'),
(4, 1, 'Euros', 'EUR', '€', 'left', 2, ',', '.', NULL, NULL, 'no'),
(5, 2, 'Rupee', 'INR', '₹', 'left', 2, ',', '.', NULL, NULL, 'no'),
(21, 6, 'Rupee', 'INR', '₹', 'left', 2, ',', '.', NULL, NULL, 'no'),
(22, 6, 'Dollars', 'USD', '$', 'left', 2, ',', '.', NULL, NULL, 'no'),
(23, 6, 'Pounds', 'GBP', '£', 'left', 2, ',', '.', NULL, NULL, 'no'),
(24, 6, 'Euros', 'EUR', '€', 'left', 2, ',', '.', NULL, NULL, 'no'),
(25, 7, 'Dollars', 'USD', '$', 'left', 2, ',', '.', NULL, NULL, 'no'),
(26, 7, 'Rupee', 'INR', '₹', 'left', 2, ',', '.', NULL, NULL, 'no'),
(27, 7, 'Pounds', 'GBP', '£', 'left', 2, ',', '.', NULL, NULL, 'no'),
(28, 7, 'Euros', 'EUR', '€', 'left', 2, ',', '.', NULL, NULL, 'no'),
(29, 8, 'Dollars', 'USD', '$', 'left', 2, ',', '.', NULL, NULL, 'no'),
(30, 8, 'Rupee', 'INR', '₹', 'left', 2, ',', '.', NULL, NULL, 'no'),
(31, 8, 'Pounds', 'GBP', '£', 'left', 2, ',', '.', NULL, NULL, 'no'),
(32, 8, 'Euros', 'EUR', '€', 'left', 2, ',', '.', NULL, NULL, 'no'),
(33, 9, 'Dollars', 'USD', '$', 'left', 2, ',', '.', NULL, NULL, 'no'),
(34, 9, 'Rupee', 'INR', '₹', 'left', 2, ',', '.', NULL, NULL, 'no'),
(35, 9, 'Pounds', 'GBP', '£', 'left', 2, ',', '.', NULL, NULL, 'no'),
(36, 9, 'Euros', 'EUR', '€', 'left', 2, ',', '.', NULL, NULL, 'no');

-- --------------------------------------------------------

--
-- Table structure for table `customers`
--

CREATE TABLE `customers` (
  `id` bigint(20) UNSIGNED NOT NULL,
  `restaurant_id` bigint(20) UNSIGNED DEFAULT NULL,
  `name` varchar(191) DEFAULT NULL,
  `phone` varchar(191) DEFAULT NULL,
  `email` varchar(191) DEFAULT NULL,
  `email_otp` varchar(191) DEFAULT NULL,
  `created_at` timestamp NULL DEFAULT NULL,
  `updated_at` timestamp NULL DEFAULT NULL,
  `delivery_address` text DEFAULT NULL
) ENGINE=InnoDB DEFAULT CHARSET=utf8mb4 COLLATE=utf8mb4_unicode_ci;

--
-- Dumping data for table `customers`
--

INSERT INTO `customers` (`id`, `restaurant_id`, `name`, `phone`, `email`, `email_otp`, `created_at`, `updated_at`, `delivery_address`) VALUES
(3, 2, 'Tanya M.', '98989898978', NULL, NULL, '2025-01-14 10:52:35', '2025-01-18 19:50:58', NULL),
(8, 6, 'JAI MATA DI', '9711359797', 'CHETANGUPT780@gmail.com', NULL, '2025-01-21 14:15:22', '2025-01-21 14:15:22', ''),
(9, 2, 'ranjan', '09999999999', 'kumar00004k@gmail.com', NULL, '2025-02-05 16:42:08', '2025-02-05 16:42:08', NULL),
(13, 2, 'Muskan S', '86426xxxx', 'muskans@gmail.com', NULL, '2025-02-06 13:32:40', '2025-02-07 10:17:00', 'Delhi, India'),
(15, 2, 'Shreya', '96375xxxx', 'shera@gmail.com', NULL, '2025-02-07 09:51:58', '2025-02-07 09:51:58', NULL),
(16, 2, 'test one', '9989809890', NULL, NULL, '2025-02-07 11:45:31', '2025-02-07 11:45:31', NULL),
(17, 2, 'John', '84656xxxx', 'john@usa.com', NULL, '2025-02-07 12:46:52', '2025-02-07 12:46:52', 'USA'),
(20, 6, 'S.C.CHADHA', '9810721192', 'test1@gmail.com', NULL, '2025-06-10 10:29:26', '2025-06-10 10:29:26', NULL),
(21, 6, 'RAJIV AGARWAL', '9811162834', 'rajiv.agarwal62@gmail.com', NULL, '2025-06-10 10:29:26', '2025-06-10 10:29:26', NULL),
(22, 6, 'NEERAJ KUMAR SINGAL', '9810068590', 'nks@semcoindia.com', NULL, '2025-06-10 10:29:26', '2025-06-10 10:29:26', NULL),
(23, 6, 'ASHOK BABU', '9811224639', 'test2@gmail.com', NULL, '2025-06-10 10:29:26', '2025-06-10 10:29:26', NULL),
(24, 6, 'NASEEB SINGH', '9810126989', 'test3@gmail.com', NULL, '2025-06-10 06:10:08', '2025-06-10 06:10:08', NULL),
(25, 6, 'RAKESH JOSHI', '9818146606', 'drrakeshjoshi@yahoo.com', NULL, '2025-06-10 06:10:09', '2025-06-10 06:10:09', NULL),
(26, 6, 'Y.K. SAXENA', '26327630,   9810312340', 'y.k.saxena@hotmail.com', NULL, '2025-06-10 06:10:09', '2025-06-11 10:54:43', NULL),
(27, 6, 'NAVEEN JAIN', '9899404860', 'njainfca@yahoo.co.in', NULL, '2025-06-10 06:10:09', '2025-06-10 06:10:09', NULL),
(28, 6, 'SUBHASH JAIN', '22548586,  9810004855', 'gargi_elect@yahoo.co.in', NULL, '2025-06-10 06:10:09', '2025-06-11 10:55:53', NULL),
(29, 6, 'SHASHI GUPTA', '9313006697', 'shashifca@gmail.com', NULL, '2025-06-10 06:10:09', '2025-06-10 06:10:09', NULL),
(30, 6, 'SANJAY AGGARWAL', '9810074888', 'aggprop@yahoo.com', NULL, '2025-06-10 06:10:09', '2025-06-10 06:10:09', NULL),
(31, 6, 'ARVINDH AGARWAL', '9313373741', 'test4@gmail.com', NULL, '2025-06-10 06:10:09', '2025-06-10 06:10:09', NULL),
(32, 6, 'SUSHIL JINDAL', '9810744334', 'sushilkumarjindal@hotmail.com', NULL, '2025-06-10 06:10:09', '2025-06-10 06:10:09', NULL),
(33, 6, 'ALOK AGARWAL', '32331071', 'test5@gmail.com', NULL, '2025-06-10 06:10:09', '2025-06-11 10:56:57', NULL),
(34, 6, 'PRASHANT AHUJA', '9818017921', 'prashantahuja@hotmail.com', NULL, '2025-06-10 06:10:09', '2025-06-10 06:10:09', NULL),
(35, 6, 'RAJNEESH KUMAR SOOD', '9891671417', 'test6@gmail.com', NULL, '2025-06-10 06:10:09', '2025-06-10 06:10:09', NULL),
(36, 6, 'SUBHASH AGARWAL', '9810130441', 'drsagarwal21@gmail.com ', NULL, '2025-06-10 06:10:09', '2025-06-10 06:10:09', NULL),
(37, 6, 'SUBHASH CHANDRA SINGHAL', '9810114589', 'singhalassoc@gmail.com', NULL, '2025-06-10 06:10:09', '2025-06-10 06:10:09', NULL),
(38, 6, 'RAKESH CHANDRA RASTOGI', '9811033198', 'test7@gmail.com', NULL, '2025-06-10 06:10:09', '2025-06-10 06:10:09', NULL),
(39, 6, 'VIREDER KHANNA', '9810039192', 'krishnasons26fa@gmail.com', NULL, '2025-06-10 06:10:09', '2025-06-10 06:10:09', NULL),
(40, 6, 'RAHUL PAUL', '9810292498', 'drrahulpaul@gmail.com', NULL, '2025-06-10 06:10:09', '2025-06-10 06:10:09', NULL),
(41, 6, 'PREM PRAKASH GUPTA', '9811167850', 'guptappgk71@yahoo.com', NULL, '2025-06-10 06:10:09', '2025-06-10 06:10:09', NULL),
(42, 6, 'ASHOK KUMAR JALAN', '9811039708', 'info@jalanca.com', NULL, '2025-06-10 06:10:09', '2025-06-10 06:10:09', NULL),
(43, 6, 'RAJENDER GUPTA ', '9810002504', 'rmsc007@gmail.com', NULL, '2025-06-10 06:10:09', '2025-06-10 06:10:09', NULL),
(44, 6, 'S.P. SINGH', '9811151154', 'dr.spsing@gmail.com', NULL, '2025-06-10 06:10:09', '2025-06-10 06:10:09', NULL),
(45, 6, 'MADHU CHANDA PAKRASHI', '9811141270', 'apakrashi@rediffmail.com', NULL, '2025-06-10 06:10:09', '2025-06-10 06:10:09', NULL),
(46, 6, 'SHANTI LAL JAIN', '9818036024', 'shantilal63@yahoo.co.in                            shantilal63@gmail.com', NULL, '2025-06-10 06:10:09', '2025-06-10 06:10:09', NULL),
(47, 6, 'HARENDER SINGH', '9810079459', 'test8@gmail.com', NULL, '2025-06-10 06:10:09', '2025-06-10 06:10:09', NULL),
(48, 6, 'RAMESH BHANDARI', '9313088430,  9999199639', 'ramesh.sel16@yahoo.com', NULL, '2025-06-10 06:10:09', '2025-06-11 10:57:39', NULL),
(49, 6, 'KRISHAN KUMAR GOYAL', '9810235006', 'goyalkk2012@gmail.com', NULL, '2025-06-10 06:10:09', '2025-06-10 06:10:09', NULL),
(50, 6, 'ALOK JAIN', '9818093365', 'test9@gmail.com', NULL, '2025-06-10 06:10:09', '2025-06-10 06:10:09', NULL),
(51, 6, 'P.D. GARG', '9811109048', 'pdgarg@gmail.com', NULL, '2025-06-10 06:10:09', '2025-06-10 06:10:09', NULL),
(52, 6, 'SHARDA JAIN', '32344808', 'test10@gmail.com', NULL, '2025-06-10 06:10:09', '2025-06-11 10:58:03', NULL),
(53, 6, 'MOHIT GAMBHIR', '9810075702', 'mohit.gambhir77@rediffmail.com', NULL, '2025-06-10 06:10:09', '2025-06-10 06:10:09', NULL),
(54, 6, 'R.R.GUPTA', '9811467641', 'test11@gmail.com', NULL, '2025-06-10 06:10:09', '2025-06-10 06:10:09', NULL),
(55, 6, 'MUKESH KUMAR JAIN', '9810187001', 'mukeshjain1950@gmail.com', NULL, '2025-06-10 06:10:09', '2025-06-10 06:10:09', NULL),
(56, 6, 'AMIT MITTAL', '9891966700', 'amitmittal@icai.org', NULL, '2025-06-10 06:10:09', '2025-06-10 06:10:09', NULL),
(57, 6, 'SEEMA JAIN', '22508788', 'test12@gmail.com', NULL, '2025-06-10 06:10:09', '2025-06-11 10:58:31', NULL),
(58, 6, 'RAHUL AGARWAL', '9810512114', 'test13@gmail.com', NULL, '2025-06-10 06:10:09', '2025-06-10 06:10:09', NULL),
(59, 6, 'SUBHASH CHAND JAIN', '9810531388', 'test14@gmail.com', NULL, '2025-06-10 06:10:09', '2025-06-10 06:10:09', NULL),
(60, 6, 'P.C. BINDAL', '9810013280', 'pcbindal@gmail.com', NULL, '2025-06-10 06:10:09', '2025-06-10 06:10:09', NULL),
(61, 6, 'RAJEEV PASSEI', '9810178588', 'drrpassey@yahoo.com', NULL, '2025-06-10 06:10:09', '2025-06-10 06:10:09', NULL),
(62, 6, 'VIKAS ARORA', '9811414440', 'vikasvicky@hotmail.com', NULL, '2025-06-10 06:10:09', '2025-06-10 06:10:09', NULL),
(63, 6, 'ANURUP SHARMA', '9811081063', 'anurups@hotmail.com', NULL, '2025-06-10 06:10:09', '2025-06-10 06:10:09', NULL),
(64, 6, 'RAKESH GUPTA', '9811066168', 'thenest.rg@gmail.com', NULL, '2025-06-10 06:10:09', '2025-06-10 06:10:09', NULL),
(65, 6, 'ANIL KUMAR GUPTA', '9312215009', 'kansalents@rediffmail.com', NULL, '2025-06-10 06:10:09', '2025-06-10 06:10:09', NULL),
(66, 6, 'NEERAJ AGARWAL', '9810634401', 'neeraj@ambitec.in', NULL, '2025-06-10 06:10:09', '2025-06-10 06:10:09', NULL),
(67, 6, 'RAKESH GOEL', '9810883938', 'delichemhardware@yahoo.co.in', NULL, '2025-06-10 06:10:09', '2025-06-10 06:10:09', NULL),
(68, 6, 'RAJENDRA SINGH', '9810201901', 'test15@gmail.com', NULL, '2025-06-10 06:10:09', '2025-06-10 06:10:09', NULL),
(69, 6, 'AJAY GUPTA', '9810003679', 'ajay22delhi@gmail.com', NULL, '2025-06-10 06:10:09', '2025-06-10 06:10:09', NULL),
(70, 6, 'NARENDER WADHWA', '9810008640', 'nwadhwa@ski.net', NULL, '2025-06-10 06:10:09', '2025-06-10 06:10:09', NULL),
(71, 6, 'KAILASH ARORA', '9811098861', 'arorakailash@gmail.com', NULL, '2025-06-10 06:10:09', '2025-06-10 06:10:09', NULL),
(72, 6, 'ASHUTOSH VERMA', '9868252720', 'test16@gmail.com', NULL, '2025-06-10 06:10:09', '2025-06-10 06:10:09', NULL),
(73, 6, 'SUNIL KUMAR AGARWAL', '9811253763', 'vkj_delhi@yahoo.co.in', NULL, '2025-06-10 06:10:09', '2025-06-10 06:10:09', NULL),
(74, 6, 'SHANKAR LAL SINGHANIA', '9811039847', 'shankarsinghania@hotmail.com', NULL, '2025-06-10 06:10:09', '2025-06-10 06:10:09', NULL),
(75, 6, 'SURESH KUMAR TANEJA', '9810660436', 'sktaneja1@yahoo.co.in', NULL, '2025-06-10 06:10:09', '2025-06-10 06:10:09', NULL),
(76, 6, 'J.R. DUGGAL', '9810612249', 'duggal.jr@gmail.com', NULL, '2025-06-10 06:10:09', '2025-06-10 06:10:09', NULL),
(77, 6, 'INDER SANJEEV VARMA', '22541851', 'test17@gmail.com', NULL, '2025-06-10 06:10:09', '2025-06-11 10:59:03', NULL),
(78, 6, 'SAUMYA GUPTA', '9810560352', 'sgupta@newagepublishers.com', NULL, '2025-06-10 06:10:09', '2025-06-10 06:10:09', NULL),
(79, 6, 'PRAVEEN CHAKRAVARTY', '9810236186', 'sunilchakerverty87@gmail.com', NULL, '2025-06-10 06:10:09', '2025-06-10 06:10:09', NULL),
(80, 6, 'A.K. GUPTA', '9810421739', 'anilnupur@yahoo.co.in', NULL, '2025-06-10 06:10:09', '2025-06-10 06:10:09', NULL),
(81, 6, 'J.K. CHAWLA', '9810521722', 'jkchawla.jkc.@gmail.com', NULL, '2025-06-10 06:10:09', '2025-06-10 06:10:09', NULL),
(82, 6, 'KAMAL BAHRI', '9810136827', 'cakamalbahri@gmail.com', NULL, '2025-06-10 06:10:09', '2025-06-10 06:10:09', NULL),
(83, 6, 'GULSHAN DHINGRA', '9810219797', 'robinsteps1972@gmail.com', NULL, '2025-06-10 06:10:09', '2025-06-10 06:10:09', NULL),
(84, 6, 'ARVIND GUPTA', '9840096299', 'test18@gmail.com', NULL, '2025-06-10 06:10:09', '2025-06-10 06:10:09', NULL),
(85, 6, 'RAM SINGH AHLUWALIA ', '9811204277', 'test19@gmail.com', NULL, '2025-06-10 06:10:09', '2025-06-10 06:10:09', NULL),
(86, 6, 'P.K. AGWARWAL', '9811161375', 'pkagrawalca@gmail.com', NULL, '2025-06-10 06:10:09', '2025-06-10 06:10:09', NULL),
(87, 6, 'RAMESH B. SHARMA', '9810244760', 'rb.sharma@shrirampistons.com', NULL, '2025-06-10 06:10:09', '2025-06-10 06:10:09', NULL),
(88, 6, 'V.K. SONI', '9313885218', 'test20@gmail.com', NULL, '2025-06-10 06:10:09', '2025-06-10 06:10:09', NULL),
(89, 6, 'S.K. SRIVASTAVA', '9810287920', 'skumar08@yahoo.com', NULL, '2025-06-10 06:10:09', '2025-06-10 06:10:09', NULL),
(90, 6, 'NARINDER VASHISHT', '9891245733', 'narendra_vashisht@yahoo.co.in', NULL, '2025-06-10 06:10:09', '2025-06-10 06:10:09', NULL),
(91, 6, 'SATPAL SINGH', '9810045240', 'brij.newdelhi@hpgas.hpcl.co.in', NULL, '2025-06-10 06:10:09', '2025-06-10 06:10:09', NULL),
(92, 6, 'KANWAR SAIN YADAV', '9810161126', 'test21@gmail.com', NULL, '2025-06-10 06:10:09', '2025-06-10 06:10:09', NULL),
(93, 6, 'ANUSUYA SALWAN', '9811225368', 'anusalwan@gmail.com', NULL, '2025-06-10 06:10:09', '2025-06-10 06:10:09', NULL),
(94, 6, 'SANJEEV AGARWAL', '9810134136', 'sanjeevdda@gmail.com', NULL, '2025-06-10 06:10:09', '2025-06-10 06:10:09', NULL),
(95, 6, 'DINESH GUPTA', '9811866866', 'test22@gmail.com', NULL, '2025-06-10 06:10:09', '2025-06-10 06:10:09', NULL),
(96, 6, 'VARUN DUTT GUPTA', '9312435166', 'varundg72@gmail.com', NULL, '2025-06-10 06:10:09', '2025-06-10 06:10:09', NULL),
(97, 6, 'TARUN K. GUPTA', '9810173992', 'tarun@capolytech.com', NULL, '2025-06-10 06:10:09', '2025-06-10 06:10:09', NULL),
(98, 6, 'AJIJUR RAHAMAN', '9810003598', 'test23@gmail.com', NULL, '2025-06-10 06:10:09', '2025-06-10 06:10:09', NULL),
(99, 6, 'RAKESH MITTAL', '9810030340', 'test24@gmail.com', NULL, '2025-06-10 06:10:09', '2025-06-10 06:10:09', NULL),
(100, 6, 'YOGESH MITTAL', '9891111968', 'test25@gmail.com', NULL, '2025-06-10 06:10:09', '2025-06-10 06:10:09', NULL),
(101, 6, 'GYAN PARKASH AGARWAL', '9811077499', 'gyanprak2006@yahoo.com', NULL, '2025-06-10 06:10:09', '2025-06-10 06:10:09', NULL),
(102, 6, 'MANOJ AGARWAL', '9811539972', 'manoj_ag@hotmail.com', NULL, '2025-06-10 06:10:09', '2025-06-10 06:10:09', NULL),
(103, 6, 'SAMUNDAR VIJAY JAIN', '9811130620', 'samundar8899@yahoo.com', NULL, '2025-06-10 06:10:09', '2025-06-10 06:10:09', NULL),
(104, 6, 'SUDHENDU OJHA', '9868108713', 'sudhenduojha@gmail.com', NULL, '2025-06-10 06:10:09', '2025-06-10 06:10:09', NULL),
(105, 6, 'PRADEEP SINGH VERMA', '9810098127', 'test26@gmail.com', NULL, '2025-06-10 06:10:09', '2025-06-10 06:10:09', NULL),
(106, 6, 'PREETAM JAIN', '9312209145', 'test27@gmail.com', NULL, '2025-06-10 06:10:09', '2025-06-10 06:10:09', NULL),
(107, 6, 'DEEPAK V. SHETH', '9810009949', 'deepakvsheth@gmail.com', NULL, '2025-06-10 06:10:09', '2025-06-10 06:10:09', NULL),
(108, 6, 'P.V. SHETH', '9811125125', 'pankajvsheth@gmail.com', NULL, '2025-06-10 06:10:09', '2025-06-10 06:10:09', NULL),
(109, 6, 'MAHENDER B SHAH', '9312271556', 'mbshah1954@gmail.com', NULL, '2025-06-10 06:10:09', '2025-06-10 06:10:09', NULL),
(110, 6, 'MANOJ GUPTA', '9810138948', 'test28@gmail.com', NULL, '2025-06-10 06:10:09', '2025-06-10 06:10:09', NULL),
(111, 6, 'SAT PAUL BANSAL', '9312282112', 'test29@gmail.com', NULL, '2025-06-10 06:10:09', '2025-06-10 06:10:09', NULL),
(112, 6, 'PRADEEP SARDANA', '9811112627', 'pradeepsardana@rediffmail.com', NULL, '2025-06-10 06:10:09', '2025-06-10 06:10:09', NULL),
(113, 6, 'SANJAY DIWAN', '9810069257', 'sanjay.diwan10@gmail.com', NULL, '2025-06-10 06:10:09', '2025-06-10 06:10:09', NULL),
(114, 6, 'ATUL LUTHRA', '9810272362', 'librase@hotmail.com', NULL, '2025-06-10 06:10:09', '2025-06-10 06:10:09', NULL),
(115, 6, 'ASHO GUPTA', '9350261121', 'test30@gmail.com', NULL, '2025-06-10 06:10:09', '2025-06-10 06:10:09', NULL),
(116, 6, 'TANMAY TALUKDAR', '9868483056', 'test31@gmail.com', NULL, '2025-06-10 06:10:09', '2025-06-10 06:10:09', NULL),
(117, 6, 'A.S. BHARTI', '9810512766', 'apinderbharti@gmail.com', NULL, '2025-06-10 06:10:09', '2025-06-10 06:10:09', NULL),
(118, 6, 'HARBANS LAL PASSI', '9351014343', 'test32@gmail.com', NULL, '2025-06-10 06:10:09', '2025-06-10 06:10:09', NULL),
(119, 6, 'NEERAJ GOVIL', '9810033393', 'test33@gmail.com', NULL, '2025-06-10 06:10:09', '2025-06-10 06:10:09', NULL),
(120, 6, 'RAJ CHAWLA', '9811081083', 'rajchawlaca@gmail.com', NULL, '2025-06-10 06:10:09', '2025-06-10 06:10:09', NULL),
(121, 6, 'HEMANSHU GUPTA', '9810289270', 'swarups1@vsnl.com', NULL, '2025-06-10 06:10:09', '2025-06-10 06:10:09', NULL),
(122, 6, 'SANJEEV SINGLA ', '9811013703', 'sanjeevsingla1966@rediffmail.com', NULL, '2025-06-10 06:10:09', '2025-06-10 06:10:09', NULL),
(123, 6, 'RAKESH KUMAR', '9810039740', 'rakeshklk@gmail.com', NULL, '2025-06-10 06:10:09', '2025-06-10 06:10:09', NULL),
(124, 6, 'VEENA VIRMANI', '9810130031', 'rajinder_vermani@yahoo.co.in                            vermanirajinder16@gmail.com', NULL, '2025-06-10 06:10:09', '2025-06-10 06:10:09', NULL),
(125, 6, 'S.P. SHARMA', '9811044547', 'test34@gmail.com', NULL, '2025-06-10 06:10:09', '2025-06-10 06:10:09', NULL),
(126, 6, 'KULJEET SINGH CHAHAL', '9811123041', 'kuljeetsinghchahal@gmail.com', NULL, '2025-06-10 06:10:09', '2025-06-10 06:10:09', NULL),
(127, 6, 'SANJAY MOONA', '9810001671', 'sanjaymoona@gmail.com', NULL, '2025-06-10 06:10:09', '2025-06-10 06:10:09', NULL),
(128, 6, 'AMARJEET SINGH', '20553588', 'test35@gmail.com', NULL, '2025-06-10 06:10:09', '2025-06-11 11:00:47', NULL),
(129, 6, 'RAJINDER KUMAR GUPTA', '9810555338', 'test36@gmail.com', NULL, '2025-06-10 06:10:09', '2025-06-10 06:10:09', NULL),
(130, 6, 'ASHOK SHARMA', '9811158914', 'aksharma138@gmail.com', NULL, '2025-06-10 06:10:09', '2025-06-10 06:10:09', NULL),
(131, 6, 'VEENA KUMARI', '9818757530', 'karan_83kumar@yahoo.co.in', NULL, '2025-06-10 06:10:09', '2025-06-10 06:10:09', NULL),
(132, 6, 'AJAY SRIVASTAVA', '9810088562', 'test37@gmail.com', NULL, '2025-06-10 06:10:09', '2025-06-10 06:10:09', NULL),
(133, 6, 'AJAY SINGH', '9811140003', 'test38@gmail.com', NULL, '2025-06-10 06:10:09', '2025-06-10 06:10:09', NULL),
(134, 6, 'NAYAN KUMAR JAVERI', '9811047936', 'hdsc_47@yahoo.co.in', NULL, '2025-06-10 06:10:09', '2025-06-10 06:10:09', NULL),
(135, 6, 'V.K.SHALI', '9810753056', 'test39@gmail.com', NULL, '2025-06-10 06:10:09', '2025-06-10 06:10:09', NULL),
(136, 6, 'G.K.MARWAH', '9818807343', 'gkm1146@yahoo.co.in', NULL, '2025-06-10 06:10:09', '2025-06-10 06:10:09', NULL),
(137, 6, 'AJIT KUMAR SINGH', '9868180518', 'test40@gmail.com', NULL, '2025-06-10 06:10:09', '2025-06-10 06:10:09', NULL),
(138, 6, 'ANJALI MATHUR', '9868127340', 'drnnmathur@gmail.com', NULL, '2025-06-10 06:10:09', '2025-06-10 06:10:09', NULL),
(139, 6, 'SATYA PRAKASH BANSAL', '9811140794', 'acaditm@gmail.com', NULL, '2025-06-10 06:10:09', '2025-06-10 06:10:09', NULL),
(140, 6, 'JETHANAND NAGDEV', '9891097000', 'jnagdev27@gmail.com', NULL, '2025-06-10 06:10:09', '2025-06-10 06:10:09', NULL),
(141, 6, 'ANIL AGGARWAL ', '9810157817', 'anilagarwaladvocate@yahoo.co.in', NULL, '2025-06-10 06:10:09', '2025-06-10 06:10:09', NULL),
(142, 6, 'HANS RAJ BHASHANI', '9810014274', 'shkkind@yahoo.com', NULL, '2025-06-10 06:10:09', '2025-06-10 06:10:09', NULL),
(143, 6, 'PRAMOD KUMAR SINGH', '9810003904', 'pks.asap@gmail.com', NULL, '2025-06-10 06:10:09', '2025-06-10 06:10:09', NULL),
(144, 6, 'SANJEEV KUMAR GUPTA', '9868260620', 'ssg_ca@rediffmail.com', NULL, '2025-06-10 06:10:09', '2025-06-10 06:10:09', NULL),
(145, 6, 'NARESH GUPTA ', '9891663664', 'test41@gmail.com', NULL, '2025-06-10 06:10:09', '2025-06-10 06:10:09', NULL),
(146, 6, 'ATUL GUPTA', '9810127018', 'atul@bluecircle.in', NULL, '2025-06-10 06:10:09', '2025-06-10 06:10:09', NULL),
(147, 6, 'S.N.MUKHERJEE', '22523178,   9871552448', 'esenem28@yahoo.com', NULL, '2025-06-10 06:10:09', '2025-06-11 11:01:15', NULL),
(148, 6, 'SURENDER KUMAR GAMBHIR', '9810029705', 'skgambhir@hotmail.com', NULL, '2025-06-10 06:10:09', '2025-06-10 06:10:09', NULL),
(149, 6, 'PRADEEP KUMAR GUPTA                                 ', '9810093297', 'pguptasm@gmail.com', NULL, '2025-06-10 06:10:09', '2025-06-10 06:10:09', NULL),
(150, 6, 'DALIP KUMAR NAGDEV', '9891096000', 'nagdevdk@gmail.com', NULL, '2025-06-10 06:10:09', '2025-06-10 06:10:09', NULL),
(151, 6, 'MANOJ MITTAL', '9810414972', 'test42@gmail.com', NULL, '2025-06-10 06:10:09', '2025-06-10 06:10:09', NULL),
(152, 6, 'SATISH KUMAR AGGARWAL', '9810066665', 'sggarwal@vtipl.com', NULL, '2025-06-10 06:10:09', '2025-06-10 06:10:09', NULL),
(153, 6, 'ACHAL SHANKAR DAVE', '9810036662', 'davesurbhi@gmail.com', NULL, '2025-06-10 06:10:09', '2025-06-10 06:10:09', NULL),
(154, 6, 'RAVINDRA ARORA', '9811079541', 'dr.ravi.arora@gmail.com', NULL, '2025-06-10 06:10:09', '2025-06-10 06:10:09', NULL),
(155, 6, 'PREETI KATIAL', '9891027271', 'pkatial74@gmail.com', NULL, '2025-06-10 06:10:09', '2025-06-10 06:10:09', NULL),
(156, 6, 'AMITABH MISHRA', '9810159495', 'test43@gmail.com', NULL, '2025-06-10 06:10:09', '2025-06-10 06:10:09', NULL),
(157, 6, 'BHARAT BHUSHAN', '9818773747', 'bdr.bhushan@gmail.com', NULL, '2025-06-10 06:10:09', '2025-06-10 06:10:09', NULL),
(158, 6, 'PRABHAT KUMAR ', '9811033318', 'prabhatbooks@gmail.com', NULL, '2025-06-10 06:10:09', '2025-06-10 06:10:09', NULL),
(159, 6, 'SHYAM KUMAR KOHLI', '9810141392', 'shyam.kohli.sk@gmail.com', NULL, '2025-06-10 06:10:09', '2025-06-10 06:10:09', NULL),
(160, 6, 'NEERAJ PANDIT ', '9810469475', 'drneerajpandit@gmail.com', NULL, '2025-06-10 06:10:09', '2025-06-10 06:10:09', NULL),
(161, 6, 'VIKAS VERMA', '9810013419', 'vikas_verma22@hotmail.com', NULL, '2025-06-10 06:10:09', '2025-06-10 06:10:09', NULL),
(162, 6, 'AJAY JAIN ', '9810038428', 'ajay72jain@yahoo.com', NULL, '2025-06-10 06:10:09', '2025-06-10 06:10:09', NULL),
(163, 6, 'IQBAL SINGH JAGDEVA', '9810011757', 'iqbal1175@gmail.com', NULL, '2025-06-10 06:10:09', '2025-06-10 06:10:09', NULL),
(164, 6, 'VISHAL GROVER', '9811027284', 'vishalgrover@me.com', NULL, '2025-06-10 06:10:09', '2025-06-10 06:10:09', NULL),
(165, 6, 'INDU BHATIA', '9811196111', 'bhatia_kamalindu@yahoo.co.in', NULL, '2025-06-10 06:10:09', '2025-06-10 06:10:09', NULL),
(166, 6, 'SUBHASH ANAND', '9312405095', 'test45@gmail.com', NULL, '2025-06-10 06:10:09', '2025-06-10 06:10:09', NULL),
(167, 6, 'JAGDISH RAI MITTAL', '9818351600', 'novaplasmold@hotmail.com', NULL, '2025-06-10 06:10:09', '2025-06-10 06:10:09', NULL),
(168, 6, 'VINAY AGGARWAL', '9811050403', 'vinayaggar@yahoo.com', NULL, '2025-06-10 06:10:09', '2025-06-10 06:10:09', NULL),
(169, 6, 'AJAY KHEMANI', '9810118344', 'ajaykhemani@hotmail.com', NULL, '2025-06-10 06:10:09', '2025-06-10 06:10:09', NULL),
(170, 6, 'SUNIL BHANSALI', '9811078457', 'casunil@oswalsunil.com', NULL, '2025-06-10 06:10:09', '2025-06-10 06:10:09', NULL),
(171, 6, 'YATENDER SHARMA', '9868035100', 'yatendrasharma_2000@yahoo.com', NULL, '2025-06-10 06:10:09', '2025-06-10 06:10:09', NULL),
(172, 6, 'PRADEEP CHAUDHARY', '9810190645', 'choudhary1976advocate@gmail.com', NULL, '2025-06-10 06:10:09', '2025-06-10 06:10:09', NULL),
(173, 6, 'RAKESH KUMAR CHOUDHARY', '9810679331', 'rkchaudhary60@yahoo.co.in', NULL, '2025-06-10 06:10:09', '2025-06-10 06:10:09', NULL),
(174, 6, 'SHRI RAM YADAV', '9811018006', 'shriramyadava@gmail.com', NULL, '2025-06-10 06:10:09', '2025-06-10 06:10:09', NULL),
(175, 6, 'PANKAJ DIWAN', '9810117711', 'test46@gmail.com', NULL, '2025-06-10 06:10:09', '2025-06-10 06:10:09', NULL),
(176, 6, 'RAM KUMAR GUPTA', '9811226095', 'r.k.guptaco@gmail.com', NULL, '2025-06-10 06:10:09', '2025-06-10 06:10:09', NULL),
(177, 6, 'R.P.CHOUDHARY', '9810286488', 'chaudharyadvocate@gmail.com', NULL, '2025-06-10 06:10:09', '2025-06-10 06:10:09', NULL),
(178, 6, 'DEEPAK SALUJA', '9810018137', 'deepak.saluja1008@gmail.com', NULL, '2025-06-10 06:10:09', '2025-06-10 06:10:09', NULL),
(179, 6, 'DINESH KUMAR ', '9810755994', 'dineshdrk@gmail.com', NULL, '2025-06-10 06:10:09', '2025-06-10 06:10:09', NULL),
(180, 6, 'MUKESH KUMAR NARULA', '9810059299', 'test47@gmail.com', NULL, '2025-06-10 06:10:09', '2025-06-10 06:10:09', NULL),
(181, 6, 'VINOD KUMAR AGGARWAL', '9810082505', 'agarwal486@gmail.com', NULL, '2025-06-10 06:10:09', '2025-06-10 06:10:09', NULL),
(182, 6, 'GURINDER SINGH SIKKA', '9811078022', 'test48@gmail.com', NULL, '2025-06-10 06:10:09', '2025-06-10 06:10:09', NULL),
(183, 6, 'D.P.GUPTA', '9891049044', 'dwarka1942@gmail.com', NULL, '2025-06-10 06:10:09', '2025-06-10 06:10:09', NULL),
(184, 6, 'ASHWANI KUMAR VATTA', '9811554949', 'akvatta@gmail.com', NULL, '2025-06-10 06:10:09', '2025-06-10 06:10:09', NULL),
(185, 6, 'SUSHIL KUMAR', '9810156972', 'sstraders@rediffmail.com', NULL, '2025-06-10 06:10:09', '2025-06-10 06:10:09', NULL),
(186, 6, 'SUBASH CHAND DHINGRA', '9810012233', 'test49@gmail.com', NULL, '2025-06-10 06:10:09', '2025-06-10 06:10:09', NULL),
(187, 6, 'SHASHANK BINDAL', '9811366887', 'bindal.shashank@gmail.com', NULL, '2025-06-10 06:10:09', '2025-06-10 06:10:09', NULL),
(188, 6, 'VIKAS ARORA', '9811422661', 'test50@gmail.com', NULL, '2025-06-10 06:10:09', '2025-06-10 06:10:09', NULL),
(189, 6, 'ADITYA ARORA', '9810036139', 'apjc57@gmail.com', NULL, '2025-06-10 06:10:09', '2025-06-10 06:10:09', NULL),
(190, 6, 'ANIL KUMAR', '9810790445', 'test51@gmail.com', NULL, '2025-06-10 06:10:09', '2025-06-10 06:10:09', NULL),
(191, 6, 'PANCHI JAIN', '9810819650', 'test52@gmail.com', NULL, '2025-06-10 06:10:09', '2025-06-10 06:10:09', NULL),
(192, 6, 'ANIL MOHAN', '9868489711', 'test53@gmail.com', NULL, '2025-06-10 06:10:09', '2025-06-10 06:10:09', NULL),
(193, 6, 'PRAVEEN KUMAR JAIN', '9811432741', 'pkjain57@gmail.com', NULL, '2025-06-10 06:10:09', '2025-06-10 06:10:09', NULL),
(194, 6, 'SUBHASH CHAWLA', '9811095873', 'silvoindia@gmail.com', NULL, '2025-06-10 06:10:09', '2025-06-10 06:10:09', NULL),
(195, 6, 'AJAY VERMA', '9810288721', 'test54@gmail.com', NULL, '2025-06-10 06:10:09', '2025-06-10 06:10:09', NULL),
(196, 6, 'SANDEEP KHANNA', '9811407820', 'test55@gmail.com', NULL, '2025-06-10 06:10:09', '2025-06-10 06:10:09', NULL),
(197, 6, 'SANJEEV KARAN SINGH', '9312411000', 'test56@gmail.com', NULL, '2025-06-10 06:10:09', '2025-06-10 06:10:09', NULL),
(198, 6, 'SURESH CHAND', '9811205078', 'promila@proemp.in', NULL, '2025-06-10 06:10:09', '2025-06-10 06:10:09', NULL),
(199, 6, 'NARENDER KUMAR GUPTA', '9810112322', 'test57@gmail.com', NULL, '2025-06-10 06:10:09', '2025-06-10 06:10:09', NULL),
(200, 6, 'S.S. CHAUHAN', '9811552414', 'alcon0029@gmail.com', NULL, '2025-06-10 06:10:09', '2025-06-10 06:10:09', NULL),
(201, 6, 'AKHIL KHANNA', '9810065435', 'akhil.capricorn@gmail.com', NULL, '2025-06-10 06:10:09', '2025-06-10 06:10:09', NULL),
(202, 6, 'RAJIV BINDRA', '9810890173', 'rajeev.bindra@gmail.com', NULL, '2025-06-10 06:10:09', '2025-06-10 06:10:09', NULL),
(203, 6, 'VIJAY KUMAR SHUKLA ', '9810120927', 'vijaykumarshuklaadv@gmail.com', NULL, '2025-06-10 06:10:09', '2025-06-10 06:10:09', NULL),
(204, 6, 'MUKESH JAIN', '9312832582', 'mukesh.jain6010@gmail.com', NULL, '2025-06-10 06:10:09', '2025-06-10 06:10:09', NULL),
(205, 6, 'SURINDER KAPUR', '9810898898', 'sk1950@gmail.com', NULL, '2025-06-10 06:10:09', '2025-06-10 06:10:09', NULL),
(206, 6, 'MADHU K SRIVASTAV', '9313992793', 'test58@gmail.com', NULL, '2025-06-10 06:10:09', '2025-06-10 06:10:09', NULL),
(207, 6, 'HARVINDER SINGH SIKKA', '9810003990', 'harvindersikka@sikka.in', NULL, '2025-06-10 06:10:09', '2025-06-10 06:10:09', NULL),
(208, 6, 'YOGENDER PAL TYAGI', '9810402997', 'yptsahitya@yahoo.com', NULL, '2025-06-10 06:10:09', '2025-06-10 06:10:09', NULL),
(209, 6, 'DEEPAK JAIN ', '9810267801', 'test59@gmail.com', NULL, '2025-06-10 06:10:09', '2025-06-10 06:10:09', NULL),
(210, 6, 'DIWAS JAIN', '9810607802', 'test60@gmail.com', NULL, '2025-06-10 06:10:09', '2025-06-10 06:10:09', NULL),
(211, 6, 'RAJESH KHANDELWAL', '9810311229', 'sprpapers@yahoo.co.in', NULL, '2025-06-10 06:10:09', '2025-06-10 06:10:09', NULL),
(212, 6, 'CHETAN KAPOOR', '9818351000', 'kapoorchetan@hotmail.com', NULL, '2025-06-10 06:10:09', '2025-06-10 06:10:09', NULL),
(213, 6, 'PRAMOD KUMAR ASTHANA', '9811523515', 'pkasthana@live.com', NULL, '2025-06-10 06:10:09', '2025-06-10 06:10:09', NULL),
(214, 6, 'PRAMOD GUPTA', '9810500666', 'image.buildco@gmail.com', NULL, '2025-06-10 06:10:09', '2025-06-10 06:10:09', NULL),
(215, 6, 'RAJEEV AHUJA', '9810013429', 'rajeev.ahuja@hcl.com', NULL, '2025-06-10 06:10:09', '2025-06-10 06:10:09', NULL),
(216, 6, 'DHANESH GUPTA', '9810168795', 'jaidurgaenterprises.dg@gmail.com', NULL, '2025-06-10 06:10:09', '2025-06-10 06:10:09', NULL),
(217, 6, 'PARVEEN KUMAR AASTHA', '9811120004', 'test61@gmail.com', NULL, '2025-06-10 06:10:09', '2025-06-10 06:10:09', NULL),
(218, 6, 'SANJEEV BHASIN ', '9891199457', 'sanjeev@sportychef.com', NULL, '2025-06-10 06:10:09', '2025-06-10 06:10:09', NULL),
(219, 6, 'SANJAY PODDAR', '9810119145', 'sprrk@me.com', NULL, '2025-06-10 06:10:09', '2025-06-10 06:10:09', NULL),
(220, 6, 'P.K.SHARDA', '000', 'test63@gmail.com', NULL, '2025-06-10 06:10:09', '2025-06-11 11:03:22', NULL),
(221, 6, 'SANDEEP MATHUR', '9810301733', 'triveni.noida@yahoo.co.in', NULL, '2025-06-10 06:10:09', '2025-06-10 06:10:09', NULL),
(222, 6, 'AMARJEET  CHHABRA', '9868182849', 'test64@gmail.com', NULL, '2025-06-10 06:10:09', '2025-06-10 06:10:09', NULL),
(223, 6, 'GIRISH C AGGARWAL', '7000000000', 'test65@gmail.com', NULL, '2025-06-10 06:10:09', '2025-06-10 06:10:09', NULL),
(224, 6, 'SURYA PRAKASH GARG', '9812664766', 'test66@gmail.com', NULL, '2025-06-10 06:10:09', '2025-06-10 06:10:09', NULL),
(225, 6, 'RAJINDER GUPTA', '9811417690', 'rgupta70@rediffmail.com', NULL, '2025-06-10 06:10:09', '2025-06-10 06:10:09', NULL),
(226, 6, 'THAKUR DALIP SINGH', '9810994444', 'test67@gmail.com', NULL, '2025-06-10 06:10:09', '2025-06-10 06:10:09', NULL),
(227, 6, 'PRABHAT ARORA', '9868364267', 'test68@gmail.com', NULL, '2025-06-10 06:10:09', '2025-06-10 06:10:09', NULL),
(228, 6, 'BHARAT AHUJA', '8000000000', 'test69@gmail.com', NULL, '2025-06-10 06:10:09', '2025-06-10 06:10:09', NULL),
(229, 6, 'ANUP. K. GOSAIN', '9811039355', 'gosainanoop@gmail.com', NULL, '2025-06-10 06:10:09', '2025-06-10 06:10:09', NULL),
(230, 6, 'GURMEET SINGH TANEJA', '9810048840', 'highwaytravelindia@gmail.com', NULL, '2025-06-10 06:10:09', '2025-06-10 06:10:09', NULL),
(231, 6, 'ARUN KUMAR SRIVASTAV', '9810108801', 'arunkumarjdu@gmail.com', NULL, '2025-06-10 06:10:09', '2025-06-10 06:10:09', NULL),
(232, 6, 'DHANANJAY M PARANJPAI', '9000000000', 'test70@gmail.com', NULL, '2025-06-10 06:10:09', '2025-06-10 06:10:09', NULL),
(233, 6, 'RAKESH AHUJA', '9811204204', 'test71@gmail.com', NULL, '2025-06-10 06:10:09', '2025-06-10 06:10:09', NULL),
(234, 6, 'SURENDRA KR. JAIN', '9810124987', 'test72@gmail.com', NULL, '2025-06-10 06:10:09', '2025-06-10 06:10:09', NULL),
(235, 6, 'O.P. ARORA', '9811010654', 'test73@gmail.com', NULL, '2025-06-10 06:10:09', '2025-06-10 06:10:09', NULL),
(236, 6, 'H.C.SHARMA', '9312406457', 'hcs_advocate@yahoo.co.in', NULL, '2025-06-10 06:10:09', '2025-06-10 06:10:09', NULL),
(237, 6, 'S.P.SINGH', '1100000000', 'test74@gmail.com', NULL, '2025-06-10 06:10:09', '2025-06-10 06:10:09', NULL),
(238, 6, 'MUKUL JAIN', '9810033353', 'mukuljain.co@gmail.com', NULL, '2025-06-10 06:10:09', '2025-06-10 06:10:09', NULL),
(239, 6, 'VIJAY GOEL', '9350101820', 'vijaygoel_2009@yahoo.co.in', NULL, '2025-06-10 06:10:09', '2025-06-10 06:10:09', NULL),
(240, 6, 'AMARJEET SINGH BAMMI', '9810436080', 'gsservicestation@gmail.com', NULL, '2025-06-10 06:10:09', '2025-06-10 06:10:09', NULL),
(241, 6, 'RAMESH PANDIT', '9871004789', 'rameshpanditfansclub@yahoo.com', NULL, '2025-06-10 06:10:09', '2025-06-10 06:10:09', NULL),
(242, 6, 'BHRAMAJIT SINGH RANDHAWA', '9818148966', 'bsr@speedofer.com', NULL, '2025-06-10 06:10:09', '2025-06-10 06:10:09', NULL),
(243, 6, 'ANUJ BERRY', '9810000073', 'test75@gmail.com', NULL, '2025-06-10 06:10:09', '2025-06-10 06:10:09', NULL),
(244, 6, 'RAJ BIRBAL', '9810073751', 'rajbirbal53@gmail.com', NULL, '2025-06-10 06:10:09', '2025-06-10 06:10:09', NULL),
(245, 6, 'NANDITA KUMAR', '9899810140', 'kumarnandita@yahoo.com', NULL, '2025-06-10 06:10:09', '2025-06-10 06:10:09', NULL),
(246, 6, 'RAKESH TIWARI', '9811554359', 'test76@gmail.com', NULL, '2025-06-10 06:10:09', '2025-06-10 06:10:09', NULL),
(247, 6, 'SANJAY KUMAR ARORA', '9811048768', 'aroraassociates43@gmail.com', NULL, '2025-06-10 06:10:09', '2025-06-10 06:10:09', NULL),
(248, 6, 'G.S.AHUWALIA', '9891256919', 'test77@gmail.com', NULL, '2025-06-10 06:10:09', '2025-06-10 06:10:09', NULL),
(249, 6, 'HINA GHELANI', '9810137954', 'sew4@rediffmail.com', NULL, '2025-06-10 06:10:10', '2025-06-10 06:10:10', NULL),
(250, 6, 'ASHITA GHELANI', '9810047859', 'test78@gmail.com', NULL, '2025-06-10 06:10:10', '2025-06-10 06:10:10', NULL),
(251, 6, 'SANTOSH KUMAR BAGLA', '9810114104', 'santosh_bagla@yahoo.co.in', NULL, '2025-06-10 06:10:10', '2025-06-10 06:10:10', NULL),
(252, 6, 'RAJNISH KUMAR AGGARWAL', '9810595649', 'test79@gmail.com', NULL, '2025-06-10 06:10:10', '2025-06-10 06:10:10', NULL),
(253, 6, 'USHA RANI KAUSHIK', '9810137888', 'test80@gmail.com', NULL, '2025-06-10 06:10:10', '2025-06-10 06:10:10', NULL),
(254, 6, 'ANIL GOYAL', '9811101454', 'drgoyalhospital@gmail.com', NULL, '2025-06-10 06:10:10', '2025-06-10 06:10:10', NULL),
(255, 6, 'BHARAT ANAND', '9810092369', 'test81@gmail.com', NULL, '2025-06-10 06:10:10', '2025-06-10 06:10:10', NULL),
(256, 6, 'RAJESH PANDEY', '9812226020', 'test82@gmail.com', NULL, '2025-06-10 06:10:10', '2025-06-10 06:10:10', NULL),
(257, 6, 'SURINDER KUMAR WADHWA', '9811052424', 'wadhwasuren@gmail.com', NULL, '2025-06-10 06:10:10', '2025-06-10 06:10:10', NULL),
(258, 6, 'VIDYA SAGAR GADHOK', '9811117876', 'rekha4960@gmail.com', NULL, '2025-06-10 06:10:10', '2025-06-10 06:10:10', NULL),
(259, 6, 'SUDHIR KUMAR GUPTA ', '9313850223', 'test83@gmail.com', NULL, '2025-06-10 06:10:10', '2025-06-10 06:10:10', NULL),
(260, 6, 'MEENU BATRA', '27550811', 'bristalhelthcare@yahoo.in', NULL, '2025-06-10 06:10:10', '2025-06-11 11:05:07', NULL),
(261, 6, 'PRADEEP GUPTA', '9810150326', 'mayfairmedicals@gmail.com', NULL, '2025-06-10 06:10:10', '2025-06-10 06:10:10', NULL),
(262, 6, 'MANISH JAIN', '9810258997', 'manishjain.options@gmail.com', NULL, '2025-06-10 06:10:10', '2025-06-10 06:10:10', NULL),
(263, 6, 'MOHD. IMRAN AMIN', '9810337765', 'md.imran.amin@gmail.com', NULL, '2025-06-10 06:10:10', '2025-06-10 06:10:10', NULL),
(264, 6, 'ASHWANI SETIA', '9891042944', 'ashwaniisetia@gmail.com', NULL, '2025-06-10 06:10:10', '2025-06-10 06:10:10', NULL),
(265, 6, 'DINESH KAPOOR', '9810028269', 'dinesh@fitness-world.in', NULL, '2025-06-10 06:10:10', '2025-06-10 06:10:10', NULL),
(266, 6, 'KRISHAN KUMAR DHINGRA', '9811015117', 'kkdhingra@gmail.com', NULL, '2025-06-10 06:10:10', '2025-06-10 06:10:10', NULL),
(267, 6, 'BRIJESH KAUSHIK', '9810270437', 'test84@gmail.com', NULL, '2025-06-10 06:10:10', '2025-06-10 06:10:10', NULL),
(268, 6, 'SHASHANK JAIN', '9811255066', 'sjaca1@gmail.com', NULL, '2025-06-10 06:10:10', '2025-06-10 06:10:10', NULL),
(269, 6, 'RENU LAHORIA', '9818494083', 'renudav@yahoo.co.in', NULL, '2025-06-10 06:10:10', '2025-06-10 06:10:10', NULL),
(270, 6, 'RAJESH DANG', '9818692197', 'test85@gmail.com', NULL, '2025-06-10 06:10:10', '2025-06-10 06:10:10', NULL),
(271, 6, 'PANKAJ VERMA', '9818221787', 'pankajroster@rediffmail.com', NULL, '2025-06-10 06:10:10', '2025-06-10 06:10:10', NULL),
(272, 6, 'PIYUSH KUMAR GUPTA', '9810330854', 'saneh.comp@gmail.com', NULL, '2025-06-10 06:10:10', '2025-06-10 06:10:10', NULL),
(273, 6, 'ANJNA BUDHIRAJA', '9811054780', 'harvinderbudhiraja@gmail.com', NULL, '2025-06-10 06:10:10', '2025-06-10 06:10:10', NULL),
(274, 6, 'RAJNISH GUPTA', '9811243053', 'r_guptaco@rediffmail.com', NULL, '2025-06-10 06:10:10', '2025-06-10 06:10:10', NULL),
(275, 6, 'JAGDISH CHAND CHAWLA', '9837072779', 'test86@gmail.com', NULL, '2025-06-10 06:10:10', '2025-06-10 06:10:10', NULL),
(276, 6, 'S.C.BAWEJA', '9811046450', 'scbaveja@gmail.com', NULL, '2025-06-10 06:10:10', '2025-06-10 06:10:10', NULL),
(277, 6, 'GIRISH SHARMA', '9810257584', 'breqco@gmail.com', NULL, '2025-06-10 06:10:10', '2025-06-10 06:10:10', NULL),
(278, 6, 'S.K. CHAUDHARY ', '9810172172', 'skyclear.skc@gmail.com', NULL, '2025-06-10 06:10:10', '2025-06-10 06:10:10', NULL),
(279, 6, 'RAVINDER GOEL', '9810153896', 'test87@gmail.com', NULL, '2025-06-10 06:10:10', '2025-06-10 06:10:10', NULL),
(280, 6, 'SHYAM R VERMA', '9811012117', 'smhcp1995@gmail.com', NULL, '2025-06-10 06:10:10', '2025-06-10 06:10:10', NULL),
(281, 6, 'HARISH CHAND AGGARWAL ', '9811084654', 'hca@insecticidesindia.com', NULL, '2025-06-10 06:10:10', '2025-06-10 06:10:10', NULL),
(282, 6, 'ANIL KUMAR SARDANA', '9818100900', 'test88@gmail.com', NULL, '2025-06-10 06:10:10', '2025-06-10 06:10:10', NULL),
(283, 6, 'A.S. PARMAR', '9811119293', 'test89@gmail.com', NULL, '2025-06-10 06:10:10', '2025-06-10 06:10:10', NULL),
(284, 6, 'J.S. PARMAR', '9899889293', 'test90@gmail.com', NULL, '2025-06-10 06:10:10', '2025-06-10 06:10:10', NULL),
(285, 6, 'A.S.BERAR', '1300000000', 'test91@gmail.com', NULL, '2025-06-10 06:10:10', '2025-06-10 06:10:10', NULL),
(286, 6, 'S.K MADAN ', '9868176556', 'madansatish@yahoo.com', NULL, '2025-06-10 06:10:10', '2025-06-10 06:10:10', NULL),
(287, 6, 'PROMOD KUMAR MISHRA', '9868025309', 'test92@gmail.com', NULL, '2025-06-10 06:10:10', '2025-06-10 06:10:10', NULL),
(288, 6, 'POMPA GHOSH', '1400000000', 'test93@gmail.com', NULL, '2025-06-10 06:10:10', '2025-06-10 06:10:10', NULL),
(289, 6, 'S.R GUPTA', '9811893040', 'test94@gmail.com', NULL, '2025-06-10 06:10:10', '2025-06-10 06:10:10', NULL),
(290, 6, 'GOPAL KISHOR SARAN', '9868106868', 'test95@gmail.com', NULL, '2025-06-10 06:10:10', '2025-06-10 06:10:10', NULL),
(291, 6, 'SURESH BANSAL', '9810272709', 'bansalsk@indianoti.in', NULL, '2025-06-10 06:10:10', '2025-06-10 06:10:10', NULL),
(292, 6, 'HEM SHARMA', '9810338597', 'hemsharma10@rediffmail.com', NULL, '2025-06-10 06:10:10', '2025-06-10 06:10:10', NULL),
(293, 6, 'SANJAY JAIN', '27662455,   9910387766', 'anusanjayjain@gmail.com', NULL, '2025-06-10 06:10:10', '2025-06-11 11:05:43', NULL),
(294, 6, 'BHARAT PARASHAR ', '9910384747', 'bharatp158@gmail.com', NULL, '2025-06-10 06:10:10', '2025-06-10 06:10:10', NULL),
(295, 6, 'DINESH KR. WADHWA', '9810163115', 'dinesh_wad@hotmail.com', NULL, '2025-06-10 06:10:10', '2025-06-10 06:10:10', NULL),
(296, 6, 'V.K MANCHANDA', '9810094771', 'vkm9may@gmail.com', NULL, '2025-06-10 06:10:10', '2025-06-10 06:10:10', NULL),
(297, 6, 'SUNIL TANEJA', '9868474033', 'suniltaneja.2008@gmail.com', NULL, '2025-06-10 06:10:10', '2025-06-10 06:10:10', NULL),
(298, 6, 'O.P VERMA', '9810145389', 'opverma025@yahoo.com', NULL, '2025-06-10 06:10:10', '2025-06-10 06:10:10', NULL),
(299, 6, 'BALVINDER SINGH SOKHI', '9810207215', 'moureenindia@hotmail.com', NULL, '2025-06-10 06:10:10', '2025-06-10 06:10:10', NULL),
(300, 6, 'NARINDER LAL ANAND', '9811785543', 'test96@gmail.com', NULL, '2025-06-10 06:10:10', '2025-06-10 06:10:10', NULL),
(301, 6, 'SANDEEP GOEL ', '9810172490', 'dcsgoel@gmail.com', NULL, '2025-06-10 06:10:10', '2025-06-10 06:10:10', NULL),
(302, 6, 'RAKESH PANDEY', '31008845', 'test97@gmail.com', NULL, '2025-06-10 06:10:10', '2025-06-11 11:06:06', NULL),
(303, 6, 'SUSHIL ANEJA', '9810019506', 'nmjdsgi@gmail.com', NULL, '2025-06-10 06:10:10', '2025-06-10 06:10:10', NULL),
(304, 6, 'SURYAKANT SINGLA', '9810075888', 'singla_sk@hotmail.com', NULL, '2025-06-10 06:10:10', '2025-06-10 06:10:10', NULL),
(305, 6, 'N.C.Goyal', '9810220142', 'ncgoyal12@gmail.com', NULL, '2025-06-10 06:10:10', '2025-06-10 06:10:10', NULL),
(306, 6, 'ABHISHEK ARORA', '9811039267', 'abhi22_arora@yahoo.co.in', NULL, '2025-06-10 06:10:10', '2025-06-10 06:10:10', NULL),
(307, 6, 'SUNIL AGGARWAL', '9810097098', 'saggarwal13@yahoo.co.in', NULL, '2025-06-10 06:10:10', '2025-06-10 06:10:10', NULL),
(308, 6, 'R.K.VATS', '9810088354', 'bbvats@gmai.com', NULL, '2025-06-10 06:10:10', '2025-06-10 06:10:10', NULL),
(309, 6, 'RAKESH KUMAR GARG', '9810067637', 'test98@gmail.com', NULL, '2025-06-10 06:10:10', '2025-06-10 06:10:10', NULL),
(310, 6, 'MAHADEV MALHOTRA', '9971721309', 'mahadev.malhotra@gmail.com', NULL, '2025-06-10 06:10:10', '2025-06-10 06:10:10', NULL),
(311, 6, 'VIJAY KUMAR DOD', '9811206654', 'vijaykumar4779@gmail.com', NULL, '2025-06-10 06:10:10', '2025-06-10 06:10:10', NULL),
(312, 6, 'RAKESH Kr. SABHARWAL', '9811142882', 'sabharwalrakesh29@gmail.com', NULL, '2025-06-10 06:10:10', '2025-06-10 06:10:10', NULL),
(313, 6, 'VIKAS GUPTA', '9811031854', 'vgupta64@rediffmail.com', NULL, '2025-06-10 06:10:10', '2025-06-10 06:10:10', NULL),
(314, 6, 'KAMAL CHHABRA', '9810408818', 'kamal.chhabra3@gmail.com', NULL, '2025-06-10 06:10:10', '2025-06-10 06:10:10', NULL),
(315, 6, 'HARI SHANKAR SINGH', '9868755059', 'hareesh_singh48@yahoo.co.in', NULL, '2025-06-10 06:10:10', '2025-06-10 06:10:10', NULL),
(316, 6, 'HEERA VALLABH SHARMA', '9213206461', 'test99@gmail.com', NULL, '2025-06-10 06:10:10', '2025-06-10 06:10:10', NULL),
(317, 6, 'AKHILESH BIDALIA', '9650546214', 'akhileshbidalia@gmail.com', NULL, '2025-06-10 06:10:10', '2025-06-10 06:10:10', NULL),
(318, 6, 'SURINDER MOHAN PATHAK', '9810154530', 'test100@gmail.com', NULL, '2025-06-10 06:10:10', '2025-06-10 06:10:10', NULL),
(319, 6, 'SATISH KUMAR AHLUWALIA', '9810163463', 'test101@gmail.com', NULL, '2025-06-10 06:10:10', '2025-06-10 06:10:10', NULL),
(320, 6, 'VIJAY PAL SINGH', '9810825253', 'test102@gmail.com', NULL, '2025-06-10 06:10:10', '2025-06-10 06:10:10', NULL),
(321, 6, 'SANJAY ARORA', '9810505130', 'sanjayarora2605@gmail.com', NULL, '2025-06-10 06:10:10', '2025-06-10 06:10:10', NULL),
(322, 6, 'RAJENDRA PRASAD  ', '9350685742', 'test103@gmail.com', NULL, '2025-06-10 06:10:10', '2025-06-10 06:10:10', NULL),
(323, 6, 'SURINDER SINGH KAKKAR', '9868391050', 'susik63@yahoo.co.in', NULL, '2025-06-10 06:10:10', '2025-06-10 06:10:10', NULL),
(324, 6, 'NISHA AGGARWAL', '9899282232', 'test104@gmail.com', NULL, '2025-06-10 06:10:10', '2025-06-10 06:10:10', NULL),
(325, 6, 'SURESH KR. KOSHAL', '981012566', 'test105@gmail.com', NULL, '2025-06-10 06:10:10', '2025-06-11 11:06:25', NULL),
(326, 6, 'NARENDER NATH', '9810606056', 'test106@gmail.com', NULL, '2025-06-10 06:10:10', '2025-06-10 06:10:10', NULL),
(327, 6, 'RAKESH KUMAR JAIN', '9810027891', 'rkjain@uptelelinks.com', NULL, '2025-06-10 06:10:10', '2025-06-10 06:10:10', NULL),
(328, 6, 'D.K. ANAND', '9811227755', 'test107@gmail.com', NULL, '2025-06-10 06:10:10', '2025-06-10 06:10:10', NULL),
(329, 6, 'PRASANNA SATHE', '9891745803', 'pssathe@gmail.com', NULL, '2025-06-10 06:10:10', '2025-06-10 06:10:10', NULL),
(330, 6, 'ASHOK BATHWAL', '9810002411', 'ashok@technocab.in', NULL, '2025-06-10 06:10:10', '2025-06-10 06:10:10', NULL),
(331, 6, 'PYARA LAL BEHL', '9811524443', 'test108@gmail.com', NULL, '2025-06-10 06:10:10', '2025-06-10 06:10:10', NULL),
(332, 6, 'RAJESH SETH', '9810039973', 'info@vandanagraphics.com', NULL, '2025-06-10 06:10:10', '2025-06-10 06:10:10', NULL),
(333, 6, 'SUDESH RATAN', '9871050241', 'test109@gmail.com', NULL, '2025-06-10 06:10:10', '2025-06-10 06:10:10', NULL),
(334, 6, 'SANTOSH KUMAR', '9810056376', 'santosh@amsinform.com', NULL, '2025-06-10 06:10:10', '2025-06-10 06:10:10', NULL),
(335, 6, 'P. N. SWAROOP', '9811076796', 'test110@gmail.com', NULL, '2025-06-10 06:10:10', '2025-06-10 06:10:10', NULL),
(336, 6, 'RAJ KUMAR JAIN', '9811033504', 'info@risinggroupindia.com', NULL, '2025-06-10 06:10:10', '2025-06-10 06:10:10', NULL),
(337, 6, 'PEEYUSH AGGARWAL', '9312432201', 'peeyush@indialiaison.com', NULL, '2025-06-10 06:10:10', '2025-06-10 06:10:10', NULL),
(338, 6, 'SHISHIR AGARWAL', '9312240290', 'test111@gmail.com', NULL, '2025-06-10 06:10:10', '2025-06-10 06:10:10', NULL),
(339, 6, 'SHIV KR. BANSAL', '9350340008', 'test112@gmail.com', NULL, '2025-06-10 06:10:10', '2025-06-10 06:10:10', NULL),
(340, 6, 'PUNEET ARORA', '9811605065', 'apt1210@rediffmail.com', NULL, '2025-06-10 06:10:10', '2025-06-10 06:10:10', NULL),
(341, 6, 'ANIL SACHDEVA', '9810176475', 'anilsachdeva@rediffmail.com', NULL, '2025-06-10 06:10:10', '2025-06-10 06:10:10', NULL),
(342, 6, 'KAPIL DEV SURI', '9312249838', 'test113@gmail.com', NULL, '2025-06-10 06:10:10', '2025-06-10 06:10:10', NULL),
(343, 6, 'MAHESH KUMAR TALWAR', '9811052675', 'info@unisurg.com', NULL, '2025-06-10 06:10:10', '2025-06-10 06:10:10', NULL),
(344, 6, 'PRADEEP AGARWAL', '9811685550', 'test114@gmail.com', NULL, '2025-06-10 06:10:10', '2025-06-10 06:10:10', NULL),
(345, 6, 'MANISH AGARWAL', '9810335220', 'test115@gmail.com', NULL, '2025-06-10 06:10:10', '2025-06-10 06:10:10', NULL),
(346, 6, 'SHMAR PAL SINGH', '9810825250', 'spsingh5757@gmail.com', NULL, '2025-06-10 06:10:10', '2025-06-10 06:10:10', NULL),
(347, 6, 'V.B.Sexena', '22497308', 'vbsaxena1@gmail.com', NULL, '2025-06-10 06:10:10', '2025-06-11 11:06:46', NULL),
(348, 6, 'R.S. Jaswal', '22451595', 'jaswalrs1954@gmail.com', NULL, '2025-06-10 06:10:10', '2025-06-11 11:07:03', NULL),
(349, 6, 'Jyoti Shankar Choudhary', '0120-2451353', 'jschoudhary@gmail.com', NULL, '2025-06-10 06:10:10', '2025-06-11 11:07:22', NULL),
(350, 6, 'Gautam Basu', '9910795557', 'basug@who.int', NULL, '2025-06-10 06:10:10', '2025-06-10 06:10:10', NULL),
(351, 6, 'Iqbal Singh Matharoo', '9650291332', 'ibs1558@gmail.com ', NULL, '2025-06-10 06:10:10', '2025-06-10 06:10:10', NULL),
(352, 6, 'H.K.Kapoor', '9868165972', 'test116@gmail.com', NULL, '2025-06-10 06:10:10', '2025-06-10 06:10:10', NULL),
(353, 6, 'Dharam Raj', '1900000000', 'test117@gmail.com', NULL, '2025-06-10 06:10:10', '2025-06-10 06:10:10', NULL),
(354, 6, 'A.K.Kapoor', '2100000000', 'test118@gmail.com', NULL, '2025-06-10 06:10:10', '2025-06-10 06:10:10', NULL),
(355, 6, 'AMARJEET SINGH', '9810085099,  22753951', 'dramarjeet.200@gmail.com', NULL, '2025-06-10 06:10:10', '2025-06-11 11:07:54', NULL),
(356, 6, 'DHARMA DATTA VERMA', '9899644061,   22247716', 'test119@gmail.com', NULL, '2025-06-10 06:10:10', '2025-06-11 11:08:15', NULL),
(357, 6, 'RADHA CHARAN', '9868892086,   22481584', 'test120@gmail.com', NULL, '2025-06-10 06:10:10', '2025-06-11 11:08:38', NULL),
(358, 6, 'PARSHOTTAM LAL AGGARWAL', '9811114907,  2880045', 'plagrawal62@gmail.com', NULL, '2025-06-10 06:10:10', '2025-06-11 11:09:31', NULL),
(359, 6, 'SUSHIL CHAND AGARWAL', '9811032280,   22376214', 'test121@gmail.com', NULL, '2025-06-10 06:10:10', '2025-06-11 11:09:55', NULL),
(360, 6, 'RAJESH KUMAR GOYAL', '9810229150,   4119150', 'test122@gmail.com', NULL, '2025-06-10 06:10:10', '2025-06-11 11:10:20', NULL),
(361, 6, 'NARESH KUMAR SHARMA', '9810543472,   22450576', 'test124@gmail.com', NULL, '2025-06-10 06:10:10', '2025-06-11 11:10:41', NULL),
(362, 6, 'RENU SHARMA', '9818271476,  26116192', 'test123@gmail.com', NULL, '2025-06-10 06:10:10', '2025-06-11 11:13:34', NULL),
(363, 6, 'M L MADAAN', '9868521626,   2252666', 'madanmadaan@rediffmail.com', NULL, '2025-06-10 06:10:10', '2025-06-11 11:14:04', NULL),
(364, 6, 'ANSHUMAN YADAV', '9871732068,   22441147', 'anshumanapeksha@gmail.com', NULL, '2025-06-10 06:10:10', '2025-06-11 11:14:23', NULL),
(365, 6, 'R N RAJPOOT', '23363880,   9717630314', 'errajput@yahoo.co.in', NULL, '2025-06-10 06:10:10', '2025-06-11 11:15:37', NULL),
(366, 6, 'CHARAN SINGH', '27573304,   20445263', 'charansingh10313@gmail.com', NULL, '2025-06-10 06:10:10', '2025-06-11 11:16:01', NULL),
(367, 6, 'MANISH GUPTA', '22423191,   9811025871', 'manish.gupta@nareshkgupta.com', NULL, '2025-06-10 06:10:10', '2025-06-11 11:16:25', NULL),
(368, 6, 'NITIN GUPTA', '42444879,   9810213137', 'nitin.gupta@nareshkgupta.com', NULL, '2025-06-10 06:10:10', '2025-06-11 11:16:55', NULL),
(369, 6, 'NITIN MITTAL', '22724139,   9810147514', 'nitin@nmcindia.net', NULL, '2025-06-10 06:10:10', '2025-06-11 11:17:18', NULL),
(370, 6, 'FUDAN KUMAR JHA', '23811849,   9810055432', 'fkjhaadvocate@gmail.com', NULL, '2025-06-10 06:10:10', '2025-06-11 11:17:39', NULL),
(371, 6, 'MANISH GUPTA', '22778570,   9811402142', 'manish_g30@yahoo.com', NULL, '2025-06-10 06:10:10', '2025-06-11 11:18:01', NULL),
(372, 6, 'AMIT GOEL', '22249243,   9971906622', 'hiamitgoel@gmail.com', NULL, '2025-06-10 06:10:10', '2025-06-11 11:18:20', NULL),
(373, 6, 'CHANDER SHEKHAR PANDY', '22247041,  9810465431', 'hrtindia91@gmail.com', NULL, '2025-06-10 06:10:10', '2025-06-11 11:18:38', NULL),
(374, 6, 'A.BIRMANI', '43053699,   9958573399', 'vivek.associate08@gmail.com', NULL, '2025-06-10 06:10:10', '2025-06-11 11:18:58', NULL),
(375, 6, 'RAJAT BHALLA', '9811508988', 'rajatbhalla12@gmail.com', NULL, '2025-06-10 06:10:10', '2025-06-10 06:10:10', NULL),
(376, 6, 'MANISH GOEL', '9560555788,    9560555788', 'designerghar@gmail.com', NULL, '2025-06-10 06:10:10', '2025-06-11 11:19:34', NULL),
(377, 6, 'P.S.BHANDARI', '0', 'testps@gmail.com', NULL, '2025-06-11 11:02:35', '2025-06-11 11:02:35', NULL),
(378, 6, 'RANJNA KAPOOR', '22018750,  9868488613', 'testr@gmail.com', NULL, '2025-06-11 11:15:15', '2025-06-11 11:15:15', NULL);

-- --------------------------------------------------------

--
-- Table structure for table `customer_addresses`
--

CREATE TABLE `customer_addresses` (
  `id` bigint(20) UNSIGNED NOT NULL,
  `customer_id` bigint(20) UNSIGNED DEFAULT NULL,
  `label` varchar(191) DEFAULT NULL,
  `address` text DEFAULT NULL,
  `lat` decimal(10,7) DEFAULT NULL,
  `lng` decimal(10,7) DEFAULT NULL,
  `created_at` timestamp NULL DEFAULT NULL,
  `updated_at` timestamp NULL DEFAULT NULL
) ENGINE=InnoDB DEFAULT CHARSET=utf8mb4 COLLATE=utf8mb4_unicode_ci;

-- --------------------------------------------------------

--
-- Table structure for table `custom_menus`
--

CREATE TABLE `custom_menus` (
  `id` bigint(20) UNSIGNED NOT NULL,
  `menu_name` varchar(191) NOT NULL,
  `menu_slug` varchar(191) NOT NULL,
  `menu_content` longtext DEFAULT NULL,
  `is_active` tinyint(1) NOT NULL DEFAULT 1,
  `position` enum('header','footer') NOT NULL DEFAULT 'header',
  `sort_order` int(11) NOT NULL DEFAULT 0,
  `created_at` timestamp NULL DEFAULT NULL,
  `updated_at` timestamp NULL DEFAULT NULL
) ENGINE=InnoDB DEFAULT CHARSET=utf8mb4 COLLATE=utf8mb4_unicode_ci;

-- --------------------------------------------------------

--
-- Table structure for table `delivery_executives`
--

CREATE TABLE `delivery_executives` (
  `id` bigint(20) UNSIGNED NOT NULL,
  `branch_id` bigint(20) UNSIGNED NOT NULL,
  `name` varchar(191) NOT NULL,
  `phone` varchar(191) DEFAULT NULL,
  `photo` varchar(191) DEFAULT NULL,
  `status` enum('available','on_delivery','inactive') NOT NULL DEFAULT 'available',
  `created_at` timestamp NULL DEFAULT NULL,
  `updated_at` timestamp NULL DEFAULT NULL
) ENGINE=InnoDB DEFAULT CHARSET=utf8mb4 COLLATE=utf8mb4_unicode_ci;

--
-- Dumping data for table `delivery_executives`
--

INSERT INTO `delivery_executives` (`id`, `branch_id`, `name`, `phone`, `photo`, `status`, `created_at`, `updated_at`) VALUES
(3, 3, 'Delivery Ex 1', '76476xxxxx', NULL, 'available', '2025-02-07 12:12:41', '2025-02-07 12:12:41'),
(4, 3, 'Delivery Ex 2', '5586xxxxx', NULL, 'available', '2025-02-07 12:13:26', '2025-02-07 12:13:26');

-- --------------------------------------------------------

--
-- Table structure for table `delivery_fee_tiers`
--

CREATE TABLE `delivery_fee_tiers` (
  `id` bigint(20) UNSIGNED NOT NULL,
  `branch_id` bigint(20) UNSIGNED NOT NULL,
  `min_distance` double DEFAULT NULL,
  `max_distance` double DEFAULT NULL,
  `fee` decimal(8,2) DEFAULT NULL,
  `created_at` timestamp NULL DEFAULT NULL,
  `updated_at` timestamp NULL DEFAULT NULL
) ENGINE=InnoDB DEFAULT CHARSET=utf8mb4 COLLATE=utf8mb4_unicode_ci;

-- --------------------------------------------------------

--
-- Table structure for table `desktop_applications`
--

CREATE TABLE `desktop_applications` (
  `id` bigint(20) UNSIGNED NOT NULL,
  `windows_file_path` varchar(191) DEFAULT NULL,
  `mac_intel_file_path` varchar(191) DEFAULT NULL,
  `linux_file_path` varchar(191) DEFAULT NULL,
  `mac_silicon_file_path` varchar(191) DEFAULT NULL,
  `created_at` timestamp NULL DEFAULT NULL,
  `updated_at` timestamp NULL DEFAULT NULL
) ENGINE=InnoDB DEFAULT CHARSET=utf8mb4 COLLATE=utf8mb4_unicode_ci;

--
-- Dumping data for table `desktop_applications`
--

INSERT INTO `desktop_applications` (`id`, `windows_file_path`, `mac_intel_file_path`, `linux_file_path`, `mac_silicon_file_path`, `created_at`, `updated_at`) VALUES
(1, 'https://envato.froid.works/app/download/windows', 'https://envato.froid.works/app/download/macos-intel', 'https://envato.froid.works/app/download/linux', 'https://envato.froid.works/app/download/macos-silicon', '2025-08-01 09:37:42', '2025-08-01 09:37:42');

-- --------------------------------------------------------

--
-- Table structure for table `email_settings`
--

CREATE TABLE `email_settings` (
  `id` bigint(20) UNSIGNED NOT NULL,
  `mail_from_name` varchar(191) DEFAULT NULL,
  `mail_from_email` varchar(191) DEFAULT NULL,
  `enable_queue` enum('yes','no') NOT NULL DEFAULT 'no',
  `mail_driver` enum('mail','smtp') NOT NULL DEFAULT 'mail',
  `smtp_host` varchar(191) DEFAULT NULL,
  `smtp_port` varchar(191) DEFAULT NULL,
  `smtp_encryption` varchar(191) DEFAULT NULL,
  `mail_username` varchar(191) DEFAULT NULL,
  `mail_password` varchar(191) DEFAULT NULL,
  `created_at` timestamp NULL DEFAULT NULL,
  `updated_at` timestamp NULL DEFAULT NULL,
  `email_verified` tinyint(1) NOT NULL DEFAULT 0,
  `verified` tinyint(1) NOT NULL DEFAULT 0
) ENGINE=InnoDB DEFAULT CHARSET=utf8mb4 COLLATE=utf8mb4_unicode_ci;

--
-- Dumping data for table `email_settings`
--

INSERT INTO `email_settings` (`id`, `mail_from_name`, `mail_from_email`, `enable_queue`, `mail_driver`, `smtp_host`, `smtp_port`, `smtp_encryption`, `mail_username`, `mail_password`, `created_at`, `updated_at`, `email_verified`, `verified`) VALUES
(1, 'Restro Sistem', 'sheetal@kormoan.com', 'no', 'smtp', 'smtp.gmail.com', '465', 'ssl', 'sheetal@kormoan.com', 'justdoit', '2025-01-09 20:25:12', '2025-02-06 00:41:04', 0, 1);

-- --------------------------------------------------------

--
-- Table structure for table `expenses`
--

CREATE TABLE `expenses` (
  `id` bigint(20) UNSIGNED NOT NULL,
  `expense_category_id` bigint(20) UNSIGNED DEFAULT NULL,
  `branch_id` bigint(20) UNSIGNED NOT NULL,
  `expense_title` varchar(191) DEFAULT NULL,
  `description` text DEFAULT NULL,
  `amount` decimal(10,2) NOT NULL,
  `expense_date` date NOT NULL,
  `payment_status` varchar(191) NOT NULL,
  `payment_date` date DEFAULT NULL,
  `payment_due_date` date DEFAULT NULL,
  `payment_method` varchar(191) DEFAULT NULL,
  `receipt_path` varchar(191) DEFAULT NULL,
  `created_at` timestamp NULL DEFAULT NULL,
  `updated_at` timestamp NULL DEFAULT NULL
) ENGINE=InnoDB DEFAULT CHARSET=utf8mb4 COLLATE=utf8mb4_unicode_ci;

-- --------------------------------------------------------

--
-- Table structure for table `expense_categories`
--

CREATE TABLE `expense_categories` (
  `id` bigint(20) UNSIGNED NOT NULL,
  `branch_id` bigint(20) UNSIGNED NOT NULL,
  `name` varchar(191) NOT NULL,
  `description` varchar(191) DEFAULT NULL,
  `is_active` tinyint(1) NOT NULL DEFAULT 1,
  `created_at` timestamp NULL DEFAULT NULL,
  `updated_at` timestamp NULL DEFAULT NULL
) ENGINE=InnoDB DEFAULT CHARSET=utf8mb4 COLLATE=utf8mb4_unicode_ci;

-- --------------------------------------------------------

--
-- Table structure for table `failed_jobs`
--

CREATE TABLE `failed_jobs` (
  `id` bigint(20) UNSIGNED NOT NULL,
  `uuid` varchar(191) NOT NULL,
  `connection` text NOT NULL,
  `queue` text NOT NULL,
  `payload` longtext NOT NULL,
  `exception` longtext NOT NULL,
  `failed_at` timestamp NOT NULL DEFAULT current_timestamp()
) ENGINE=InnoDB DEFAULT CHARSET=utf8mb4 COLLATE=utf8mb4_unicode_ci;

-- --------------------------------------------------------

--
-- Table structure for table `file_storage`
--

CREATE TABLE `file_storage` (
  `id` int(10) UNSIGNED NOT NULL,
  `restaurant_id` bigint(20) UNSIGNED DEFAULT NULL,
  `path` varchar(191) NOT NULL,
  `filename` varchar(191) NOT NULL,
  `type` varchar(50) DEFAULT NULL,
  `size` int(10) UNSIGNED NOT NULL,
  `storage_location` enum('local','aws_s3','digitalocean','wasabi','minio') NOT NULL DEFAULT 'local',
  `created_at` timestamp NULL DEFAULT NULL,
  `updated_at` timestamp NULL DEFAULT NULL
) ENGINE=InnoDB DEFAULT CHARSET=utf8mb4 COLLATE=utf8mb4_unicode_ci;

--
-- Dumping data for table `file_storage`
--

INSERT INTO `file_storage` (`id`, `restaurant_id`, `path`, `filename`, `type`, `size`, `storage_location`, `created_at`, `updated_at`) VALUES
(1, 1, 'qrcodes', 'qrcode-branch-1-1.png', 'image/png', 2602, 'local', '2025-08-01 09:37:56', '2025-08-01 09:37:56'),
(2, 1, 'qrcodes', 'qrcode-branch-1-1.png', 'image/png', 2602, 'local', '2025-08-01 09:37:57', '2025-08-01 09:37:57'),
(3, 1, 'qrcodes', 'qrcode-branch-2-1.png', 'image/png', 2611, 'local', '2025-08-01 09:37:58', '2025-08-01 09:37:58'),
(4, 1, 'qrcodes', 'qrcode-branch-2-1.png', 'image/png', 2611, 'local', '2025-08-01 09:37:59', '2025-08-01 09:37:59'),
(5, 2, 'qrcodes', 'qrcode-3-R02.png', 'image/png', 5324, 'local', '2025-01-11 07:31:50', '2025-01-11 07:31:50'),
(6, 2, 'qrcodes', 'qrcode-3-R03.png', 'image/png', 5310, 'local', '2025-01-11 07:32:03', '2025-01-11 07:32:03'),
(7, 2, 'qrcodes', 'qrcode-3-R04.png', 'image/png', 5337, 'local', '2025-01-11 07:32:14', '2025-01-11 07:32:14'),
(8, 2, 'qrcodes', 'qrcode-3-R05.png', 'image/png', 5334, 'local', '2025-01-11 07:32:24', '2025-01-11 07:32:24'),
(9, 2, 'qrcodes', 'qrcode-3-R06.png', 'image/png', 5481, 'local', '2025-01-11 07:32:37', '2025-01-11 07:32:37'),
(10, 2, 'qrcodes', 'qrcode-3-F01.png', 'image/png', 4875, 'local', '2025-01-11 07:32:51', '2025-01-11 07:32:51'),
(11, 2, 'qrcodes', 'qrcode-3-F02.png', 'image/png', 5121, 'local', '2025-01-11 07:32:59', '2025-01-11 07:32:59'),
(12, 2, 'qrcodes', 'qrcode-3-F03.png', 'image/png', 5227, 'local', '2025-01-11 07:33:09', '2025-01-11 07:33:09'),
(13, 2, 'qrcodes', 'qrcode-3-F04.png', 'image/png', 5023, 'local', '2025-01-11 07:33:18', '2025-01-11 07:33:18'),
(14, 2, 'qrcodes', 'qrcode-3-F05.png', 'image/png', 5098, 'local', '2025-01-11 07:33:38', '2025-01-11 07:33:38'),
(15, 2, 'qrcodes', 'qrcode-3-F06.png', 'image/png', 5240, 'local', '2025-01-11 07:33:46', '2025-01-11 07:33:46'),
(16, 2, 'qrcodes', 'qrcode-3-F07.png', 'image/png', 5011, 'local', '2025-01-11 07:33:58', '2025-01-11 07:33:58'),
(17, 2, 'qrcodes', 'qrcode-3-F08.png', 'image/png', 5167, 'local', '2025-01-11 07:34:08', '2025-01-11 07:34:08'),
(18, 2, 'qrcodes', 'qrcode-3-G01.png', 'image/png', 5104, 'local', '2025-01-11 07:35:41', '2025-01-11 07:35:41'),
(19, 2, 'qrcodes', 'qrcode-3-G02.png', 'image/png', 5318, 'local', '2025-01-11 07:35:50', '2025-01-11 07:35:50'),
(20, 2, 'qrcodes', 'qrcode-3-G03.png', 'image/png', 5424, 'local', '2025-01-11 07:35:59', '2025-01-11 07:35:59'),
(21, 2, 'qrcodes', 'qrcode-3-G04.png', 'image/png', 5283, 'local', '2025-01-11 07:36:07', '2025-01-11 07:36:07'),
(22, 2, 'qrcodes', 'qrcode-3-G05.png', 'image/png', 5464, 'local', '2025-01-11 07:36:14', '2025-01-11 07:36:14'),
(23, 2, 'qrcodes', 'qrcode-3-G06.png', 'image/png', 5563, 'local', '2025-01-11 07:36:35', '2025-01-11 07:36:35'),
(24, 2, 'qrcodes', 'qrcode-3-Go6.png', 'image/png', 5328, 'local', '2025-01-11 07:37:39', '2025-01-11 07:37:39'),
(25, 2, 'qrcodes', 'qrcode-3-G07.png', 'image/png', 5215, 'local', '2025-01-11 07:38:44', '2025-01-11 07:38:44'),
(26, 2, 'qrcodes', 'qrcode-3-R07.png', 'image/png', 5211, 'local', '2025-01-11 07:39:13', '2025-01-11 07:39:13'),
(27, 2, 'item', '64c5705be8024d7ba474ad6ef3d45fdd.jpg', 'application/octet-stream', 283600, 'local', '2025-01-11 08:16:48', '2025-01-11 08:16:48'),
(28, 2, 'item', 'f8282da7c2d41b77f9b93a0965e073e2.jpg', 'application/octet-stream', 72200, 'local', '2025-01-11 08:18:26', '2025-01-11 08:18:26'),
(29, 2, 'item', 'fa9c43720bf3d701f84b5f720bc12ad4.jpg', 'application/octet-stream', 267460, 'local', '2025-01-11 08:20:44', '2025-01-11 08:20:44'),
(30, 2, 'item', '379620e574ff4ac455787df3c1982d03.jpg', 'application/octet-stream', 151588, 'local', '2025-01-11 08:25:48', '2025-01-11 08:25:48'),
(31, 2, 'item', '1d51bd14835e11007d27f3374c079716.jpg', 'application/octet-stream', 143319, 'local', '2025-01-11 08:30:39', '2025-01-11 08:30:39'),
(32, 2, 'item', '9a7c94f3247c80e7fe58812be9cd1151.jpg', 'application/octet-stream', 173189, 'local', '2025-01-11 08:32:00', '2025-01-11 08:32:00'),
(33, 2, 'item', '87a05c2b04774b2089bef58514d97bd8.jpg', 'application/octet-stream', 178379, 'local', '2025-01-11 11:05:49', '2025-01-11 11:05:49'),
(34, 2, 'item', '66389e35bd62e5465911f66d838c62b9.jpg', 'application/octet-stream', 222532, 'local', '2025-01-11 11:07:42', '2025-01-11 11:07:42'),
(35, 2, 'item', '16bdadca27819663b9e8681b18b339af.jpg', 'application/octet-stream', 73683, 'local', '2025-01-11 17:29:30', '2025-01-11 17:29:30'),
(36, 2, 'item', '42110c44590801025a79c9c0bb30c77c.jpg', 'application/octet-stream', 151588, 'local', '2025-01-11 17:29:56', '2025-01-11 17:29:56'),
(37, 2, 'item', 'd39ecf72e9bdb8e3c51e11f78f39a5fd.jpg', 'application/octet-stream', 308200, 'local', '2025-01-11 17:30:45', '2025-01-11 17:30:45'),
(38, 2, 'item', '3a7053ae4196e1bee03a5a916044da00.jpg', 'application/octet-stream', 39454, 'local', '2025-01-11 17:32:10', '2025-01-11 17:32:10'),
(39, 2, 'item', 'e043e962c6a31c87a7a5d65d5f0f8315.jpg', 'application/octet-stream', 490410, 'local', '2025-01-11 17:33:04', '2025-01-11 17:33:04'),
(40, 2, 'item', '40c131128bd05b92040b5af6555614f0.jpg', 'application/octet-stream', 159238, 'local', '2025-01-11 17:34:05', '2025-01-11 17:34:05'),
(41, 2, 'item', '58d8c0d08edf1a1f23efe1ce2d1b6cf3.jpg', 'application/octet-stream', 283600, 'local', '2025-01-11 17:34:23', '2025-01-11 17:34:23'),
(42, 2, 'item', '29bf7da6a2279e361aadfa647b2c27b7.jpg', 'application/octet-stream', 435721, 'local', '2025-01-11 17:35:09', '2025-01-11 17:35:09'),
(43, 2, 'item', '71f6d4a6b1871c0149b2922857cb7a95.jpg', 'application/octet-stream', 144744, 'local', '2025-01-11 17:35:55', '2025-01-11 17:35:55'),
(44, 2, 'item', '22b162eb22d35215a3992005147fc767.jpg', 'application/octet-stream', 344027, 'local', '2025-01-11 17:38:23', '2025-01-11 17:38:23'),
(45, 2, 'item', 'bc277ca2bfeeb2ec542be54d836c2d64.jpg', 'application/octet-stream', 102882, 'local', '2025-01-11 17:39:41', '2025-01-11 17:39:41'),
(46, 2, 'item', '50fbf55ddda0e8f139e4f13b9b516e22.jpg', 'application/octet-stream', 263991, 'local', '2025-01-11 17:40:37', '2025-01-11 17:40:37'),
(47, 2, 'item', '25d97f25f07a4f94043a0aeb346221d0.jpg', 'application/octet-stream', 60583, 'local', '2025-01-11 17:41:08', '2025-01-11 17:41:08'),
(48, 2, 'item', '58575c281342ff855b8a08d7599d6973.jpg', 'application/octet-stream', 276973, 'local', '2025-01-11 17:41:50', '2025-01-11 17:41:50'),
(49, 2, 'item', '94e8a26de06aab875a1c862c6112b5c7.jpg', 'application/octet-stream', 212794, 'local', '2025-01-11 17:42:47', '2025-01-11 17:42:47'),
(50, 2, 'profile-photos', 'c5dfe180c78df495a805a769d8e9ac79.jpeg', 'application/octet-stream', 242651, 'local', '2025-01-11 18:45:14', '2025-01-11 18:45:14'),
(51, 2, 'qrcodes', 'qrcode-3-G08.png', 'image/png', 5546, 'local', '2025-01-12 15:39:10', '2025-01-12 15:39:10'),
(52, 2, 'qrcodes', 'qrcode-3-G09.png', 'image/png', 5489, 'local', '2025-01-12 15:40:17', '2025-01-12 15:40:17'),
(53, 2, 'qrcodes', 'qrcode-3-L08.png', 'image/png', 5182, 'local', '2025-01-12 15:58:11', '2025-01-12 15:58:11'),
(54, 2, 'item', 'ec6ca52b7f1ab47fabeab0f56fdaa6e8.webp', 'application/octet-stream', 10434, 'local', '2025-01-12 16:03:13', '2025-01-12 16:03:13'),
(56, NULL, 'logo', 'eb8735b7a63437307871e48223f8dad9.png', 'image/png', 84030, 'local', '2025-01-14 08:14:17', '2025-01-14 08:14:17'),
(57, NULL, 'logo', '4f4a92d48f6d696225d587abcc5985db.jpg', 'application/octet-stream', 39211, 'local', '2025-01-14 16:09:52', '2025-01-14 16:09:52'),
(58, 6, 'item', 'ba899427e9f3376255d86724a59bb5b5.avif', 'application/octet-stream', 26682, 'local', '2025-01-14 17:49:57', '2025-01-14 17:49:57'),
(59, 6, 'item', 'f3fd2e8f44937bc98f04ccf3b6a03d5d.jpg', 'application/octet-stream', 12668, 'local', '2025-01-14 18:36:22', '2025-01-14 18:36:22'),
(60, 6, 'item', 'e0cae2c991df023c32a76080c66282bc.jpg', 'application/octet-stream', 80110, 'local', '2025-01-14 18:37:09', '2025-01-14 18:37:09'),
(61, 6, 'item', '842bd22ffe266c137275ef24610840c3.jpg', 'application/octet-stream', 34025, 'local', '2025-01-14 18:37:45', '2025-01-14 18:37:45'),
(62, 6, 'item', '7e326682c7349a97b583d9f1da13fb64.jpg', 'application/octet-stream', 76791, 'local', '2025-01-14 18:38:20', '2025-01-14 18:38:20'),
(63, 6, 'item', 'c87d54466800c5f45289a807f16be586.png', 'application/octet-stream', 294848, 'local', '2025-01-14 18:39:03', '2025-01-14 18:39:03'),
(64, 6, 'item', '9a5caa3b075bb0e1224be2b1ad6e156d.jpg', 'application/octet-stream', 37090, 'local', '2025-01-14 18:39:45', '2025-01-14 18:39:45'),
(65, 6, 'item', '7f6cf734d0400b5d6f2489cb0d8d8e5b.jpg', 'application/octet-stream', 80869, 'local', '2025-01-14 18:40:18', '2025-01-14 18:40:18'),
(66, 6, 'item', '2c528aca8204c63257fbe7ad81c8ef7b.jpg', 'application/octet-stream', 24355, 'local', '2025-01-14 18:40:57', '2025-01-14 18:40:57'),
(67, 6, 'item', 'b590560d4c3ce29e58f44ec3c5249c7d.jpg', 'application/octet-stream', 23940, 'local', '2025-01-14 18:41:22', '2025-01-14 18:41:22'),
(68, 6, 'item', 'c0f5664093f1d6a1852e40204902742d.jpg', 'application/octet-stream', 29567, 'local', '2025-01-14 18:41:43', '2025-01-14 18:41:43'),
(69, 6, 'item', '4ae3573df16d352e42e007b8d2d8580a.jpeg', 'application/octet-stream', 46828, 'local', '2025-01-14 18:42:07', '2025-01-14 18:42:07'),
(70, 6, 'item', '10c79bf4bda68a26b998598dca96df0f.png', 'application/octet-stream', 121175, 'local', '2025-01-14 18:44:59', '2025-01-14 18:44:59'),
(71, 6, 'item', 'ab35b7544663f79b2c08a337333dad5a.jpg', 'application/octet-stream', 149894, 'local', '2025-01-14 18:45:32', '2025-01-14 18:45:32'),
(72, 6, 'item', '92ddda8af5713c66c977a58f5ef71290.png', 'application/octet-stream', 451509, 'local', '2025-01-14 18:46:00', '2025-01-14 18:46:00'),
(73, 6, 'item', '8994c301136547fed94d6a4d3d5d22b8.jpg', 'application/octet-stream', 31034, 'local', '2025-01-14 18:46:28', '2025-01-14 18:46:28'),
(74, 6, 'item', 'd2eb1a00b96dec1688177743e328e0ce.jpg', 'application/octet-stream', 57848, 'local', '2025-01-14 18:51:44', '2025-01-14 18:51:44'),
(75, 6, 'item', '3b919efe364ff46ada847da9c54d5670.png', 'application/octet-stream', 679233, 'local', '2025-01-15 10:17:12', '2025-01-15 10:17:12'),
(76, 6, 'item', '076822d02c1e789edd43328c1d994003.png', 'application/octet-stream', 490108, 'local', '2025-01-15 10:17:37', '2025-01-15 10:17:37'),
(77, 6, 'item', 'c4c959b54b2981193db9e0021cd0484a.png', 'application/octet-stream', 339312, 'local', '2025-01-15 10:18:26', '2025-01-15 10:18:26'),
(78, 6, 'item', '5307faf07f9faa68c1ff02d410d506a9.png', 'application/octet-stream', 238582, 'local', '2025-01-15 10:18:50', '2025-01-15 10:18:50'),
(79, 6, 'item', '9c74ffc6151836cea667e79c18609b23.png', 'application/octet-stream', 334876, 'local', '2025-01-15 10:23:15', '2025-01-15 10:23:15'),
(80, 6, 'item', 'bfedea7c91cfd6c8d12d5892a858078c.png', 'application/octet-stream', 478947, 'local', '2025-01-15 10:24:05', '2025-01-15 10:24:05'),
(81, 6, 'item', 'd8ec8b006c5fa375f87a948dff1b08f9.jpg', 'application/octet-stream', 59085, 'local', '2025-01-15 10:24:46', '2025-01-15 10:24:46'),
(82, 6, 'item', '0b95195ed19f61c4142370d316752858.png', 'application/octet-stream', 367046, 'local', '2025-01-15 10:25:23', '2025-01-15 10:25:23'),
(83, 6, 'item', 'c7b554cb0e006efda8704ac6beae2439.png', 'application/octet-stream', 358020, 'local', '2025-01-15 10:25:56', '2025-01-15 10:25:56'),
(84, 6, 'item', 'ec9a13ec48f14729c764260ef58409ff.png', 'application/octet-stream', 325231, 'local', '2025-01-15 10:26:25', '2025-01-15 10:26:25'),
(85, 6, 'item', '8ef101fa3b2193c4b77186f68245c683.png', 'application/octet-stream', 535256, 'local', '2025-01-15 11:06:12', '2025-01-15 11:06:12'),
(86, 6, 'item', '9bf078b74048d01b74cde425ea8db897.jpg', 'application/octet-stream', 278779, 'local', '2025-01-15 11:08:21', '2025-01-15 11:08:21'),
(87, 6, 'item', '745157176c2a5bdadb705a5e3920e7b8.png', 'application/octet-stream', 492142, 'local', '2025-01-15 11:09:08', '2025-01-15 11:09:08'),
(88, 6, 'item', '0a52f2d95a0ab8820ef63b07c0ac941e.png', 'application/octet-stream', 687025, 'local', '2025-01-15 11:09:39', '2025-01-15 11:09:39'),
(89, 6, 'item', 'ad04abf81948481ed5d6ee824e750d4f.png', 'application/octet-stream', 370774, 'local', '2025-01-15 11:10:28', '2025-01-15 11:10:28'),
(90, 6, 'item', '4a67d452194e8e2604e6a7b25438d17f.jpg', 'application/octet-stream', 93489, 'local', '2025-01-15 11:11:45', '2025-01-15 11:11:45'),
(91, 6, 'item', '1fc2d3f874a3a1d2faf70c73f1a9d17c.jpg', 'application/octet-stream', 47756, 'local', '2025-01-15 11:12:14', '2025-01-15 11:12:14'),
(92, 6, 'item', 'd7a709c6025c3be286a55443d5531ed2.jpg', 'application/octet-stream', 59456, 'local', '2025-01-15 11:12:46', '2025-01-15 11:12:46'),
(93, 6, 'item', 'e40453472e7d2152c9dc2e2f70cf2d4c.png', 'application/octet-stream', 187244, 'local', '2025-01-15 11:13:22', '2025-01-15 11:13:22'),
(94, 6, 'item', '38d4384fff5ee3e95a52c23ecee971f5.jpg', 'application/octet-stream', 144917, 'local', '2025-01-15 11:16:51', '2025-01-15 11:16:51'),
(95, 6, 'item', '6d467f2f4aaac9ff56d90b75c3d2113c.jpg', 'application/octet-stream', 64806, 'local', '2025-01-15 11:17:15', '2025-01-15 11:17:15'),
(96, 6, 'item', 'dd8aade6d1ad9ea80560e487f2536800.jpg', 'application/octet-stream', 113352, 'local', '2025-01-15 11:17:45', '2025-01-15 11:17:45'),
(97, 6, 'item', '099ac2163329f76c8bc338baa06055bb.jpg', 'application/octet-stream', 157203, 'local', '2025-01-15 11:18:13', '2025-01-15 11:18:13'),
(98, 6, 'item', '7199a3f0e126dab51ee92259e20745f7.jpg', 'application/octet-stream', 16225, 'local', '2025-01-15 11:18:51', '2025-01-15 11:18:51'),
(99, 6, 'item', '4e9ba85a507af5f2e086d080be024893.jpg', 'application/octet-stream', 228503, 'local', '2025-01-15 11:19:26', '2025-01-15 11:19:26'),
(100, 6, 'item', 'f63a80df858d49c0e28921de3b966c11.png', 'application/octet-stream', 223876, 'local', '2025-01-15 11:25:33', '2025-01-15 11:25:33'),
(101, 6, 'item', 'be69836572954e828003b5f81a58a5e5.png', 'application/octet-stream', 257002, 'local', '2025-01-15 11:26:05', '2025-01-15 11:26:05'),
(102, 6, 'item', '9621b1b4e85381bc3f073a6f6f05a4ff.jpg', 'application/octet-stream', 139449, 'local', '2025-01-15 12:16:43', '2025-01-15 12:16:43'),
(103, 6, 'item', '8ca6f04024f57ee74470d5233a610161.jpg', 'application/octet-stream', 163269, 'local', '2025-01-15 12:17:36', '2025-01-15 12:17:36'),
(104, 6, 'item', 'bb3965c4025d0550342343bb9915724c.jpg', 'application/octet-stream', 192709, 'local', '2025-01-15 12:20:21', '2025-01-15 12:20:21'),
(105, 6, 'item', '2babf9be2790f5e7d1eebac13675697e.jpg', 'application/octet-stream', 125153, 'local', '2025-01-15 12:21:08', '2025-01-15 12:21:08'),
(106, 6, 'item', 'eb50e14f9335d18bea0283644dca0069.png', 'application/octet-stream', 205271, 'local', '2025-01-15 12:21:54', '2025-01-15 12:21:54'),
(107, 6, 'item', '7b7ddb736a4d7cd430f1d1361b13aaa4.png', 'application/octet-stream', 339795, 'local', '2025-01-15 12:23:24', '2025-01-15 12:23:24'),
(108, 6, 'item', '8d1fb9bf58a7665625e6fc3ddf0fadf2.png', 'application/octet-stream', 305501, 'local', '2025-01-15 12:24:15', '2025-01-15 12:24:15'),
(109, 6, 'item', '82865b6a661910353df225e9153cb4cf.jpg', 'application/octet-stream', 571461, 'local', '2025-01-15 12:25:08', '2025-01-15 12:25:08'),
(110, 6, 'item', 'bdfa2d838fb3faeec23011ca08b36212.png', 'application/octet-stream', 390265, 'local', '2025-01-15 12:45:14', '2025-01-15 12:45:14'),
(111, 6, 'item', 'c898f274b7927c322b0e97eca2751d12.png', 'application/octet-stream', 293930, 'local', '2025-01-15 12:46:17', '2025-01-15 12:46:17'),
(112, 6, 'item', '2f5964bd230b4cb371265a0a600a8837.jpg', 'application/octet-stream', 147012, 'local', '2025-01-15 12:46:46', '2025-01-15 12:46:46'),
(113, 6, 'item', '64463d812eb03a9ceef24f85586ea1e2.png', 'application/octet-stream', 1574613, 'local', '2025-01-15 12:47:54', '2025-01-15 12:47:54'),
(114, 6, 'item', 'de00f013202ece81c26418fdcbf3edc9.png', 'application/octet-stream', 157945, 'local', '2025-01-15 12:49:30', '2025-01-15 12:49:30'),
(115, 6, 'item', '6ba65239e1c65e895c7222ad4d206130.jpg', 'application/octet-stream', 23971, 'local', '2025-01-15 12:50:02', '2025-01-15 12:50:02'),
(116, 6, 'item', '607a76dfba5a2fcf3b88d316b939157a.jpg', 'application/octet-stream', 34769, 'local', '2025-01-15 12:50:34', '2025-01-15 12:50:34'),
(117, 6, 'item', '1821c09957cebe2806ead542be4c9bc0.png', 'application/octet-stream', 150287, 'local', '2025-01-15 12:51:07', '2025-01-15 12:51:07'),
(118, 6, 'item', 'd648eda3ff96e004af625101248ca3b1.jpg', 'application/octet-stream', 40291, 'local', '2025-01-15 12:51:36', '2025-01-15 12:51:36'),
(119, 6, 'item', '13850f001a425b8fdf6ae14965f69e8e.png', 'application/octet-stream', 243031, 'local', '2025-01-15 12:52:02', '2025-01-15 12:52:02'),
(120, 6, 'item', '75d7a54e191edb4cb48668c05c3f5853.png', 'application/octet-stream', 325405, 'local', '2025-01-15 12:54:46', '2025-01-15 12:54:46'),
(121, 6, 'item', 'cd215ad645ab99a6ca2248dfa8d2fe8c.jpg', 'application/octet-stream', 170853, 'local', '2025-01-15 12:55:18', '2025-01-15 12:55:18'),
(122, 6, 'item', '0160b624a09ed641ecfa11113728e0c2.png', 'application/octet-stream', 319161, 'local', '2025-01-15 12:55:45', '2025-01-15 12:55:45'),
(123, 6, 'item', 'b8f710570031aa04be6d0b739f24c112.jpg', 'application/octet-stream', 33262, 'local', '2025-01-15 12:56:14', '2025-01-15 12:56:14'),
(124, 6, 'item', '88e2afc5abb4ef9d08963896ec1197cd.png', 'application/octet-stream', 531120, 'local', '2025-01-15 12:56:54', '2025-01-15 12:56:54'),
(125, 6, 'item', '1780bbb8b2c7967943014766cc8fd697.jpg', 'application/octet-stream', 158984, 'local', '2025-01-15 12:57:20', '2025-01-15 12:57:20'),
(126, 6, 'item', 'c8a3489850ec2e1eb0e244b351194303.jpg', 'application/octet-stream', 68601, 'local', '2025-01-15 12:57:46', '2025-01-15 12:57:46'),
(127, 6, 'item', 'b02e5fa14f60853863b1c8570619bec5.png', 'application/octet-stream', 217755, 'local', '2025-01-15 12:58:16', '2025-01-15 12:58:16'),
(128, 6, 'item', '686728f5dce1a7edf35622ee1bbe6ee5.jpg', 'application/octet-stream', 112273, 'local', '2025-01-15 12:58:52', '2025-01-15 12:58:52'),
(129, 6, 'item', '158b27f5ca4caa651090a68640cb0836.png', 'application/octet-stream', 187083, 'local', '2025-01-15 13:03:22', '2025-01-15 13:03:22'),
(130, 6, 'item', '976556b0b90a58b028cffad3816e2e43.jpg', 'application/octet-stream', 153046, 'local', '2025-01-15 13:04:17', '2025-01-15 13:04:17'),
(131, 6, 'item', 'a842354848a5856bd97c6d499e128028.png', 'application/octet-stream', 274735, 'local', '2025-01-15 13:04:59', '2025-01-15 13:04:59'),
(132, 6, 'item', '237228725f81de96154c161ae538d56b.jpg', 'application/octet-stream', 191853, 'local', '2025-01-15 13:05:47', '2025-01-15 13:05:47'),
(133, 6, 'item', 'a88f76870137f6e21fc18f7919c6935a.jpg', 'application/octet-stream', 95984, 'local', '2025-01-15 13:06:36', '2025-01-15 13:06:36'),
(134, 6, 'item', 'cf98d3412ce863d4a603da2f23e938b0.png', 'application/octet-stream', 779375, 'local', '2025-01-15 13:07:32', '2025-01-15 13:07:32'),
(135, 6, 'item', 'a09e70b9724253b94363891845562be4.jpg', 'application/octet-stream', 33295, 'local', '2025-01-15 13:17:36', '2025-01-15 13:17:36'),
(136, 6, 'item', '1aa66c13c93fd42e8c8174ac3db4be25.png', 'application/octet-stream', 287910, 'local', '2025-01-15 13:18:15', '2025-01-15 13:18:15'),
(137, 6, 'item', '5905cb14d5919771266557e28aa7ff53.jpg', 'application/octet-stream', 540681, 'local', '2025-01-15 13:18:46', '2025-01-15 13:18:46'),
(138, 6, 'item', '5bf2a240841c3e7277ef82666720d616.jpg', 'application/octet-stream', 141814, 'local', '2025-01-15 13:19:22', '2025-01-15 13:19:22'),
(139, 6, 'item', '7c6cef6e725fe6b4ec4b8d137bdc5cd0.jpg', 'application/octet-stream', 48863, 'local', '2025-01-15 13:19:54', '2025-01-15 13:19:54'),
(140, 6, 'item', '02cc662ab18581a9c7da724d0dab50c6.png', 'application/octet-stream', 359664, 'local', '2025-01-15 13:24:55', '2025-01-15 13:24:55'),
(141, 6, 'item', '5840c518e8a129301359014e8c5a8506.png', 'application/octet-stream', 522668, 'local', '2025-01-15 13:25:28', '2025-01-15 13:25:28'),
(142, 6, 'item', 'd5927f00c9d08a8d139ce6e06ea44a68.png', 'application/octet-stream', 648909, 'local', '2025-01-15 13:25:59', '2025-01-15 13:25:59'),
(143, 6, 'item', '29788e25796ea69a248797ebfedbdce3.jpg', 'application/octet-stream', 139851, 'local', '2025-01-15 13:26:41', '2025-01-15 13:26:41'),
(144, 6, 'item', 'ed9069f456c360256f87ba46c8b1fbfb.jpg', 'application/octet-stream', 141419, 'local', '2025-01-15 13:27:16', '2025-01-15 13:27:16'),
(145, 6, 'item', 'a51f35bac84e991f83a9435009ee44e8.png', 'application/octet-stream', 188787, 'local', '2025-01-15 13:27:49', '2025-01-15 13:27:49'),
(146, 6, 'item', 'aa8299d1ec79bef38bc4d2c4a8401ba9.jpg', 'application/octet-stream', 98346, 'local', '2025-01-15 13:28:23', '2025-01-15 13:28:23'),
(147, 6, 'item', '41bec1676833b24b640ecc9cb9c22afb.jpg', 'application/octet-stream', 162953, 'local', '2025-01-15 13:29:03', '2025-01-15 13:29:03'),
(148, 6, 'item', 'c059d66fd22c2888846da7fb346d9153.png', 'application/octet-stream', 163213, 'local', '2025-01-15 13:29:34', '2025-01-15 13:29:34'),
(149, 6, 'item', 'c99be3265e75afb8056566a09a27dd1d.png', 'application/octet-stream', 279748, 'local', '2025-01-15 13:30:09', '2025-01-15 13:30:09'),
(150, 6, 'item', '3ff730d650b1904685f979f633097ee9.jpeg', 'application/octet-stream', 134556, 'local', '2025-01-15 13:30:39', '2025-01-15 13:30:39'),
(151, 6, 'item', 'e53ac47ea6ede3d2140a2fb48fc10d89.jpg', 'application/octet-stream', 64999, 'local', '2025-01-15 13:31:08', '2025-01-15 13:31:08'),
(152, 6, 'item', '43fa600700d912ae2cf59173fa32797b.jpg', 'application/octet-stream', 150250, 'local', '2025-01-15 13:33:21', '2025-01-15 13:33:21'),
(153, 6, 'item', '6f09628a5d04607141a73ec586b5e204.jpg', 'application/octet-stream', 181757, 'local', '2025-01-15 13:34:03', '2025-01-15 13:34:03'),
(154, 6, 'item', '6af5a3c10a2fba2409602c3535f0abd4.jpg', 'application/octet-stream', 98846, 'local', '2025-01-15 13:34:41', '2025-01-15 13:34:41'),
(155, 6, 'item', '8960e5030302c5e7641597fe4f9fdf84.jpg', 'application/octet-stream', 67416, 'local', '2025-01-15 13:35:14', '2025-01-15 13:35:14'),
(156, 6, 'item', 'c0a79bcf16570abc0351b9f71d18108a.jpg', 'application/octet-stream', 39768, 'local', '2025-01-15 13:35:45', '2025-01-15 13:35:45'),
(157, 6, 'item', '18c5be9a58fdea5ed3fe017ab736e32f.jpg', 'application/octet-stream', 1347261, 'local', '2025-01-15 13:36:20', '2025-01-15 13:36:20'),
(158, 6, 'item', '3ba6ccd74abc1be77177abd3c14a5401.jpg', 'application/octet-stream', 49117, 'local', '2025-01-15 13:36:58', '2025-01-15 13:36:58'),
(159, 6, 'item', 'f0d86dd35f1cae685f3ebc309537f36e.jpg', 'application/octet-stream', 66043, 'local', '2025-01-15 13:37:38', '2025-01-15 13:37:38'),
(160, 6, 'item', 'd6f53c569a932fb9902e3779461a258b.jpg', 'application/octet-stream', 104628, 'local', '2025-01-15 13:38:16', '2025-01-15 13:38:16'),
(161, 6, 'item', '2a14e03ce12ffe4ab1ae7972beda8c03.jpg', 'application/octet-stream', 173210, 'local', '2025-01-15 13:38:53', '2025-01-15 13:38:53'),
(162, 6, 'item', '9ff220518fa4274666ce89228c5bc5ea.png', 'application/octet-stream', 599812, 'local', '2025-01-15 13:39:27', '2025-01-15 13:39:27'),
(163, 6, 'item', '3f412f5ee327168386c75a6aa3d3efdd.jpg', 'application/octet-stream', 35773, 'local', '2025-01-15 13:40:09', '2025-01-15 13:40:09'),
(164, 6, 'item', 'a62919420e5710506729f58caaf15502.jpg', 'application/octet-stream', 93304, 'local', '2025-01-15 13:42:54', '2025-01-15 13:42:54'),
(165, 6, 'item', 'dc8eee795b8d6a04e9dcb6d6d8fb1b79.png', 'application/octet-stream', 255989, 'local', '2025-01-15 13:43:43', '2025-01-15 13:43:43'),
(166, 6, 'item', 'bc6bba932c32c07b106bd434316d9f80.jpg', 'application/octet-stream', 67364, 'local', '2025-01-15 13:44:21', '2025-01-15 13:44:21'),
(167, 6, 'item', '06bb77b1fa65df4718d4fd867b7a008b.png', 'application/octet-stream', 238462, 'local', '2025-01-15 13:45:03', '2025-01-15 13:45:03'),
(168, 6, 'item', '48bd08f17021d93143b9e23da1b8d482.jpg', 'application/octet-stream', 35356, 'local', '2025-01-15 13:45:40', '2025-01-15 13:45:40'),
(169, 6, 'item', '65c0f3d39db30e8ef339297825d771e4.jpg', 'application/octet-stream', 246376, 'local', '2025-01-15 13:46:21', '2025-01-15 13:46:21'),
(170, 6, 'item', '9e6db0c29011e317e4caf2eba5b7d688.png', 'application/octet-stream', 112063, 'local', '2025-01-15 13:47:31', '2025-01-15 13:47:31'),
(171, 6, 'item', '3ce12c5d587625cd4c33da5090006016.jpg', 'application/octet-stream', 103669, 'local', '2025-01-15 13:48:10', '2025-01-15 13:48:10'),
(172, 6, 'item', 'a98b04ffc47127d90221214f60fdf23e.jpg', 'application/octet-stream', 49733, 'local', '2025-01-15 13:48:44', '2025-01-15 13:48:44'),
(173, 6, 'item', '7f8ece02f19f04a88720f760714634fe.png', 'application/octet-stream', 674999, 'local', '2025-01-15 13:49:47', '2025-01-15 13:49:47'),
(174, 6, 'item', '90b082fb6a9a02ab047a61db818d8357.png', 'application/octet-stream', 245079, 'local', '2025-01-15 13:50:23', '2025-01-15 13:50:23'),
(175, 6, 'item', '585b10d78ccf9503141418bd6c1f2315.jpg', 'application/octet-stream', 122833, 'local', '2025-01-15 13:52:19', '2025-01-15 13:52:19'),
(176, 6, 'item', '6e77c42391dc0ff16fa5290a33ae5a2f.jpg', 'application/octet-stream', 73168, 'local', '2025-01-15 13:53:10', '2025-01-15 13:53:10'),
(177, 6, 'item', 'b6bcbd8815ec0cc114f1f6d3aa657491.png', 'application/octet-stream', 422440, 'local', '2025-01-15 13:54:01', '2025-01-15 13:54:01'),
(178, 6, 'item', '1551637d1e002ecafc48ae4724f4df8f.jpg', 'application/octet-stream', 32490, 'local', '2025-01-15 13:54:53', '2025-01-15 13:54:53'),
(179, 6, 'item', '948cf33400d4f9de5f16d2f3671462cc.png', 'application/octet-stream', 674999, 'local', '2025-01-15 13:55:43', '2025-01-15 13:55:43'),
(180, 6, 'item', '2db313ff64ed81dfe8a43bc743a05d91.jpg', 'application/octet-stream', 25903, 'local', '2025-01-15 13:56:26', '2025-01-15 13:56:26'),
(181, 6, 'item', 'f864e2faecf9288c32e1e0330468a4d2.jpg', 'application/octet-stream', 142452, 'local', '2025-01-15 13:57:47', '2025-01-15 13:57:47'),
(182, 6, 'item', 'a91d9a2b06a27138d6a91491018c1942.png', 'application/octet-stream', 328068, 'local', '2025-01-15 13:59:17', '2025-01-15 13:59:17'),
(183, 6, 'item', '404a9d7825ce31d887c1fc4c750eaf20.png', 'application/octet-stream', 237766, 'local', '2025-01-15 13:59:48', '2025-01-15 13:59:48'),
(184, 6, 'item', 'e98ecd636aad22b8646d30cd146569f9.png', 'application/octet-stream', 281178, 'local', '2025-01-15 14:00:24', '2025-01-15 14:00:24'),
(185, 6, 'item', '3a11803f255d95a96fd1030ab63aa8fa.png', 'application/octet-stream', 209390, 'local', '2025-01-15 14:01:02', '2025-01-15 14:01:02'),
(186, 6, 'item', '6a87117839c38e8c5da3a60b9f7d0699.jpg', 'application/octet-stream', 1113397, 'local', '2025-01-15 14:01:46', '2025-01-15 14:01:46'),
(187, 6, 'item', '69288c71dbda1a26292d7ab3ef583ed4.jpg', 'application/octet-stream', 29797, 'local', '2025-01-15 14:02:13', '2025-01-15 14:02:13'),
(188, 6, 'item', '64a48a01f2956c901b1a84f461853b4c.jpg', 'application/octet-stream', 78130, 'local', '2025-01-15 14:02:54', '2025-01-15 14:02:54'),
(189, 6, 'item', '910cefd5a280b29f728871ab8aa823a5.jpg', 'application/octet-stream', 30585, 'local', '2025-01-15 14:03:29', '2025-01-15 14:03:29'),
(190, 6, 'item', '6af98c3b912566b3d7f9b56c128c84cf.jpg', 'application/octet-stream', 138224, 'local', '2025-01-15 14:04:31', '2025-01-15 14:04:31'),
(191, 6, 'item', '254dedd9f342f85037b21f8b12e88597.jpg', 'application/octet-stream', 451062, 'local', '2025-01-15 14:05:05', '2025-01-15 14:05:05'),
(192, 6, 'item', 'd03b9537be397cc7197ffe38fb84536e.png', 'application/octet-stream', 199939, 'local', '2025-01-15 14:05:36', '2025-01-15 14:05:36'),
(193, 6, 'item', '56912ddd7a4d3c770c7debf51703bd6f.jpg', 'application/octet-stream', 68287, 'local', '2025-01-15 14:06:43', '2025-01-15 14:06:43'),
(194, 6, 'item', '9200fc6d87c57f2c5b98b2bef977ca29.jpg', 'application/octet-stream', 77001, 'local', '2025-01-15 14:07:24', '2025-01-15 14:07:24'),
(195, 6, 'item', 'a8f89b79743aa1a8e0bb3d1bd1f7d0de.jpg', 'application/octet-stream', 52639, 'local', '2025-01-15 14:07:58', '2025-01-15 14:07:58'),
(196, 6, 'item', '53b75bcf641b8663c8ecc9d7c071b07b.jpg', 'application/octet-stream', 56452, 'local', '2025-01-15 14:08:49', '2025-01-15 14:08:49'),
(197, 6, 'item', '1bde643cc8a6aba27c5c088db99fbbbe.png', 'application/octet-stream', 451776, 'local', '2025-01-15 14:09:20', '2025-01-15 14:09:20'),
(198, 6, 'item', 'e303eebe87aaeae0fcabbc25a295435e.jpg', 'application/octet-stream', 113275, 'local', '2025-01-15 14:09:49', '2025-01-15 14:09:49'),
(199, 2, 'item', '05a6d0c8e2e1fb1c0a26a55c166ff7a5.webp', 'image/webp', 67722, 'local', '2025-01-17 10:24:49', '2025-01-17 10:24:49'),
(200, 6, 'item', '70af4e79fa7735ca103ec49387941bed.jpg', 'image/jpeg', 113275, 'local', '2025-01-17 10:25:35', '2025-01-17 10:25:35'),
(201, 2, 'item', '3bdea01d8d6babddd2e9dbaf1c91ab43.webp', 'image/webp', 144106, 'local', '2025-01-17 10:25:59', '2025-01-17 10:25:59'),
(202, 6, 'item', '2d0704c3665b49c3f850c3078576caca.png', 'image/png', 451776, 'local', '2025-01-17 10:26:10', '2025-01-17 10:26:10'),
(203, 6, 'item', 'f505caab3e23ebd121ce8aff1d14a6ef.jpg', 'image/jpeg', 56452, 'local', '2025-01-17 10:26:30', '2025-01-17 10:26:30'),
(204, 6, 'item', '00b6ea30e8636dc583caf1af3095d6e5.jpg', 'image/jpeg', 52639, 'local', '2025-01-17 10:26:52', '2025-01-17 10:26:52'),
(205, 6, 'item', 'a8e7b3d42c562ce82e03dbe5aba8eddf.jpg', 'image/jpeg', 77001, 'local', '2025-01-17 10:27:19', '2025-01-17 10:27:19'),
(206, 6, 'item', '74b33fd21ea79e0623f256b7805c1922.jpg', 'image/jpeg', 68287, 'local', '2025-01-17 10:27:55', '2025-01-17 10:27:55'),
(207, 6, 'item', '3da1b1a9658308dd472d11ff7db2bf52.jpg', 'image/jpeg', 35773, 'local', '2025-01-17 10:28:17', '2025-01-17 10:28:17'),
(208, 6, 'item', '3ea6fac85c24dc3469de493cd3de43a8.jpg', 'image/jpeg', 451062, 'local', '2025-01-17 10:28:46', '2025-01-17 10:28:46'),
(209, 6, 'item', 'a20ae4c9da32866ff0c999d7eff6bac4.jpg', 'image/jpeg', 138224, 'local', '2025-01-17 10:29:17', '2025-01-17 10:29:17'),
(210, 6, 'item', 'deb62d8d08685bc80b80586814de3ace.jpg', 'image/jpeg', 30585, 'local', '2025-01-17 10:29:41', '2025-01-17 10:29:41'),
(211, 6, 'item', 'bd82052b31c247401bd28a4ea0843363.jpg', 'image/jpeg', 78130, 'local', '2025-01-17 10:30:46', '2025-01-17 10:30:46'),
(212, 6, 'item', 'c1196046f9cbe52efb09f536f0c810e2.jpg', 'image/jpeg', 29797, 'local', '2025-01-17 10:31:05', '2025-01-17 10:31:05'),
(213, 6, 'item', 'ce12cfdbf8d65e79e8661969ac0efaeb.jpg', 'image/jpeg', 1113397, 'local', '2025-01-17 10:31:23', '2025-01-17 10:31:23'),
(214, 6, 'item', '25190ded35b4a94a88fb875685ba09a5.png', 'image/png', 209390, 'local', '2025-01-17 10:32:03', '2025-01-17 10:32:03'),
(215, 6, 'item', 'f9715bd797c3e1977938fa11be619951.png', 'image/png', 281178, 'local', '2025-01-17 10:32:13', '2025-01-17 10:32:13'),
(216, 6, 'item', '8297526202518b864123a59fa13c9dbf.png', 'image/png', 237766, 'local', '2025-01-17 10:32:27', '2025-01-17 10:32:27'),
(217, 6, 'item', 'bf4fd7ac3eaeb90914ec8dac14104875.png', 'image/png', 328068, 'local', '2025-01-17 10:32:44', '2025-01-17 10:32:44'),
(218, 6, 'item', '61c2d3c1699e9b212bec7fce517db53d.jpg', 'image/jpeg', 142452, 'local', '2025-01-17 10:33:08', '2025-01-17 10:33:08'),
(219, 6, 'item', '7d81f4f3205e9930cdd8715682d73dc2.jpg', 'image/jpeg', 25903, 'local', '2025-01-17 10:33:21', '2025-01-17 10:33:21'),
(220, 6, 'item', '120836bcd136583060f6d0d99453abd8.png', 'image/png', 674999, 'local', '2025-01-17 10:33:34', '2025-01-17 10:33:34'),
(221, 6, 'item', '7a55f584f5a34572a3279adce2a35b7c.jpg', 'image/jpeg', 32490, 'local', '2025-01-17 10:33:51', '2025-01-17 10:33:51'),
(222, 6, 'item', '54b808a23da573097004765c729dc39a.png', 'image/png', 422440, 'local', '2025-01-17 10:34:03', '2025-01-17 10:34:03'),
(223, 6, 'item', '3f65b260ce37f9690e3fa8be396491fe.jpg', 'image/jpeg', 73168, 'local', '2025-01-17 10:34:22', '2025-01-17 10:34:22'),
(224, 6, 'item', 'c0171b538c6376b813218a84c6c7efde.jpg', 'image/jpeg', 122833, 'local', '2025-01-17 10:34:34', '2025-01-17 10:34:34'),
(225, 6, 'item', '499dfb2fe80d5e2d2e8857fafe1ea867.png', 'image/png', 245079, 'local', '2025-01-17 10:34:46', '2025-01-17 10:34:46'),
(226, 6, 'item', 'ad6534c4cb5cc97f2d63d7443d997dd4.jpg', 'image/jpeg', 123299, 'local', '2025-01-17 10:35:09', '2025-01-17 10:35:09'),
(227, 6, 'item', 'abeec0298b5f2106319e6709e25fbbc7.jpg', 'image/jpeg', 49733, 'local', '2025-01-17 10:35:27', '2025-01-17 10:35:27'),
(228, 6, 'item', '1d74110dee55e078484a76ac79b47910.png', 'image/png', 112063, 'local', '2025-01-17 10:35:42', '2025-01-17 10:35:42'),
(229, 2, 'item', '1151b336f7d38808f59e474a16a67170.webp', 'image/webp', 144106, 'local', '2025-01-17 10:48:59', '2025-01-17 10:48:59'),
(230, 6, 'item', 'c374590bf52be31c0584ef1cdd27ea47.png', 'image/png', 182246, 'local', '2025-01-17 10:49:01', '2025-01-17 10:49:01'),
(231, 6, 'item', 'c7776fad8ebbbf005829cd4aedb69d1a.png', 'image/png', 189184, 'local', '2025-01-17 10:52:03', '2025-01-17 10:52:03'),
(232, 6, 'item', 'f507df375ded4fc8336a60bd31ee5c90.png', 'image/png', 509253, 'local', '2025-01-17 10:54:56', '2025-01-17 10:54:56'),
(233, 6, 'item', '1b7ef3f3f5e71f9f3a1d532ed499f45c.png', 'image/png', 243097, 'local', '2025-01-17 11:03:53', '2025-01-17 11:03:53'),
(234, 6, 'item', '911a1d2c6a78e9ac5bc47bc0ef5b8889.png', 'image/png', 412812, 'local', '2025-01-17 11:04:05', '2025-01-17 11:04:05'),
(235, 6, 'item', 'da94c83ecbf90f8b97ec66e260ad97f0.png', 'image/png', 345572, 'local', '2025-01-17 11:06:08', '2025-01-17 11:06:08'),
(236, 6, 'item', '0a50116a5a7944562b09a2b734d17f3f.png', 'image/png', 215549, 'local', '2025-01-17 11:06:25', '2025-01-17 11:06:25'),
(237, 2, 'item', '0e81cbc14e4cfcc8049ed0a8cbe9d68d.webp', 'image/webp', 144106, 'local', '2025-01-17 11:08:16', '2025-01-17 11:08:16'),
(238, 2, 'item', 'eaa60843e262f7093a187c1475bfed1b.jpg', 'image/jpeg', 113352, 'local', '2025-01-17 13:14:21', '2025-01-17 13:14:21'),
(240, 6, 'qrcodes', 'qrcode-7-M01.png', 'image/png', 5070, 'local', '2025-01-20 16:59:34', '2025-01-20 16:59:34'),
(241, 6, 'qrcodes', 'qrcode-7-M01-30.png', 'image/png', 5458, 'local', '2025-01-21 03:42:46', '2025-01-21 03:42:46'),
(242, 6, 'qrcodes', 'qrcode-7-M 01.png', 'image/png', 5036, 'local', '2025-01-21 03:49:10', '2025-01-21 03:49:10'),
(243, 6, 'qrcodes', 'qrcode-7-M 01.png', 'image/png', 4998, 'local', '2025-01-21 03:52:29', '2025-01-21 03:52:29'),
(244, 6, 'qrcodes', 'qrcode-7-M 02.png', 'image/png', 5273, 'local', '2025-01-21 03:52:39', '2025-01-21 03:52:39'),
(245, 6, 'qrcodes', 'qrcode-7-M 03.png', 'image/png', 5256, 'local', '2025-01-21 03:52:50', '2025-01-21 03:52:50'),
(246, 6, 'qrcodes', 'qrcode-7-M 04.png', 'image/png', 5211, 'local', '2025-01-21 03:53:05', '2025-01-21 03:53:05'),
(247, 6, 'qrcodes', 'qrcode-7-M 05.png', 'image/png', 5244, 'local', '2025-01-21 03:53:14', '2025-01-21 03:53:14'),
(248, 6, 'qrcodes', 'qrcode-7-M 06.png', 'image/png', 5319, 'local', '2025-01-21 03:53:23', '2025-01-21 03:53:23'),
(249, 6, 'qrcodes', 'qrcode-7-M 07.png', 'image/png', 5126, 'local', '2025-01-21 03:53:33', '2025-01-21 03:53:33'),
(250, 6, 'qrcodes', 'qrcode-7-08.png', 'image/png', 4955, 'local', '2025-01-21 03:53:52', '2025-01-21 03:53:52'),
(251, 6, 'qrcodes', 'qrcode-7-01.png', 'image/png', 4563, 'local', '2025-01-21 03:54:04', '2025-01-21 03:54:04'),
(252, 6, 'qrcodes', 'qrcode-7-02.png', 'image/png', 4828, 'local', '2025-01-21 03:54:12', '2025-01-21 03:54:12'),
(253, 6, 'qrcodes', 'qrcode-7-M 09.png', 'image/png', 5358, 'local', '2025-01-21 14:34:16', '2025-01-21 14:34:16'),
(254, 6, 'qrcodes', 'qrcode-7-M 10.png', 'image/png', 5044, 'local', '2025-01-21 14:34:40', '2025-01-21 14:34:40'),
(255, 6, 'qrcodes', 'qrcode-7-T3.png', 'image/png', 4503, 'local', '2025-01-21 14:35:52', '2025-01-21 14:35:52'),
(256, 6, 'qrcodes', 'qrcode-7-T4.png', 'image/png', 4404, 'local', '2025-01-21 14:36:05', '2025-01-21 14:36:05'),
(257, 6, 'qrcodes', 'qrcode-7-T5.png', 'image/png', 4376, 'local', '2025-01-21 14:36:14', '2025-01-21 14:36:14'),
(258, 6, 'qrcodes', 'qrcode-7-T6.png', 'image/png', 4578, 'local', '2025-01-21 14:36:21', '2025-01-21 14:36:21'),
(259, 6, 'qrcodes', 'qrcode-7-T7.png', 'image/png', 4298, 'local', '2025-01-21 14:36:32', '2025-01-21 14:36:32'),
(260, 6, 'qrcodes', 'qrcode-7-T8.png', 'image/png', 4632, 'local', '2025-01-21 14:36:42', '2025-01-21 14:36:42'),
(261, 6, 'qrcodes', 'qrcode-7-T9.png', 'image/png', 4575, 'local', '2025-01-21 14:36:51', '2025-01-21 14:36:51'),
(262, 6, 'qrcodes', 'qrcode-7-T10.png', 'image/png', 4697, 'local', '2025-01-21 14:37:12', '2025-01-21 14:37:12'),
(263, 6, 'qrcodes', 'qrcode-7-T11.png', 'image/png', 4159, 'local', '2025-01-21 14:37:19', '2025-01-21 14:37:19'),
(264, 6, 'qrcodes', 'qrcode-7-T12.png', 'image/png', 4566, 'local', '2025-01-21 14:37:27', '2025-01-21 14:37:27'),
(265, 6, 'qrcodes', 'qrcode-7-T13.png', 'image/png', 4690, 'local', '2025-01-21 14:37:37', '2025-01-21 14:37:37'),
(266, 6, 'qrcodes', 'qrcode-7-T14.png', 'image/png', 4424, 'local', '2025-01-21 14:37:46', '2025-01-21 14:37:46'),
(267, 6, 'qrcodes', 'qrcode-7-T15.png', 'image/png', 4606, 'local', '2025-01-21 14:37:54', '2025-01-21 14:37:54'),
(268, 6, 'qrcodes', 'qrcode-7-T16.png', 'image/png', 4740, 'local', '2025-01-21 14:38:02', '2025-01-21 14:38:02'),
(269, 6, 'qrcodes', 'qrcode-7-T17.png', 'image/png', 4372, 'local', '2025-01-21 14:38:09', '2025-01-21 14:38:09'),
(270, 6, 'qrcodes', 'qrcode-7-T18.png', 'image/png', 4695, 'local', '2025-01-21 14:38:17', '2025-01-21 14:38:17'),
(271, 6, 'qrcodes', 'qrcode-7-T19.png', 'image/png', 4683, 'local', '2025-01-21 14:38:24', '2025-01-21 14:38:24'),
(272, 6, 'qrcodes', 'qrcode-7-T20.png', 'image/png', 4816, 'local', '2025-01-21 14:38:33', '2025-01-21 14:38:33'),
(273, 6, 'qrcodes', 'qrcode-7-VIP AREA.png', 'image/png', 5505, 'local', '2025-01-21 14:42:20', '2025-01-21 14:42:20'),
(274, 2, 'qrcodes', 'qrcode-3-01.png', 'image/png', 4575, 'local', '2025-01-21 15:36:59', '2025-01-21 15:36:59'),
(275, 2, 'qrcodes', 'qrcode-3-02.png', 'image/png', 4873, 'local', '2025-01-21 15:37:10', '2025-01-21 15:37:10'),
(276, 2, 'qrcodes', 'qrcode-3-03.png', 'image/png', 4968, 'local', '2025-01-21 15:37:19', '2025-01-21 15:37:19'),
(277, 2, 'qrcodes', 'qrcode-3-04.png', 'image/png', 4822, 'local', '2025-01-21 15:37:29', '2025-01-21 15:37:29'),
(278, 2, 'qrcodes', 'qrcode-3-l01.png', 'image/png', 4617, 'local', '2025-01-21 17:50:31', '2025-01-21 17:50:31'),
(279, 2, 'qrcodes', 'qrcode-3-l02.png', 'image/png', 4832, 'local', '2025-01-21 17:50:31', '2025-01-21 17:50:31'),
(280, 2, 'qrcodes', 'qrcode-3-l03.png', 'image/png', 4937, 'local', '2025-01-21 17:50:31', '2025-01-21 17:50:31'),
(281, 2, 'qrcodes', 'qrcode-3-l04.png', 'image/png', 4734, 'local', '2025-01-21 17:50:31', '2025-01-21 17:50:31'),
(282, 2, 'qrcodes', 'qrcode-3-l05.png', 'image/png', 4831, 'local', '2025-01-21 17:50:31', '2025-01-21 17:50:31'),
(283, 2, 'qrcodes', 'qrcode-3-l06.png', 'image/png', 5029, 'local', '2025-01-21 17:50:31', '2025-01-21 17:50:31'),
(284, 2, 'qrcodes', 'qrcode-3-g01.png', 'image/png', 5185, 'local', '2025-01-21 17:50:31', '2025-01-21 17:50:31'),
(285, 2, 'qrcodes', 'qrcode-3-g02.png', 'image/png', 5360, 'local', '2025-01-21 17:50:31', '2025-01-21 17:50:31'),
(286, 2, 'qrcodes', 'qrcode-3-g03.png', 'image/png', 5493, 'local', '2025-01-21 17:50:31', '2025-01-21 17:50:31'),
(287, 2, 'qrcodes', 'qrcode-3-g04.png', 'image/png', 5253, 'local', '2025-01-21 17:50:31', '2025-01-21 17:50:31'),
(288, 2, 'qrcodes', 'qrcode-3-g05.png', 'image/png', 5406, 'local', '2025-01-21 17:50:31', '2025-01-21 17:50:31'),
(289, 2, 'qrcodes', 'qrcode-3-g06.png', 'image/png', 5517, 'local', '2025-01-21 17:50:32', '2025-01-21 17:50:32'),
(290, 2, 'qrcodes', 'qrcode-3-g07.png', 'image/png', 5261, 'local', '2025-01-21 17:50:32', '2025-01-21 17:50:32'),
(291, 2, 'qrcodes', 'qrcode-3-g08.png', 'image/png', 5489, 'local', '2025-01-21 17:50:32', '2025-01-21 17:50:32'),
(292, 2, 'qrcodes', 'qrcode-3-r01.png', 'image/png', 4732, 'local', '2025-01-21 17:50:32', '2025-01-21 17:50:32'),
(293, 2, 'qrcodes', 'qrcode-3-r02.png', 'image/png', 4967, 'local', '2025-01-21 17:50:32', '2025-01-21 17:50:32'),
(294, 2, 'qrcodes', 'qrcode-3-r03.png', 'image/png', 5038, 'local', '2025-01-21 17:50:32', '2025-01-21 17:50:32'),
(295, 2, 'qrcodes', 'qrcode-3-r04.png', 'image/png', 4938, 'local', '2025-01-21 17:50:32', '2025-01-21 17:50:32'),
(296, 2, 'qrcodes', 'qrcode-3-r05.png', 'image/png', 4947, 'local', '2025-01-21 17:50:32', '2025-01-21 17:50:32'),
(297, 2, 'qrcodes', 'qrcode-3-r06.png', 'image/png', 5075, 'local', '2025-01-21 17:50:32', '2025-01-21 17:50:32'),
(298, 2, 'qrcodes', 'qrcode-3-r07.png', 'image/png', 4842, 'local', '2025-01-21 17:50:32', '2025-01-21 17:50:32'),
(299, 2, 'qrcodes', 'qrcode-3-l07.png', 'image/png', 4747, 'local', '2025-01-21 17:50:32', '2025-01-21 17:50:32'),
(300, 2, 'qrcodes', 'qrcode-3-r08.png', 'image/png', 5055, 'local', '2025-01-21 17:50:32', '2025-01-21 17:50:32'),
(301, 2, 'qrcodes', 'qrcode-3-r09.png', 'image/png', 5012, 'local', '2025-01-21 17:50:32', '2025-01-21 17:50:32'),
(302, 2, 'qrcodes', 'qrcode-3-l08.png', 'image/png', 4960, 'local', '2025-01-21 17:50:32', '2025-01-21 17:50:32'),
(303, 6, 'qrcodes', 'qrcode-7-m1.png', 'image/png', 4393, 'local', '2025-01-21 17:50:32', '2025-01-21 17:50:32'),
(304, 6, 'qrcodes', 'qrcode-7-m2.png', 'image/png', 4665, 'local', '2025-01-21 17:50:32', '2025-01-21 17:50:32'),
(305, 6, 'qrcodes', 'qrcode-7-m3.png', 'image/png', 4711, 'local', '2025-01-21 17:50:32', '2025-01-21 17:50:32'),
(306, 6, 'qrcodes', 'qrcode-7-m4.png', 'image/png', 4550, 'local', '2025-01-21 17:50:32', '2025-01-21 17:50:32'),
(307, 6, 'qrcodes', 'qrcode-7-m5.png', 'image/png', 4664, 'local', '2025-01-21 17:50:32', '2025-01-21 17:50:32'),
(308, 6, 'qrcodes', 'qrcode-7-m6.png', 'image/png', 4774, 'local', '2025-01-21 17:50:32', '2025-01-21 17:50:32'),
(309, 6, 'qrcodes', 'qrcode-7-m7.png', 'image/png', 4508, 'local', '2025-01-21 17:50:33', '2025-01-21 17:50:33'),
(310, 6, 'qrcodes', 'qrcode-7-m8.png', 'image/png', 4813, 'local', '2025-01-21 17:50:33', '2025-01-21 17:50:33'),
(311, 6, 'qrcodes', 'qrcode-7-t1.png', 'image/png', 4290, 'local', '2025-01-21 17:50:33', '2025-01-21 17:50:33'),
(312, 6, 'qrcodes', 'qrcode-7-t2.png', 'image/png', 4597, 'local', '2025-01-21 17:50:33', '2025-01-21 17:50:33'),
(313, 6, 'qrcodes', 'qrcode-7-m9.png', 'image/png', 4846, 'local', '2025-01-21 17:50:33', '2025-01-21 17:50:33'),
(314, 6, 'qrcodes', 'qrcode-7-m10.png', 'image/png', 4903, 'local', '2025-01-21 17:50:33', '2025-01-21 17:50:33'),
(315, 6, 'qrcodes', 'qrcode-7-t3.png', 'image/png', 4583, 'local', '2025-01-21 17:50:33', '2025-01-21 17:50:33'),
(316, 6, 'qrcodes', 'qrcode-7-t4.png', 'image/png', 4544, 'local', '2025-01-21 17:50:33', '2025-01-21 17:50:33'),
(317, 6, 'qrcodes', 'qrcode-7-t5.png', 'image/png', 4535, 'local', '2025-01-21 17:50:33', '2025-01-21 17:50:33'),
(318, 6, 'qrcodes', 'qrcode-7-t6.png', 'image/png', 4637, 'local', '2025-01-21 17:50:33', '2025-01-21 17:50:33'),
(319, 6, 'qrcodes', 'qrcode-7-t7.png', 'image/png', 4422, 'local', '2025-01-21 17:50:33', '2025-01-21 17:50:33'),
(320, 6, 'qrcodes', 'qrcode-7-t8.png', 'image/png', 4689, 'local', '2025-01-21 17:50:33', '2025-01-21 17:50:33'),
(321, 6, 'qrcodes', 'qrcode-7-t9.png', 'image/png', 4706, 'local', '2025-01-21 17:50:33', '2025-01-21 17:50:33'),
(322, 6, 'qrcodes', 'qrcode-7-t10.png', 'image/png', 4833, 'local', '2025-01-21 17:50:33', '2025-01-21 17:50:33'),
(323, 6, 'qrcodes', 'qrcode-7-t11.png', 'image/png', 4361, 'local', '2025-01-21 17:50:33', '2025-01-21 17:50:33'),
(324, 6, 'qrcodes', 'qrcode-7-t12.png', 'image/png', 4755, 'local', '2025-01-21 17:50:33', '2025-01-21 17:50:33'),
(325, 6, 'qrcodes', 'qrcode-7-t13.png', 'image/png', 4809, 'local', '2025-01-21 17:50:33', '2025-01-21 17:50:33'),
(326, 6, 'qrcodes', 'qrcode-7-t14.png', 'image/png', 4609, 'local', '2025-01-21 17:50:33', '2025-01-21 17:50:33'),
(327, 6, 'qrcodes', 'qrcode-7-t15.png', 'image/png', 4729, 'local', '2025-01-21 17:50:33', '2025-01-21 17:50:33'),
(328, 6, 'qrcodes', 'qrcode-7-t16.png', 'image/png', 4865, 'local', '2025-01-21 17:50:33', '2025-01-21 17:50:33'),
(329, 6, 'qrcodes', 'qrcode-7-t17.png', 'image/png', 4508, 'local', '2025-01-21 17:50:33', '2025-01-21 17:50:33'),
(330, 6, 'qrcodes', 'qrcode-7-t18.png', 'image/png', 4727, 'local', '2025-01-21 17:50:33', '2025-01-21 17:50:33'),
(331, 6, 'qrcodes', 'qrcode-7-t19.png', 'image/png', 4820, 'local', '2025-01-21 17:50:34', '2025-01-21 17:50:34'),
(332, 6, 'qrcodes', 'qrcode-7-t20.png', 'image/png', 4966, 'local', '2025-01-21 17:50:34', '2025-01-21 17:50:34'),
(333, 6, 'qrcodes', 'qrcode-7-vip-area.png', 'image/png', 4795, 'local', '2025-01-21 17:50:34', '2025-01-21 17:50:34'),
(334, 2, 'qrcodes', 'qrcode-3-01.png', 'image/png', 4575, 'local', '2025-01-21 17:50:34', '2025-01-21 17:50:34'),
(335, 2, 'qrcodes', 'qrcode-3-02.png', 'image/png', 4873, 'local', '2025-01-21 17:50:34', '2025-01-21 17:50:34'),
(336, 2, 'qrcodes', 'qrcode-3-03.png', 'image/png', 4968, 'local', '2025-01-21 17:50:34', '2025-01-21 17:50:34'),
(337, 2, 'qrcodes', 'qrcode-3-04.png', 'image/png', 4822, 'local', '2025-01-21 17:50:34', '2025-01-21 17:50:34'),
(338, 1, 'qrcodes', 'qrcode-branch-1-1.png', 'image/png', 2064, 'local', '2025-01-21 17:50:34', '2025-01-21 17:50:34'),
(339, 1, 'qrcodes', 'qrcode-branch-2-1.png', 'image/png', 2060, 'local', '2025-01-21 17:50:34', '2025-01-21 17:50:34'),
(340, 2, 'qrcodes', 'qrcode-branch-3-2.png', 'image/png', 2071, 'local', '2025-01-21 17:50:34', '2025-01-21 17:50:34'),
(341, 6, 'qrcodes', 'qrcode-branch-7-6.png', 'image/png', 2057, 'local', '2025-01-21 17:50:34', '2025-01-21 17:50:34'),
(342, 2, 'item', '590159e183f30f227d97c21978ec7abc.webp', 'image/webp', 114836, 'local', '2025-01-21 17:55:36', '2025-01-21 17:55:36'),
(343, 2, 'qrcodes', 'qrcode-3-l01.png', 'image/png', 4617, 'local', '2025-01-27 18:00:13', '2025-01-27 18:00:13'),
(344, 2, 'qrcodes', 'qrcode-3-l02.png', 'image/png', 4832, 'local', '2025-01-27 18:00:13', '2025-01-27 18:00:13'),
(345, 2, 'qrcodes', 'qrcode-3-l03.png', 'image/png', 4937, 'local', '2025-01-27 18:00:13', '2025-01-27 18:00:13'),
(346, 2, 'qrcodes', 'qrcode-3-l04.png', 'image/png', 4734, 'local', '2025-01-27 18:00:13', '2025-01-27 18:00:13'),
(347, 2, 'qrcodes', 'qrcode-3-l05.png', 'image/png', 4831, 'local', '2025-01-27 18:00:13', '2025-01-27 18:00:13'),
(348, 2, 'qrcodes', 'qrcode-3-l06.png', 'image/png', 5029, 'local', '2025-01-27 18:00:13', '2025-01-27 18:00:13'),
(349, 2, 'qrcodes', 'qrcode-3-g01.png', 'image/png', 5185, 'local', '2025-01-27 18:00:13', '2025-01-27 18:00:13'),
(350, 2, 'qrcodes', 'qrcode-3-g02.png', 'image/png', 5360, 'local', '2025-01-27 18:00:13', '2025-01-27 18:00:13'),
(351, 2, 'qrcodes', 'qrcode-3-g03.png', 'image/png', 5493, 'local', '2025-01-27 18:00:13', '2025-01-27 18:00:13'),
(352, 2, 'qrcodes', 'qrcode-3-g04.png', 'image/png', 5253, 'local', '2025-01-27 18:00:14', '2025-01-27 18:00:14'),
(353, 2, 'qrcodes', 'qrcode-3-g05.png', 'image/png', 5406, 'local', '2025-01-27 18:00:14', '2025-01-27 18:00:14'),
(354, 2, 'qrcodes', 'qrcode-3-g06.png', 'image/png', 5517, 'local', '2025-01-27 18:00:14', '2025-01-27 18:00:14'),
(355, 2, 'qrcodes', 'qrcode-3-g07.png', 'image/png', 5261, 'local', '2025-01-27 18:00:14', '2025-01-27 18:00:14'),
(356, 2, 'qrcodes', 'qrcode-3-g08.png', 'image/png', 5489, 'local', '2025-01-27 18:00:14', '2025-01-27 18:00:14'),
(357, 2, 'qrcodes', 'qrcode-3-r01.png', 'image/png', 4732, 'local', '2025-01-27 18:00:14', '2025-01-27 18:00:14'),
(358, 2, 'qrcodes', 'qrcode-3-r02.png', 'image/png', 4967, 'local', '2025-01-27 18:00:14', '2025-01-27 18:00:14'),
(359, 2, 'qrcodes', 'qrcode-3-r03.png', 'image/png', 5038, 'local', '2025-01-27 18:00:14', '2025-01-27 18:00:14'),
(360, 2, 'qrcodes', 'qrcode-3-r04.png', 'image/png', 4938, 'local', '2025-01-27 18:00:14', '2025-01-27 18:00:14'),
(361, 2, 'qrcodes', 'qrcode-3-r05.png', 'image/png', 4947, 'local', '2025-01-27 18:00:14', '2025-01-27 18:00:14'),
(362, 2, 'qrcodes', 'qrcode-3-r06.png', 'image/png', 5075, 'local', '2025-01-27 18:00:14', '2025-01-27 18:00:14'),
(363, 2, 'qrcodes', 'qrcode-3-r07.png', 'image/png', 4842, 'local', '2025-01-27 18:00:14', '2025-01-27 18:00:14'),
(364, 2, 'qrcodes', 'qrcode-3-l07.png', 'image/png', 4747, 'local', '2025-01-27 18:00:14', '2025-01-27 18:00:14'),
(365, 2, 'qrcodes', 'qrcode-3-r08.png', 'image/png', 5055, 'local', '2025-01-27 18:00:14', '2025-01-27 18:00:14'),
(366, 2, 'qrcodes', 'qrcode-3-r09.png', 'image/png', 5012, 'local', '2025-01-27 18:00:14', '2025-01-27 18:00:14'),
(367, 2, 'qrcodes', 'qrcode-3-l08.png', 'image/png', 4960, 'local', '2025-01-27 18:00:15', '2025-01-27 18:00:15'),
(368, 6, 'qrcodes', 'qrcode-7-m1.png', 'image/png', 4393, 'local', '2025-01-27 18:00:15', '2025-01-27 18:00:15'),
(369, 6, 'qrcodes', 'qrcode-7-m2.png', 'image/png', 4665, 'local', '2025-01-27 18:00:15', '2025-01-27 18:00:15'),
(370, 6, 'qrcodes', 'qrcode-7-m3.png', 'image/png', 4711, 'local', '2025-01-27 18:00:15', '2025-01-27 18:00:15'),
(371, 6, 'qrcodes', 'qrcode-7-m4.png', 'image/png', 4550, 'local', '2025-01-27 18:00:15', '2025-01-27 18:00:15'),
(372, 6, 'qrcodes', 'qrcode-7-m5.png', 'image/png', 4664, 'local', '2025-01-27 18:00:15', '2025-01-27 18:00:15'),
(373, 6, 'qrcodes', 'qrcode-7-m6.png', 'image/png', 4774, 'local', '2025-01-27 18:00:15', '2025-01-27 18:00:15'),
(374, 6, 'qrcodes', 'qrcode-7-m7.png', 'image/png', 4508, 'local', '2025-01-27 18:00:15', '2025-01-27 18:00:15'),
(375, 6, 'qrcodes', 'qrcode-7-m8.png', 'image/png', 4813, 'local', '2025-01-27 18:00:15', '2025-01-27 18:00:15'),
(376, 6, 'qrcodes', 'qrcode-7-t1.png', 'image/png', 4290, 'local', '2025-01-27 18:00:15', '2025-01-27 18:00:15'),
(377, 6, 'qrcodes', 'qrcode-7-t2.png', 'image/png', 4597, 'local', '2025-01-27 18:00:15', '2025-01-27 18:00:15'),
(378, 6, 'qrcodes', 'qrcode-7-m9.png', 'image/png', 4846, 'local', '2025-01-27 18:00:15', '2025-01-27 18:00:15'),
(379, 6, 'qrcodes', 'qrcode-7-m10.png', 'image/png', 4903, 'local', '2025-01-27 18:00:15', '2025-01-27 18:00:15'),
(380, 6, 'qrcodes', 'qrcode-7-t3.png', 'image/png', 4583, 'local', '2025-01-27 18:00:15', '2025-01-27 18:00:15'),
(381, 6, 'qrcodes', 'qrcode-7-t4.png', 'image/png', 4544, 'local', '2025-01-27 18:00:15', '2025-01-27 18:00:15'),
(382, 6, 'qrcodes', 'qrcode-7-t5.png', 'image/png', 4535, 'local', '2025-01-27 18:00:15', '2025-01-27 18:00:15'),
(383, 6, 'qrcodes', 'qrcode-7-t6.png', 'image/png', 4637, 'local', '2025-01-27 18:00:15', '2025-01-27 18:00:15'),
(384, 6, 'qrcodes', 'qrcode-7-t7.png', 'image/png', 4422, 'local', '2025-01-27 18:00:16', '2025-01-27 18:00:16'),
(385, 6, 'qrcodes', 'qrcode-7-t8.png', 'image/png', 4689, 'local', '2025-01-27 18:00:16', '2025-01-27 18:00:16'),
(386, 6, 'qrcodes', 'qrcode-7-t9.png', 'image/png', 4706, 'local', '2025-01-27 18:00:16', '2025-01-27 18:00:16');
INSERT INTO `file_storage` (`id`, `restaurant_id`, `path`, `filename`, `type`, `size`, `storage_location`, `created_at`, `updated_at`) VALUES
(387, 6, 'qrcodes', 'qrcode-7-t10.png', 'image/png', 4833, 'local', '2025-01-27 18:00:16', '2025-01-27 18:00:16'),
(388, 6, 'qrcodes', 'qrcode-7-t11.png', 'image/png', 4361, 'local', '2025-01-27 18:00:16', '2025-01-27 18:00:16'),
(389, 6, 'qrcodes', 'qrcode-7-t12.png', 'image/png', 4755, 'local', '2025-01-27 18:00:16', '2025-01-27 18:00:16'),
(390, 6, 'qrcodes', 'qrcode-7-t13.png', 'image/png', 4809, 'local', '2025-01-27 18:00:16', '2025-01-27 18:00:16'),
(391, 6, 'qrcodes', 'qrcode-7-t14.png', 'image/png', 4609, 'local', '2025-01-27 18:00:16', '2025-01-27 18:00:16'),
(392, 6, 'qrcodes', 'qrcode-7-t15.png', 'image/png', 4729, 'local', '2025-01-27 18:00:16', '2025-01-27 18:00:16'),
(393, 6, 'qrcodes', 'qrcode-7-t16.png', 'image/png', 4865, 'local', '2025-01-27 18:00:16', '2025-01-27 18:00:16'),
(394, 6, 'qrcodes', 'qrcode-7-t17.png', 'image/png', 4508, 'local', '2025-01-27 18:00:16', '2025-01-27 18:00:16'),
(395, 6, 'qrcodes', 'qrcode-7-t18.png', 'image/png', 4727, 'local', '2025-01-27 18:00:16', '2025-01-27 18:00:16'),
(396, 6, 'qrcodes', 'qrcode-7-t19.png', 'image/png', 4820, 'local', '2025-01-27 18:00:16', '2025-01-27 18:00:16'),
(397, 6, 'qrcodes', 'qrcode-7-t20.png', 'image/png', 4966, 'local', '2025-01-27 18:00:16', '2025-01-27 18:00:16'),
(398, 6, 'qrcodes', 'qrcode-7-vip-area.png', 'image/png', 4795, 'local', '2025-01-27 18:00:16', '2025-01-27 18:00:16'),
(399, 2, 'qrcodes', 'qrcode-3-01.png', 'image/png', 4575, 'local', '2025-01-27 18:00:16', '2025-01-27 18:00:16'),
(400, 2, 'qrcodes', 'qrcode-3-02.png', 'image/png', 4873, 'local', '2025-01-27 18:00:17', '2025-01-27 18:00:17'),
(401, 2, 'qrcodes', 'qrcode-3-03.png', 'image/png', 4968, 'local', '2025-01-27 18:00:17', '2025-01-27 18:00:17'),
(402, 2, 'qrcodes', 'qrcode-3-04.png', 'image/png', 4822, 'local', '2025-01-27 18:00:17', '2025-01-27 18:00:17'),
(403, 1, 'qrcodes', 'qrcode-branch-1-1.png', 'image/png', 2064, 'local', '2025-01-27 18:00:17', '2025-01-27 18:00:17'),
(404, 1, 'qrcodes', 'qrcode-branch-2-1.png', 'image/png', 2060, 'local', '2025-01-27 18:00:17', '2025-01-27 18:00:17'),
(405, 2, 'qrcodes', 'qrcode-branch-3-2.png', 'image/png', 2071, 'local', '2025-01-27 18:00:17', '2025-01-27 18:00:17'),
(406, 6, 'qrcodes', 'qrcode-branch-7-6.png', 'image/png', 2057, 'local', '2025-01-27 18:00:17', '2025-01-27 18:00:17'),
(407, 2, 'qrcodes', 'qrcode-3-l01.png', 'image/png', 4617, 'local', '2025-01-27 18:00:17', '2025-01-27 18:00:17'),
(408, 2, 'qrcodes', 'qrcode-3-l02.png', 'image/png', 4832, 'local', '2025-01-27 18:00:17', '2025-01-27 18:00:17'),
(409, 2, 'qrcodes', 'qrcode-3-l03.png', 'image/png', 4937, 'local', '2025-01-27 18:00:17', '2025-01-27 18:00:17'),
(410, 2, 'qrcodes', 'qrcode-3-l04.png', 'image/png', 4734, 'local', '2025-01-27 18:00:17', '2025-01-27 18:00:17'),
(411, 2, 'qrcodes', 'qrcode-3-l05.png', 'image/png', 4831, 'local', '2025-01-27 18:00:18', '2025-01-27 18:00:18'),
(412, 2, 'qrcodes', 'qrcode-3-l06.png', 'image/png', 5029, 'local', '2025-01-27 18:00:18', '2025-01-27 18:00:18'),
(413, 2, 'qrcodes', 'qrcode-3-g01.png', 'image/png', 5185, 'local', '2025-01-27 18:00:18', '2025-01-27 18:00:18'),
(414, 2, 'qrcodes', 'qrcode-3-g02.png', 'image/png', 5360, 'local', '2025-01-27 18:00:18', '2025-01-27 18:00:18'),
(415, 2, 'qrcodes', 'qrcode-3-g03.png', 'image/png', 5493, 'local', '2025-01-27 18:00:18', '2025-01-27 18:00:18'),
(416, 2, 'qrcodes', 'qrcode-3-g04.png', 'image/png', 5253, 'local', '2025-01-27 18:00:18', '2025-01-27 18:00:18'),
(417, 2, 'qrcodes', 'qrcode-3-g05.png', 'image/png', 5406, 'local', '2025-01-27 18:00:18', '2025-01-27 18:00:18'),
(418, 2, 'qrcodes', 'qrcode-3-g06.png', 'image/png', 5517, 'local', '2025-01-27 18:00:18', '2025-01-27 18:00:18'),
(419, 2, 'qrcodes', 'qrcode-3-g07.png', 'image/png', 5261, 'local', '2025-01-27 18:00:18', '2025-01-27 18:00:18'),
(420, 2, 'qrcodes', 'qrcode-3-g08.png', 'image/png', 5489, 'local', '2025-01-27 18:00:18', '2025-01-27 18:00:18'),
(421, 2, 'qrcodes', 'qrcode-3-r01.png', 'image/png', 4732, 'local', '2025-01-27 18:00:18', '2025-01-27 18:00:18'),
(422, 2, 'qrcodes', 'qrcode-3-r02.png', 'image/png', 4967, 'local', '2025-01-27 18:00:18', '2025-01-27 18:00:18'),
(423, 2, 'qrcodes', 'qrcode-3-r03.png', 'image/png', 5038, 'local', '2025-01-27 18:00:18', '2025-01-27 18:00:18'),
(424, 2, 'qrcodes', 'qrcode-3-r04.png', 'image/png', 4938, 'local', '2025-01-27 18:00:18', '2025-01-27 18:00:18'),
(425, 2, 'qrcodes', 'qrcode-3-r05.png', 'image/png', 4947, 'local', '2025-01-27 18:00:18', '2025-01-27 18:00:18'),
(426, 2, 'qrcodes', 'qrcode-3-r06.png', 'image/png', 5075, 'local', '2025-01-27 18:00:18', '2025-01-27 18:00:18'),
(427, 2, 'qrcodes', 'qrcode-3-r07.png', 'image/png', 4842, 'local', '2025-01-27 18:00:18', '2025-01-27 18:00:18'),
(428, 2, 'qrcodes', 'qrcode-3-l07.png', 'image/png', 4747, 'local', '2025-01-27 18:00:18', '2025-01-27 18:00:18'),
(429, 2, 'qrcodes', 'qrcode-3-r08.png', 'image/png', 5055, 'local', '2025-01-27 18:00:19', '2025-01-27 18:00:19'),
(430, 2, 'qrcodes', 'qrcode-3-r09.png', 'image/png', 5012, 'local', '2025-01-27 18:00:19', '2025-01-27 18:00:19'),
(431, 2, 'qrcodes', 'qrcode-3-l08.png', 'image/png', 4960, 'local', '2025-01-27 18:00:19', '2025-01-27 18:00:19'),
(432, 6, 'qrcodes', 'qrcode-7-m1.png', 'image/png', 4393, 'local', '2025-01-27 18:00:19', '2025-01-27 18:00:19'),
(433, 6, 'qrcodes', 'qrcode-7-m2.png', 'image/png', 4665, 'local', '2025-01-27 18:00:19', '2025-01-27 18:00:19'),
(434, 6, 'qrcodes', 'qrcode-7-m3.png', 'image/png', 4711, 'local', '2025-01-27 18:00:19', '2025-01-27 18:00:19'),
(435, 6, 'qrcodes', 'qrcode-7-m4.png', 'image/png', 4550, 'local', '2025-01-27 18:00:19', '2025-01-27 18:00:19'),
(436, 6, 'qrcodes', 'qrcode-7-m5.png', 'image/png', 4664, 'local', '2025-01-27 18:00:19', '2025-01-27 18:00:19'),
(437, 6, 'qrcodes', 'qrcode-7-m6.png', 'image/png', 4774, 'local', '2025-01-27 18:00:19', '2025-01-27 18:00:19'),
(438, 6, 'qrcodes', 'qrcode-7-m7.png', 'image/png', 4508, 'local', '2025-01-27 18:00:19', '2025-01-27 18:00:19'),
(439, 6, 'qrcodes', 'qrcode-7-m8.png', 'image/png', 4813, 'local', '2025-01-27 18:00:19', '2025-01-27 18:00:19'),
(440, 6, 'qrcodes', 'qrcode-7-t1.png', 'image/png', 4290, 'local', '2025-01-27 18:00:19', '2025-01-27 18:00:19'),
(441, 6, 'qrcodes', 'qrcode-7-t2.png', 'image/png', 4597, 'local', '2025-01-27 18:00:19', '2025-01-27 18:00:19'),
(442, 6, 'qrcodes', 'qrcode-7-m9.png', 'image/png', 4846, 'local', '2025-01-27 18:00:19', '2025-01-27 18:00:19'),
(443, 6, 'qrcodes', 'qrcode-7-m10.png', 'image/png', 4903, 'local', '2025-01-27 18:00:19', '2025-01-27 18:00:19'),
(444, 6, 'qrcodes', 'qrcode-7-t3.png', 'image/png', 4583, 'local', '2025-01-27 18:00:19', '2025-01-27 18:00:19'),
(445, 6, 'qrcodes', 'qrcode-7-t4.png', 'image/png', 4544, 'local', '2025-01-27 18:00:19', '2025-01-27 18:00:19'),
(446, 6, 'qrcodes', 'qrcode-7-t5.png', 'image/png', 4535, 'local', '2025-01-27 18:00:19', '2025-01-27 18:00:19'),
(447, 6, 'qrcodes', 'qrcode-7-t6.png', 'image/png', 4637, 'local', '2025-01-27 18:00:20', '2025-01-27 18:00:20'),
(448, 6, 'qrcodes', 'qrcode-7-t7.png', 'image/png', 4422, 'local', '2025-01-27 18:00:20', '2025-01-27 18:00:20'),
(449, 6, 'qrcodes', 'qrcode-7-t8.png', 'image/png', 4689, 'local', '2025-01-27 18:00:20', '2025-01-27 18:00:20'),
(450, 6, 'qrcodes', 'qrcode-7-t9.png', 'image/png', 4706, 'local', '2025-01-27 18:00:20', '2025-01-27 18:00:20'),
(451, 6, 'qrcodes', 'qrcode-7-t10.png', 'image/png', 4833, 'local', '2025-01-27 18:00:20', '2025-01-27 18:00:20'),
(452, 6, 'qrcodes', 'qrcode-7-t11.png', 'image/png', 4361, 'local', '2025-01-27 18:00:20', '2025-01-27 18:00:20'),
(453, 6, 'qrcodes', 'qrcode-7-t12.png', 'image/png', 4755, 'local', '2025-01-27 18:00:20', '2025-01-27 18:00:20'),
(454, 6, 'qrcodes', 'qrcode-7-t13.png', 'image/png', 4809, 'local', '2025-01-27 18:00:20', '2025-01-27 18:00:20'),
(455, 6, 'qrcodes', 'qrcode-7-t14.png', 'image/png', 4609, 'local', '2025-01-27 18:00:20', '2025-01-27 18:00:20'),
(456, 6, 'qrcodes', 'qrcode-7-t15.png', 'image/png', 4729, 'local', '2025-01-27 18:00:20', '2025-01-27 18:00:20'),
(457, 6, 'qrcodes', 'qrcode-7-t16.png', 'image/png', 4865, 'local', '2025-01-27 18:00:20', '2025-01-27 18:00:20'),
(458, 6, 'qrcodes', 'qrcode-7-t17.png', 'image/png', 4508, 'local', '2025-01-27 18:00:20', '2025-01-27 18:00:20'),
(459, 6, 'qrcodes', 'qrcode-7-t18.png', 'image/png', 4727, 'local', '2025-01-27 18:00:20', '2025-01-27 18:00:20'),
(460, 6, 'qrcodes', 'qrcode-7-t19.png', 'image/png', 4820, 'local', '2025-01-27 18:00:20', '2025-01-27 18:00:20'),
(461, 6, 'qrcodes', 'qrcode-7-t20.png', 'image/png', 4966, 'local', '2025-01-27 18:00:20', '2025-01-27 18:00:20'),
(462, 6, 'qrcodes', 'qrcode-7-vip-area.png', 'image/png', 4795, 'local', '2025-01-27 18:00:20', '2025-01-27 18:00:20'),
(463, 2, 'qrcodes', 'qrcode-3-01.png', 'image/png', 4575, 'local', '2025-01-27 18:00:20', '2025-01-27 18:00:20'),
(464, 2, 'qrcodes', 'qrcode-3-02.png', 'image/png', 4873, 'local', '2025-01-27 18:00:20', '2025-01-27 18:00:20'),
(465, 2, 'qrcodes', 'qrcode-3-03.png', 'image/png', 4968, 'local', '2025-01-27 18:00:21', '2025-01-27 18:00:21'),
(466, 2, 'qrcodes', 'qrcode-3-04.png', 'image/png', 4822, 'local', '2025-01-27 18:00:21', '2025-01-27 18:00:21'),
(467, 1, 'qrcodes', 'qrcode-branch-1-1.png', 'image/png', 2064, 'local', '2025-01-27 18:00:21', '2025-01-27 18:00:21'),
(468, 1, 'qrcodes', 'qrcode-branch-2-1.png', 'image/png', 2060, 'local', '2025-01-27 18:00:21', '2025-01-27 18:00:21'),
(469, 2, 'qrcodes', 'qrcode-branch-3-2.png', 'image/png', 2071, 'local', '2025-01-27 18:00:21', '2025-01-27 18:00:21'),
(470, 6, 'qrcodes', 'qrcode-branch-7-6.png', 'image/png', 2057, 'local', '2025-01-27 18:00:21', '2025-01-27 18:00:21'),
(471, 2, 'item', '14b61ec0da30340a70a985a964d383f2.png', 'image/png', 144791, 'local', '2025-02-06 06:04:20', '2025-02-06 06:04:20'),
(472, 2, 'item', '1e2cdd26f0699a481054d75e40fbd5f9.png', 'image/png', 144791, 'local', '2025-02-06 06:04:44', '2025-02-06 06:04:44'),
(473, 6, 'item', '075610545f44b2f8f0163f35550e1078.png', 'image/png', 283467, 'local', '2025-02-06 06:29:44', '2025-02-06 06:29:44'),
(474, 6, 'item', '56ad6cdabde356f443ddb4ffa173aca7.png', 'image/png', 146527, 'local', '2025-02-06 06:46:45', '2025-02-06 06:46:45'),
(475, 6, 'item', '02ea15db6fd715b365425c3ede3be601.png', 'image/png', 87555, 'local', '2025-02-06 06:47:17', '2025-02-06 06:47:17'),
(476, 6, 'item', '67eeb09c570756897e2b7bedfa067c61.jpg', 'image/jpeg', 353709, 'local', '2025-02-06 06:49:02', '2025-02-06 06:49:02'),
(477, 6, 'item', '87643e1b7daa5d09fedfc4506d1fbd80.png', 'image/png', 317760, 'local', '2025-02-06 06:50:32', '2025-02-06 06:50:32'),
(478, 6, 'item', '095d059e1c1e7dce26e18a75c572707a.jpg', 'image/jpeg', 19359, 'local', '2025-02-06 06:52:58', '2025-02-06 06:52:58'),
(479, 6, 'item', '1031979c5531d454f098e3990423ebd1.png', 'image/png', 178056, 'local', '2025-02-06 06:54:36', '2025-02-06 06:54:36'),
(480, 6, 'item', '7c5fa3317a7c6c2c9d235dab83a41133.png', 'image/png', 200343, 'local', '2025-02-06 06:56:22', '2025-02-06 06:56:22'),
(481, 6, 'item', '547bcda35d51e588e2ade3cc1104f286.png', 'image/png', 231065, 'local', '2025-02-06 06:57:42', '2025-02-06 06:57:42'),
(482, 6, 'item', 'c079c7fe122b51230fee1d83e3ac283f.png', 'image/png', 302922, 'local', '2025-02-06 06:59:43', '2025-02-06 06:59:43'),
(483, 6, 'item', '6706a1cabacb5e146c81da00ad10cd2c.png', 'image/png', 153182, 'local', '2025-02-06 07:00:35', '2025-02-06 07:00:35'),
(484, 6, 'item', '4fb3b82ab10ada5a8f656c1ee62f02bd.png', 'image/png', 285251, 'local', '2025-02-06 07:42:54', '2025-02-06 07:42:54'),
(485, 6, 'item', '92bf3930f1f6dd022e6705f2b4d9cfe0.png', 'image/png', 412124, 'local', '2025-02-06 07:45:38', '2025-02-06 07:45:38'),
(486, 6, 'item', '7ed9d83663fe0010db5ed9d2526e21d4.png', 'image/png', 195662, 'local', '2025-02-06 07:47:20', '2025-02-06 07:47:20'),
(487, 6, 'item', 'bf0c9e856d9a1fb703875ad0ca638f91.png', 'image/png', 318065, 'local', '2025-02-06 07:49:17', '2025-02-06 07:49:17'),
(488, 6, 'item', '71e207991c3161dc6756cbdc5412a69d.png', 'image/png', 217489, 'local', '2025-02-06 07:53:12', '2025-02-06 07:53:12'),
(489, 6, 'item', '6d92b2c071dce65dda31bace0916ffaf.png', 'image/png', 191462, 'local', '2025-02-06 07:57:56', '2025-02-06 07:57:56'),
(490, 6, 'item', 'ff29cc02c0ae201e21e61ecf5082963a.png', 'image/png', 183331, 'local', '2025-02-06 08:00:15', '2025-02-06 08:00:15'),
(491, 6, 'item', 'f878bc194156b66161c58d20d3dbdf2f.png', 'image/png', 339795, 'local', '2025-02-06 08:02:46', '2025-02-06 08:02:46'),
(492, 6, 'item', '36b440913ed230f39aa1493e25e36a5f.png', 'image/png', 304950, 'local', '2025-02-06 08:07:10', '2025-02-06 08:07:10'),
(493, 6, 'item', '84065c63bcb2ec653c75a3645147d450.png', 'image/png', 311580, 'local', '2025-02-06 08:09:07', '2025-02-06 08:09:07'),
(494, 6, 'item', '13c5e5200c9378677c1ef04ba5845b5e.png', 'image/png', 362641, 'local', '2025-02-06 09:15:25', '2025-02-06 09:15:25'),
(495, 6, 'item', '7e7b505153c5473ac3075aa5dc3bc5f3.png', 'image/png', 378271, 'local', '2025-02-06 09:18:59', '2025-02-06 09:18:59'),
(496, 6, 'item', '23bb70af7c288532b3958d140f81cb33.png', 'image/png', 427005, 'local', '2025-02-06 09:24:19', '2025-02-06 09:24:19'),
(497, 6, 'item', 'c3b9ffbd421d435438f3b54d30fc6c09.png', 'image/png', 356253, 'local', '2025-02-06 09:41:55', '2025-02-06 09:41:55'),
(498, 6, 'item', 'c45daec32e7f10bb2d44674fc0aa6aa4.png', 'image/png', 439814, 'local', '2025-02-06 09:43:02', '2025-02-06 09:43:02'),
(499, 6, 'item', '17b1b76ced0e9b8786440a9e70eeb039.png', 'image/png', 273702, 'local', '2025-02-06 10:02:04', '2025-02-06 10:02:04'),
(500, 6, 'item', 'c68d9d599ab8e7be2cbb52b5909c1124.png', 'image/png', 522668, 'local', '2025-02-06 10:03:40', '2025-02-06 10:03:40'),
(501, 6, 'item', '72e8a67dbc2d71608ddf94e1d2ce5801.png', 'image/png', 419020, 'local', '2025-02-06 10:53:32', '2025-02-06 10:53:32'),
(502, 6, 'item', '6b3bd385ef7d12f2d760cf08c36b2e9b.jpg', 'image/jpeg', 77001, 'local', '2025-02-06 10:55:31', '2025-02-06 10:55:31'),
(503, 6, 'item', '44662d61e6c5a9593b3b767f8c9286fd.png', 'image/png', 685372, 'local', '2025-02-06 11:00:24', '2025-02-06 11:00:24'),
(504, 6, 'item', 'e0fc68e86238b5edd56ff9dfca48660a.png', 'image/png', 411341, 'local', '2025-02-06 11:11:56', '2025-02-06 11:11:56'),
(505, 6, 'item', '20d667138a34e8a1bd5b219ddf13edf3.png', 'image/png', 551369, 'local', '2025-02-06 11:14:09', '2025-02-06 11:14:09'),
(506, 6, 'item', '616742eda1e58da657b761fc05098875.png', 'image/png', 248895, 'local', '2025-02-06 11:16:52', '2025-02-06 11:16:52'),
(507, 2, 'qr-codes', 'a2032cefe64ac6d0d023813d3efc4bd6.jpeg', 'image/jpeg', 17330, 'local', '2025-02-06 13:30:34', '2025-02-06 13:30:34'),
(508, 2, 'qrcodes', 'qrcode-3-vip-01.png', 'image/png', 5244, 'local', '2025-02-07 09:14:11', '2025-02-07 09:14:11'),
(509, 2, 'qrcodes', 'qrcode-3-vip-02.png', 'image/png', 5461, 'local', '2025-02-07 09:14:26', '2025-02-07 09:14:26'),
(510, 2, 'qrcodes', 'qrcode-3-l09.png', 'image/png', 4937, 'local', '2025-02-07 09:34:17', '2025-02-07 09:34:17'),
(511, 7, 'qrcodes', 'qrcode-branch-8-7.png', 'image/png', 2075, 'local', '2025-02-07 11:04:12', '2025-02-07 11:04:12'),
(512, 2, 'qr-codes', 'f9412d50c0fbef7648bab021b5c850e0.png', 'image/png', 86531, 'local', '2025-02-10 15:55:03', '2025-02-10 15:55:03'),
(513, 8, 'qrcodes', 'qrcode-branch-9-8.png', 'image/png', 2054, 'local', '2025-02-12 10:35:51', '2025-02-12 10:35:51'),
(514, 8, 'offline-invoice', 'fa9e27d00fd5207b754a002d04c60ed1.jpg', 'image/jpeg', 913562, 'local', '2025-02-12 10:47:50', '2025-02-12 10:47:50'),
(515, 8, 'offline-invoice', 'e1ca2948a7f4663683027004b63ab6aa.csv', 'text/csv', 4259, 'local', '2025-02-12 10:59:35', '2025-02-12 10:59:35'),
(516, 8, 'offline-invoice', 'fed31b8434a1a83eff28455ff9f28c9d.pdf', 'application/pdf', 4518, 'local', '2025-02-12 11:14:34', '2025-02-12 11:14:34'),
(517, 8, 'offline-invoice', 'ffdf17890a1d803c5fdc8492c0adb46d.pdf', 'application/pdf', 4507, 'local', '2025-02-12 11:23:54', '2025-02-12 11:23:54'),
(518, 9, 'qrcodes', 'qrcode-branch-10-9.png', 'image/png', 2200, 'local', '2025-05-18 07:46:49', '2025-05-18 07:46:49'),
(519, 6, 'item', '87269443d0aa45bcb9b488f344643f37.png', 'image/png', 287975, 'local', '2025-06-12 18:42:13', '2025-06-12 18:42:13'),
(520, 6, 'item', 'ae4594f6d71dd47153351ed538c59b70.png', 'image/png', 248895, 'local', '2025-06-12 18:47:04', '2025-06-12 18:47:04'),
(521, 6, 'item', '4519e36aa559d6d857e66bb9d66da3aa.jpg', 'image/jpeg', 77001, 'local', '2025-06-12 19:44:32', '2025-06-12 19:44:32'),
(522, 6, 'item', '0277a45467aaad6c47417c6053b59705.png', 'image/png', 419020, 'local', '2025-06-12 19:47:22', '2025-06-12 19:47:22'),
(523, 6, 'item', 'd114fe137eed3bd3ccec2ec8f7cf6124.png', 'image/png', 551369, 'local', '2025-06-12 19:49:19', '2025-06-12 19:49:19'),
(524, 6, 'item', '0af378f13e702d1b88abcbf84e8472a2.png', 'image/png', 248895, 'local', '2025-06-12 20:24:33', '2025-06-12 20:24:33'),
(525, 6, 'item', '6646f09bfdb28d265166245d5b544391.png', 'image/png', 356253, 'local', '2025-06-12 20:25:32', '2025-06-12 20:25:32'),
(526, 6, 'item', 'd6476ec082356d281e84116f9e6893d6.png', 'image/png', 422440, 'local', '2025-06-13 10:03:34', '2025-06-13 10:03:34'),
(527, 6, 'item', 'f438d51903cad28df61ca45b7045e753.png', 'image/png', 422440, 'local', '2025-06-13 10:10:58', '2025-06-13 10:10:58'),
(528, 6, 'item', '720d31d78a6de9e6925291451b5a6c18.png', 'image/png', 422440, 'local', '2025-06-13 10:11:53', '2025-06-13 10:11:53'),
(529, 2, 'item', 'bf1e498de0863756030c11d0b166db53.png', 'image/png', 422440, 'local', '2025-06-13 10:38:23', '2025-06-13 10:38:23'),
(530, 2, 'item', 'c479b5fd6a9073fd32c9f69815eab436.png', 'image/png', 422440, 'local', '2025-06-13 10:39:37', '2025-06-13 10:39:37'),
(531, 2, 'item', '0385e9d8e7ea23cd69a80c5b476fbec1.png', 'image/jpeg', 81657, 'local', '2025-06-13 11:39:12', '2025-06-13 11:39:12'),
(532, 2, 'item', '81e8cc42ed7090778cab88d090b64e5e.png', 'image/webp', 900730, 'local', '2025-06-13 12:09:47', '2025-06-13 12:09:47'),
(533, 6, 'item', '4be8fbe47f986f5f26c559ba41128811.jpg', 'image/jpeg', 60037, 'local', '2025-06-18 11:30:10', '2025-06-18 11:30:10'),
(534, 6, 'item', '9aaacd267cb2d40999db927e900c1a50.png', 'image/png', 146527, 'local', '2025-06-18 11:30:54', '2025-06-18 11:30:54'),
(535, 6, 'item', '3d70d00843ddff54fa345db91af6b5eb.jpg', 'image/jpeg', 192709, 'local', '2025-06-18 11:31:54', '2025-06-18 11:31:54'),
(536, 6, 'item', '12870a01352053e1e961b925675b350d.jpg', 'image/jpeg', 71341, 'local', '2025-06-18 11:39:48', '2025-06-18 11:39:48'),
(537, 6, 'item', 'f949468510be3b6061d802139ea90a24.jpg', 'image/jpeg', 73606, 'local', '2025-06-18 11:41:16', '2025-06-18 11:41:16'),
(538, 6, 'item', 'b43c23e17aa6f2fcfc4ae6d5464aa239.png', 'image/png', 339795, 'local', '2025-06-18 11:42:09', '2025-06-18 11:42:09'),
(539, 6, 'item', 'ed38094d29c6047d463a1ff7dfea7b2e.jpg', 'image/jpeg', 72649, 'local', '2025-06-18 11:43:28', '2025-06-18 11:43:28'),
(540, 6, 'item', '2b99e59375b0446f57529497043c988c.jpg', 'image/jpeg', 56832, 'local', '2025-06-18 11:45:59', '2025-06-18 11:45:59'),
(541, 6, 'item', 'c89aea9d5c3b832dd434051e870c1e0c.jpg', 'image/jpeg', 76791, 'local', '2025-06-18 11:46:32', '2025-06-18 11:46:32'),
(542, 6, 'item', '5e8317de1f64df8dd47469530103c5da.jpg', 'image/jpeg', 27645, 'local', '2025-06-18 11:48:14', '2025-06-18 11:48:14'),
(543, 6, 'item', 'aba5fa85ae5ce608a40785e6bbb99b2f.jpg', 'image/jpeg', 30585, 'local', '2025-06-18 11:49:14', '2025-06-18 11:49:14'),
(544, 6, 'item', 'c8314d98c0313fc2e108afcf0f780ee5.png', 'image/png', 305501, 'local', '2025-06-18 11:49:53', '2025-06-18 11:49:53'),
(545, 6, 'item', '743239cacbd3df23c5b628a10b23ce9f.jpg', 'image/jpeg', 51334, 'local', '2025-06-18 11:51:25', '2025-06-18 11:51:25'),
(546, 6, 'item', 'b5ad2984b27f227b090a77a2ba585249.jpg', 'image/jpeg', 121441, 'local', '2025-06-18 11:52:31', '2025-06-18 11:52:31'),
(547, 6, 'item', '3b0b3c681bd107e047f27451b338b8ac.jpg', 'image/jpeg', 42750, 'local', '2025-06-18 11:53:33', '2025-06-18 11:53:33'),
(548, 6, 'item', 'a722d84df05e4c4911ee16937f8b9d4e.jpg', 'image/jpeg', 47756, 'local', '2025-06-18 11:54:18', '2025-06-18 11:54:18'),
(549, 6, 'item', 'e82ad1beb80c7d1abb13ade2f27ee120.jpg', 'image/jpeg', 101122, 'local', '2025-06-18 11:55:29', '2025-06-18 11:55:29'),
(550, 6, 'item', '4c97ee1a95e8a36aef01d0ef81f4b5b9.jpg', 'image/jpeg', 181757, 'local', '2025-06-18 11:55:49', '2025-06-18 11:55:49'),
(551, 6, 'item', '0f9b64be93037fcee43a4bf12de75b00.jpg', 'image/jpeg', 115616, 'local', '2025-06-18 11:57:07', '2025-06-18 11:57:07'),
(552, 2, 'item', 'd2e5e3e667605fd16d3e837cbd9ddd7f.jpg', 'image/jpeg', 60037, 'local', '2025-06-18 12:01:34', '2025-06-18 12:01:34'),
(553, 2, 'item', '1309e0f9e38750da2471f56fb31dd978.jpg', 'image/jpeg', 120063, 'local', '2025-06-18 23:37:15', '2025-06-18 23:37:15'),
(554, 2, 'item', '404c67c32cbe9f9cc080e95811613816.png', 'image/png', 422440, 'local', '2025-06-18 18:55:00', '2025-06-18 18:55:00'),
(555, 2, 'item', 'ceec05b203cea8a7938a89b272c54db8.jpg', 'image/jpeg', 73444, 'local', '2025-06-18 18:55:11', '2025-06-18 18:55:11'),
(556, 2, 'item', '20ab2efa49c2616dc7a38217a6c9f4c8.png', 'image/png', 11959, 'local', '2025-06-18 18:59:05', '2025-06-18 18:59:05'),
(557, 2, 'item', 'c79b44219b95ef05f20159114f4cf789.jpg', 'image/jpeg', 175389, 'local', '2025-06-18 18:59:39', '2025-06-18 18:59:39'),
(558, 2, 'item', 'bf2f6369ca3db486f3b38bf795be75f9.jpg', 'image/jpeg', 113352, 'local', '2025-06-20 10:53:12', '2025-06-20 10:53:12'),
(559, 2, 'item', '3b3485f54f54374c533a4471f160fa71.jpg', 'image/jpeg', 34025, 'local', '2025-06-20 10:53:49', '2025-06-20 10:53:49'),
(560, 2, 'item', '5222d94fb4bb176a7e0f3451ed2dfe63.jpg', 'image/jpeg', 33262, 'local', '2025-06-20 10:54:08', '2025-06-20 10:54:08'),
(561, 2, 'item', '70ee6a06102ef5ed9cb1f76824538471.png', 'image/png', 325405, 'local', '2025-06-20 10:54:45', '2025-06-20 10:54:45'),
(562, 2, 'item', 'be90df76c4ba21e9d0ac9a4e5cca5a07.jpg', 'image/jpeg', 49733, 'local', '2025-06-20 10:55:05', '2025-06-20 10:55:05'),
(563, 2, 'item', 'a7ffbcb6e2291a99405ac106e1a5c5e4.jpg', 'image/jpeg', 149894, 'local', '2025-06-20 10:55:34', '2025-06-20 10:55:34'),
(564, 2, 'item', '945a2a0903ca4399a529740d0ddb3666.jpg', 'image/jpeg', 571461, 'local', '2025-06-20 10:56:03', '2025-06-20 10:56:03'),
(565, NULL, 'logo', 'c16795cc8a51f631c014f51b546cdfa0.png', 'image/png', 70219, 'local', '2025-06-20 23:22:43', '2025-06-20 23:22:43'),
(566, 6, 'profile-photos', '19b008a6fd5575e8abd89571056b55e8.jpg', 'image/jpeg', 222892, 'local', '2025-07-14 12:32:35', '2025-07-14 12:32:35'),
(567, 6, 'profile-photos', 'b369740f003622443059d6e0133bc549.jpg', 'image/jpeg', 222892, 'local', '2025-07-14 12:32:35', '2025-07-14 12:32:35'),
(568, 6, 'profile-photos', '1551b9852b0e7ca9a983de009b918ae8.jpg', 'image/jpeg', 222892, 'local', '2025-07-14 12:32:36', '2025-07-14 12:32:36'),
(569, 1, 'qrcodes', 'qrcode-1-table-1.png', 'image/png', 4338, 'local', '2025-07-24 12:32:35', '2025-07-24 12:32:35'),
(570, 6, 'logo', '6e923b62a44e12b9335427d6ae6f9d4a.png', 'image/png', 6671, 'local', '2025-08-10 11:29:21', '2025-08-10 11:29:21');

-- --------------------------------------------------------

--
-- Table structure for table `file_storage_settings`
--

CREATE TABLE `file_storage_settings` (
  `id` int(10) UNSIGNED NOT NULL,
  `filesystem` varchar(191) NOT NULL,
  `auth_keys` text DEFAULT NULL,
  `status` enum('enabled','disabled') NOT NULL DEFAULT 'disabled',
  `created_at` timestamp NULL DEFAULT NULL,
  `updated_at` timestamp NULL DEFAULT NULL
) ENGINE=InnoDB DEFAULT CHARSET=utf8mb4 COLLATE=utf8mb4_unicode_ci;

--
-- Dumping data for table `file_storage_settings`
--

INSERT INTO `file_storage_settings` (`id`, `filesystem`, `auth_keys`, `status`, `created_at`, `updated_at`) VALUES
(1, 'local', NULL, 'enabled', '2025-08-01 09:36:02', '2025-08-01 09:36:02');

-- --------------------------------------------------------

--
-- Table structure for table `flags`
--

CREATE TABLE `flags` (
  `id` bigint(20) UNSIGNED NOT NULL,
  `capital` varchar(191) DEFAULT NULL,
  `code` varchar(191) DEFAULT NULL,
  `continent` varchar(191) DEFAULT NULL,
  `name` varchar(191) DEFAULT NULL
) ENGINE=InnoDB DEFAULT CHARSET=utf8mb4 COLLATE=utf8mb4_unicode_ci;

--
-- Dumping data for table `flags`
--

INSERT INTO `flags` (`id`, `capital`, `code`, `continent`, `name`) VALUES
(1, 'Kabul', 'af', 'Asia', 'Afghanistan'),
(2, 'Mariehamn', 'ax', 'Europe', 'Aland Islands'),
(3, 'Tirana', 'al', 'Europe', 'Albania'),
(4, 'Algiers', 'dz', 'Africa', 'Algeria'),
(5, 'Pago Pago', 'as', 'Oceania', 'American Samoa'),
(6, 'Andorra la Vella', 'ad', 'Europe', 'Andorra'),
(7, 'Luanda', 'ao', 'Africa', 'Angola'),
(8, 'The Valley', 'ai', 'North America', 'Anguilla'),
(9, '', 'aq', '', 'Antarctica'),
(10, 'St. John\'s', 'ag', 'North America', 'Antigua and Barbuda'),
(11, 'Buenos Aires', 'ar', 'South America', 'Argentina'),
(12, 'Yerevan', 'am', 'Asia', 'Armenia'),
(13, 'Oranjestad', 'aw', 'South America', 'Aruba'),
(14, 'Georgetown', 'ac', 'Africa', 'Ascension Island'),
(15, 'Canberra', 'au', 'Oceania', 'Australia'),
(16, 'Vienna', 'at', 'Europe', 'Austria'),
(17, 'Baku', 'az', 'Asia', 'Azerbaijan'),
(18, 'Nassau', 'bs', 'North America', 'Bahamas'),
(19, 'Manama', 'bh', 'Asia', 'Bahrain'),
(20, 'Dhaka', 'bd', 'Asia', 'Bangladesh'),
(21, 'Bridgetown', 'bb', 'North America', 'Barbados'),
(22, 'Minsk', 'by', 'Europe', 'Belarus'),
(23, 'Brussels', 'be', 'Europe', 'Belgium'),
(24, 'Belmopan', 'bz', 'North America', 'Belize'),
(25, 'Porto-Novo', 'bj', 'Africa', 'Benin'),
(26, 'Hamilton', 'bm', 'North America', 'Bermuda'),
(27, 'Thimphu', 'bt', 'Asia', 'Bhutan'),
(28, 'Sucre', 'bo', 'South America', 'Bolivia'),
(29, 'Kralendijk', 'bq', 'South America', 'Bonaire, Sint Eustatius and Saba'),
(30, 'Sarajevo', 'ba', 'Europe', 'Bosnia and Herzegovina'),
(31, 'Gaborone', 'bw', 'Africa', 'Botswana'),
(32, '', 'bv', '', 'Bouvet Island'),
(33, 'Brasília', 'br', 'South America', 'Brazil'),
(34, 'Diego Garcia', 'io', 'Asia', 'British Indian Ocean Territory'),
(35, 'Bandar Seri Begawan', 'bn', 'Asia', 'Brunei Darussalam'),
(36, 'Sofia', 'bg', 'Europe', 'Bulgaria'),
(37, 'Ouagadougou', 'bf', 'Africa', 'Burkina Faso'),
(38, 'Bujumbura', 'bi', 'Africa', 'Burundi'),
(39, 'Praia', 'cv', 'Africa', 'Cabo Verde'),
(40, 'Phnom Penh', 'kh', 'Asia', 'Cambodia'),
(41, 'Yaoundé', 'cm', 'Africa', 'Cameroon'),
(42, 'Ottawa', 'ca', 'North America', 'Canada'),
(43, '', 'ic', '', 'Canary Islands'),
(44, '', 'es-ct', '', 'Catalonia'),
(45, 'George Town', 'ky', 'North America', 'Cayman Islands'),
(46, 'Bangui', 'cf', 'Africa', 'Central African Republic'),
(47, '', 'cefta', '', 'Central European Free Trade Agreement'),
(48, '', 'ea', '', 'Ceuta & Melilla'),
(49, 'N\'Djamena', 'td', 'Africa', 'Chad'),
(50, 'Santiago', 'cl', 'South America', 'Chile'),
(51, 'Beijing', 'cn', 'Asia', 'China'),
(52, 'Flying Fish Cove', 'cx', 'Asia', 'Christmas Island'),
(53, '', 'cp', '', 'Clipperton Island'),
(54, 'West Island', 'cc', 'Asia', 'Cocos (Keeling) Islands'),
(55, 'Bogotá', 'co', 'South America', 'Colombia'),
(56, 'Moroni', 'km', 'Africa', 'Comoros'),
(57, 'Avarua', 'ck', 'Oceania', 'Cook Islands'),
(58, 'San José', 'cr', 'North America', 'Costa Rica'),
(59, 'Zagreb', 'hr', 'Europe', 'Croatia'),
(60, 'Havana', 'cu', 'North America', 'Cuba'),
(61, 'Willemstad', 'cw', 'South America', 'Curaçao'),
(62, 'Nicosia', 'cy', 'Europe', 'Cyprus'),
(63, 'Prague', 'cz', 'Europe', 'Czech Republic'),
(64, 'Yamoussoukro', 'ci', 'Africa', 'Côte d\'Ivoire'),
(65, 'Kinshasa', 'cd', 'Africa', 'Democratic Republic of the Congo'),
(66, 'Copenhagen', 'dk', 'Europe', 'Denmark'),
(67, '', 'dg', '', 'Diego Garcia'),
(68, 'Djibouti', 'dj', 'Africa', 'Djibouti'),
(69, 'Roseau', 'dm', 'North America', 'Dominica'),
(70, 'Santo Domingo', 'do', 'North America', 'Dominican Republic'),
(71, 'Quito', 'ec', 'South America', 'Ecuador'),
(72, 'Cairo', 'eg', 'Africa', 'Egypt'),
(73, 'San Salvador', 'sv', 'North America', 'El Salvador'),
(74, 'London', 'gb-eng', 'Europe', 'England'),
(75, 'Malabo', 'gq', 'Africa', 'Equatorial Guinea'),
(76, 'Asmara', 'er', 'Africa', 'Eritrea'),
(77, 'Tallinn', 'ee', 'Europe', 'Estonia'),
(78, 'Lobamba, Mbabane', 'sz', 'Africa', 'Eswatini'),
(79, 'Addis Ababa', 'et', 'Africa', 'Ethiopia'),
(80, '', 'eu', '', 'Europe'),
(81, 'Stanley', 'fk', 'South America', 'Falkland Islands'),
(82, 'Tórshavn', 'fo', 'Europe', 'Faroe Islands'),
(83, 'Palikir', 'fm', 'Oceania', 'Federated States of Micronesia'),
(84, 'Suva', 'fj', 'Oceania', 'Fiji'),
(85, 'Helsinki', 'fi', 'Europe', 'Finland'),
(86, 'Paris', 'fr', 'Europe', 'France'),
(87, 'Cayenne', 'gf', 'South America', 'French Guiana'),
(88, 'Papeete', 'pf', 'Oceania', 'French Polynesia'),
(89, 'Saint-Pierre, Réunion', 'tf', 'Africa', 'French Southern Territories'),
(90, 'Libreville', 'ga', 'Africa', 'Gabon'),
(91, '', 'es-ga', '', 'Galicia'),
(92, 'Banjul', 'gm', 'Africa', 'Gambia'),
(93, 'Tbilisi', 'ge', 'Asia', 'Georgia'),
(94, 'Berlin', 'de', 'Europe', 'Germany'),
(95, 'Accra', 'gh', 'Africa', 'Ghana'),
(96, 'Gibraltar', 'gi', 'Europe', 'Gibraltar'),
(97, 'Athens', 'gr', 'Europe', 'Greece'),
(98, 'Nuuk', 'gl', 'North America', 'Greenland'),
(99, 'St. George\'s', 'gd', 'North America', 'Grenada'),
(100, 'Basse-Terre', 'gp', 'North America', 'Guadeloupe'),
(101, 'Hagåtña', 'gu', 'Oceania', 'Guam'),
(102, 'Guatemala City', 'gt', 'North America', 'Guatemala'),
(103, 'Saint Peter Port', 'gg', 'Europe', 'Guernsey'),
(104, 'Conakry', 'gn', 'Africa', 'Guinea'),
(105, 'Bissau', 'gw', 'Africa', 'Guinea-Bissau'),
(106, 'Georgetown', 'gy', 'South America', 'Guyana'),
(107, 'Port-au-Prince', 'ht', 'North America', 'Haiti'),
(108, '', 'hm', '', 'Heard Island and McDonald Islands'),
(109, 'Vatican City', 'va', 'Europe', 'Holy See'),
(110, 'Tegucigalpa', 'hn', 'North America', 'Honduras'),
(111, 'Hong Kong', 'hk', 'Asia', 'Hong Kong'),
(112, 'Budapest', 'hu', 'Europe', 'Hungary'),
(113, 'Reykjavik', 'is', 'Europe', 'Iceland'),
(114, 'New Delhi', 'in', 'Asia', 'India'),
(115, 'Jakarta', 'id', 'Asia', 'Indonesia'),
(116, 'Tehran', 'ir', 'Asia', 'Iran'),
(117, 'Baghdad', 'iq', 'Asia', 'Iraq'),
(118, 'Dublin', 'ie', 'Europe', 'Ireland'),
(119, 'Douglas', 'im', 'Europe', 'Isle of Man'),
(120, 'Jerusalem', 'il', 'Asia', 'Israel'),
(121, 'Rome', 'it', 'Europe', 'Italy'),
(122, 'Kingston', 'jm', 'North America', 'Jamaica'),
(123, 'Tokyo', 'jp', 'Asia', 'Japan'),
(124, 'Saint Helier', 'je', 'Europe', 'Jersey'),
(125, 'Amman', 'jo', 'Asia', 'Jordan'),
(126, 'Astana', 'kz', 'Asia', 'Kazakhstan'),
(127, 'Nairobi', 'ke', 'Africa', 'Kenya'),
(128, 'South Tarawa', 'ki', 'Oceania', 'Kiribati'),
(129, 'Pristina', 'xk', 'Europe', 'Kosovo'),
(130, 'Kuwait City', 'kw', 'Asia', 'Kuwait'),
(131, 'Bishkek', 'kg', 'Asia', 'Kyrgyzstan'),
(132, 'Vientiane', 'la', 'Asia', 'Laos'),
(133, 'Riga', 'lv', 'Europe', 'Latvia'),
(134, 'Beirut', 'lb', 'Asia', 'Lebanon'),
(135, 'Maseru', 'ls', 'Africa', 'Lesotho'),
(136, 'Monrovia', 'lr', 'Africa', 'Liberia'),
(137, 'Tripoli', 'ly', 'Africa', 'Libya'),
(138, 'Vaduz', 'li', 'Europe', 'Liechtenstein'),
(139, 'Vilnius', 'lt', 'Europe', 'Lithuania'),
(140, 'Luxembourg City', 'lu', 'Europe', 'Luxembourg'),
(141, 'Macau', 'mo', 'Asia', 'Macau'),
(142, 'Antananarivo', 'mg', 'Africa', 'Madagascar'),
(143, 'Lilongwe', 'mw', 'Africa', 'Malawi'),
(144, 'Kuala Lumpur', 'my', 'Asia', 'Malaysia'),
(145, 'Malé', 'mv', 'Asia', 'Maldives'),
(146, 'Bamako', 'ml', 'Africa', 'Mali'),
(147, 'Valletta', 'mt', 'Europe', 'Malta'),
(148, 'Majuro', 'mh', 'Oceania', 'Marshall Islands'),
(149, 'Fort-de-France', 'mq', 'North America', 'Martinique'),
(150, 'Nouakchott', 'mr', 'Africa', 'Mauritania'),
(151, 'Port Louis', 'mu', 'Africa', 'Mauritius'),
(152, 'Mamoudzou', 'yt', 'Africa', 'Mayotte'),
(153, 'Mexico City', 'mx', 'North America', 'Mexico'),
(154, 'Chișinău', 'md', 'Europe', 'Moldova'),
(155, 'Monaco', 'mc', 'Europe', 'Monaco'),
(156, 'Ulaanbaatar', 'mn', 'Asia', 'Mongolia'),
(157, 'Podgorica', 'me', 'Europe', 'Montenegro'),
(158, 'Little Bay, Brades, Plymouth', 'ms', 'North America', 'Montserrat'),
(159, 'Rabat', 'ma', 'Africa', 'Morocco'),
(160, 'Maputo', 'mz', 'Africa', 'Mozambique'),
(161, 'Naypyidaw', 'mm', 'Asia', 'Myanmar'),
(162, 'Windhoek', 'na', 'Africa', 'Namibia'),
(163, 'Yaren District', 'nr', 'Oceania', 'Nauru'),
(164, 'Kathmandu', 'np', 'Asia', 'Nepal'),
(165, 'Amsterdam', 'nl', 'Europe', 'Netherlands'),
(166, 'Nouméa', 'nc', 'Oceania', 'New Caledonia'),
(167, 'Wellington', 'nz', 'Oceania', 'New Zealand'),
(168, 'Managua', 'ni', 'North America', 'Nicaragua'),
(169, 'Niamey', 'ne', 'Africa', 'Niger'),
(170, 'Abuja', 'ng', 'Africa', 'Nigeria'),
(171, 'Alofi', 'nu', 'Oceania', 'Niue'),
(172, 'Kingston', 'nf', 'Oceania', 'Norfolk Island'),
(173, 'Pyongyang', 'kp', 'Asia', 'North Korea'),
(174, 'Skopje', 'mk', 'Europe', 'North Macedonia'),
(175, 'Belfast', 'gb-nir', 'Europe', 'Northern Ireland'),
(176, 'Saipan', 'mp', 'Oceania', 'Northern Mariana Islands'),
(177, 'Oslo', 'no', 'Europe', 'Norway'),
(178, 'Muscat', 'om', 'Asia', 'Oman'),
(179, 'Islamabad', 'pk', 'Asia', 'Pakistan'),
(180, 'Ngerulmud', 'pw', 'Oceania', 'Palau'),
(181, 'Panama City', 'pa', 'North America', 'Panama'),
(182, 'Port Moresby', 'pg', 'Oceania', 'Papua New Guinea'),
(183, 'Asunción', 'py', 'South America', 'Paraguay'),
(184, 'Lima', 'pe', 'South America', 'Peru'),
(185, 'Manila', 'ph', 'Asia', 'Philippines'),
(186, 'Adamstown', 'pn', 'Oceania', 'Pitcairn'),
(187, 'Warsaw', 'pl', 'Europe', 'Poland'),
(188, 'Lisbon', 'pt', 'Europe', 'Portugal'),
(189, 'San Juan', 'pr', 'North America', 'Puerto Rico'),
(190, 'Doha', 'qa', 'Asia', 'Qatar'),
(191, 'Brazzaville', 'cg', 'Africa', 'Republic of the Congo'),
(192, 'Bucharest', 'ro', 'Europe', 'Romania'),
(193, 'Moscow', 'ru', 'Europe', 'Russia'),
(194, 'Kigali', 'rw', 'Africa', 'Rwanda'),
(195, 'Saint-Denis', 're', 'Africa', 'Réunion'),
(196, 'Gustavia', 'bl', 'North America', 'Saint Barthélemy'),
(197, 'Jamestown', 'sh', 'Africa', 'Saint Helena, Ascension and Tristan da Cunha'),
(198, 'Basseterre', 'kn', 'North America', 'Saint Kitts and Nevis'),
(199, 'Castries', 'lc', 'North America', 'Saint Lucia'),
(200, 'Marigot', 'mf', 'North America', 'Saint Martin'),
(201, 'Saint-Pierre', 'pm', 'North America', 'Saint Pierre and Miquelon'),
(202, 'Kingstown', 'vc', 'North America', 'Saint Vincent and the Grenadines'),
(203, 'Apia', 'ws', 'Oceania', 'Samoa'),
(204, 'San Marino', 'sm', 'Europe', 'San Marino'),
(205, 'São Tomé', 'st', 'Africa', 'Sao Tome and Principe'),
(206, 'Riyadh', 'sa', 'Asia', 'Saudi Arabia'),
(207, 'Edinburgh', 'gb-sct', 'Europe', 'Scotland'),
(208, 'Dakar', 'sn', 'Africa', 'Senegal'),
(209, 'Belgrade', 'rs', 'Europe', 'Serbia'),
(210, 'Victoria', 'sc', 'Africa', 'Seychelles'),
(211, 'Freetown', 'sl', 'Africa', 'Sierra Leone'),
(212, 'Singapore', 'sg', 'Asia', 'Singapore'),
(213, 'Philipsburg', 'sx', 'North America', 'Sint Maarten'),
(214, 'Bratislava', 'sk', 'Europe', 'Slovakia'),
(215, 'Ljubljana', 'si', 'Europe', 'Slovenia'),
(216, 'Honiara', 'sb', 'Oceania', 'Solomon Islands'),
(217, 'Mogadishu', 'so', 'Africa', 'Somalia'),
(218, 'Pretoria', 'za', 'Africa', 'South Africa'),
(219, 'King Edward Point', 'gs', 'Antarctica', 'South Georgia and the South Sandwich Islands'),
(220, 'Seoul', 'kr', 'Asia', 'South Korea'),
(221, 'Juba', 'ss', 'Africa', 'South Sudan'),
(222, 'Madrid', 'es', 'Europe', 'Spain'),
(223, 'Sri Jayawardenepura Kotte, Colombo', 'lk', 'Asia', 'Sri Lanka'),
(224, 'Ramallah', 'ps', 'Asia', 'State of Palestine'),
(225, 'Khartoum', 'sd', 'Africa', 'Sudan'),
(226, 'Paramaribo', 'sr', 'South America', 'Suriname'),
(227, 'Longyearbyen', 'sj', 'Europe', 'Svalbard and Jan Mayen'),
(228, 'Stockholm', 'se', 'Europe', 'Sweden'),
(229, 'Bern', 'ch', 'Europe', 'Switzerland'),
(230, 'Damascus', 'sy', 'Asia', 'Syria'),
(231, 'Taipei', 'tw', 'Asia', 'Taiwan'),
(232, 'Dushanbe', 'tj', 'Asia', 'Tajikistan'),
(233, 'Dodoma', 'tz', 'Africa', 'Tanzania'),
(234, 'Bangkok', 'th', 'Asia', 'Thailand'),
(235, 'Dili', 'tl', 'Asia', 'Timor-Leste'),
(236, 'Lomé', 'tg', 'Africa', 'Togo'),
(237, 'Nukunonu, Atafu,Tokelau', 'tk', 'Oceania', 'Tokelau'),
(238, 'Nukuʻalofa', 'to', 'Oceania', 'Tonga'),
(239, 'Port of Spain', 'tt', 'South America', 'Trinidad and Tobago'),
(240, '', 'ta', '', 'Tristan da Cunha'),
(241, 'Tunis', 'tn', 'Africa', 'Tunisia'),
(242, 'Ankara', 'tr', 'Asia', 'Turkey'),
(243, 'Ashgabat', 'tm', 'Asia', 'Turkmenistan'),
(244, 'Cockburn Town', 'tc', 'North America', 'Turks and Caicos Islands'),
(245, 'Funafuti', 'tv', 'Oceania', 'Tuvalu'),
(246, 'Kampala', 'ug', 'Africa', 'Uganda'),
(247, 'Kiev', 'ua', 'Europe', 'Ukraine'),
(248, 'Abu Dhabi', 'ae', 'Asia', 'United Arab Emirates'),
(249, 'London', 'gb', 'Europe', 'United Kingdom'),
(250, '', 'un', '', 'United Nations'),
(251, 'Washington, D.C.', 'um', 'North America', 'United States Minor Outlying Islands'),
(252, 'Washington, D.C.', 'us', 'North America', 'United States of America'),
(253, '', 'xx', '', 'Unknown'),
(254, 'Montevideo', 'uy', 'South America', 'Uruguay'),
(255, 'Tashkent', 'uz', 'Asia', 'Uzbekistan'),
(256, 'Port Vila', 'vu', 'Oceania', 'Vanuatu'),
(257, 'Caracas', 've', 'South America', 'Venezuela'),
(258, 'Hanoi', 'vn', 'Asia', 'Vietnam'),
(259, 'Road Town', 'vg', 'North America', 'Virgin Islands (British)'),
(260, 'Charlotte Amalie', 'vi', 'North America', 'Virgin Islands (U.S.)'),
(261, 'Cardiff', 'gb-wls', 'Europe', 'Wales'),
(262, 'Mata-Utu', 'wf', 'Oceania', 'Wallis and Futuna'),
(263, 'Laayoune', 'eh', 'Africa', 'Western Sahara'),
(264, 'Sana\'a', 'ye', 'Asia', 'Yemen'),
(265, 'Lusaka', 'zm', 'Africa', 'Zambia'),
(266, 'Harare', 'zw', 'Africa', 'Zimbabwe');

-- --------------------------------------------------------

--
-- Table structure for table `flutterwave_payments`
--

CREATE TABLE `flutterwave_payments` (
  `id` bigint(20) UNSIGNED NOT NULL,
  `flutterwave_payment_id` varchar(191) DEFAULT NULL,
  `order_id` bigint(20) UNSIGNED NOT NULL,
  `amount` decimal(10,2) NOT NULL,
  `payment_status` enum('pending','completed','failed') NOT NULL DEFAULT 'pending',
  `payment_date` timestamp NULL DEFAULT NULL,
  `payment_error_response` longtext CHARACTER SET utf8mb4 COLLATE utf8mb4_bin DEFAULT NULL CHECK (json_valid(`payment_error_response`)),
  `created_at` timestamp NULL DEFAULT NULL,
  `updated_at` timestamp NULL DEFAULT NULL
) ENGINE=InnoDB DEFAULT CHARSET=utf8mb4 COLLATE=utf8mb4_unicode_ci;

-- --------------------------------------------------------

--
-- Table structure for table `front_details`
--

CREATE TABLE `front_details` (
  `id` bigint(20) UNSIGNED NOT NULL,
  `language_setting_id` bigint(20) UNSIGNED DEFAULT NULL,
  `header_title` varchar(200) DEFAULT NULL,
  `header_description` text DEFAULT NULL,
  `image` varchar(200) DEFAULT NULL,
  `feature_with_image_heading` varchar(191) DEFAULT NULL,
  `review_heading` varchar(191) DEFAULT NULL,
  `feature_with_icon_heading` varchar(191) DEFAULT NULL,
  `comments_heading` varchar(191) DEFAULT NULL,
  `price_heading` varchar(191) DEFAULT NULL,
  `price_description` varchar(191) DEFAULT NULL,
  `faq_heading` varchar(191) DEFAULT NULL,
  `faq_description` text DEFAULT NULL,
  `contact_heading` text DEFAULT NULL,
  `footer_copyright_text` text DEFAULT NULL,
  `created_at` timestamp NULL DEFAULT NULL,
  `updated_at` timestamp NULL DEFAULT NULL
) ENGINE=InnoDB DEFAULT CHARSET=utf8mb4 COLLATE=utf8mb4_unicode_ci;

--
-- Dumping data for table `front_details`
--

INSERT INTO `front_details` (`id`, `language_setting_id`, `header_title`, `header_description`, `image`, `feature_with_image_heading`, `review_heading`, `feature_with_icon_heading`, `comments_heading`, `price_heading`, `price_description`, `faq_heading`, `faq_description`, `contact_heading`, `footer_copyright_text`, `created_at`, `updated_at`) VALUES
(1, 1, 'Restaurant POS software made simple!', 'Easily manage orders, menus, and tables in one place. Save time, reduce errors, and grow your business faster', NULL, 'Take Control of Your Restaurant', 'What Restaurant Owners Are Saying', 'Powerful Features Built to Elevate Your Restaurant Operations', NULL, 'Simple, Transparent Pricing', 'Get everything you need to manage your restaurant with one affordable plan.', 'Your questions, answered', 'Answers to the most frequently asked questions.', 'Contact', '© 2025 TableTrack. All Rights Reserved.', '2025-08-01 09:37:59', '2025-08-01 09:37:59');

-- --------------------------------------------------------

--
-- Table structure for table `front_faq_settings`
--

CREATE TABLE `front_faq_settings` (
  `id` bigint(20) UNSIGNED NOT NULL,
  `language_setting_id` bigint(20) UNSIGNED DEFAULT NULL,
  `question` text DEFAULT NULL,
  `answer` text DEFAULT NULL,
  `created_at` timestamp NULL DEFAULT NULL,
  `updated_at` timestamp NULL DEFAULT NULL
) ENGINE=InnoDB DEFAULT CHARSET=utf8mb4 COLLATE=utf8mb4_unicode_ci;

--
-- Dumping data for table `front_faq_settings`
--

INSERT INTO `front_faq_settings` (`id`, `language_setting_id`, `question`, `answer`, `created_at`, `updated_at`) VALUES
(1, 1, 'How can I contact customer support 1?', 'Our dedicated support team is available via email to assist you with any questions or technical issues.', NULL, NULL),
(2, 1, 'How can I contact customer support?', 'Our dedicated support team is available via email to assist you with any questions or technical issues.', NULL, NULL),
(3, 1, 'How can I contact customer support?', 'Our dedicated support team is available via email to assist you with any questions or technical issues.', NULL, NULL),
(4, 1, 'How can I contact customer support?', 'Our dedicated support team is available via email to assist you with any questions or technical issues.', NULL, NULL),
(5, 1, 'How can I contact customer support?', 'Our dedicated support team is available via email to assist you with any questions or technical issues.', NULL, NULL),
(6, 1, 'How can I contact customer support?', 'Our dedicated support team is available via email to assist you with any questions or technical issues.', NULL, NULL);

-- --------------------------------------------------------

--
-- Table structure for table `front_features`
--

CREATE TABLE `front_features` (
  `id` int(10) UNSIGNED NOT NULL,
  `language_setting_id` bigint(20) UNSIGNED DEFAULT NULL,
  `title` varchar(191) NOT NULL,
  `description` longtext DEFAULT NULL,
  `image` longtext DEFAULT NULL,
  `icon` longtext DEFAULT NULL,
  `type` enum('image','icon','task','bills','team','apps') NOT NULL DEFAULT 'image',
  `created_at` timestamp NULL DEFAULT NULL,
  `updated_at` timestamp NULL DEFAULT NULL
) ENGINE=InnoDB DEFAULT CHARSET=utf8mb4 COLLATE=utf8mb4_unicode_ci;

--
-- Dumping data for table `front_features`
--

INSERT INTO `front_features` (`id`, `language_setting_id`, `title`, `description`, `image`, `icon`, `type`, `created_at`, `updated_at`) VALUES
(1, 1, 'Streamline Order Management', 'Never lose track of an order again. All your customer orders—from dine-in to takeout—are organized and easily accessible in one place.\n                                Speed up service and keep your kitchen running smoothly.', NULL, NULL, 'image', NULL, NULL),
(2, 1, 'Optimize Table Reservations', 'Maximize seating efficiency with real-time table tracking and reservations. Reduce wait times and ensure no table sits empty during peak hours, improving customer experience and turnover.', NULL, NULL, 'image', NULL, NULL),
(3, 1, 'Effortless Menu Management', 'Easily add, edit, or remove items from your menu on the go. Highlight specials, update prices, and keep everything in sync across all platforms, so your staff and customers always see the latest offerings.', NULL, NULL, 'image', NULL, NULL),
(4, 1, 'QR Code Menu', 'Contactless Ordering Made Easy', '<svg xmlns=\"http://www.w3.org/2000/svg\" width=\"16\" height=\"16\" fill=\"currentColor\"\n                            class=\"bi bi-qr-code-scan text-skin-base dark:text-skin-base size-6\" viewBox=\"0 0 16 16\">\n                            <path\n                                d=\"M0 .5A.5.5 0 0 1 .5 0h3a.5.5 0 0 1 0 1H1v2.5a.5.5 0 0 1-1 0zm12 0a.5.5 0 0 1 .5-.5h3a.5.5 0 0 1 .5.5v3a.5.5 0 0 1-1 0V1h-2.5a.5.5 0 0 1-.5-.5M.5 12a.5.5 0 0 1 .5.5V15h2.5a.5.5 0 0 1 0 1h-3a.5.5 0 0 1-.5-.5v-3a.5.5 0 0 1 .5-.5m15 0a.5.5 0 0 1 .5.5v3a.5.5 0 0 1-.5.5h-3a.5.5 0 0 1 0-1H15v-2.5a.5.5 0 0 1 .5-.5M4 4h1v1H4z\" />\n                            <path d=\"M7 2H2v5h5zM3 3h3v3H3zm2 8H4v1h1z\" />\n                            <path d=\"M7 9H2v5h5zm-4 1h3v3H3zm8-6h1v1h-1z\" />\n                            <path\n                                d=\"M9 2h5v5H9zm1 1v3h3V3zM8 8v2h1v1H8v1h2v-2h1v2h1v-1h2v-1h-3V8zm2 2H9V9h1zm4 2h-1v1h-2v1h3zm-4 2v-1H8v1z\" />\n                            <path d=\"M12 9h2V8h-2z\" />\n                        </svg>', 'bi-qr-code', 'icon', NULL, NULL),
(5, 1, 'Payment Gateway Integration', 'Fast, Secure, and Flexible Payments using Stripe and Razorpay', '<svg xmlns=\"http://www.w3.org/2000/svg\" width=\"16\" height=\"16\" fill=\"currentColor\"\n                        class=\"bi bi-qr-code-scan text-skin-base dark:text-skin-base size-6\" viewBox=\"0 0 16 16\">\n                        <path\n                            d=\"M2 0a2 2 0 0 0-2 2v12a2 2 0 0 0 2 2h12a2 2 0 0 0 2-2V2a2 2 0 0 0-2-2zm6.226 5.385c-.584 0-.937.164-.937.593 0 .468.607.674 1.36.93 1.228.415 2.844.963 2.851 2.993C11.5 11.868 9.924 13 7.63 13a7.7 7.7 0 0 1-3.009-.626V9.758c.926.506 2.095.88 3.01.88.617 0 1.058-.165 1.058-.671 0-.518-.658-.755-1.453-1.041C6.026 8.49 4.5 7.94 4.5 6.11 4.5 4.165 5.988 3 8.226 3a7.3 7.3 0 0 1 2.734.505v2.583c-.838-.45-1.896-.703-2.734-.703\" />\n                    </svg>', 'bi-credit-card', 'icon', NULL, NULL),
(6, 1, 'Staff Management', 'Separate login for every staff role with different permissions.', '<svg xmlns=\"http://www.w3.org/2000/svg\" width=\"16\" height=\"16\" fill=\"currentColor\"\n                        class=\"bi bi-qr-code-scan text-skin-base dark:text-skin-base size-6\" viewBox=\"0 0 16 16\">\n                        <path\n                            d=\"M15 14s1 0 1-1-1-4-5-4-5 3-5 4 1 1 1 1zm-7.978-1L7 12.996c.001-.264.167-1.03.76-1.72C8.312 10.629 9.282 10 11 10c1.717 0 2.687.63 3.24 1.276.593.69.758 1.457.76 1.72l-.008.002-.014.002zM11 7a2 2 0 1 0 0-4 2 2 0 0 0 0 4m3-2a3 3 0 1 1-6 0 3 3 0 0 1 6 0M6.936 9.28a6 6 0 0 0-1.23-.247A7 7 0 0 0 5 9c-4 0-5 3-5 4q0 1 1 1h4.216A2.24 2.24 0 0 1 5 13c0-1.01.377-2.042 1.09-2.904.243-.294.526-.569.846-.816M4.92 10A5.5 5.5 0 0 0 4 13H1c0-.26.164-1.03.76-1.724.545-.636 1.492-1.256 3.16-1.275ZM1.5 5.5a3 3 0 1 1 6 0 3 3 0 0 1-6 0m3-2a2 2 0 1 0 0 4 2 2 0 0 0 0-4\" />\n                    </svg>', 'bi-people', 'icon', NULL, NULL),
(7, 1, 'POS (Point of Sale)', 'Complete POS Integration', '<svg class=\"size-6 transition duration-75 text-skin-base dark:text-skin-base\" fill=\"currentColor\"\n                        viewBox=\"0 -0.5 25 25\" viewBox=\"0 0 24 24\" xmlns=\"http://www.w3.org/2000/svg\">\n                        <g id=\"SVGRepo_bgCarrier\" stroke-width=\"0\"></g>\n                        <g id=\"SVGRepo_tracerCarrier\" stroke-linecap=\"round\" stroke-linejoin=\"round\"></g>\n                        <g id=\"SVGRepo_iconCarrier\">\n                            <path fill-rule=\"evenodd\"\n                                d=\"M16,6 L20,6 C21.1045695,6 22,6.8954305 22,8 L22,16 C22,17.1045695 21.1045695,18 20,18 L16,18 L16,19.9411765 C16,21.0658573 15.1177541,22 14,22 L4,22 C2.88224586,22 2,21.0658573 2,19.9411765 L2,4.05882353 C2,2.93414267 2.88224586,2 4,2 L14,2 C15.1177541,2 16,2.93414267 16,4.05882353 L16,6 Z M20,11 L16,11 L16,16 L20,16 L20,11 Z M14,19.9411765 L14,4.05882353 C14,4.01396021 13.9868154,4 14,4 L4,4 C4.01318464,4 4,4.01396021 4,4.05882353 L4,19.9411765 C4,19.9860398 4.01318464,20 4,20 L14,20 C13.9868154,20 14,19.9860398 14,19.9411765 Z M5,19 L5,17 L7,17 L7,19 L5,19 Z M8,19 L8,17 L10,17 L10,19 L8,19 Z M11,19 L11,17 L13,17 L13,19 L11,19 Z M5,16 L5,14 L7,14 L7,16 L5,16 Z M8,16 L8,14 L10,14 L10,16 L8,16 Z M11,16 L11,14 L13,14 L13,16 L11,16 Z M13,5 L13,13 L5,13 L5,5 L13,5 Z M7,7 L7,11 L11,11 L11,7 L7,7 Z M20,9 L20,8 L16,8 L16,9 L20,9 Z\">\n                            </path>\n                        </g>\n                    </svg>', 'bi-pos', 'icon', NULL, NULL),
(8, 1, 'Custom Floor Plans', 'Design Your Restaurants Layout.', '<svg xmlns=\"http://www.w3.org/2000/svg\" width=\"16\" height=\"16\" fill=\"currentColor\"\n                        class=\"bi bi-qr-code-scan text-skin-base dark:text-skin-base size-6\" viewBox=\"0 0 16 16\">\n                        <path\n                            d=\"M8.235 1.559a.5.5 0 0 0-.47 0l-7.5 4a.5.5 0 0 0 0 .882L3.188 8 .264 9.559a.5.5 0 0 0 0 .882l7.5 4a.5.5 0 0 0 .47 0l7.5-4a.5.5 0 0 0 0-.882L12.813 8l2.922-1.559a.5.5 0 0 0 0-.882zm3.515 7.008L14.438 10 8 13.433 1.562 10 4.25 8.567l3.515 1.874a.5.5 0 0 0 .47 0zM8 9.433 1.562 6 8 2.567 14.438 6z\" />\n                    </svg>', 'bi-grid-3x3-gap', 'icon', NULL, NULL),
(9, 1, 'Kitchen Order Tickets (KOT)', 'Efficient Kitchen Workflow.', '<svg xmlns=\"http://www.w3.org/2000/svg\" width=\"16\" height=\"16\" fill=\"currentColor\"\n                        class=\"bi bi-qr-code-scan text-skin-base dark:text-skin-base size-6\" viewBox=\"0 0 16 16\">\n                        <path\n                            d=\"M3 4.5a.5.5 0 0 1 .5-.5h6a.5.5 0 1 1 0 1h-6a.5.5 0 0 1-.5-.5m0 2a.5.5 0 0 1 .5-.5h6a.5.5 0 1 1 0 1h-6a.5.5 0 0 1-.5-.5m0 2a.5.5 0 0 1 .5-.5h6a.5.5 0 1 1 0 1h-6a.5.5 0 0 1-.5-.5m0 2a.5.5 0 0 1 .5-.5h6a.5.5 0 0 1 0 1h-6a.5.5 0 0 1-.5-.5m0 2a.5.5 0 0 1 .5-.5h6a.5.5 0 0 1 0 1h-6a.5.5 0 0 1-.5-.5M11.5 4a.5.5 0 0 0 0 1h1a.5.5 0 0 0 0-1zm0 2a.5.5 0 0 0 0 1h1a.5.5 0 0 0 0-1zm0 2a.5.5 0 0 0 0 1h1a.5.5 0 0 0 0-1zm0 2a.5.5 0 0 0 0 1h1a.5.5 0 0 0 0-1zm0 2a.5.5 0 0 0 0 1h1a.5.5 0 0 0 0-1z\" />\n                        <path\n                            d=\"M2.354.646a.5.5 0 0 0-.801.13l-.5 1A.5.5 0 0 0 1 2v13H.5a.5.5 0 0 0 0 1h15a.5.5 0 0 0 0-1H15V2a.5.5 0 0 0-.053-.224l-.5-1a.5.5 0 0 0-.8-.13L13 1.293l-.646-.647a.5.5 0 0 0-.708 0L11 1.293l-.646-.647a.5.5 0 0 0-.708 0L9 1.293 8.354.646a.5.5 0 0 0-.708 0L7 1.293 6.354.646a.5.5 0 0 0-.708 0L5 1.293 4.354.646a.5.5 0 0 0-.708 0L3 1.293zm-.217 1.198.51.51a.5.5 0 0 0 .707 0L4 1.707l.646.647a.5.5 0 0 0 .708 0L6 1.707l.646.647a.5.5 0 0 0 .708 0L8 1.707l.646.647a.5.5 0 0 0 .708 0L10 1.707l.646.647a.5.5 0 0 0 .708 0L12 1.707l.646.647a.5.5 0 0 0 .708 0l.509-.51.137.274V15H2V2.118z\" />\n                    </svg>', 'bi-receipt', 'icon', NULL, NULL),
(10, 1, 'Bill Printing', 'Quick and Accurate Billing.', '<svg xmlns=\"http://www.w3.org/2000/svg\" width=\"16\" height=\"16\" fill=\"currentColor\"\n                        class=\"bi bi-qr-code-scan text-skin-base dark:text-skin-base size-6\" viewBox=\"0 0 16 16\">\n                        <path d=\"M2.5 8a.5.5 0 1 0 0-1 .5.5 0 0 0 0 1\" />\n                        <path\n                            d=\"M5 1a2 2 0 0 0-2 2v2H2a2 2 0 0 0-2 2v3a2 2 0 0 0 2 2h1v1a2 2 0 0 0 2 2h6a2 2 0 0 0 2-2v-1h1a2 2 0 0 0 2-2V7a2 2 0 0 0-2-2h-1V3a2 2 0 0 0-2-2zM4 3a1 1 0 0 1 1-1h6a1 1 0 0 1 1 1v2H4zm1 5a2 2 0 0 0-2 2v1H2a1 1 0 0 1-1-1V7a1 1 0 0 1 1-1h12a1 1 0 0 1 1 1v3a1 1 0 0 1-1 1h-1v-1a2 2 0 0 0-2-2zm7 2v3a1 1 0 0 1-1 1H5a1 1 0 0 1-1-1v-3a1 1 0 0 1 1-1h6a1 1 0 0 1 1 1\" />\n                    </svg>', 'bi-printer', 'icon', NULL, NULL),
(11, 1, 'Reports', 'Data-Driven Decisions.', '<svg xmlns=\"http://www.w3.org/2000/svg\" width=\"16\" height=\"16\" fill=\"currentColor\" class=\"bi bi-qr-code-scan text-skin-base dark:text-skin-base size-6\" viewBox=\"0 0 16 16\">\n                    <path fill-rule=\"evenodd\" d=\"M0 0h1v15h15v1H0zm10 3.5a.5.5 0 0 1 .5-.5h4a.5.5 0 0 1 .5.5v4a.5.5 0 0 1-1 0V4.9l-3.613 4.417a.5.5 0 0 1-.74.037L7.06 6.767l-3.656 5.027a.5.5 0 0 1-.808-.588l4-5.5a.5.5 0 0 1 .758-.06l2.609 2.61L13.445 4H10.5a.5.5 0 0 1-.5-.5\"></path>\n                    </svg>', 'bi-arrow-right-circle-fill', 'icon', NULL, NULL);

-- --------------------------------------------------------

--
-- Table structure for table `front_review_settings`
--

CREATE TABLE `front_review_settings` (
  `id` bigint(20) UNSIGNED NOT NULL,
  `language_setting_id` bigint(20) UNSIGNED DEFAULT NULL,
  `reviews` text DEFAULT NULL,
  `reviewer_name` varchar(191) DEFAULT NULL,
  `reviewer_designation` varchar(191) DEFAULT NULL,
  `created_at` timestamp NULL DEFAULT NULL,
  `updated_at` timestamp NULL DEFAULT NULL
) ENGINE=InnoDB DEFAULT CHARSET=utf8mb4 COLLATE=utf8mb4_unicode_ci;

--
-- Dumping data for table `front_review_settings`
--

INSERT INTO `front_review_settings` (`id`, `language_setting_id`, `reviews`, `reviewer_name`, `reviewer_designation`, `created_at`, `updated_at`) VALUES
(1, 1, '\" It has completely transformed how we operate. Managing orders, tables, and staff all from one platform has reduced our workload and made everything run more smoothly. \"', 'John Martin', 'Owner of Riverbend Bistro', NULL, NULL),
(2, 1, '\" The QR Code menu and payment integration have made a huge difference for us, especially after the pandemic. Customers love the ease, and we’ve seen faster table turnover.\"', 'Emily Thompson', 'Manager at Lakeside Grill', NULL, NULL),
(3, 1, '\" We are able to track every order in real time, keep our menu updated, and quickly manage payments. It is like having an extra set of hands in the restaurant.\"', 'Michael Scott', 'Owner of Downtown Eats', NULL, NULL);

-- --------------------------------------------------------

--
-- Table structure for table `global_currencies`
--

CREATE TABLE `global_currencies` (
  `id` bigint(20) UNSIGNED NOT NULL,
  `currency_name` varchar(191) NOT NULL,
  `currency_symbol` varchar(191) NOT NULL,
  `currency_code` varchar(191) NOT NULL,
  `exchange_rate` decimal(16,2) DEFAULT NULL,
  `usd_price` decimal(16,2) DEFAULT NULL,
  `is_cryptocurrency` enum('yes','no') NOT NULL DEFAULT 'no',
  `currency_position` enum('left','right','left_with_space','right_with_space') NOT NULL DEFAULT 'left',
  `no_of_decimal` int(10) UNSIGNED NOT NULL DEFAULT 2,
  `thousand_separator` varchar(191) DEFAULT NULL,
  `decimal_separator` varchar(191) DEFAULT NULL,
  `status` enum('enable','disable') NOT NULL DEFAULT 'enable',
  `created_at` timestamp NULL DEFAULT NULL,
  `updated_at` timestamp NULL DEFAULT NULL,
  `deleted_at` timestamp NULL DEFAULT NULL
) ENGINE=InnoDB DEFAULT CHARSET=utf8mb4 COLLATE=utf8mb4_unicode_ci;

--
-- Dumping data for table `global_currencies`
--

INSERT INTO `global_currencies` (`id`, `currency_name`, `currency_symbol`, `currency_code`, `exchange_rate`, `usd_price`, `is_cryptocurrency`, `currency_position`, `no_of_decimal`, `thousand_separator`, `decimal_separator`, `status`, `created_at`, `updated_at`, `deleted_at`) VALUES
(1, 'Dollars', '$', 'USD', NULL, NULL, 'no', 'left', 2, ',', '.', 'enable', '2025-08-01 09:35:25', '2025-08-01 09:35:25', NULL),
(2, 'Rupee', '₹', 'INR', NULL, NULL, 'no', 'left', 2, ',', '.', 'enable', '2025-08-01 09:35:25', '2025-08-01 09:35:25', NULL),
(3, 'Pounds', '£', 'GBP', NULL, NULL, 'no', 'left', 2, ',', '.', 'enable', '2025-08-01 09:35:26', '2025-08-01 09:35:26', NULL),
(4, 'Euros', '€', 'EUR', NULL, NULL, 'no', 'left', 2, ',', '.', 'enable', '2025-08-01 09:35:26', '2025-08-01 09:35:26', NULL);

-- --------------------------------------------------------

--
-- Table structure for table `global_invoices`
--

CREATE TABLE `global_invoices` (
  `id` bigint(20) UNSIGNED NOT NULL,
  `restaurant_id` bigint(20) UNSIGNED DEFAULT NULL,
  `currency_id` bigint(20) UNSIGNED DEFAULT NULL,
  `package_id` bigint(20) UNSIGNED DEFAULT NULL,
  `global_subscription_id` bigint(20) UNSIGNED DEFAULT NULL,
  `offline_method_id` bigint(20) UNSIGNED DEFAULT NULL,
  `signature` varchar(191) DEFAULT NULL,
  `token` varchar(191) DEFAULT NULL,
  `transaction_id` varchar(191) DEFAULT NULL,
  `event_id` varchar(191) DEFAULT NULL,
  `package_type` varchar(191) DEFAULT NULL,
  `sub_total` int(11) DEFAULT NULL,
  `total` int(11) DEFAULT NULL,
  `billing_frequency` varchar(191) DEFAULT NULL,
  `billing_interval` varchar(191) DEFAULT NULL,
  `recurring` enum('yes','no') DEFAULT NULL,
  `plan_id` varchar(191) DEFAULT NULL,
  `subscription_id` varchar(191) DEFAULT NULL,
  `invoice_id` varchar(191) DEFAULT NULL,
  `amount` decimal(16,2) DEFAULT NULL,
  `stripe_invoice_number` varchar(191) DEFAULT NULL,
  `pay_date` datetime DEFAULT NULL,
  `next_pay_date` datetime DEFAULT NULL,
  `gateway_name` varchar(191) DEFAULT NULL,
  `status` enum('active','inactive') DEFAULT NULL,
  `created_at` timestamp NULL DEFAULT NULL,
  `updated_at` timestamp NULL DEFAULT NULL,
  `m_payment_id` varchar(191) DEFAULT NULL,
  `pf_payment_id` varchar(191) DEFAULT NULL,
  `payfast_plan` varchar(191) DEFAULT NULL
) ENGINE=InnoDB DEFAULT CHARSET=utf8mb4 COLLATE=utf8mb4_unicode_ci;

--
-- Dumping data for table `global_invoices`
--

INSERT INTO `global_invoices` (`id`, `restaurant_id`, `currency_id`, `package_id`, `global_subscription_id`, `offline_method_id`, `signature`, `token`, `transaction_id`, `event_id`, `package_type`, `sub_total`, `total`, `billing_frequency`, `billing_interval`, `recurring`, `plan_id`, `subscription_id`, `invoice_id`, `amount`, `stripe_invoice_number`, `pay_date`, `next_pay_date`, `gateway_name`, `status`, `created_at`, `updated_at`, `m_payment_id`, `pf_payment_id`, `payfast_plan`) VALUES
(1, 1, 1, 5, 1, NULL, NULL, NULL, 'IX3PKUIIL55RGJX', NULL, 'trial', NULL, 0, NULL, NULL, NULL, NULL, NULL, NULL, NULL, NULL, '2025-08-01 15:07:54', '2025-08-31 15:07:54', 'offline', 'active', '2025-08-01 09:37:54', '2025-08-01 09:37:54', NULL, NULL, NULL),
(2, 2, 1, 5, 2, NULL, NULL, NULL, 'TMJHZF4DUIP8OER', NULL, 'trial', NULL, 0, NULL, NULL, NULL, NULL, NULL, NULL, NULL, NULL, '2025-01-11 12:44:36', '2025-02-10 12:44:36', 'offline', 'active', '2025-01-11 07:14:36', '2025-01-11 07:14:36', NULL, NULL, NULL),
(4, 2, 1, 5, 4, NULL, NULL, NULL, 'ASYCHBFY8DRQA4J', NULL, 'free', NULL, 0, NULL, NULL, NULL, NULL, NULL, NULL, NULL, NULL, '2025-01-14 00:00:00', '2025-02-28 00:00:00', 'offline', NULL, '2025-01-14 08:13:17', '2025-01-14 08:13:17', NULL, NULL, NULL),
(7, 6, 1, 5, 7, NULL, NULL, NULL, 'Z5AB6L5WLQPC7QA', NULL, 'trial', NULL, 0, NULL, NULL, NULL, NULL, NULL, NULL, NULL, NULL, '2025-01-14 14:10:57', '2025-02-13 14:10:57', 'offline', 'active', '2025-01-14 14:10:57', '2025-01-14 14:10:57', NULL, NULL, NULL),
(8, 6, 1, 1, 8, NULL, NULL, NULL, 'LJELGEZBBFMJLFD', NULL, 'monthly', NULL, 0, NULL, NULL, NULL, NULL, NULL, NULL, NULL, NULL, '2025-01-21 00:00:00', '2025-02-21 00:00:00', 'offline', NULL, '2025-01-21 03:39:41', '2025-01-21 03:39:41', NULL, NULL, NULL),
(9, 6, 1, 1, 9, NULL, NULL, NULL, 'EISPY8TDE6FD77Z', NULL, 'monthly', NULL, 0, NULL, NULL, NULL, NULL, NULL, NULL, NULL, NULL, '2025-01-21 00:00:00', '2025-02-21 00:00:00', 'offline', NULL, '2025-01-21 03:39:44', '2025-01-21 03:39:44', NULL, NULL, NULL),
(10, 6, 1, 5, 10, NULL, NULL, NULL, 'FGN9V1HBQAX33G2', NULL, 'free', NULL, 0, NULL, NULL, NULL, NULL, NULL, NULL, NULL, NULL, '2025-02-05 00:00:00', NULL, 'offline', NULL, '2025-02-05 16:47:56', '2025-02-05 16:47:56', NULL, NULL, NULL),
(11, 7, 1, 5, 11, NULL, NULL, NULL, 'O2W6AK697L3RUUP', NULL, 'trial', NULL, 0, NULL, NULL, NULL, NULL, NULL, NULL, NULL, NULL, '2025-02-07 11:04:12', '2025-03-09 11:04:12', 'offline', 'active', '2025-02-07 11:04:12', '2025-02-07 11:04:12', NULL, NULL, NULL),
(12, 8, 1, 5, 12, NULL, NULL, NULL, 'PFIMN61VVZRLTZN', NULL, 'trial', NULL, 0, NULL, NULL, NULL, NULL, NULL, NULL, NULL, NULL, '2025-02-12 10:35:51', '2025-03-14 10:35:51', 'offline', 'active', '2025-02-12 10:35:51', '2025-02-12 10:35:51', NULL, NULL, NULL),
(14, 8, 1, 1, 14, NULL, NULL, NULL, 'KIOLFCY9JK6AALQ', NULL, 'monthly', NULL, 0, NULL, NULL, NULL, NULL, NULL, NULL, NULL, NULL, '2025-02-12 00:00:00', '2025-03-12 00:00:00', 'offline', NULL, '2025-02-12 10:45:41', '2025-02-12 10:45:41', NULL, NULL, NULL),
(15, 8, 2, 7, 15, 1, NULL, NULL, '9JATJR0AS6PMSYK', NULL, 'monthly', NULL, 30, NULL, NULL, NULL, NULL, NULL, NULL, NULL, NULL, '2025-02-12 11:01:43', '2025-03-12 11:01:37', 'offline', 'active', '2025-02-12 11:01:43', '2025-02-12 11:01:43', NULL, NULL, NULL),
(16, 8, 2, 7, 16, NULL, NULL, NULL, 'C1UIYHUZCXEHLFL', NULL, 'monthly', NULL, 30, NULL, NULL, NULL, NULL, NULL, NULL, NULL, NULL, '2025-02-12 00:00:00', '2025-03-12 00:00:00', 'offline', NULL, '2025-02-12 11:08:38', '2025-02-12 11:08:38', NULL, NULL, NULL),
(17, 8, 1, 1, 17, NULL, NULL, NULL, 'QOETW4W4BMDSBMQ', NULL, 'monthly', NULL, 0, NULL, NULL, NULL, NULL, NULL, NULL, NULL, NULL, '2025-02-12 00:00:00', '2025-03-12 00:00:00', 'offline', NULL, '2025-02-12 11:11:15', '2025-02-12 11:11:15', NULL, NULL, NULL),
(18, 8, 1, 1, 18, NULL, NULL, NULL, 'OWTVONZOJ6MBCAP', NULL, 'monthly', NULL, 0, NULL, NULL, NULL, NULL, NULL, NULL, NULL, NULL, '2025-02-12 00:00:00', '2025-03-12 00:00:00', 'offline', NULL, '2025-02-12 11:11:20', '2025-02-12 11:11:20', NULL, NULL, NULL),
(19, 8, 1, 1, 19, NULL, NULL, NULL, 'MXOU9JLMOHGQPIQ', NULL, 'monthly', NULL, 0, NULL, NULL, NULL, NULL, NULL, NULL, NULL, NULL, '2025-02-12 00:00:00', '2025-03-12 00:00:00', 'offline', NULL, '2025-02-12 11:11:21', '2025-02-12 11:11:21', NULL, NULL, NULL),
(20, 2, 1, 1, 20, NULL, NULL, NULL, 'PTMQQNOQLJEEKR8', NULL, 'monthly', NULL, 0, NULL, NULL, NULL, NULL, NULL, NULL, NULL, NULL, '2025-02-12 00:00:00', '2025-03-12 00:00:00', 'offline', NULL, '2025-02-12 11:18:36', '2025-02-12 11:18:36', NULL, NULL, NULL),
(21, 8, 2, 7, 21, 1, NULL, NULL, 'SV8SDMNSPQQVUXG', NULL, 'monthly', NULL, 30, NULL, NULL, NULL, NULL, NULL, NULL, NULL, NULL, '2025-02-12 11:18:43', '2025-03-12 11:18:39', 'offline', 'active', '2025-02-12 11:18:43', '2025-02-12 11:18:43', NULL, NULL, NULL),
(22, 8, 2, 7, 22, NULL, NULL, NULL, 'VM9IIRDA5K3TOJZ', NULL, 'monthly', NULL, 30, NULL, NULL, NULL, NULL, NULL, NULL, NULL, NULL, '2025-02-12 00:00:00', '2025-02-13 00:00:00', 'offline', NULL, '2025-02-12 11:22:11', '2025-02-12 11:22:11', NULL, NULL, NULL),
(23, 8, 1, 1, 23, NULL, NULL, NULL, 'X6UFKM30KDMQQWR', NULL, 'monthly', NULL, 0, NULL, NULL, NULL, NULL, NULL, NULL, NULL, NULL, '2025-02-12 00:00:00', '2025-03-12 00:00:00', 'offline', NULL, '2025-02-12 11:22:56', '2025-02-12 11:22:56', NULL, NULL, NULL),
(24, 8, 2, 7, 24, 1, NULL, NULL, 'SKYAX5WMV9XKPFX', NULL, 'monthly', NULL, 30, NULL, NULL, NULL, NULL, NULL, NULL, NULL, NULL, '2025-02-12 11:25:01', '2025-03-12 11:24:57', 'offline', 'active', '2025-02-12 11:25:01', '2025-02-12 11:25:01', NULL, NULL, NULL),
(25, 2, 1, 5, 25, NULL, NULL, NULL, 'Y8UYJNOUKLZ4Y06', NULL, 'free', NULL, 0, NULL, NULL, NULL, NULL, NULL, NULL, NULL, NULL, '2025-02-15 00:00:00', NULL, 'offline', NULL, '2025-02-15 04:42:29', '2025-02-15 04:42:29', NULL, NULL, NULL),
(26, 9, 1, 5, 26, NULL, NULL, NULL, 'NQYJO6PS0IWZB6A', NULL, 'trial', NULL, 0, NULL, NULL, NULL, NULL, NULL, NULL, NULL, NULL, '2025-05-18 07:46:48', '2025-06-17 07:46:48', 'offline', 'active', '2025-05-18 07:46:48', '2025-05-18 07:46:48', NULL, NULL, NULL),
(27, 6, 2, 7, 27, NULL, NULL, NULL, 'KZOJCSRXBNY9KYF', NULL, 'monthly', NULL, 4000, NULL, NULL, NULL, NULL, NULL, NULL, NULL, NULL, '2025-06-01 00:00:00', '2025-07-01 00:00:00', 'offline', NULL, '2025-06-12 22:28:08', '2025-06-12 22:28:08', NULL, NULL, NULL),
(28, 6, 2, 7, 28, NULL, NULL, NULL, 'QBNIEJPJZ1ATLUG', NULL, 'monthly', NULL, 4000, NULL, NULL, NULL, NULL, NULL, NULL, NULL, NULL, '2025-06-01 00:00:00', '2025-07-01 00:00:00', 'offline', NULL, '2025-06-12 22:29:03', '2025-06-12 22:29:03', NULL, NULL, NULL);

-- --------------------------------------------------------

--
-- Table structure for table `global_settings`
--

CREATE TABLE `global_settings` (
  `id` bigint(20) UNSIGNED NOT NULL,
  `purchase_code` varchar(80) DEFAULT NULL,
  `supported_until` timestamp NULL DEFAULT NULL,
  `last_license_verified_at` timestamp NULL DEFAULT NULL,
  `email` varchar(191) DEFAULT NULL,
  `created_at` timestamp NULL DEFAULT NULL,
  `updated_at` timestamp NULL DEFAULT NULL,
  `name` varchar(191) NOT NULL,
  `logo` varchar(191) DEFAULT NULL,
  `theme_hex` varchar(191) DEFAULT NULL,
  `theme_rgb` varchar(191) DEFAULT NULL,
  `locale` varchar(191) NOT NULL DEFAULT 'en',
  `license_type` varchar(191) DEFAULT NULL,
  `hide_cron_job` tinyint(1) NOT NULL DEFAULT 0,
  `last_cron_run` timestamp NULL DEFAULT NULL,
  `system_update` tinyint(1) NOT NULL DEFAULT 1,
  `purchased_on` timestamp NULL DEFAULT NULL,
  `timezone` varchar(191) DEFAULT 'Asia/Kolkata',
  `disable_landing_site` tinyint(1) NOT NULL DEFAULT 0,
  `landing_type` varchar(191) NOT NULL DEFAULT 'static',
  `landing_site_type` enum('theme','custom') NOT NULL DEFAULT 'theme',
  `landing_site_url` varchar(191) DEFAULT NULL,
  `installed_url` tinytext DEFAULT NULL,
  `requires_approval_after_signup` tinyint(1) NOT NULL DEFAULT 0,
  `facebook_link` varchar(255) DEFAULT NULL,
  `instagram_link` varchar(255) DEFAULT NULL,
  `twitter_link` varchar(255) DEFAULT NULL,
  `yelp_link` varchar(255) DEFAULT NULL,
  `default_currency_id` bigint(20) UNSIGNED DEFAULT NULL,
  `show_logo_text` tinyint(1) NOT NULL DEFAULT 1,
  `meta_title` varchar(191) DEFAULT NULL,
  `meta_keyword` text DEFAULT NULL,
  `meta_description` longtext DEFAULT NULL,
  `upload_fav_icon_android_chrome_192` varchar(191) DEFAULT NULL,
  `upload_fav_icon_android_chrome_512` varchar(191) DEFAULT NULL,
  `upload_fav_icon_apple_touch_icon` varchar(191) DEFAULT NULL,
  `upload_favicon_16` varchar(191) DEFAULT NULL,
  `upload_favicon_32` varchar(191) DEFAULT NULL,
  `favicon` varchar(191) DEFAULT NULL,
  `hash` varchar(191) DEFAULT NULL,
  `webmanifest` varchar(191) DEFAULT NULL,
  `is_pwa_install_alert_show` varchar(191) NOT NULL DEFAULT '0',
  `google_map_api_key` varchar(191) DEFAULT NULL,
  `session_driver` enum('file','database') NOT NULL DEFAULT 'database',
  `enable_stripe` tinyint(1) NOT NULL DEFAULT 1,
  `enable_razorpay` tinyint(1) NOT NULL DEFAULT 1,
  `enable_flutterwave` tinyint(1) NOT NULL DEFAULT 1,
  `enable_payfast` tinyint(1) NOT NULL DEFAULT 1,
  `enable_paypal` tinyint(1) NOT NULL DEFAULT 1,
  `enable_paystack` tinyint(1) NOT NULL DEFAULT 1
) ENGINE=InnoDB DEFAULT CHARSET=utf8mb4 COLLATE=utf8mb4_unicode_ci;

--
-- Dumping data for table `global_settings`
--

INSERT INTO `global_settings` (`id`, `purchase_code`, `supported_until`, `last_license_verified_at`, `email`, `created_at`, `updated_at`, `name`, `logo`, `theme_hex`, `theme_rgb`, `locale`, `license_type`, `hide_cron_job`, `last_cron_run`, `system_update`, `purchased_on`, `timezone`, `disable_landing_site`, `landing_type`, `landing_site_type`, `landing_site_url`, `installed_url`, `requires_approval_after_signup`, `facebook_link`, `instagram_link`, `twitter_link`, `yelp_link`, `default_currency_id`, `show_logo_text`, `meta_title`, `meta_keyword`, `meta_description`, `upload_fav_icon_android_chrome_192`, `upload_fav_icon_android_chrome_512`, `upload_fav_icon_apple_touch_icon`, `upload_favicon_16`, `upload_favicon_32`, `favicon`, `hash`, `webmanifest`, `is_pwa_install_alert_show`, `google_map_api_key`, `session_driver`, `enable_stripe`, `enable_razorpay`, `enable_flutterwave`, `enable_payfast`, `enable_paypal`, `enable_paystack`) VALUES
(1, NULL, NULL, NULL, NULL, '2025-08-01 09:37:46', '2025-08-01 09:37:46', 'TableTrack', NULL, '#A78BFA', '167, 139, 250', 'en', NULL, 0, NULL, 1, NULL, 'Asia/Kolkata', 0, 'static', 'theme', NULL, 'http://tabletrack.updated.local', 0, 'https://www.facebook.com/', 'https://www.instagram.com/', 'https://www.twitter.com/', NULL, 1, 1, NULL, NULL, NULL, NULL, NULL, NULL, NULL, NULL, NULL, '430ceb7206de7658960aca912c5130bb', NULL, '0', NULL, 'database', 1, 1, 1, 1, 1, 1);

-- --------------------------------------------------------

--
-- Table structure for table `global_subscriptions`
--

CREATE TABLE `global_subscriptions` (
  `id` bigint(20) UNSIGNED NOT NULL,
  `restaurant_id` bigint(20) UNSIGNED DEFAULT NULL,
  `package_id` bigint(20) UNSIGNED DEFAULT NULL,
  `currency_id` bigint(20) UNSIGNED DEFAULT NULL,
  `package_type` varchar(191) DEFAULT NULL,
  `plan_type` varchar(191) DEFAULT NULL,
  `transaction_id` varchar(191) DEFAULT NULL,
  `name` varchar(191) DEFAULT NULL,
  `user_id` varchar(191) DEFAULT NULL,
  `quantity` varchar(191) DEFAULT NULL,
  `token` varchar(191) DEFAULT NULL,
  `razorpay_id` varchar(191) DEFAULT NULL,
  `razorpay_plan` varchar(191) DEFAULT NULL,
  `stripe_id` varchar(191) DEFAULT NULL,
  `stripe_status` varchar(191) DEFAULT NULL,
  `stripe_price` varchar(191) DEFAULT NULL,
  `gateway_name` varchar(191) DEFAULT NULL,
  `trial_ends_at` varchar(191) DEFAULT NULL,
  `subscription_status` enum('active','inactive') DEFAULT NULL,
  `ends_at` datetime DEFAULT NULL,
  `subscribed_on_date` datetime DEFAULT NULL,
  `created_at` timestamp NULL DEFAULT NULL,
  `updated_at` timestamp NULL DEFAULT NULL,
  `subscription_id` varchar(191) DEFAULT NULL,
  `customer_id` varchar(191) DEFAULT NULL,
  `flutterwave_id` varchar(191) DEFAULT NULL,
  `flutterwave_payment_ref` varchar(191) DEFAULT NULL,
  `flutterwave_status` varchar(191) DEFAULT NULL,
  `flutterwave_customer_id` varchar(191) DEFAULT NULL,
  `payfast_plan` varchar(191) DEFAULT NULL,
  `payfast_status` varchar(191) DEFAULT NULL
) ENGINE=InnoDB DEFAULT CHARSET=utf8mb4 COLLATE=utf8mb4_unicode_ci;

--
-- Dumping data for table `global_subscriptions`
--

INSERT INTO `global_subscriptions` (`id`, `restaurant_id`, `package_id`, `currency_id`, `package_type`, `plan_type`, `transaction_id`, `name`, `user_id`, `quantity`, `token`, `razorpay_id`, `razorpay_plan`, `stripe_id`, `stripe_status`, `stripe_price`, `gateway_name`, `trial_ends_at`, `subscription_status`, `ends_at`, `subscribed_on_date`, `created_at`, `updated_at`, `subscription_id`, `customer_id`, `flutterwave_id`, `flutterwave_payment_ref`, `flutterwave_status`, `flutterwave_customer_id`, `payfast_plan`, `payfast_status`) VALUES
(1, 1, 5, 1, 'trial', NULL, 'IX3PKUIIL55RGJX', NULL, NULL, '1', NULL, NULL, NULL, NULL, NULL, NULL, 'offline', '2025-08-31 15:07:54', 'active', '2025-08-31 15:07:54', '2025-08-01 15:07:54', '2025-08-01 09:37:54', '2025-08-01 09:37:54', NULL, NULL, NULL, NULL, NULL, NULL, NULL, NULL),
(2, 2, 5, 1, 'trial', NULL, 'TMJHZF4DUIP8OER', NULL, NULL, '1', NULL, NULL, NULL, NULL, NULL, NULL, 'offline', '2025-02-10 12:44:36', 'inactive', '2025-02-10 12:44:36', '2025-01-11 12:44:36', '2025-01-11 07:14:36', '2025-01-14 08:13:17', NULL, NULL, NULL, NULL, NULL, NULL, NULL, NULL),
(4, 2, 5, 1, 'free', NULL, 'ASYCHBFY8DRQA4J', NULL, NULL, '1', NULL, NULL, NULL, NULL, NULL, NULL, 'offline', NULL, 'inactive', '2025-02-28 00:00:00', '2025-01-14 00:00:00', '2025-01-14 08:13:17', '2025-02-12 11:18:36', NULL, NULL, NULL, NULL, NULL, NULL, NULL, NULL),
(7, 6, 5, 1, 'trial', NULL, 'Z5AB6L5WLQPC7QA', NULL, NULL, '1', NULL, NULL, NULL, NULL, NULL, NULL, 'offline', '2025-02-13 14:10:57', 'inactive', '2025-02-13 14:10:57', '2025-01-14 14:10:57', '2025-01-14 14:10:57', '2025-01-21 03:39:41', NULL, NULL, NULL, NULL, NULL, NULL, NULL, NULL),
(8, 6, 1, 1, 'monthly', NULL, 'LJELGEZBBFMJLFD', NULL, NULL, '1', NULL, NULL, NULL, NULL, NULL, NULL, 'offline', NULL, 'inactive', NULL, '2025-01-21 03:39:41', '2025-01-21 03:39:41', '2025-01-21 03:39:44', NULL, NULL, NULL, NULL, NULL, NULL, NULL, NULL),
(9, 6, 1, 1, 'monthly', NULL, 'EISPY8TDE6FD77Z', NULL, NULL, '1', NULL, NULL, NULL, NULL, NULL, NULL, 'offline', NULL, 'inactive', NULL, '2025-01-21 03:39:44', '2025-01-21 03:39:44', '2025-02-05 16:47:56', NULL, NULL, NULL, NULL, NULL, NULL, NULL, NULL),
(10, 6, 5, 1, 'free', NULL, 'FGN9V1HBQAX33G2', NULL, NULL, '1', NULL, NULL, NULL, NULL, NULL, NULL, 'offline', NULL, 'inactive', '2025-03-07 00:00:00', '2025-02-05 00:00:00', '2025-02-05 16:47:56', '2025-06-12 22:28:08', NULL, NULL, NULL, NULL, NULL, NULL, NULL, NULL),
(11, 7, 5, 1, 'trial', NULL, 'O2W6AK697L3RUUP', NULL, NULL, '1', NULL, NULL, NULL, NULL, NULL, NULL, 'offline', '2025-03-09 11:04:12', 'active', '2025-03-09 11:04:12', '2025-02-07 11:04:12', '2025-02-07 11:04:12', '2025-02-07 11:04:12', NULL, NULL, NULL, NULL, NULL, NULL, NULL, NULL),
(12, 8, 5, 1, 'trial', NULL, 'PFIMN61VVZRLTZN', NULL, NULL, '1', NULL, NULL, NULL, NULL, NULL, NULL, 'offline', '2025-03-14 10:35:51', 'inactive', '2025-03-14 10:35:51', '2025-02-12 10:35:51', '2025-02-12 10:35:51', '2025-02-12 10:36:56', NULL, NULL, NULL, NULL, NULL, NULL, NULL, NULL),
(13, 8, NULL, 2, 'monthly', NULL, '6BE2HZACOW6UTLN', NULL, NULL, '1', NULL, NULL, NULL, NULL, NULL, NULL, 'offline', NULL, 'inactive', '2026-01-31 00:00:00', '2025-02-12 00:00:00', '2025-02-12 10:36:56', '2025-02-12 10:45:41', NULL, NULL, NULL, NULL, NULL, NULL, NULL, NULL),
(14, 8, 1, 1, 'monthly', NULL, 'KIOLFCY9JK6AALQ', NULL, NULL, '1', NULL, NULL, NULL, NULL, NULL, NULL, 'offline', NULL, 'inactive', NULL, '2025-02-12 10:45:41', '2025-02-12 10:45:41', '2025-02-12 11:01:43', NULL, NULL, NULL, NULL, NULL, NULL, NULL, NULL),
(15, 8, 7, 2, 'monthly', NULL, '9JATJR0AS6PMSYK', NULL, NULL, '1', NULL, NULL, NULL, NULL, NULL, NULL, 'offline', NULL, 'inactive', '2025-03-12 11:01:37', '2025-02-12 11:01:43', '2025-02-12 11:01:43', '2025-02-12 11:08:38', NULL, NULL, NULL, NULL, NULL, NULL, NULL, NULL),
(16, 8, 7, 2, 'monthly', NULL, 'C1UIYHUZCXEHLFL', NULL, NULL, '1', NULL, NULL, NULL, NULL, NULL, NULL, 'offline', NULL, 'inactive', '2025-04-12 00:00:00', '2025-02-12 00:00:00', '2025-02-12 11:08:38', '2025-02-12 11:11:15', NULL, NULL, NULL, NULL, NULL, NULL, NULL, NULL),
(17, 8, 1, 1, 'monthly', NULL, 'QOETW4W4BMDSBMQ', NULL, NULL, '1', NULL, NULL, NULL, NULL, NULL, NULL, 'offline', NULL, 'inactive', NULL, '2025-02-12 11:11:15', '2025-02-12 11:11:15', '2025-02-12 11:11:20', NULL, NULL, NULL, NULL, NULL, NULL, NULL, NULL),
(18, 8, 1, 1, 'monthly', NULL, 'OWTVONZOJ6MBCAP', NULL, NULL, '1', NULL, NULL, NULL, NULL, NULL, NULL, 'offline', NULL, 'inactive', NULL, '2025-02-12 11:11:20', '2025-02-12 11:11:20', '2025-02-12 11:11:21', NULL, NULL, NULL, NULL, NULL, NULL, NULL, NULL),
(19, 8, 1, 1, 'monthly', NULL, 'MXOU9JLMOHGQPIQ', NULL, NULL, '1', NULL, NULL, NULL, NULL, NULL, NULL, 'offline', NULL, 'inactive', NULL, '2025-02-12 11:11:21', '2025-02-12 11:11:21', '2025-02-12 11:18:43', NULL, NULL, NULL, NULL, NULL, NULL, NULL, NULL),
(20, 2, 1, 1, 'monthly', NULL, 'PTMQQNOQLJEEKR8', NULL, NULL, '1', NULL, NULL, NULL, NULL, NULL, NULL, 'offline', NULL, 'inactive', NULL, '2025-02-12 11:18:36', '2025-02-12 11:18:36', '2025-02-15 04:42:29', NULL, NULL, NULL, NULL, NULL, NULL, NULL, NULL),
(21, 8, 7, 2, 'monthly', NULL, 'SV8SDMNSPQQVUXG', NULL, NULL, '1', NULL, NULL, NULL, NULL, NULL, NULL, 'offline', NULL, 'inactive', '2025-03-12 11:18:39', '2025-02-12 11:18:43', '2025-02-12 11:18:43', '2025-02-12 11:22:11', NULL, NULL, NULL, NULL, NULL, NULL, NULL, NULL),
(22, 8, 7, 2, 'monthly', NULL, 'VM9IIRDA5K3TOJZ', NULL, NULL, '1', NULL, NULL, NULL, NULL, NULL, NULL, 'offline', NULL, 'inactive', '2025-04-12 00:00:00', '2025-02-12 00:00:00', '2025-02-12 11:22:11', '2025-02-12 11:22:56', NULL, NULL, NULL, NULL, NULL, NULL, NULL, NULL),
(23, 8, 1, 1, 'monthly', NULL, 'X6UFKM30KDMQQWR', NULL, NULL, '1', NULL, NULL, NULL, NULL, NULL, NULL, 'offline', NULL, 'inactive', NULL, '2025-02-12 11:22:56', '2025-02-12 11:22:56', '2025-02-12 11:25:01', NULL, NULL, NULL, NULL, NULL, NULL, NULL, NULL),
(24, 8, 7, 2, 'monthly', NULL, 'SKYAX5WMV9XKPFX', NULL, NULL, '1', NULL, NULL, NULL, NULL, NULL, NULL, 'offline', NULL, 'active', '2025-03-12 11:24:57', '2025-02-12 11:25:01', '2025-02-12 11:25:01', '2025-02-12 11:25:01', NULL, NULL, NULL, NULL, NULL, NULL, NULL, NULL),
(25, 2, 5, 1, 'free', NULL, 'Y8UYJNOUKLZ4Y06', NULL, NULL, '1', NULL, NULL, NULL, NULL, NULL, NULL, 'offline', NULL, 'active', '2025-03-17 00:00:00', '2025-02-15 00:00:00', '2025-02-15 04:42:29', '2025-02-15 04:42:29', NULL, NULL, NULL, NULL, NULL, NULL, NULL, NULL),
(26, 9, 5, 1, 'trial', NULL, 'NQYJO6PS0IWZB6A', NULL, NULL, '1', NULL, NULL, NULL, NULL, NULL, NULL, 'offline', '2025-06-17 07:46:48', 'active', '2025-06-17 07:46:48', '2025-05-18 07:46:48', '2025-05-18 07:46:48', '2025-05-18 07:46:48', NULL, NULL, NULL, NULL, NULL, NULL, NULL, NULL),
(27, 6, 7, 2, 'monthly', NULL, 'KZOJCSRXBNY9KYF', NULL, NULL, '1', NULL, NULL, NULL, NULL, NULL, NULL, 'offline', NULL, 'inactive', '2026-07-12 00:00:00', '2025-06-01 00:00:00', '2025-06-12 22:28:08', '2025-06-12 22:29:03', NULL, NULL, NULL, NULL, NULL, NULL, NULL, NULL),
(28, 6, 7, 2, 'monthly', NULL, 'QBNIEJPJZ1ATLUG', NULL, NULL, '1', NULL, NULL, NULL, NULL, NULL, NULL, 'offline', NULL, 'active', '2026-07-01 00:00:00', '2025-06-01 00:00:00', '2025-06-12 22:29:03', '2025-06-12 22:29:03', NULL, NULL, NULL, NULL, NULL, NULL, NULL, NULL);

-- --------------------------------------------------------

--
-- Table structure for table `item_categories`
--

CREATE TABLE `item_categories` (
  `id` bigint(20) UNSIGNED NOT NULL,
  `branch_id` bigint(20) UNSIGNED DEFAULT NULL,
  `category_name` text DEFAULT NULL,
  `sort_order` int(10) UNSIGNED NOT NULL DEFAULT 0,
  `created_at` timestamp NULL DEFAULT NULL,
  `updated_at` timestamp NULL DEFAULT NULL
) ENGINE=InnoDB DEFAULT CHARSET=utf8mb4 COLLATE=utf8mb4_unicode_ci;

--
-- Dumping data for table `item_categories`
--

INSERT INTO `item_categories` (`id`, `branch_id`, `category_name`, `sort_order`, `created_at`, `updated_at`) VALUES
(1, 3, '{\"en\": \"Starters\"}', 0, '2025-01-11 11:56:36', '2025-01-11 11:56:36'),
(2, 3, '{\"en\": \"Main Course\"}', 0, '2025-01-11 11:56:36', '2025-01-11 11:56:36'),
(3, 3, '{\"en\": \"Breads\"}', 0, '2025-01-11 11:56:36', '2025-01-11 11:56:36'),
(4, 3, '{\"en\": \"Rice\"}', 0, '2025-01-11 11:56:36', '2025-01-11 11:56:36'),
(5, 7, '{\"en\": \"Mocktails\"}', 0, '2025-01-14 12:14:08', '2025-01-14 12:14:08'),
(6, 7, '{\"en\": \"Hot Beverages\"}', 0, '2025-01-14 13:14:02', '2025-02-06 01:04:55'),
(7, 7, '{\"en\": \"Deserts\"}', 0, '2025-01-14 13:19:20', '2025-01-14 13:19:20'),
(8, 7, '{\"en\": \"Pastas\"}', 0, '2025-01-15 04:50:42', '2025-01-15 04:50:42'),
(9, 7, '{\"en\": \"Pizzas\"}', 0, '2025-01-15 04:56:58', '2025-01-15 04:56:58'),
(10, 7, '{\"en\": \"Noodles\"}', 0, '2025-01-15 05:41:07', '2025-01-15 05:41:07'),
(12, 7, '{\"en\": \"Soup\"}', 0, '2025-01-15 05:52:12', '2025-01-15 05:52:12'),
(13, 7, '{\"en\": \"Salads and Bowls\"}', 0, '2025-01-15 06:56:18', '2025-01-15 06:56:18'),
(14, 7, '{\"en\": \"Raita Bar\"}', 0, '2025-01-15 07:18:31', '2025-02-06 04:44:50'),
(15, 7, '{\"en\": \"Indian Breads\"}', 0, '2025-01-15 07:23:37', '2025-01-15 07:23:37'),
(16, 7, '{\"en\": \"Rice\"}', 0, '2025-01-15 07:32:33', '2025-01-15 07:32:33'),
(17, 7, '{\"en\": \"Indian Starters\"}', 0, '2025-01-15 07:40:06', '2025-01-15 07:40:06'),
(18, 7, '{\"en\": \"Chinese Starters\"}', 0, '2025-01-15 08:02:06', '2025-01-15 08:02:06'),
(19, 7, '{\"en\": \"Indian Main Course\"}', 0, '2025-01-15 08:11:55', '2025-01-15 08:11:55'),
(20, 7, '{\"en\": \"Chinese Main Course\"}', 0, '2025-01-15 08:12:12', '2025-01-15 08:12:12'),
(21, 3, '{\"en\": \"Alcoholic Drinks\"}', 0, '2025-01-18 18:46:38', '2025-01-18 18:46:38'),
(22, 3, '{\"en\": \"Non-alcoholic Drinks\"}', 0, '2025-01-18 18:46:50', '2025-01-18 18:46:50'),
(24, 7, '{\"en\": \"Cold Beverages\"}', 0, '2025-02-06 01:05:05', '2025-02-06 01:05:05'),
(25, 7, '{\"en\": \"Burger\"}', 0, '2025-02-06 03:34:49', '2025-02-06 03:34:49'),
(26, 7, '{\"en\": \"Sandwich\"}', 0, '2025-02-06 03:34:58', '2025-02-06 03:34:58'),
(27, 7, '{\"en\": \"Kathi Roll\"}', 0, '2025-02-06 03:35:06', '2025-02-06 03:35:06'),
(28, 8, '{\"en\": \"Morning Slot\"}', 0, '2025-02-07 05:39:18', '2025-02-07 05:39:31'),
(29, 8, '{\"en\": \"Evening Slot\"}', 0, '2025-02-07 05:39:24', '2025-02-07 05:39:24'),
(36, 7, '{\"en\":\"MR ANUJ 2 JULY BIRTHDAY PARTY\"}', 0, '2025-06-30 09:14:46', '2025-06-30 09:14:46');

-- --------------------------------------------------------

--
-- Table structure for table `item_modifiers`
--

CREATE TABLE `item_modifiers` (
  `id` bigint(20) UNSIGNED NOT NULL,
  `menu_item_id` bigint(20) UNSIGNED DEFAULT NULL,
  `modifier_group_id` bigint(20) UNSIGNED DEFAULT NULL,
  `is_required` tinyint(1) NOT NULL DEFAULT 0,
  `allow_multiple_selection` tinyint(1) NOT NULL DEFAULT 0,
  `created_at` timestamp NULL DEFAULT NULL,
  `updated_at` timestamp NULL DEFAULT NULL
) ENGINE=InnoDB DEFAULT CHARSET=utf8mb4 COLLATE=utf8mb4_unicode_ci;

-- --------------------------------------------------------

--
-- Table structure for table `jobs`
--

CREATE TABLE `jobs` (
  `id` bigint(20) UNSIGNED NOT NULL,
  `queue` varchar(191) NOT NULL,
  `payload` longtext NOT NULL,
  `attempts` tinyint(3) UNSIGNED NOT NULL,
  `reserved_at` int(10) UNSIGNED DEFAULT NULL,
  `available_at` int(10) UNSIGNED NOT NULL,
  `created_at` int(10) UNSIGNED NOT NULL
) ENGINE=InnoDB DEFAULT CHARSET=utf8mb4 COLLATE=utf8mb4_unicode_ci;

-- --------------------------------------------------------

--
-- Table structure for table `job_batches`
--

CREATE TABLE `job_batches` (
  `id` varchar(191) NOT NULL,
  `name` varchar(191) NOT NULL,
  `total_jobs` int(11) NOT NULL,
  `pending_jobs` int(11) NOT NULL,
  `failed_jobs` int(11) NOT NULL,
  `failed_job_ids` longtext NOT NULL,
  `options` mediumtext DEFAULT NULL,
  `cancelled_at` int(11) DEFAULT NULL,
  `created_at` int(11) NOT NULL,
  `finished_at` int(11) DEFAULT NULL
) ENGINE=InnoDB DEFAULT CHARSET=utf8mb4 COLLATE=utf8mb4_unicode_ci;

-- --------------------------------------------------------

--
-- Table structure for table `kots`
--

CREATE TABLE `kots` (
  `id` bigint(20) UNSIGNED NOT NULL,
  `branch_id` bigint(20) UNSIGNED DEFAULT NULL,
  `kot_number` varchar(191) NOT NULL,
  `order_id` bigint(20) UNSIGNED NOT NULL,
  `transaction_id` varchar(191) DEFAULT NULL,
  `note` text DEFAULT NULL,
  `status` enum('pending_confirmation','in_kitchen','food_ready','served','cancelled') NOT NULL DEFAULT 'in_kitchen',
  `cancel_reason_id` bigint(20) UNSIGNED DEFAULT NULL,
  `cancel_reason_text` text DEFAULT NULL,
  `created_at` timestamp NULL DEFAULT NULL,
  `updated_at` timestamp NULL DEFAULT NULL
) ENGINE=InnoDB DEFAULT CHARSET=utf8mb4 COLLATE=utf8mb4_unicode_ci;

--
-- Dumping data for table `kots`
--

INSERT INTO `kots` (`id`, `branch_id`, `kot_number`, `order_id`, `transaction_id`, `note`, `status`, `cancel_reason_id`, `cancel_reason_text`, `created_at`, `updated_at`) VALUES
(1, 3, '2', 1, NULL, NULL, 'served', NULL, NULL, '2025-01-12 16:05:19', '2025-01-12 16:08:08'),
(2, 3, '4', 2, NULL, NULL, 'served', NULL, NULL, '2025-01-12 16:06:46', '2025-01-12 16:16:43'),
(3, 3, '6', 3, NULL, NULL, 'served', NULL, NULL, '2025-01-13 17:56:43', '2025-01-13 17:57:52'),
(4, 3, '8', 3, NULL, NULL, 'food_ready', NULL, NULL, '2025-01-13 18:00:06', '2025-01-13 18:00:58'),
(5, 3, '10', 6, NULL, NULL, 'in_kitchen', NULL, NULL, '2025-01-13 18:30:53', '2025-01-13 18:30:53'),
(6, 3, '12', 9, NULL, 'Need the food fast', 'served', NULL, NULL, '2025-01-14 10:35:20', '2025-01-14 12:13:22'),
(8, 3, '14', 10, NULL, NULL, 'food_ready', NULL, NULL, '2025-01-14 12:14:41', '2025-01-14 12:23:07'),
(9, 3, '16', 10, NULL, NULL, 'served', NULL, NULL, '2025-01-14 12:21:11', '2025-01-14 12:33:10'),
(11, 3, '18', 12, NULL, NULL, 'served', NULL, NULL, '2025-01-14 12:38:22', '2025-01-14 16:23:51'),
(12, 3, '20', 13, NULL, NULL, 'served', NULL, NULL, '2025-01-14 12:39:49', '2025-01-14 12:40:02'),
(13, 3, '22', 15, NULL, NULL, 'food_ready', NULL, NULL, '2025-01-14 08:12:55', '2025-01-14 16:23:46'),
(14, 3, '22', 23, NULL, NULL, 'in_kitchen', NULL, NULL, '2025-01-14 17:26:07', '2025-01-14 17:26:07'),
(15, 3, '24', 41, NULL, NULL, 'in_kitchen', NULL, NULL, '2025-01-14 22:46:20', '2025-01-14 22:46:20'),
(16, 3, '26', 46, NULL, NULL, 'in_kitchen', NULL, NULL, '2025-01-17 01:24:57', '2025-01-17 01:24:57'),
(17, 3, '28', 46, NULL, NULL, 'in_kitchen', NULL, NULL, '2025-01-17 01:26:14', '2025-01-17 01:26:14'),
(18, 3, '30', 48, NULL, NULL, 'in_kitchen', NULL, NULL, '2025-01-17 09:59:39', '2025-01-17 09:59:39'),
(19, 3, '32', 49, NULL, NULL, 'in_kitchen', NULL, NULL, '2025-01-17 12:00:51', '2025-01-17 12:00:51'),
(20, 3, '34', 49, NULL, NULL, 'in_kitchen', NULL, NULL, '2025-01-17 12:01:50', '2025-01-17 12:01:50'),
(21, 3, '36', 53, NULL, NULL, 'in_kitchen', NULL, NULL, '2025-01-18 13:20:55', '2025-01-18 13:20:55'),
(22, 3, '38', 5, NULL, NULL, 'in_kitchen', NULL, NULL, '2025-01-18 20:30:29', '2025-01-18 20:30:29'),
(23, 3, '40', 54, NULL, NULL, 'in_kitchen', NULL, NULL, '2025-01-18 20:32:53', '2025-01-18 20:32:53'),
(24, 3, '42', 54, NULL, NULL, 'in_kitchen', NULL, NULL, '2025-01-18 20:33:23', '2025-01-18 20:33:23'),
(25, 3, '44', 53, NULL, NULL, 'in_kitchen', NULL, NULL, '2025-01-18 20:38:29', '2025-01-18 20:38:29'),
(26, 3, '46', 54, NULL, NULL, 'in_kitchen', NULL, NULL, '2025-01-18 20:46:55', '2025-01-18 20:46:55'),
(29, 3, '48', 59, NULL, NULL, 'served', NULL, NULL, '2025-01-21 17:13:46', '2025-01-21 17:25:47'),
(30, 3, '50', 60, NULL, NULL, 'served', NULL, NULL, '2025-01-22 14:24:36', '2025-01-22 17:13:50'),
(31, 3, '52', 62, NULL, NULL, 'served', NULL, NULL, '2025-01-22 17:41:19', '2025-01-22 17:46:22'),
(33, 3, '54', 68, NULL, NULL, 'in_kitchen', NULL, NULL, '2025-01-25 11:26:12', '2025-01-25 11:26:12'),
(34, 3, '56', 68, NULL, NULL, 'in_kitchen', NULL, NULL, '2025-01-25 11:26:44', '2025-01-25 11:26:44'),
(36, 3, '58', 74, NULL, NULL, 'in_kitchen', NULL, NULL, '2025-01-25 19:09:23', '2025-01-25 19:09:23'),
(37, 3, '60', 75, NULL, NULL, 'in_kitchen', NULL, NULL, '2025-01-26 03:47:20', '2025-01-26 03:47:20'),
(38, 3, '62', 82, NULL, NULL, 'in_kitchen', NULL, NULL, '2025-01-26 06:14:29', '2025-01-26 06:14:29'),
(39, 3, '64', 83, NULL, NULL, 'served', NULL, NULL, '2025-01-26 06:22:35', '2025-01-26 11:00:46'),
(40, 3, '66', 87, NULL, NULL, 'in_kitchen', NULL, NULL, '2025-01-27 09:39:12', '2025-01-27 09:39:12'),
(41, 3, '68', 89, NULL, NULL, 'in_kitchen', NULL, NULL, '2025-01-28 15:29:42', '2025-01-28 15:29:42'),
(43, 3, '70', 93, NULL, NULL, 'food_ready', NULL, NULL, '2025-01-29 04:44:50', '2025-01-29 04:48:08'),
(44, 3, '72', 93, NULL, NULL, 'served', NULL, NULL, '2025-01-29 04:45:44', '2025-01-29 04:48:14'),
(45, 3, '74', 95, NULL, NULL, 'in_kitchen', NULL, NULL, '2025-01-30 11:33:10', '2025-01-30 11:33:10'),
(54, 3, '76', 120, NULL, NULL, 'in_kitchen', NULL, NULL, '2025-02-05 17:22:13', '2025-02-05 17:22:13'),
(55, 3, '78', 121, NULL, NULL, 'in_kitchen', NULL, NULL, '2025-02-05 17:22:22', '2025-02-05 17:22:22'),
(56, 3, '80', 122, NULL, NULL, 'in_kitchen', NULL, NULL, '2025-02-05 17:22:30', '2025-02-05 17:22:30'),
(58, 3, '82', 125, NULL, NULL, 'in_kitchen', NULL, NULL, '2025-02-06 04:37:02', '2025-02-06 04:37:02'),
(63, 3, '84', 134, NULL, NULL, 'in_kitchen', NULL, NULL, '2025-02-06 06:22:07', '2025-02-06 06:22:07'),
(68, 3, '86', 146, NULL, NULL, 'in_kitchen', NULL, NULL, '2025-02-07 07:09:25', '2025-02-07 07:09:25'),
(69, 3, '88', 147, NULL, 'Note', 'in_kitchen', NULL, NULL, '2025-02-07 07:11:32', '2025-02-07 07:11:32'),
(70, 8, '2', 148, NULL, NULL, 'in_kitchen', NULL, NULL, '2025-02-07 11:18:39', '2025-02-07 11:18:39'),
(71, 3, '90', 150, NULL, NULL, 'served', NULL, NULL, '2025-02-07 11:39:40', '2025-02-07 11:40:02'),
(72, 3, '92', 151, NULL, NULL, 'in_kitchen', NULL, NULL, '2025-02-07 11:46:20', '2025-02-07 11:46:20'),
(73, 3, '94', 153, NULL, NULL, 'in_kitchen', NULL, NULL, '2025-02-08 06:03:00', '2025-02-08 06:03:00'),
(74, 3, '96', 153, NULL, 'hello note', 'in_kitchen', NULL, NULL, '2025-02-08 06:03:58', '2025-02-08 06:03:58'),
(75, 3, '98', 154, NULL, NULL, 'served', NULL, NULL, '2025-02-10 09:19:02', '2025-02-10 09:38:55'),
(77, 3, '100', 156, NULL, NULL, 'in_kitchen', NULL, NULL, '2025-02-10 10:18:56', '2025-02-10 10:18:56'),
(78, 3, '102', 157, NULL, NULL, 'in_kitchen', NULL, NULL, '2025-02-10 10:20:29', '2025-02-10 10:20:29'),
(79, 3, '104', 158, NULL, NULL, 'in_kitchen', NULL, NULL, '2025-02-10 10:20:35', '2025-02-10 10:20:35'),
(80, 3, '106', 159, NULL, NULL, 'in_kitchen', NULL, NULL, '2025-02-10 10:20:40', '2025-02-10 10:20:40'),
(81, 3, '108', 160, NULL, NULL, 'in_kitchen', NULL, NULL, '2025-02-10 10:20:43', '2025-02-10 10:20:43'),
(82, 3, '110', 161, NULL, NULL, 'in_kitchen', NULL, NULL, '2025-02-10 10:20:47', '2025-02-10 10:20:47'),
(83, 3, '112', 162, NULL, NULL, 'in_kitchen', NULL, NULL, '2025-02-10 15:55:51', '2025-02-10 15:55:51'),
(84, 3, '114', 162, NULL, NULL, 'in_kitchen', NULL, NULL, '2025-02-10 15:57:00', '2025-02-10 15:57:00'),
(85, 3, '116', 162, NULL, NULL, 'in_kitchen', NULL, NULL, '2025-02-10 15:57:21', '2025-02-10 15:57:21'),
(87, 7, '34', 164, NULL, NULL, 'in_kitchen', NULL, NULL, '2025-02-11 06:58:05', '2025-02-11 06:58:05'),
(88, 7, '36', 164, NULL, NULL, 'in_kitchen', NULL, NULL, '2025-02-11 07:13:42', '2025-02-11 07:13:42'),
(89, 3, '118', 165, NULL, NULL, 'served', NULL, NULL, '2025-02-12 08:41:23', '2025-02-12 08:41:46'),
(90, 3, '120', 166, NULL, NULL, 'in_kitchen', NULL, NULL, '2025-02-12 09:08:09', '2025-02-12 09:08:09'),
(91, 3, '122', 167, NULL, NULL, 'in_kitchen', NULL, NULL, '2025-02-12 09:08:15', '2025-02-12 09:08:15'),
(92, 3, '124', 168, NULL, NULL, 'in_kitchen', NULL, NULL, '2025-02-12 09:08:15', '2025-02-12 09:08:15'),
(93, 3, '124', 169, NULL, NULL, 'in_kitchen', NULL, NULL, '2025-02-12 09:08:20', '2025-02-12 09:08:20'),
(94, 3, '126', 170, NULL, NULL, 'in_kitchen', NULL, NULL, '2025-02-12 09:08:23', '2025-02-12 09:08:23'),
(95, 7, '38', 181, NULL, NULL, 'in_kitchen', NULL, NULL, '2025-02-13 07:53:38', '2025-02-13 07:53:38'),
(96, 7, '40', 183, NULL, NULL, 'in_kitchen', NULL, NULL, '2025-02-17 11:14:21', '2025-02-17 11:14:21'),
(126, 7, '98', 211, NULL, NULL, 'in_kitchen', NULL, NULL, '2025-04-05 09:21:35', '2025-04-05 09:21:35'),
(130, 7, '106', 222, NULL, NULL, 'in_kitchen', NULL, NULL, '2025-05-08 04:52:42', '2025-05-08 04:52:42'),
(131, 7, '108', 243, NULL, NULL, 'in_kitchen', NULL, NULL, '2025-05-24 15:12:52', '2025-05-24 15:12:52'),
(132, 7, '110', 253, NULL, NULL, 'in_kitchen', NULL, NULL, '2025-06-07 09:20:45', '2025-06-07 09:20:45'),
(133, 7, '112', 253, NULL, NULL, 'in_kitchen', NULL, NULL, '2025-06-07 09:41:53', '2025-06-07 09:41:53'),
(134, 7, '114', 257, NULL, NULL, 'in_kitchen', NULL, NULL, '2025-06-08 10:00:20', '2025-06-08 10:00:20'),
(135, 7, '116', 257, NULL, NULL, 'in_kitchen', NULL, NULL, '2025-06-08 10:31:37', '2025-06-08 10:31:37'),
(136, 3, '128', 258, NULL, NULL, 'served', NULL, NULL, '2025-06-09 05:04:59', '2025-06-09 05:05:40'),
(137, 3, '130', 259, NULL, NULL, 'food_ready', NULL, NULL, '2025-06-09 05:35:02', '2025-06-09 05:36:19'),
(138, 3, '132', 260, NULL, NULL, 'in_kitchen', NULL, NULL, '2025-06-09 05:36:04', '2025-06-09 05:36:04'),
(139, 3, '134', 262, NULL, NULL, 'food_ready', NULL, NULL, '2025-06-11 08:42:03', '2025-06-11 08:43:19'),
(140, 3, '136', 263, NULL, NULL, 'food_ready', NULL, NULL, '2025-06-11 17:06:49', '2025-06-11 17:06:57'),
(141, 7, '118', 265, NULL, NULL, 'in_kitchen', NULL, NULL, '2025-06-12 19:37:33', '2025-06-12 19:37:33'),
(142, 7, '120', 265, NULL, NULL, 'in_kitchen', NULL, NULL, '2025-06-12 19:54:33', '2025-06-12 19:54:33'),
(143, 7, '122', 267, NULL, NULL, 'in_kitchen', NULL, NULL, '2025-06-15 20:01:29', '2025-06-15 20:01:29'),
(144, 7, '124', 269, NULL, NULL, 'in_kitchen', NULL, NULL, '2025-06-15 21:35:38', '2025-06-15 21:35:38'),
(145, 7, '126', 269, NULL, NULL, 'in_kitchen', NULL, NULL, '2025-06-15 21:52:47', '2025-06-15 21:52:47'),
(146, 7, '128', 269, NULL, NULL, 'in_kitchen', NULL, NULL, '2025-06-15 22:05:03', '2025-06-15 22:05:03'),
(147, 7, '130', 269, NULL, NULL, 'in_kitchen', NULL, NULL, '2025-06-15 22:32:51', '2025-06-15 22:32:51'),
(148, 7, '132', 270, NULL, NULL, 'in_kitchen', NULL, NULL, '2025-06-18 21:45:15', '2025-06-18 21:45:15'),
(149, 7, '134', 271, NULL, NULL, 'in_kitchen', NULL, NULL, '2025-06-20 12:03:09', '2025-06-20 12:03:09'),
(150, 7, '136', 272, NULL, NULL, 'in_kitchen', NULL, NULL, '2025-06-20 12:54:12', '2025-06-20 12:54:12'),
(151, 7, '138', 273, NULL, NULL, 'in_kitchen', NULL, NULL, '2025-06-21 12:54:42', '2025-06-21 12:54:42'),
(152, 7, '140', 273, NULL, NULL, 'in_kitchen', NULL, NULL, '2025-06-21 13:15:55', '2025-06-21 13:15:55'),
(153, 7, '142', 273, NULL, NULL, 'in_kitchen', NULL, NULL, '2025-06-21 13:44:00', '2025-06-21 13:44:00'),
(154, 7, '144', 273, NULL, NULL, 'in_kitchen', NULL, NULL, '2025-06-21 14:12:47', '2025-06-21 14:12:47'),
(155, 7, '146', 273, NULL, NULL, 'in_kitchen', NULL, NULL, '2025-06-21 14:41:21', '2025-06-21 14:41:21'),
(156, 7, '148', 276, NULL, NULL, 'in_kitchen', NULL, NULL, '2025-06-22 12:22:48', '2025-06-22 12:22:48'),
(157, 7, '150', 277, NULL, NULL, 'in_kitchen', NULL, NULL, '2025-06-26 19:10:42', '2025-06-26 19:10:42'),
(158, 7, '152', 278, NULL, NULL, 'in_kitchen', NULL, NULL, '2025-06-27 13:19:46', '2025-06-27 13:19:46'),
(159, 7, '154', 280, NULL, NULL, 'in_kitchen', NULL, NULL, '2025-06-28 21:03:43', '2025-06-28 21:03:43'),
(160, 7, '156', 280, NULL, NULL, 'in_kitchen', NULL, NULL, '2025-06-28 21:32:07', '2025-06-28 21:32:07'),
(161, 7, '158', 282, NULL, NULL, 'in_kitchen', NULL, NULL, '2025-06-29 15:48:24', '2025-06-29 15:48:24'),
(162, 7, '160', 283, NULL, NULL, 'in_kitchen', NULL, NULL, '2025-07-01 13:53:13', '2025-07-01 13:53:13'),
(163, 7, '162', 285, NULL, NULL, 'in_kitchen', NULL, NULL, '2025-07-03 18:02:01', '2025-07-03 18:02:01'),
(164, 7, '164', 286, NULL, NULL, 'in_kitchen', NULL, NULL, '2025-07-03 18:18:12', '2025-07-03 18:18:12'),
(165, 7, '166', 287, NULL, NULL, 'in_kitchen', NULL, NULL, '2025-07-04 17:36:02', '2025-07-04 17:36:02'),
(166, 7, '168', 287, NULL, NULL, 'in_kitchen', NULL, NULL, '2025-07-04 17:53:13', '2025-07-04 17:53:13'),
(167, 7, '170', 288, NULL, NULL, 'in_kitchen', NULL, NULL, '2025-07-04 18:59:25', '2025-07-04 18:59:25'),
(168, 7, '172', 288, NULL, NULL, 'in_kitchen', NULL, NULL, '2025-07-04 19:16:16', '2025-07-04 19:16:16'),
(169, 7, '174', 289, NULL, NULL, 'in_kitchen', NULL, NULL, '2025-07-04 21:05:01', '2025-07-04 21:05:01'),
(170, 7, '176', 290, NULL, NULL, 'in_kitchen', NULL, NULL, '2025-07-04 21:09:57', '2025-07-04 21:09:57'),
(171, 7, '178', 290, NULL, NULL, 'in_kitchen', NULL, NULL, '2025-07-04 21:25:56', '2025-07-04 21:25:56'),
(172, 7, '180', 289, NULL, NULL, 'in_kitchen', NULL, NULL, '2025-07-04 22:00:23', '2025-07-04 22:00:23'),
(173, 7, '182', 291, NULL, NULL, 'in_kitchen', NULL, NULL, '2025-07-06 20:23:45', '2025-07-06 20:23:45'),
(174, 7, '184', 291, NULL, NULL, 'in_kitchen', NULL, NULL, '2025-07-06 21:01:38', '2025-07-06 21:01:38'),
(175, 7, '186', 292, NULL, NULL, 'in_kitchen', NULL, NULL, '2025-07-06 21:13:46', '2025-07-06 21:13:46'),
(176, 7, '188', 292, NULL, NULL, 'in_kitchen', NULL, NULL, '2025-07-06 21:22:16', '2025-07-06 21:22:16'),
(177, 7, '190', 291, NULL, NULL, 'in_kitchen', NULL, NULL, '2025-07-06 21:23:20', '2025-07-06 21:23:20'),
(178, 7, '192', 291, NULL, NULL, 'in_kitchen', NULL, NULL, '2025-07-06 21:49:31', '2025-07-06 21:49:31'),
(179, 7, '194', 291, NULL, NULL, 'in_kitchen', NULL, NULL, '2025-07-06 21:56:45', '2025-07-06 21:56:45'),
(180, 7, '196', 291, NULL, NULL, 'in_kitchen', NULL, NULL, '2025-07-06 22:14:12', '2025-07-06 22:14:12'),
(187, 7, '198', 296, NULL, NULL, 'in_kitchen', NULL, NULL, '2025-07-08 13:22:28', '2025-07-08 13:22:28'),
(188, 7, '200', 299, NULL, NULL, 'in_kitchen', NULL, NULL, '2025-07-13 19:54:47', '2025-07-13 19:54:47'),
(189, 7, '202', 299, NULL, NULL, 'in_kitchen', NULL, NULL, '2025-07-13 20:05:50', '2025-07-13 20:05:50'),
(190, 7, '204', 299, NULL, NULL, 'in_kitchen', NULL, NULL, '2025-07-13 20:06:57', '2025-07-13 20:06:57'),
(191, 7, '206', 299, NULL, NULL, 'in_kitchen', NULL, NULL, '2025-07-13 20:39:21', '2025-07-13 20:39:21'),
(192, 7, '208', 299, NULL, NULL, 'in_kitchen', NULL, NULL, '2025-07-13 21:19:16', '2025-07-13 21:19:16'),
(193, 7, '210', 299, NULL, NULL, 'in_kitchen', NULL, NULL, '2025-07-13 21:38:29', '2025-07-13 21:38:29'),
(194, 7, '212', 299, NULL, NULL, 'in_kitchen', NULL, NULL, '2025-07-13 21:40:23', '2025-07-13 21:40:23'),
(195, 7, '214', 300, NULL, NULL, 'in_kitchen', NULL, NULL, '2025-07-15 13:32:50', '2025-07-15 13:32:50'),
(196, 7, '216', 301, NULL, NULL, 'in_kitchen', NULL, NULL, '2025-07-16 13:19:00', '2025-07-16 13:19:00'),
(197, 7, '218', 303, NULL, NULL, 'in_kitchen', NULL, NULL, '2025-07-16 14:53:34', '2025-07-16 14:53:34'),
(198, 7, '220', 307, NULL, NULL, 'in_kitchen', NULL, NULL, '2025-07-18 21:27:58', '2025-07-18 21:27:58'),
(199, 7, '222', 308, NULL, NULL, 'in_kitchen', NULL, NULL, '2025-07-19 15:15:36', '2025-07-19 15:15:36'),
(200, 7, '224', 308, NULL, NULL, 'in_kitchen', NULL, NULL, '2025-07-19 15:28:21', '2025-07-19 15:28:21'),
(201, 7, '226', 308, NULL, NULL, 'in_kitchen', NULL, NULL, '2025-07-19 15:30:29', '2025-07-19 15:30:29'),
(202, 7, '228', 308, NULL, NULL, 'in_kitchen', NULL, NULL, '2025-07-19 16:05:22', '2025-07-19 16:05:22'),
(203, 7, '230', 308, NULL, NULL, 'in_kitchen', NULL, NULL, '2025-07-19 16:10:43', '2025-07-19 16:10:43'),
(204, 7, '232', 308, NULL, NULL, 'in_kitchen', NULL, NULL, '2025-07-19 16:26:21', '2025-07-19 16:26:21'),
(205, 7, '234', 308, NULL, NULL, 'in_kitchen', NULL, NULL, '2025-07-19 16:40:47', '2025-07-19 16:40:47'),
(206, 7, '236', 309, NULL, NULL, 'in_kitchen', NULL, NULL, '2025-07-19 22:13:32', '2025-07-19 22:13:32'),
(207, 7, '238', 309, NULL, NULL, 'in_kitchen', NULL, NULL, '2025-07-19 22:22:38', '2025-07-19 22:22:38'),
(208, 7, '240', 310, NULL, NULL, 'in_kitchen', NULL, NULL, '2025-07-20 20:43:39', '2025-07-20 20:43:39'),
(209, 7, '242', 310, NULL, NULL, 'in_kitchen', NULL, NULL, '2025-07-20 21:02:58', '2025-07-20 21:02:58'),
(210, 7, '244', 311, NULL, NULL, 'in_kitchen', NULL, NULL, '2025-07-20 21:08:55', '2025-07-20 21:08:55'),
(211, 7, '246', 311, NULL, NULL, 'in_kitchen', NULL, NULL, '2025-07-20 21:15:12', '2025-07-20 21:15:12'),
(212, 7, '248', 310, NULL, NULL, 'in_kitchen', NULL, NULL, '2025-07-20 21:34:32', '2025-07-20 21:34:32'),
(213, 7, '250', 310, NULL, NULL, 'in_kitchen', NULL, NULL, '2025-07-20 21:53:24', '2025-07-20 21:53:24'),
(214, 7, '252', 312, NULL, NULL, 'in_kitchen', NULL, NULL, '2025-07-20 22:15:20', '2025-07-20 22:15:20'),
(215, 7, '254', 312, NULL, NULL, 'in_kitchen', NULL, NULL, '2025-07-20 22:18:36', '2025-07-20 22:18:36'),
(216, 7, '256', 314, NULL, NULL, 'in_kitchen', NULL, NULL, '2025-07-22 16:58:20', '2025-07-22 16:58:20'),
(217, 7, '258', 315, NULL, NULL, 'in_kitchen', NULL, NULL, '2025-07-24 21:38:37', '2025-07-24 21:38:37'),
(218, 7, '260', 316, NULL, NULL, 'in_kitchen', NULL, NULL, '2025-07-25 14:04:15', '2025-07-25 14:04:15'),
(219, 7, '262', 318, NULL, NULL, 'in_kitchen', NULL, NULL, '2025-07-26 23:11:18', '2025-07-26 23:11:18'),
(220, 7, '264', 319, NULL, NULL, 'in_kitchen', NULL, NULL, '2025-07-27 16:25:37', '2025-07-27 16:25:37'),
(221, 7, '266', 319, NULL, NULL, 'in_kitchen', NULL, NULL, '2025-07-27 17:05:27', '2025-07-27 17:05:27'),
(222, 7, '268', 319, NULL, NULL, 'in_kitchen', NULL, NULL, '2025-07-27 17:55:41', '2025-07-27 17:55:41'),
(223, 7, '270', 321, NULL, NULL, 'in_kitchen', NULL, NULL, '2025-07-29 14:31:09', '2025-07-29 14:31:09'),
(224, 7, '272', 323, NULL, NULL, 'in_kitchen', NULL, NULL, '2025-07-30 15:25:06', '2025-07-30 15:25:06'),
(225, 7, '274', 323, NULL, NULL, 'in_kitchen', NULL, NULL, '2025-07-30 15:49:04', '2025-07-30 15:49:04'),
(226, 7, '276', 323, NULL, NULL, 'in_kitchen', NULL, NULL, '2025-07-30 16:03:38', '2025-07-30 16:03:38'),
(227, 7, '278', 323, NULL, NULL, 'in_kitchen', NULL, NULL, '2025-07-30 16:49:08', '2025-07-30 16:49:08'),
(228, 7, '280', 324, NULL, NULL, 'in_kitchen', NULL, NULL, '2025-07-30 21:34:00', '2025-07-30 21:34:00'),
(229, 7, '282', 324, NULL, NULL, 'in_kitchen', NULL, NULL, '2025-07-30 22:29:38', '2025-07-30 22:29:38'),
(230, 7, '284', 325, NULL, NULL, 'in_kitchen', NULL, NULL, '2025-08-02 18:27:01', '2025-08-02 18:27:01'),
(231, 7, '286', 326, NULL, NULL, 'in_kitchen', NULL, NULL, '2025-08-03 15:24:36', '2025-08-03 15:24:36'),
(232, 7, '288', 327, NULL, NULL, 'in_kitchen', NULL, NULL, '2025-08-03 15:39:45', '2025-08-03 15:39:45'),
(233, 3, '138', 328, NULL, NULL, 'in_kitchen', NULL, NULL, '2025-08-04 21:05:51', '2025-08-04 21:05:51'),
(234, 7, '290', 329, NULL, NULL, 'in_kitchen', NULL, NULL, '2025-08-05 13:54:32', '2025-08-05 13:54:32'),
(235, 7, '292', 331, NULL, NULL, 'in_kitchen', NULL, NULL, '2025-08-06 15:14:20', '2025-08-06 15:14:20'),
(236, 7, '294', 332, NULL, NULL, 'in_kitchen', NULL, NULL, '2025-08-06 18:19:45', '2025-08-06 18:19:45'),
(237, 7, '296', 333, NULL, NULL, 'in_kitchen', NULL, NULL, '2025-08-07 20:17:02', '2025-08-07 20:17:02'),
(238, 7, '298', 334, NULL, NULL, 'in_kitchen', NULL, NULL, '2025-08-08 21:42:22', '2025-08-08 21:42:22'),
(239, 7, '300', 334, NULL, NULL, 'in_kitchen', NULL, NULL, '2025-08-08 22:06:21', '2025-08-08 22:06:21'),
(240, 7, '302', 336, NULL, NULL, 'in_kitchen', NULL, NULL, '2025-08-10 16:09:55', '2025-08-10 16:09:55');

-- --------------------------------------------------------

--
-- Table structure for table `kot_cancel_reasons`
--

CREATE TABLE `kot_cancel_reasons` (
  `id` bigint(20) UNSIGNED NOT NULL,
  `restaurant_id` bigint(20) UNSIGNED DEFAULT NULL,
  `reason` varchar(191) NOT NULL,
  `cancel_order` tinyint(1) NOT NULL DEFAULT 0,
  `cancel_kot` tinyint(1) NOT NULL DEFAULT 0,
  `created_at` timestamp NULL DEFAULT NULL,
  `updated_at` timestamp NULL DEFAULT NULL
) ENGINE=InnoDB DEFAULT CHARSET=utf8mb4 COLLATE=utf8mb4_unicode_ci;

--
-- Dumping data for table `kot_cancel_reasons`
--

INSERT INTO `kot_cancel_reasons` (`id`, `restaurant_id`, `reason`, `cancel_order`, `cancel_kot`, `created_at`, `updated_at`) VALUES
(1, 1, 'Customer changed their mind', 1, 0, '2025-08-01 09:38:03', '2025-08-01 09:38:03'),
(2, 1, 'Customer requested to cancel', 1, 0, '2025-08-01 09:38:03', '2025-08-01 09:38:03'),
(3, 1, 'Payment issues', 1, 0, '2025-08-01 09:38:03', '2025-08-01 09:38:03'),
(4, 1, 'Customer no longer wants the order', 1, 0, '2025-08-01 09:38:03', '2025-08-01 09:38:03'),
(5, 1, 'Ingredient not available', 0, 1, '2025-08-01 09:38:04', '2025-08-01 09:38:04'),
(6, 1, 'Preparation time too long', 0, 1, '2025-08-01 09:38:04', '2025-08-01 09:38:04'),
(7, 1, 'Quality issue with ingredients', 0, 1, '2025-08-01 09:38:04', '2025-08-01 09:38:04'),
(8, 1, 'System error/Technical issue', 1, 1, '2025-08-01 09:38:04', '2025-08-01 09:38:04'),
(9, 1, 'Restaurant closing early', 1, 1, '2025-08-01 09:38:04', '2025-08-01 09:38:04'),
(10, 1, 'Other', 1, 1, '2025-08-01 09:38:04', '2025-08-01 09:38:04');

-- --------------------------------------------------------

--
-- Table structure for table `kot_items`
--

CREATE TABLE `kot_items` (
  `id` bigint(20) UNSIGNED NOT NULL,
  `kot_id` bigint(20) UNSIGNED NOT NULL,
  `transaction_id` varchar(191) DEFAULT NULL,
  `menu_item_id` bigint(20) UNSIGNED NOT NULL,
  `menu_item_variation_id` bigint(20) UNSIGNED DEFAULT NULL,
  `note` text DEFAULT NULL,
  `quantity` int(11) NOT NULL,
  `status` enum('pending','cooking','ready') DEFAULT NULL,
  `created_at` timestamp NULL DEFAULT NULL,
  `updated_at` timestamp NULL DEFAULT NULL
) ENGINE=InnoDB DEFAULT CHARSET=utf8mb4 COLLATE=utf8mb4_unicode_ci;

--
-- Dumping data for table `kot_items`
--

INSERT INTO `kot_items` (`id`, `kot_id`, `transaction_id`, `menu_item_id`, `menu_item_variation_id`, `note`, `quantity`, `status`, `created_at`, `updated_at`) VALUES
(1, 1, NULL, 16, NULL, NULL, 1, NULL, '2025-01-12 16:05:19', '2025-01-12 16:05:19'),
(2, 1, NULL, 10, NULL, NULL, 1, NULL, '2025-01-12 16:05:19', '2025-01-12 16:05:19'),
(3, 2, NULL, 14, NULL, NULL, 1, NULL, '2025-01-12 16:06:46', '2025-01-12 16:06:46'),
(4, 2, NULL, 7, NULL, NULL, 2, NULL, '2025-01-12 16:06:46', '2025-01-12 16:06:46'),
(5, 2, NULL, 6, NULL, NULL, 2, NULL, '2025-01-12 16:06:46', '2025-01-12 16:06:46'),
(6, 3, NULL, 1, NULL, NULL, 1, NULL, '2025-01-13 17:56:43', '2025-01-13 17:56:43'),
(7, 3, NULL, 2, NULL, NULL, 1, NULL, '2025-01-13 17:56:43', '2025-01-13 17:56:43'),
(8, 3, NULL, 3, NULL, NULL, 2, NULL, '2025-01-13 17:56:43', '2025-01-13 17:56:43'),
(9, 3, NULL, 10, NULL, NULL, 1, NULL, '2025-01-13 17:56:43', '2025-01-13 17:56:43'),
(10, 4, NULL, 5, NULL, NULL, 3, NULL, '2025-01-13 18:00:06', '2025-01-13 18:00:06'),
(11, 4, NULL, 16, NULL, NULL, 1, NULL, '2025-01-13 18:00:06', '2025-01-13 18:00:06'),
(12, 5, NULL, 3, NULL, NULL, 1, NULL, '2025-01-13 18:30:53', '2025-01-13 18:30:53'),
(13, 5, NULL, 4, NULL, NULL, 1, NULL, '2025-01-13 18:30:53', '2025-01-13 18:30:53'),
(14, 5, NULL, 14, NULL, NULL, 1, NULL, '2025-01-13 18:30:53', '2025-01-13 18:30:53'),
(15, 6, NULL, 1, NULL, NULL, 1, NULL, '2025-01-14 10:35:20', '2025-01-14 10:35:20'),
(16, 6, NULL, 8, NULL, NULL, 1, NULL, '2025-01-14 10:35:20', '2025-01-14 10:35:20'),
(17, 6, NULL, 9, NULL, NULL, 1, NULL, '2025-01-14 10:35:20', '2025-01-14 10:35:20'),
(21, 8, NULL, 10, NULL, NULL, 1, NULL, '2025-01-14 12:14:41', '2025-01-14 12:14:41'),
(22, 8, NULL, 5, NULL, NULL, 1, NULL, '2025-01-14 12:14:41', '2025-01-14 12:14:41'),
(23, 8, NULL, 9, NULL, NULL, 1, NULL, '2025-01-14 12:14:41', '2025-01-14 12:14:41'),
(24, 9, NULL, 10, NULL, NULL, 1, NULL, '2025-01-14 12:21:11', '2025-01-14 12:21:11'),
(25, 9, NULL, 9, NULL, NULL, 1, NULL, '2025-01-14 12:21:11', '2025-01-14 12:21:11'),
(26, 9, NULL, 14, NULL, NULL, 1, NULL, '2025-01-14 12:21:11', '2025-01-14 12:21:11'),
(29, 11, NULL, 5, NULL, NULL, 1, NULL, '2025-01-14 12:38:22', '2025-01-14 12:38:22'),
(30, 11, NULL, 4, NULL, NULL, 1, NULL, '2025-01-14 12:38:22', '2025-01-14 12:38:22'),
(31, 12, NULL, 2, NULL, NULL, 1, NULL, '2025-01-14 12:39:49', '2025-01-14 12:39:49'),
(32, 12, NULL, 3, NULL, NULL, 1, NULL, '2025-01-14 12:39:49', '2025-01-14 12:39:49'),
(33, 12, NULL, 4, NULL, NULL, 3, NULL, '2025-01-14 12:39:49', '2025-01-14 12:39:49'),
(34, 13, NULL, 7, NULL, NULL, 1, NULL, '2025-01-14 08:12:55', '2025-01-14 08:12:55'),
(35, 14, NULL, 7, NULL, NULL, 1, NULL, '2025-01-14 17:26:07', '2025-01-14 17:26:07'),
(36, 15, NULL, 10, NULL, NULL, 1, NULL, '2025-01-14 22:46:20', '2025-01-14 22:46:20'),
(37, 15, NULL, 9, NULL, NULL, 1, NULL, '2025-01-14 22:46:20', '2025-01-14 22:46:20'),
(38, 15, NULL, 14, NULL, NULL, 1, NULL, '2025-01-14 22:46:20', '2025-01-14 22:46:20'),
(39, 15, NULL, 15, NULL, NULL, 1, NULL, '2025-01-14 22:46:20', '2025-01-14 22:46:20'),
(40, 15, NULL, 4, NULL, NULL, 1, NULL, '2025-01-14 22:46:20', '2025-01-14 22:46:20'),
(41, 15, NULL, 8, NULL, NULL, 1, NULL, '2025-01-14 22:46:20', '2025-01-14 22:46:20'),
(42, 16, NULL, 9, NULL, NULL, 1, NULL, '2025-01-17 01:24:57', '2025-01-17 01:24:57'),
(43, 16, NULL, 8, NULL, NULL, 1, NULL, '2025-01-17 01:24:57', '2025-01-17 01:24:57'),
(44, 16, NULL, 2, NULL, NULL, 1, NULL, '2025-01-17 01:24:57', '2025-01-17 01:24:57'),
(45, 17, NULL, 9, NULL, NULL, 1, NULL, '2025-01-17 01:26:14', '2025-01-17 01:26:14'),
(46, 17, NULL, 5, NULL, NULL, 1, NULL, '2025-01-17 01:26:14', '2025-01-17 01:26:14'),
(47, 17, NULL, 10, NULL, NULL, 1, NULL, '2025-01-17 01:26:14', '2025-01-17 01:26:14'),
(48, 18, NULL, 8, NULL, NULL, 1, NULL, '2025-01-17 09:59:39', '2025-01-17 09:59:39'),
(49, 19, NULL, 3, NULL, NULL, 1, NULL, '2025-01-17 12:00:51', '2025-01-17 12:00:51'),
(50, 19, NULL, 4, NULL, NULL, 1, NULL, '2025-01-17 12:00:51', '2025-01-17 12:00:51'),
(51, 19, NULL, 7, NULL, NULL, 3, NULL, '2025-01-17 12:00:51', '2025-01-17 12:00:51'),
(52, 20, NULL, 3, NULL, NULL, 1, NULL, '2025-01-17 12:01:50', '2025-01-17 12:01:50'),
(53, 20, NULL, 5, NULL, NULL, 1, NULL, '2025-01-17 12:01:50', '2025-01-17 12:01:50'),
(54, 21, NULL, 15, NULL, NULL, 1, NULL, '2025-01-18 13:20:55', '2025-01-18 13:20:55'),
(55, 21, NULL, 165, NULL, NULL, 1, NULL, '2025-01-18 13:20:55', '2025-01-18 13:20:55'),
(57, 21, NULL, 16, NULL, NULL, 1, NULL, '2025-01-18 13:20:55', '2025-01-18 13:20:55'),
(58, 21, NULL, 11, NULL, NULL, 1, NULL, '2025-01-18 13:20:55', '2025-01-18 13:20:55'),
(59, 22, NULL, 9, NULL, NULL, 1, NULL, '2025-01-18 20:30:29', '2025-01-18 20:30:29'),
(60, 22, NULL, 4, NULL, NULL, 1, NULL, '2025-01-18 20:30:29', '2025-01-18 20:30:29'),
(61, 22, NULL, 8, NULL, NULL, 1, NULL, '2025-01-18 20:30:29', '2025-01-18 20:30:29'),
(62, 23, NULL, 4, NULL, NULL, 1, NULL, '2025-01-18 20:32:53', '2025-01-18 20:32:53'),
(63, 23, NULL, 9, NULL, NULL, 1, NULL, '2025-01-18 20:32:53', '2025-01-18 20:32:53'),
(64, 23, NULL, 10, NULL, NULL, 1, NULL, '2025-01-18 20:32:53', '2025-01-18 20:32:53'),
(65, 24, NULL, 10, NULL, NULL, 1, NULL, '2025-01-18 20:33:23', '2025-01-18 20:33:23'),
(66, 24, NULL, 4, NULL, NULL, 1, NULL, '2025-01-18 20:33:23', '2025-01-18 20:33:23'),
(67, 24, NULL, 14, NULL, NULL, 1, NULL, '2025-01-18 20:33:23', '2025-01-18 20:33:23'),
(68, 25, NULL, 4, NULL, NULL, 1, NULL, '2025-01-18 20:38:29', '2025-01-18 20:38:29'),
(69, 25, NULL, 8, NULL, NULL, 1, NULL, '2025-01-18 20:38:29', '2025-01-18 20:38:29'),
(70, 25, NULL, 13, NULL, NULL, 1, NULL, '2025-01-18 20:38:29', '2025-01-18 20:38:29'),
(71, 26, NULL, 5, NULL, NULL, 2, NULL, '2025-01-18 20:46:55', '2025-01-18 20:46:55'),
(75, 29, NULL, 3, NULL, NULL, 1, NULL, '2025-01-21 17:13:46', '2025-01-21 17:13:46'),
(76, 29, NULL, 5, NULL, NULL, 1, NULL, '2025-01-21 17:13:46', '2025-01-21 17:13:46'),
(77, 30, NULL, 10, NULL, NULL, 1, NULL, '2025-01-22 14:24:36', '2025-01-22 14:24:36'),
(78, 30, NULL, 9, NULL, NULL, 1, NULL, '2025-01-22 14:24:36', '2025-01-22 14:24:36'),
(79, 31, NULL, 7, NULL, NULL, 1, NULL, '2025-01-22 17:41:19', '2025-01-22 17:41:19'),
(80, 31, NULL, 6, NULL, NULL, 1, NULL, '2025-01-22 17:41:19', '2025-01-22 17:41:19'),
(84, 33, NULL, 9, NULL, NULL, 1, NULL, '2025-01-25 11:26:12', '2025-01-25 11:26:12'),
(85, 33, NULL, 10, NULL, NULL, 1, NULL, '2025-01-25 11:26:12', '2025-01-25 11:26:12'),
(86, 33, NULL, 5, NULL, NULL, 1, NULL, '2025-01-25 11:26:12', '2025-01-25 11:26:12'),
(87, 34, NULL, 10, NULL, NULL, 1, NULL, '2025-01-25 11:26:44', '2025-01-25 11:26:44'),
(88, 34, NULL, 9, NULL, NULL, 1, NULL, '2025-01-25 11:26:44', '2025-01-25 11:26:44'),
(92, 36, NULL, 2, NULL, NULL, 1, NULL, '2025-01-25 19:09:23', '2025-01-25 19:09:23'),
(93, 36, NULL, 8, NULL, NULL, 1, NULL, '2025-01-25 19:09:23', '2025-01-25 19:09:23'),
(94, 36, NULL, 5, NULL, NULL, 1, NULL, '2025-01-25 19:09:23', '2025-01-25 19:09:23'),
(95, 37, NULL, 9, NULL, NULL, 1, NULL, '2025-01-26 03:47:20', '2025-01-26 03:47:20'),
(96, 37, NULL, 8, NULL, NULL, 1, NULL, '2025-01-26 03:47:20', '2025-01-26 03:47:20'),
(97, 37, NULL, 13, NULL, NULL, 1, NULL, '2025-01-26 03:47:20', '2025-01-26 03:47:20'),
(98, 38, NULL, 3, NULL, NULL, 1, NULL, '2025-01-26 06:14:29', '2025-01-26 06:14:29'),
(99, 38, NULL, 4, NULL, NULL, 1, NULL, '2025-01-26 06:14:29', '2025-01-26 06:14:29'),
(100, 38, NULL, 5, NULL, NULL, 1, NULL, '2025-01-26 06:14:29', '2025-01-26 06:14:29'),
(101, 39, NULL, 4, NULL, NULL, 1, NULL, '2025-01-26 06:22:35', '2025-01-26 06:22:35'),
(102, 39, NULL, 5, NULL, NULL, 1, NULL, '2025-01-26 06:22:35', '2025-01-26 06:22:35'),
(103, 39, NULL, 9, NULL, NULL, 1, NULL, '2025-01-26 06:22:35', '2025-01-26 06:22:35'),
(104, 39, NULL, 14, NULL, NULL, 1, NULL, '2025-01-26 06:22:35', '2025-01-26 06:22:35'),
(105, 40, NULL, 5, NULL, NULL, 1, NULL, '2025-01-27 09:39:12', '2025-01-27 09:39:12'),
(106, 40, NULL, 4, NULL, NULL, 1, NULL, '2025-01-27 09:39:12', '2025-01-27 09:39:12'),
(107, 40, NULL, 9, NULL, NULL, 1, NULL, '2025-01-27 09:39:12', '2025-01-27 09:39:12'),
(108, 41, NULL, 4, NULL, NULL, 1, NULL, '2025-01-28 15:29:42', '2025-01-28 15:29:42'),
(110, 43, NULL, 2, NULL, NULL, 1, NULL, '2025-01-29 04:44:50', '2025-01-29 04:44:50'),
(111, 43, NULL, 8, NULL, NULL, 1, NULL, '2025-01-29 04:44:50', '2025-01-29 04:44:50'),
(112, 43, NULL, 14, NULL, NULL, 2, NULL, '2025-01-29 04:44:50', '2025-01-29 04:44:50'),
(113, 44, NULL, 8, NULL, NULL, 1, NULL, '2025-01-29 04:45:44', '2025-01-29 04:45:44'),
(114, 44, NULL, 12, NULL, NULL, 1, NULL, '2025-01-29 04:45:44', '2025-01-29 04:45:44'),
(115, 45, NULL, 1, NULL, NULL, 1, NULL, '2025-01-30 11:33:10', '2025-01-30 11:33:10'),
(116, 45, NULL, 2, NULL, NULL, 1, NULL, '2025-01-30 11:33:10', '2025-01-30 11:33:10'),
(117, 45, NULL, 3, NULL, NULL, 1, NULL, '2025-01-30 11:33:10', '2025-01-30 11:33:10'),
(137, 54, NULL, 4, NULL, NULL, 1, NULL, '2025-02-05 17:22:13', '2025-02-05 17:22:13'),
(138, 55, NULL, 7, NULL, NULL, 1, NULL, '2025-02-05 17:22:22', '2025-02-05 17:22:22'),
(139, 56, NULL, 3, NULL, NULL, 1, NULL, '2025-02-05 17:22:30', '2025-02-05 17:22:30'),
(141, 58, NULL, 8, NULL, NULL, 1, NULL, '2025-02-06 04:37:02', '2025-02-06 04:37:02'),
(146, 63, NULL, 12, NULL, NULL, 1, NULL, '2025-02-06 06:22:07', '2025-02-06 06:22:07'),
(155, 68, NULL, 3, NULL, NULL, 1, NULL, '2025-02-07 07:09:25', '2025-02-07 07:09:25'),
(156, 69, NULL, 4, NULL, NULL, 1, NULL, '2025-02-07 07:11:32', '2025-02-07 07:11:32'),
(157, 70, NULL, 197, NULL, NULL, 3, NULL, '2025-02-07 11:18:39', '2025-02-07 11:18:39'),
(158, 71, NULL, 8, NULL, NULL, 1, NULL, '2025-02-07 11:39:40', '2025-02-07 11:39:40'),
(159, 71, NULL, 13, NULL, NULL, 1, NULL, '2025-02-07 11:39:40', '2025-02-07 11:39:40'),
(160, 72, NULL, 4, NULL, NULL, 2, NULL, '2025-02-07 11:46:20', '2025-02-07 11:46:20'),
(161, 72, NULL, 12, NULL, NULL, 1, NULL, '2025-02-07 11:46:20', '2025-02-07 11:46:20'),
(162, 73, NULL, 5, NULL, NULL, 1, NULL, '2025-02-08 06:03:00', '2025-02-08 06:03:00'),
(163, 73, NULL, 4, NULL, NULL, 1, NULL, '2025-02-08 06:03:01', '2025-02-08 06:03:01'),
(164, 74, NULL, 10, NULL, NULL, 1, NULL, '2025-02-08 06:03:58', '2025-02-08 06:03:58'),
(165, 74, NULL, 9, NULL, NULL, 1, NULL, '2025-02-08 06:03:58', '2025-02-08 06:03:58'),
(166, 75, NULL, 6, NULL, NULL, 1, NULL, '2025-02-10 09:19:02', '2025-02-10 09:19:02'),
(169, 77, NULL, 166, NULL, NULL, 1, NULL, '2025-02-10 10:18:56', '2025-02-10 10:18:56'),
(170, 78, NULL, 166, NULL, NULL, 1, NULL, '2025-02-10 10:20:29', '2025-02-10 10:20:29'),
(171, 79, NULL, 166, NULL, NULL, 1, NULL, '2025-02-10 10:20:35', '2025-02-10 10:20:35'),
(172, 80, NULL, 166, NULL, NULL, 1, NULL, '2025-02-10 10:20:40', '2025-02-10 10:20:40'),
(173, 81, NULL, 166, NULL, NULL, 1, NULL, '2025-02-10 10:20:43', '2025-02-10 10:20:43'),
(174, 82, NULL, 166, NULL, NULL, 1, NULL, '2025-02-10 10:20:47', '2025-02-10 10:20:47'),
(175, 83, NULL, 166, NULL, NULL, 1, NULL, '2025-02-10 15:55:51', '2025-02-10 15:55:51'),
(176, 83, NULL, 4, NULL, NULL, 2, NULL, '2025-02-10 15:55:51', '2025-02-10 15:55:51'),
(177, 84, NULL, 166, NULL, NULL, 2, NULL, '2025-02-10 15:57:00', '2025-02-10 15:57:00'),
(178, 85, NULL, 166, NULL, NULL, 1, NULL, '2025-02-10 15:57:21', '2025-02-10 15:57:21'),
(179, 85, NULL, 4, NULL, NULL, 1, NULL, '2025-02-10 15:57:21', '2025-02-10 15:57:21'),
(180, 85, NULL, 5, NULL, NULL, 1, NULL, '2025-02-10 15:57:21', '2025-02-10 15:57:21'),
(182, 87, NULL, 25, 32, NULL, 1, NULL, '2025-02-11 06:58:05', '2025-02-11 06:58:05'),
(183, 88, NULL, 23, NULL, NULL, 1, NULL, '2025-02-11 07:13:42', '2025-02-11 07:13:42'),
(184, 89, NULL, 14, NULL, NULL, 1, NULL, '2025-02-12 08:41:23', '2025-02-12 08:41:23'),
(185, 90, NULL, 6, NULL, NULL, 1, NULL, '2025-02-12 09:08:09', '2025-02-12 09:08:09'),
(186, 91, NULL, 166, NULL, NULL, 1, NULL, '2025-02-12 09:08:15', '2025-02-12 09:08:15'),
(187, 92, NULL, 6, NULL, NULL, 1, NULL, '2025-02-12 09:08:15', '2025-02-12 09:08:15'),
(188, 93, NULL, 6, NULL, NULL, 1, NULL, '2025-02-12 09:08:20', '2025-02-12 09:08:20'),
(189, 94, NULL, 6, NULL, NULL, 1, NULL, '2025-02-12 09:08:23', '2025-02-12 09:08:23'),
(190, 95, NULL, 27, 29, NULL, 1, NULL, '2025-02-13 07:53:39', '2025-02-13 07:53:39'),
(191, 95, NULL, 193, NULL, NULL, 1, NULL, '2025-02-13 07:53:39', '2025-02-13 07:53:39'),
(192, 96, NULL, 17, NULL, NULL, 1, NULL, '2025-02-17 11:14:21', '2025-02-17 11:14:21'),
(193, 96, NULL, 18, NULL, NULL, 1, NULL, '2025-02-17 11:14:21', '2025-02-17 11:14:21'),
(285, 126, NULL, 175, NULL, NULL, 1, NULL, '2025-04-05 09:21:35', '2025-04-05 09:21:35'),
(294, 130, NULL, 18, NULL, NULL, 1, NULL, '2025-05-08 04:52:42', '2025-05-08 04:52:42'),
(295, 131, NULL, 29, NULL, NULL, 3, NULL, '2025-05-24 15:12:52', '2025-05-24 15:12:52'),
(296, 131, NULL, 63, NULL, NULL, 1, NULL, '2025-05-24 15:12:52', '2025-05-24 15:12:52'),
(297, 131, NULL, 67, NULL, NULL, 1, NULL, '2025-05-24 15:12:52', '2025-05-24 15:12:52'),
(298, 131, NULL, 213, NULL, NULL, 1, NULL, '2025-05-24 15:12:52', '2025-05-24 15:12:52'),
(299, 131, NULL, 174, NULL, NULL, 3, NULL, '2025-05-24 15:12:52', '2025-05-24 15:12:52'),
(300, 131, NULL, 112, NULL, NULL, 1, NULL, '2025-05-24 15:12:52', '2025-05-24 15:12:52'),
(301, 131, NULL, 92, NULL, NULL, 1, NULL, '2025-05-24 15:12:52', '2025-05-24 15:12:52'),
(302, 131, NULL, 220, NULL, NULL, 1, NULL, '2025-05-24 15:12:52', '2025-05-24 15:12:52'),
(303, 131, NULL, 206, NULL, NULL, 1, NULL, '2025-05-24 15:12:52', '2025-05-24 15:12:52'),
(304, 131, NULL, 109, NULL, NULL, 1, NULL, '2025-05-24 15:12:52', '2025-05-24 15:12:52'),
(305, 131, NULL, 209, NULL, NULL, 1, NULL, '2025-05-24 15:12:52', '2025-05-24 15:12:52'),
(306, 132, NULL, 214, NULL, NULL, 1, NULL, '2025-06-07 09:20:45', '2025-06-07 09:20:45'),
(307, 132, NULL, 208, NULL, NULL, 3, NULL, '2025-06-07 09:20:45', '2025-06-07 09:20:45'),
(308, 132, NULL, 173, NULL, NULL, 1, NULL, '2025-06-07 09:20:45', '2025-06-07 09:20:45'),
(309, 132, NULL, 113, NULL, NULL, 1, NULL, '2025-06-07 09:20:45', '2025-06-07 09:20:45'),
(310, 132, NULL, 114, NULL, NULL, 1, NULL, '2025-06-07 09:20:45', '2025-06-07 09:20:45'),
(311, 132, NULL, 109, NULL, NULL, 2, NULL, '2025-06-07 09:20:45', '2025-06-07 09:20:45'),
(312, 132, NULL, 213, NULL, NULL, 1, NULL, '2025-06-07 09:20:45', '2025-06-07 09:20:45'),
(313, 132, NULL, 222, NULL, NULL, 1, NULL, '2025-06-07 09:20:45', '2025-06-07 09:20:45'),
(314, 133, NULL, 22, NULL, NULL, 2, NULL, '2025-06-07 09:41:53', '2025-06-07 09:41:53'),
(315, 133, NULL, 49, NULL, NULL, 1, NULL, '2025-06-07 09:41:53', '2025-06-07 09:41:53'),
(316, 133, NULL, 209, NULL, NULL, 1, NULL, '2025-06-07 09:41:53', '2025-06-07 09:41:53'),
(317, 134, NULL, 223, NULL, NULL, 1, NULL, '2025-06-08 10:00:20', '2025-06-08 10:00:20'),
(318, 134, NULL, 131, NULL, NULL, 1, NULL, '2025-06-08 10:00:20', '2025-06-08 10:00:20'),
(319, 134, NULL, 77, NULL, NULL, 2, NULL, '2025-06-08 10:00:20', '2025-06-08 10:00:20'),
(320, 135, NULL, 77, NULL, NULL, 3, NULL, '2025-06-08 10:31:37', '2025-06-08 10:31:37'),
(321, 136, NULL, 4, NULL, NULL, 1, NULL, '2025-06-09 05:04:59', '2025-06-09 05:04:59'),
(322, 136, NULL, 5, NULL, NULL, 1, NULL, '2025-06-09 05:04:59', '2025-06-09 05:04:59'),
(323, 137, NULL, 5, NULL, NULL, 1, NULL, '2025-06-09 05:35:02', '2025-06-09 05:35:02'),
(324, 137, NULL, 4, NULL, NULL, 1, NULL, '2025-06-09 05:35:02', '2025-06-09 05:35:02'),
(325, 138, NULL, 3, NULL, NULL, 1, NULL, '2025-06-09 05:36:04', '2025-06-09 05:36:04'),
(326, 138, NULL, 9, NULL, NULL, 1, NULL, '2025-06-09 05:36:04', '2025-06-09 05:36:04'),
(327, 139, NULL, 6, NULL, NULL, 1, 'ready', '2025-06-11 08:42:03', '2025-06-11 08:43:19'),
(328, 140, NULL, 5, NULL, NULL, 1, 'ready', '2025-06-11 17:06:49', '2025-06-11 17:06:57'),
(329, 141, NULL, 208, NULL, NULL, 6, NULL, '2025-06-12 19:37:33', '2025-06-12 19:37:33'),
(330, 141, NULL, 67, NULL, NULL, 1, NULL, '2025-06-12 19:37:33', '2025-06-12 19:37:33'),
(331, 141, NULL, 114, NULL, NULL, 2, NULL, '2025-06-12 19:37:33', '2025-06-12 19:37:33'),
(332, 141, NULL, 92, NULL, NULL, 1, NULL, '2025-06-12 19:37:33', '2025-06-12 19:37:33'),
(333, 142, NULL, 122, NULL, NULL, 1, NULL, '2025-06-12 19:54:33', '2025-06-12 19:54:33'),
(334, 142, NULL, 139, NULL, NULL, 1, NULL, '2025-06-12 19:54:33', '2025-06-12 19:54:33'),
(335, 142, NULL, 126, NULL, NULL, 1, NULL, '2025-06-12 19:54:33', '2025-06-12 19:54:33'),
(336, 142, NULL, 85, NULL, NULL, 2, NULL, '2025-06-12 19:54:33', '2025-06-12 19:54:33'),
(337, 142, NULL, 81, NULL, NULL, 1, NULL, '2025-06-12 19:54:33', '2025-06-12 19:54:33'),
(338, 142, NULL, 77, NULL, NULL, 2, NULL, '2025-06-12 19:54:33', '2025-06-12 19:54:33'),
(339, 143, NULL, 112, NULL, NULL, 1, NULL, '2025-06-15 20:01:29', '2025-06-15 20:01:29'),
(340, 143, NULL, 221, NULL, NULL, 1, NULL, '2025-06-15 20:01:30', '2025-06-15 20:01:30'),
(341, 143, NULL, 218, NULL, NULL, 1, NULL, '2025-06-15 20:01:30', '2025-06-15 20:01:30'),
(342, 144, NULL, 174, NULL, NULL, 4, NULL, '2025-06-15 21:35:38', '2025-06-15 21:35:38'),
(343, 144, NULL, 210, NULL, NULL, 1, NULL, '2025-06-15 21:35:38', '2025-06-15 21:35:38'),
(344, 144, NULL, 112, NULL, NULL, 1, NULL, '2025-06-15 21:35:38', '2025-06-15 21:35:38'),
(345, 145, NULL, 57, NULL, NULL, 1, NULL, '2025-06-15 21:52:47', '2025-06-15 21:52:47'),
(346, 146, NULL, 129, NULL, NULL, 1, NULL, '2025-06-15 22:05:03', '2025-06-15 22:05:03'),
(347, 146, NULL, 122, NULL, NULL, 1, NULL, '2025-06-15 22:05:03', '2025-06-15 22:05:03'),
(348, 146, NULL, 81, NULL, NULL, 4, NULL, '2025-06-15 22:05:03', '2025-06-15 22:05:03'),
(349, 147, NULL, 129, NULL, NULL, 1, NULL, '2025-06-15 22:32:51', '2025-06-15 22:32:51'),
(350, 147, NULL, 81, NULL, NULL, 1, NULL, '2025-06-15 22:32:51', '2025-06-15 22:32:51'),
(351, 148, NULL, 210, NULL, NULL, 1, NULL, '2025-06-18 21:45:15', '2025-06-18 21:45:15'),
(352, 148, NULL, 129, NULL, NULL, 1, NULL, '2025-06-18 21:45:15', '2025-06-18 21:45:15'),
(353, 148, NULL, 77, NULL, NULL, 2, NULL, '2025-06-18 21:45:15', '2025-06-18 21:45:15'),
(354, 149, NULL, 210, NULL, NULL, 1, NULL, '2025-06-20 12:03:09', '2025-06-20 12:03:09'),
(355, 149, NULL, 130, NULL, NULL, 1, NULL, '2025-06-20 12:03:09', '2025-06-20 12:03:09'),
(356, 149, NULL, 77, NULL, NULL, 2, NULL, '2025-06-20 12:03:09', '2025-06-20 12:03:09'),
(357, 150, NULL, 131, NULL, NULL, 1, NULL, '2025-06-20 12:54:12', '2025-06-20 12:54:12'),
(358, 150, NULL, 77, NULL, NULL, 4, NULL, '2025-06-20 12:54:12', '2025-06-20 12:54:12'),
(359, 151, NULL, 208, NULL, NULL, 6, NULL, '2025-06-21 12:54:42', '2025-06-21 12:54:42'),
(360, 151, NULL, 114, NULL, NULL, 2, NULL, '2025-06-21 12:54:42', '2025-06-21 12:54:42'),
(361, 152, NULL, 208, NULL, NULL, 2, NULL, '2025-06-21 13:15:55', '2025-06-21 13:15:55'),
(362, 152, NULL, 110, NULL, NULL, 2, NULL, '2025-06-21 13:15:55', '2025-06-21 13:15:55'),
(363, 153, NULL, 131, NULL, NULL, 1, NULL, '2025-06-21 13:44:00', '2025-06-21 13:44:00'),
(364, 153, NULL, 129, NULL, NULL, 2, NULL, '2025-06-21 13:44:00', '2025-06-21 13:44:00'),
(365, 153, NULL, 127, NULL, NULL, 1, NULL, '2025-06-21 13:44:00', '2025-06-21 13:44:00'),
(366, 153, NULL, 77, NULL, NULL, 5, NULL, '2025-06-21 13:44:00', '2025-06-21 13:44:00'),
(367, 153, NULL, 79, NULL, NULL, 5, NULL, '2025-06-21 13:44:00', '2025-06-21 13:44:00'),
(368, 153, NULL, 83, NULL, NULL, 2, NULL, '2025-06-21 13:44:00', '2025-06-21 13:44:00'),
(369, 154, NULL, 75, NULL, NULL, 3, NULL, '2025-06-21 14:12:47', '2025-06-21 14:12:47'),
(371, 156, NULL, 176, NULL, NULL, 4, NULL, '2025-06-22 12:22:48', '2025-06-22 12:22:48'),
(372, 157, NULL, 176, NULL, NULL, 6, NULL, '2025-06-26 19:10:42', '2025-06-26 19:10:42'),
(373, 157, NULL, 222, NULL, NULL, 1, NULL, '2025-06-26 19:10:42', '2025-06-26 19:10:42'),
(374, 157, NULL, 92, NULL, NULL, 1, NULL, '2025-06-26 19:10:42', '2025-06-26 19:10:42'),
(375, 157, NULL, 112, NULL, NULL, 1, NULL, '2025-06-26 19:10:42', '2025-06-26 19:10:42'),
(376, 158, NULL, 221, NULL, NULL, 1, NULL, '2025-06-27 13:19:46', '2025-06-27 13:19:46'),
(377, 159, NULL, 23, NULL, NULL, 2, NULL, '2025-06-28 21:03:43', '2025-06-28 21:03:43'),
(378, 159, NULL, 218, NULL, NULL, 1, NULL, '2025-06-28 21:03:43', '2025-06-28 21:03:43'),
(379, 159, NULL, 67, NULL, NULL, 2, NULL, '2025-06-28 21:03:43', '2025-06-28 21:03:43'),
(380, 159, NULL, 92, NULL, NULL, 1, NULL, '2025-06-28 21:03:43', '2025-06-28 21:03:43'),
(381, 159, NULL, 208, NULL, NULL, 2, NULL, '2025-06-28 21:03:43', '2025-06-28 21:03:43'),
(382, 159, NULL, 226, NULL, NULL, 1, NULL, '2025-06-28 21:03:43', '2025-06-28 21:03:43'),
(383, 160, NULL, 38, NULL, NULL, 1, NULL, '2025-06-28 21:32:07', '2025-06-28 21:32:07'),
(384, 160, NULL, 29, NULL, NULL, 2, NULL, '2025-06-28 21:32:07', '2025-06-28 21:32:07'),
(385, 160, NULL, 209, NULL, NULL, 1, NULL, '2025-06-28 21:32:07', '2025-06-28 21:32:07'),
(386, 160, NULL, 215, NULL, NULL, 1, NULL, '2025-06-28 21:32:07', '2025-06-28 21:32:07'),
(387, 161, NULL, 23, NULL, NULL, 3, NULL, '2025-06-29 15:48:24', '2025-06-29 15:48:24'),
(388, 161, NULL, 26, 30, NULL, 3, NULL, '2025-06-29 15:48:24', '2025-06-29 15:48:24'),
(389, 161, NULL, 221, NULL, NULL, 1, NULL, '2025-06-29 15:48:24', '2025-06-29 15:48:24'),
(390, 161, NULL, 22, NULL, NULL, 6, NULL, '2025-06-29 15:48:24', '2025-06-29 15:48:24'),
(391, 161, NULL, 129, NULL, NULL, 3, NULL, '2025-06-29 15:48:24', '2025-06-29 15:48:24'),
(392, 161, NULL, 131, NULL, NULL, 2, NULL, '2025-06-29 15:48:24', '2025-06-29 15:48:24'),
(393, 161, NULL, 126, NULL, NULL, 2, NULL, '2025-06-29 15:48:24', '2025-06-29 15:48:24'),
(394, 161, NULL, 215, NULL, NULL, 1, NULL, '2025-06-29 15:48:24', '2025-06-29 15:48:24'),
(395, 161, NULL, 207, NULL, NULL, 1, NULL, '2025-06-29 15:48:24', '2025-06-29 15:48:24'),
(396, 161, NULL, 81, NULL, NULL, 6, NULL, '2025-06-29 15:48:24', '2025-06-29 15:48:24'),
(397, 161, NULL, 77, NULL, NULL, 8, NULL, '2025-06-29 15:48:24', '2025-06-29 15:48:24'),
(398, 161, NULL, 83, NULL, NULL, 2, NULL, '2025-06-29 15:48:24', '2025-06-29 15:48:24'),
(399, 162, NULL, 221, NULL, NULL, 2, NULL, '2025-07-01 13:53:13', '2025-07-01 13:53:13'),
(400, 162, NULL, 87, NULL, NULL, 1, NULL, '2025-07-01 13:53:13', '2025-07-01 13:53:13'),
(401, 162, NULL, 75, NULL, NULL, 1, NULL, '2025-07-01 13:53:13', '2025-07-01 13:53:13'),
(402, 163, NULL, 221, NULL, NULL, 1, NULL, '2025-07-03 18:02:01', '2025-07-03 18:02:01'),
(403, 163, NULL, 208, NULL, NULL, 1, NULL, '2025-07-03 18:02:01', '2025-07-03 18:02:01'),
(404, 163, NULL, 211, NULL, NULL, 1, NULL, '2025-07-03 18:02:01', '2025-07-03 18:02:01'),
(405, 163, NULL, 206, NULL, NULL, 1, NULL, '2025-07-03 18:02:01', '2025-07-03 18:02:01'),
(406, 163, NULL, 102, NULL, NULL, 1, NULL, '2025-07-03 18:02:01', '2025-07-03 18:02:01'),
(407, 163, NULL, 131, NULL, NULL, 1, NULL, '2025-07-03 18:02:01', '2025-07-03 18:02:01'),
(409, 165, NULL, 176, NULL, NULL, 1, NULL, '2025-07-04 17:36:02', '2025-07-04 17:36:02'),
(410, 165, NULL, 222, NULL, NULL, 1, NULL, '2025-07-04 17:36:02', '2025-07-04 17:36:02'),
(411, 166, NULL, 176, NULL, NULL, 1, NULL, '2025-07-04 17:53:13', '2025-07-04 17:53:13'),
(412, 167, NULL, 67, NULL, NULL, 2, NULL, '2025-07-04 18:59:25', '2025-07-04 18:59:25'),
(413, 167, NULL, 185, NULL, NULL, 1, NULL, '2025-07-04 18:59:25', '2025-07-04 18:59:25'),
(414, 167, NULL, 57, NULL, NULL, 1, NULL, '2025-07-04 18:59:25', '2025-07-04 18:59:25'),
(415, 167, NULL, 102, NULL, NULL, 1, NULL, '2025-07-04 18:59:25', '2025-07-04 18:59:25'),
(416, 168, NULL, 126, NULL, NULL, 1, NULL, '2025-07-04 19:16:16', '2025-07-04 19:16:16'),
(417, 168, NULL, 129, NULL, NULL, 1, NULL, '2025-07-04 19:16:16', '2025-07-04 19:16:16'),
(418, 168, NULL, 81, NULL, NULL, 3, NULL, '2025-07-04 19:16:16', '2025-07-04 19:16:16'),
(419, 168, NULL, 79, NULL, NULL, 2, NULL, '2025-07-04 19:16:16', '2025-07-04 19:16:16'),
(420, 168, NULL, 184, NULL, NULL, 1, NULL, '2025-07-04 19:16:16', '2025-07-04 19:16:16'),
(421, 169, NULL, 183, NULL, NULL, 3, NULL, '2025-07-04 21:05:01', '2025-07-04 21:05:01'),
(422, 169, NULL, 22, NULL, NULL, 1, NULL, '2025-07-04 21:05:01', '2025-07-04 21:05:01'),
(423, 169, NULL, 221, NULL, NULL, 2, NULL, '2025-07-04 21:05:01', '2025-07-04 21:05:01'),
(424, 169, NULL, 29, NULL, NULL, 2, NULL, '2025-07-04 21:05:01', '2025-07-04 21:05:01'),
(425, 169, NULL, 114, NULL, NULL, 2, NULL, '2025-07-04 21:05:01', '2025-07-04 21:05:01'),
(426, 169, NULL, 222, NULL, NULL, 2, NULL, '2025-07-04 21:05:01', '2025-07-04 21:05:01'),
(427, 169, NULL, 210, NULL, NULL, 2, NULL, '2025-07-04 21:05:01', '2025-07-04 21:05:01'),
(428, 169, NULL, 139, NULL, NULL, 1, NULL, '2025-07-04 21:05:01', '2025-07-04 21:05:01'),
(429, 169, NULL, 129, NULL, NULL, 2, NULL, '2025-07-04 21:05:01', '2025-07-04 21:05:01'),
(430, 169, NULL, 126, NULL, NULL, 1, NULL, '2025-07-04 21:05:01', '2025-07-04 21:05:01'),
(431, 169, NULL, 87, NULL, NULL, 1, NULL, '2025-07-04 21:05:01', '2025-07-04 21:05:01'),
(432, 169, NULL, 81, NULL, NULL, 6, NULL, '2025-07-04 21:05:01', '2025-07-04 21:05:01'),
(433, 169, NULL, 77, NULL, NULL, 2, NULL, '2025-07-04 21:05:01', '2025-07-04 21:05:01'),
(434, 169, NULL, 57, NULL, NULL, 1, NULL, '2025-07-04 21:05:01', '2025-07-04 21:05:01'),
(435, 169, NULL, 184, NULL, NULL, 1, NULL, '2025-07-04 21:05:01', '2025-07-04 21:05:01'),
(436, 169, NULL, 76, NULL, NULL, 1, NULL, '2025-07-04 21:05:01', '2025-07-04 21:05:01'),
(437, 170, NULL, 211, NULL, NULL, 1, NULL, '2025-07-04 21:09:57', '2025-07-04 21:09:57'),
(438, 170, NULL, 185, NULL, NULL, 2, NULL, '2025-07-04 21:09:57', '2025-07-04 21:09:57'),
(439, 170, NULL, 114, NULL, NULL, 1, NULL, '2025-07-04 21:09:57', '2025-07-04 21:09:57'),
(440, 170, NULL, 112, NULL, NULL, 1, NULL, '2025-07-04 21:09:57', '2025-07-04 21:09:57'),
(441, 170, NULL, 140, NULL, NULL, 1, NULL, '2025-07-04 21:09:57', '2025-07-04 21:09:57'),
(442, 170, NULL, 101, NULL, NULL, 1, NULL, '2025-07-04 21:09:57', '2025-07-04 21:09:57'),
(443, 170, NULL, 207, NULL, NULL, 1, NULL, '2025-07-04 21:09:57', '2025-07-04 21:09:57'),
(444, 170, NULL, 129, NULL, NULL, 1, NULL, '2025-07-04 21:09:57', '2025-07-04 21:09:57'),
(445, 170, NULL, 126, NULL, NULL, 1, NULL, '2025-07-04 21:09:57', '2025-07-04 21:09:57'),
(446, 170, NULL, 131, NULL, NULL, 1, NULL, '2025-07-04 21:09:57', '2025-07-04 21:09:57'),
(447, 170, NULL, 85, NULL, NULL, 2, NULL, '2025-07-04 21:09:57', '2025-07-04 21:09:57'),
(448, 170, NULL, 79, NULL, NULL, 1, NULL, '2025-07-04 21:09:57', '2025-07-04 21:09:57'),
(449, 170, NULL, 83, NULL, NULL, 1, NULL, '2025-07-04 21:09:57', '2025-07-04 21:09:57'),
(450, 170, NULL, 81, NULL, NULL, 3, NULL, '2025-07-04 21:09:57', '2025-07-04 21:09:57'),
(451, 171, NULL, 29, NULL, NULL, 2, NULL, '2025-07-04 21:25:56', '2025-07-04 21:25:56'),
(452, 172, NULL, 37, NULL, NULL, 2, NULL, '2025-07-04 22:00:23', '2025-07-04 22:00:23'),
(454, 173, NULL, 230, NULL, NULL, 4, NULL, '2025-07-06 20:23:45', '2025-07-06 20:23:45'),
(455, 173, NULL, 228, NULL, NULL, 1, NULL, '2025-07-06 20:23:45', '2025-07-06 20:23:45'),
(456, 173, NULL, 213, NULL, NULL, 2, NULL, '2025-07-06 20:23:45', '2025-07-06 20:23:45'),
(457, 173, NULL, 159, NULL, NULL, 6, NULL, '2025-07-06 20:23:45', '2025-07-06 20:23:45'),
(458, 173, NULL, 209, NULL, NULL, 3, NULL, '2025-07-06 20:23:45', '2025-07-06 20:23:45'),
(459, 173, NULL, 99, NULL, NULL, 2, NULL, '2025-07-06 20:23:45', '2025-07-06 20:23:45'),
(460, 173, NULL, 210, NULL, NULL, 4, NULL, '2025-07-06 20:23:45', '2025-07-06 20:23:45'),
(461, 173, NULL, 112, NULL, NULL, 3, NULL, '2025-07-06 20:23:45', '2025-07-06 20:23:45'),
(462, 173, NULL, 114, NULL, NULL, 4, NULL, '2025-07-06 20:23:45', '2025-07-06 20:23:45'),
(463, 174, NULL, 185, NULL, NULL, 4, NULL, '2025-07-06 21:01:38', '2025-07-06 21:01:38'),
(464, 174, NULL, 218, NULL, NULL, 6, NULL, '2025-07-06 21:01:38', '2025-07-06 21:01:38'),
(465, 174, NULL, 63, NULL, NULL, 1, NULL, '2025-07-06 21:01:38', '2025-07-06 21:01:38'),
(466, 174, NULL, 67, NULL, NULL, 2, NULL, '2025-07-06 21:01:38', '2025-07-06 21:01:38'),
(467, 174, NULL, 59, 54, NULL, 1, NULL, '2025-07-06 21:01:38', '2025-07-06 21:01:38'),
(468, 175, NULL, 213, NULL, NULL, 2, NULL, '2025-07-06 21:13:46', '2025-07-06 21:13:46'),
(469, 175, NULL, 205, NULL, NULL, 1, NULL, '2025-07-06 21:13:46', '2025-07-06 21:13:46'),
(470, 175, NULL, 49, NULL, NULL, 1, NULL, '2025-07-06 21:13:46', '2025-07-06 21:13:46'),
(471, 175, NULL, 57, NULL, NULL, 1, NULL, '2025-07-06 21:13:46', '2025-07-06 21:13:46'),
(472, 176, NULL, 218, NULL, NULL, 1, NULL, '2025-07-06 21:22:16', '2025-07-06 21:22:16'),
(473, 177, NULL, 218, NULL, NULL, 2, NULL, '2025-07-06 21:23:20', '2025-07-06 21:23:20'),
(474, 178, NULL, 129, NULL, NULL, 5, NULL, '2025-07-06 21:49:31', '2025-07-06 21:49:31'),
(475, 178, NULL, 194, NULL, NULL, 4, NULL, '2025-07-06 21:49:31', '2025-07-06 21:49:31'),
(476, 178, NULL, 123, NULL, NULL, 4, NULL, '2025-07-06 21:49:31', '2025-07-06 21:49:31'),
(477, 178, NULL, 139, NULL, NULL, 2, NULL, '2025-07-06 21:49:31', '2025-07-06 21:49:31'),
(478, 178, NULL, 87, NULL, NULL, 2, NULL, '2025-07-06 21:49:31', '2025-07-06 21:49:31'),
(479, 178, NULL, 75, NULL, NULL, 5, NULL, '2025-07-06 21:49:31', '2025-07-06 21:49:31'),
(480, 178, NULL, 184, NULL, NULL, 4, NULL, '2025-07-06 21:49:31', '2025-07-06 21:49:31'),
(481, 178, NULL, 80, NULL, NULL, 4, NULL, '2025-07-06 21:49:31', '2025-07-06 21:49:31'),
(482, 178, NULL, 81, NULL, NULL, 4, NULL, '2025-07-06 21:49:31', '2025-07-06 21:49:31'),
(483, 178, NULL, 77, NULL, NULL, 5, NULL, '2025-07-06 21:49:31', '2025-07-06 21:49:31'),
(484, 178, NULL, 82, NULL, NULL, 6, NULL, '2025-07-06 21:49:31', '2025-07-06 21:49:31'),
(485, 179, NULL, 77, NULL, NULL, 1, NULL, '2025-07-06 21:56:45', '2025-07-06 21:56:45'),
(486, 180, NULL, 77, NULL, NULL, 4, NULL, '2025-07-06 22:14:12', '2025-07-06 22:14:12'),
(506, 187, NULL, 67, NULL, NULL, 1, NULL, '2025-07-08 13:22:28', '2025-07-08 13:22:28'),
(507, 187, NULL, 130, NULL, NULL, 1, NULL, '2025-07-08 13:22:28', '2025-07-08 13:22:28'),
(508, 187, NULL, 86, NULL, NULL, 1, NULL, '2025-07-08 13:22:28', '2025-07-08 13:22:28'),
(509, 187, NULL, 77, NULL, NULL, 1, NULL, '2025-07-08 13:22:28', '2025-07-08 13:22:28'),
(510, 188, NULL, 159, NULL, NULL, 1, NULL, '2025-07-13 19:54:47', '2025-07-13 19:54:47'),
(511, 189, NULL, 29, NULL, NULL, 1, NULL, '2025-07-13 20:05:50', '2025-07-13 20:05:50'),
(512, 190, NULL, 32, NULL, NULL, 1, NULL, '2025-07-13 20:06:57', '2025-07-13 20:06:57'),
(513, 191, NULL, 67, NULL, NULL, 2, NULL, '2025-07-13 20:39:21', '2025-07-13 20:39:21'),
(514, 191, NULL, 218, NULL, NULL, 1, NULL, '2025-07-13 20:39:21', '2025-07-13 20:39:21'),
(515, 191, NULL, 112, NULL, NULL, 1, NULL, '2025-07-13 20:39:21', '2025-07-13 20:39:21'),
(516, 191, NULL, 226, NULL, NULL, 1, NULL, '2025-07-13 20:39:21', '2025-07-13 20:39:21'),
(517, 192, NULL, 44, NULL, NULL, 1, NULL, '2025-07-13 21:19:16', '2025-07-13 21:19:16'),
(518, 192, NULL, 40, NULL, NULL, 1, NULL, '2025-07-13 21:19:16', '2025-07-13 21:19:16'),
(519, 192, NULL, 126, NULL, NULL, 1, NULL, '2025-07-13 21:19:16', '2025-07-13 21:19:16'),
(520, 192, NULL, 77, NULL, NULL, 2, NULL, '2025-07-13 21:19:16', '2025-07-13 21:19:16'),
(521, 193, NULL, 77, NULL, NULL, 2, NULL, '2025-07-13 21:38:29', '2025-07-13 21:38:29'),
(522, 193, NULL, 29, NULL, NULL, 1, NULL, '2025-07-13 21:38:29', '2025-07-13 21:38:29'),
(523, 194, NULL, 77, NULL, NULL, 1, NULL, '2025-07-13 21:40:23', '2025-07-13 21:40:23'),
(524, 195, NULL, 205, NULL, NULL, 1, NULL, '2025-07-15 13:32:50', '2025-07-15 13:32:50'),
(525, 195, NULL, 67, NULL, NULL, 2, NULL, '2025-07-15 13:32:50', '2025-07-15 13:32:50'),
(526, 195, NULL, 130, NULL, NULL, 1, NULL, '2025-07-15 13:32:50', '2025-07-15 13:32:50'),
(527, 195, NULL, 86, NULL, NULL, 1, NULL, '2025-07-15 13:32:50', '2025-07-15 13:32:50'),
(528, 195, NULL, 83, NULL, NULL, 1, NULL, '2025-07-15 13:32:50', '2025-07-15 13:32:50'),
(529, 196, NULL, 216, NULL, NULL, 1, NULL, '2025-07-16 13:19:00', '2025-07-16 13:19:00'),
(530, 196, NULL, 67, NULL, NULL, 1, NULL, '2025-07-16 13:19:00', '2025-07-16 13:19:00'),
(531, 196, NULL, 85, NULL, NULL, 1, NULL, '2025-07-16 13:19:00', '2025-07-16 13:19:00'),
(532, 196, NULL, 83, NULL, NULL, 1, NULL, '2025-07-16 13:19:00', '2025-07-16 13:19:00'),
(533, 197, NULL, 32, NULL, NULL, 2, NULL, '2025-07-16 14:53:34', '2025-07-16 14:53:34'),
(534, 197, NULL, 185, NULL, NULL, 1, NULL, '2025-07-16 14:53:34', '2025-07-16 14:53:34'),
(535, 197, NULL, 184, NULL, NULL, 1, NULL, '2025-07-16 14:53:34', '2025-07-16 14:53:34'),
(536, 197, NULL, 76, NULL, NULL, 1, NULL, '2025-07-16 14:53:34', '2025-07-16 14:53:34'),
(537, 197, NULL, 127, NULL, NULL, 1, NULL, '2025-07-16 14:53:34', '2025-07-16 14:53:34'),
(538, 197, NULL, 83, NULL, NULL, 1, NULL, '2025-07-16 14:53:34', '2025-07-16 14:53:34'),
(539, 197, NULL, 77, NULL, NULL, 1, NULL, '2025-07-16 14:53:34', '2025-07-16 14:53:34'),
(540, 198, NULL, 32, NULL, NULL, 22, NULL, '2025-07-18 21:27:58', '2025-07-18 21:27:58'),
(541, 198, NULL, 222, NULL, NULL, 1, NULL, '2025-07-18 21:27:58', '2025-07-18 21:27:58'),
(542, 198, NULL, 209, NULL, NULL, 1, NULL, '2025-07-18 21:27:58', '2025-07-18 21:27:58'),
(543, 198, NULL, 53, NULL, NULL, 1, NULL, '2025-07-18 21:27:58', '2025-07-18 21:27:58'),
(544, 198, NULL, 129, NULL, NULL, 1, NULL, '2025-07-18 21:27:58', '2025-07-18 21:27:58'),
(545, 198, NULL, 81, NULL, NULL, 1, NULL, '2025-07-18 21:27:58', '2025-07-18 21:27:58'),
(546, 198, NULL, 77, NULL, NULL, 4, NULL, '2025-07-18 21:27:58', '2025-07-18 21:27:58'),
(547, 199, NULL, 64, NULL, NULL, 2, NULL, '2025-07-19 15:15:36', '2025-07-19 15:15:36'),
(548, 199, NULL, 185, NULL, NULL, 3, NULL, '2025-07-19 15:15:36', '2025-07-19 15:15:36'),
(549, 200, NULL, 130, NULL, NULL, 2, NULL, '2025-07-19 15:28:21', '2025-07-19 15:28:21'),
(550, 200, NULL, 126, NULL, NULL, 2, NULL, '2025-07-19 15:28:21', '2025-07-19 15:28:21'),
(551, 200, NULL, 139, NULL, NULL, 2, NULL, '2025-07-19 15:28:21', '2025-07-19 15:28:21'),
(552, 200, NULL, 79, NULL, NULL, 2, NULL, '2025-07-19 15:28:21', '2025-07-19 15:28:21'),
(553, 200, NULL, 77, NULL, NULL, 3, NULL, '2025-07-19 15:28:21', '2025-07-19 15:28:21'),
(554, 200, NULL, 80, NULL, NULL, 2, NULL, '2025-07-19 15:28:21', '2025-07-19 15:28:21'),
(555, 200, NULL, 45, NULL, NULL, 1, NULL, '2025-07-19 15:28:21', '2025-07-19 15:28:21'),
(556, 201, NULL, 29, NULL, NULL, 4, NULL, '2025-07-19 15:30:29', '2025-07-19 15:30:29'),
(557, 202, NULL, 185, NULL, NULL, 1, NULL, '2025-07-19 16:05:22', '2025-07-19 16:05:22'),
(558, 202, NULL, 221, NULL, NULL, 1, NULL, '2025-07-19 16:05:22', '2025-07-19 16:05:22'),
(559, 202, NULL, 77, NULL, NULL, 3, NULL, '2025-07-19 16:05:22', '2025-07-19 16:05:22'),
(560, 203, NULL, 129, NULL, NULL, 1, NULL, '2025-07-19 16:10:43', '2025-07-19 16:10:43'),
(561, 203, NULL, 122, NULL, NULL, 1, NULL, '2025-07-19 16:10:43', '2025-07-19 16:10:43'),
(562, 203, NULL, 77, NULL, NULL, 2, NULL, '2025-07-19 16:10:43', '2025-07-19 16:10:43'),
(563, 203, NULL, 79, NULL, NULL, 2, NULL, '2025-07-19 16:10:43', '2025-07-19 16:10:43'),
(564, 204, NULL, 81, NULL, NULL, 1, NULL, '2025-07-19 16:26:21', '2025-07-19 16:26:21'),
(565, 204, NULL, 33, 57, NULL, 3, NULL, '2025-07-19 16:26:21', '2025-07-19 16:26:21'),
(566, 204, NULL, 37, NULL, NULL, 3, NULL, '2025-07-19 16:26:21', '2025-07-19 16:26:21'),
(567, 205, NULL, 29, NULL, NULL, 1, NULL, '2025-07-19 16:40:47', '2025-07-19 16:40:47'),
(568, 205, NULL, 33, 57, NULL, 1, NULL, '2025-07-19 16:40:47', '2025-07-19 16:40:47'),
(569, 205, NULL, 37, NULL, NULL, 1, NULL, '2025-07-19 16:40:47', '2025-07-19 16:40:47'),
(570, 206, NULL, 32, NULL, NULL, 21, NULL, '2025-07-19 22:13:32', '2025-07-19 22:13:32'),
(571, 206, NULL, 213, NULL, NULL, 2, NULL, '2025-07-19 22:13:32', '2025-07-19 22:13:32'),
(572, 206, NULL, 174, NULL, NULL, 2, NULL, '2025-07-19 22:13:32', '2025-07-19 22:13:32'),
(573, 206, NULL, 139, NULL, NULL, 1, NULL, '2025-07-19 22:13:32', '2025-07-19 22:13:32'),
(574, 206, NULL, 207, NULL, NULL, 1, NULL, '2025-07-19 22:13:32', '2025-07-19 22:13:32'),
(575, 206, NULL, 45, NULL, NULL, 2, NULL, '2025-07-19 22:13:32', '2025-07-19 22:13:32'),
(576, 206, NULL, 124, NULL, NULL, 1, NULL, '2025-07-19 22:13:32', '2025-07-19 22:13:32'),
(577, 206, NULL, 81, NULL, NULL, 2, NULL, '2025-07-19 22:13:32', '2025-07-19 22:13:32'),
(578, 206, NULL, 85, NULL, NULL, 1, NULL, '2025-07-19 22:13:32', '2025-07-19 22:13:32'),
(579, 207, NULL, 81, NULL, NULL, 1, NULL, '2025-07-19 22:22:38', '2025-07-19 22:22:38'),
(580, 207, NULL, 126, NULL, NULL, 1, NULL, '2025-07-19 22:22:38', '2025-07-19 22:22:38'),
(581, 208, NULL, 218, NULL, NULL, 1, NULL, '2025-07-20 20:43:39', '2025-07-20 20:43:39'),
(582, 208, NULL, 67, NULL, NULL, 3, NULL, '2025-07-20 20:43:39', '2025-07-20 20:43:39'),
(583, 208, NULL, 92, NULL, NULL, 2, NULL, '2025-07-20 20:43:39', '2025-07-20 20:43:39'),
(584, 208, NULL, 29, NULL, NULL, 2, NULL, '2025-07-20 20:43:39', '2025-07-20 20:43:39'),
(585, 208, NULL, 112, NULL, NULL, 1, NULL, '2025-07-20 20:43:39', '2025-07-20 20:43:39'),
(586, 209, NULL, 126, NULL, NULL, 2, NULL, '2025-07-20 21:02:58', '2025-07-20 21:02:58'),
(587, 209, NULL, 129, NULL, NULL, 1, NULL, '2025-07-20 21:02:58', '2025-07-20 21:02:58'),
(588, 209, NULL, 75, NULL, NULL, 1, NULL, '2025-07-20 21:02:58', '2025-07-20 21:02:58'),
(589, 209, NULL, 77, NULL, NULL, 4, NULL, '2025-07-20 21:02:58', '2025-07-20 21:02:58'),
(590, 209, NULL, 81, NULL, NULL, 1, NULL, '2025-07-20 21:02:58', '2025-07-20 21:02:58'),
(591, 209, NULL, 85, NULL, NULL, 1, NULL, '2025-07-20 21:02:58', '2025-07-20 21:02:58'),
(592, 210, NULL, 208, NULL, NULL, 1, NULL, '2025-07-20 21:08:55', '2025-07-20 21:08:55'),
(593, 210, NULL, 32, NULL, NULL, 1, NULL, '2025-07-20 21:08:55', '2025-07-20 21:08:55'),
(594, 210, NULL, 109, NULL, NULL, 1, NULL, '2025-07-20 21:08:55', '2025-07-20 21:08:55'),
(595, 210, NULL, 130, NULL, NULL, 1, NULL, '2025-07-20 21:08:55', '2025-07-20 21:08:55'),
(596, 210, NULL, 77, NULL, NULL, 3, NULL, '2025-07-20 21:08:55', '2025-07-20 21:08:55'),
(597, 211, NULL, 77, NULL, NULL, 1, NULL, '2025-07-20 21:15:12', '2025-07-20 21:15:12'),
(598, 212, NULL, 77, NULL, NULL, 3, NULL, '2025-07-20 21:34:32', '2025-07-20 21:34:32'),
(599, 212, NULL, 29, NULL, NULL, 1, NULL, '2025-07-20 21:34:32', '2025-07-20 21:34:32'),
(600, 213, NULL, 23, NULL, NULL, 1, NULL, '2025-07-20 21:53:24', '2025-07-20 21:53:24'),
(601, 213, NULL, 218, NULL, NULL, 1, NULL, '2025-07-20 21:53:24', '2025-07-20 21:53:24'),
(602, 213, NULL, 57, NULL, NULL, 1, NULL, '2025-07-20 21:53:24', '2025-07-20 21:53:24'),
(603, 214, NULL, 32, NULL, NULL, 55, NULL, '2025-07-20 22:15:20', '2025-07-20 22:15:20'),
(604, 214, NULL, 222, NULL, NULL, 3, NULL, '2025-07-20 22:15:20', '2025-07-20 22:15:20'),
(605, 214, NULL, 213, NULL, NULL, 4, NULL, '2025-07-20 22:15:20', '2025-07-20 22:15:20'),
(606, 214, NULL, 174, NULL, NULL, 5, NULL, '2025-07-20 22:15:20', '2025-07-20 22:15:20'),
(607, 214, NULL, 49, NULL, NULL, 3, NULL, '2025-07-20 22:15:20', '2025-07-20 22:15:20'),
(608, 214, NULL, 53, NULL, NULL, 1, NULL, '2025-07-20 22:15:20', '2025-07-20 22:15:20'),
(609, 214, NULL, 206, NULL, NULL, 1, NULL, '2025-07-20 22:15:20', '2025-07-20 22:15:20'),
(610, 214, NULL, 101, NULL, NULL, 1, NULL, '2025-07-20 22:15:20', '2025-07-20 22:15:20'),
(611, 214, NULL, 109, NULL, NULL, 1, NULL, '2025-07-20 22:15:20', '2025-07-20 22:15:20'),
(612, 214, NULL, 185, NULL, NULL, 1, NULL, '2025-07-20 22:15:20', '2025-07-20 22:15:20'),
(613, 214, NULL, 112, NULL, NULL, 1, NULL, '2025-07-20 22:15:20', '2025-07-20 22:15:20'),
(614, 214, NULL, 67, NULL, NULL, 1, NULL, '2025-07-20 22:15:20', '2025-07-20 22:15:20'),
(615, 214, NULL, 81, NULL, NULL, 3, NULL, '2025-07-20 22:15:20', '2025-07-20 22:15:20'),
(616, 214, NULL, 127, NULL, NULL, 1, NULL, '2025-07-20 22:15:20', '2025-07-20 22:15:20'),
(617, 214, NULL, 75, NULL, NULL, 1, NULL, '2025-07-20 22:15:20', '2025-07-20 22:15:20'),
(618, 214, NULL, 77, NULL, NULL, 2, NULL, '2025-07-20 22:15:20', '2025-07-20 22:15:20'),
(619, 214, NULL, 130, NULL, NULL, 1, NULL, '2025-07-20 22:15:20', '2025-07-20 22:15:20'),
(620, 215, NULL, 126, NULL, NULL, 1, NULL, '2025-07-20 22:18:36', '2025-07-20 22:18:36'),
(621, 215, NULL, 75, NULL, NULL, 1, NULL, '2025-07-20 22:18:36', '2025-07-20 22:18:36'),
(622, 215, NULL, 81, NULL, NULL, 3, NULL, '2025-07-20 22:18:36', '2025-07-20 22:18:36'),
(623, 215, NULL, 23, NULL, NULL, 2, NULL, '2025-07-20 22:18:36', '2025-07-20 22:18:36'),
(624, 215, NULL, 129, NULL, NULL, 1, NULL, '2025-07-20 22:18:36', '2025-07-20 22:18:36'),
(625, 215, NULL, 216, NULL, NULL, 1, NULL, '2025-07-20 22:18:36', '2025-07-20 22:18:36'),
(626, 216, NULL, 216, NULL, NULL, 1, NULL, '2025-07-22 16:58:20', '2025-07-22 16:58:20'),
(627, 216, NULL, 77, NULL, NULL, 3, NULL, '2025-07-22 16:58:20', '2025-07-22 16:58:20'),
(628, 216, NULL, 83, NULL, NULL, 1, NULL, '2025-07-22 16:58:20', '2025-07-22 16:58:20'),
(629, 217, NULL, 32, NULL, NULL, 27, NULL, '2025-07-24 21:38:37', '2025-07-24 21:38:37'),
(630, 217, NULL, 222, NULL, NULL, 3, NULL, '2025-07-24 21:38:37', '2025-07-24 21:38:37'),
(631, 217, NULL, 221, NULL, NULL, 4, NULL, '2025-07-24 21:38:37', '2025-07-24 21:38:37'),
(632, 217, NULL, 213, NULL, NULL, 3, NULL, '2025-07-24 21:38:37', '2025-07-24 21:38:37'),
(633, 217, NULL, 130, NULL, NULL, 1, NULL, '2025-07-24 21:38:37', '2025-07-24 21:38:37'),
(634, 217, NULL, 81, NULL, NULL, 2, NULL, '2025-07-24 21:38:37', '2025-07-24 21:38:37'),
(635, 217, NULL, 77, NULL, NULL, 2, NULL, '2025-07-24 21:38:37', '2025-07-24 21:38:37'),
(636, 217, NULL, 216, NULL, NULL, 1, NULL, '2025-07-24 21:38:37', '2025-07-24 21:38:37'),
(637, 218, NULL, 32, NULL, NULL, 5, NULL, '2025-07-25 14:04:15', '2025-07-25 14:04:15'),
(638, 219, NULL, 32, NULL, NULL, 15, NULL, '2025-07-26 23:11:18', '2025-07-26 23:11:18'),
(639, 219, NULL, 222, NULL, NULL, 1, NULL, '2025-07-26 23:11:18', '2025-07-26 23:11:18'),
(640, 219, NULL, 101, NULL, NULL, 1, NULL, '2025-07-26 23:11:18', '2025-07-26 23:11:18'),
(641, 219, NULL, 209, NULL, NULL, 1, NULL, '2025-07-26 23:11:18', '2025-07-26 23:11:18'),
(642, 219, NULL, 77, NULL, NULL, 4, NULL, '2025-07-26 23:11:18', '2025-07-26 23:11:18'),
(643, 219, NULL, 81, NULL, NULL, 7, NULL, '2025-07-26 23:11:18', '2025-07-26 23:11:18'),
(644, 219, NULL, 80, NULL, NULL, 3, NULL, '2025-07-26 23:11:18', '2025-07-26 23:11:18'),
(645, 219, NULL, 124, NULL, NULL, 1, NULL, '2025-07-26 23:11:18', '2025-07-26 23:11:18'),
(646, 219, NULL, 126, NULL, NULL, 2, NULL, '2025-07-26 23:11:18', '2025-07-26 23:11:18'),
(647, 219, NULL, 129, NULL, NULL, 1, NULL, '2025-07-26 23:11:18', '2025-07-26 23:11:18'),
(648, 220, NULL, 112, NULL, NULL, 2, NULL, '2025-07-27 16:25:37', '2025-07-27 16:25:37'),
(649, 220, NULL, 44, NULL, NULL, 2, NULL, '2025-07-27 16:25:37', '2025-07-27 16:25:37'),
(650, 220, NULL, 114, NULL, NULL, 1, NULL, '2025-07-27 16:25:37', '2025-07-27 16:25:37'),
(651, 221, NULL, 32, NULL, NULL, 8, NULL, '2025-07-27 17:05:27', '2025-07-27 17:05:27'),
(652, 221, NULL, 176, NULL, NULL, 3, NULL, '2025-07-27 17:05:27', '2025-07-27 17:05:27'),
(653, 221, NULL, 29, NULL, NULL, 4, NULL, '2025-07-27 17:05:27', '2025-07-27 17:05:27'),
(654, 222, NULL, 32, NULL, NULL, 7, NULL, '2025-07-27 17:55:41', '2025-07-27 17:55:41'),
(655, 223, NULL, 92, NULL, NULL, 1, NULL, '2025-07-29 14:31:09', '2025-07-29 14:31:09'),
(656, 223, NULL, 85, NULL, NULL, 1, NULL, '2025-07-29 14:31:09', '2025-07-29 14:31:09'),
(657, 224, NULL, 185, NULL, NULL, 2, NULL, '2025-07-30 15:25:06', '2025-07-30 15:25:06'),
(658, 224, NULL, 218, NULL, NULL, 1, NULL, '2025-07-30 15:25:06', '2025-07-30 15:25:06'),
(659, 224, NULL, 29, NULL, NULL, 3, NULL, '2025-07-30 15:25:06', '2025-07-30 15:25:06'),
(660, 224, NULL, 209, NULL, NULL, 1, NULL, '2025-07-30 15:25:06', '2025-07-30 15:25:06'),
(661, 224, NULL, 131, NULL, NULL, 1, NULL, '2025-07-30 15:25:06', '2025-07-30 15:25:06'),
(662, 224, NULL, 122, NULL, NULL, 2, NULL, '2025-07-30 15:25:06', '2025-07-30 15:25:06'),
(663, 224, NULL, 130, NULL, NULL, 2, NULL, '2025-07-30 15:25:06', '2025-07-30 15:25:06'),
(664, 224, NULL, 81, NULL, NULL, 1, NULL, '2025-07-30 15:25:06', '2025-07-30 15:25:06'),
(665, 224, NULL, 83, NULL, NULL, 2, NULL, '2025-07-30 15:25:06', '2025-07-30 15:25:06'),
(666, 224, NULL, 77, NULL, NULL, 2, NULL, '2025-07-30 15:25:06', '2025-07-30 15:25:06'),
(667, 224, NULL, 79, NULL, NULL, 2, NULL, '2025-07-30 15:25:06', '2025-07-30 15:25:06'),
(668, 225, NULL, 131, NULL, NULL, 1, NULL, '2025-07-30 15:49:04', '2025-07-30 15:49:04'),
(669, 225, NULL, 77, NULL, NULL, 2, NULL, '2025-07-30 15:49:04', '2025-07-30 15:49:04'),
(670, 226, NULL, 126, NULL, NULL, 1, NULL, '2025-07-30 16:03:38', '2025-07-30 16:03:38'),
(671, 226, NULL, 79, NULL, NULL, 1, NULL, '2025-07-30 16:03:38', '2025-07-30 16:03:38'),
(672, 226, NULL, 81, NULL, NULL, 1, NULL, '2025-07-30 16:03:38', '2025-07-30 16:03:38'),
(673, 226, NULL, 29, NULL, NULL, 1, NULL, '2025-07-30 16:03:38', '2025-07-30 16:03:38'),
(674, 227, NULL, 182, NULL, NULL, 1, NULL, '2025-07-30 16:49:08', '2025-07-30 16:49:08'),
(675, 227, NULL, 32, NULL, NULL, 4, NULL, '2025-07-30 16:49:08', '2025-07-30 16:49:08'),
(676, 228, NULL, 67, NULL, NULL, 1, NULL, '2025-07-30 21:34:00', '2025-07-30 21:34:00'),
(677, 228, NULL, 112, NULL, NULL, 1, NULL, '2025-07-30 21:34:00', '2025-07-30 21:34:00'),
(678, 228, NULL, 211, NULL, NULL, 1, NULL, '2025-07-30 21:34:00', '2025-07-30 21:34:00'),
(679, 228, NULL, 127, NULL, NULL, 1, NULL, '2025-07-30 21:34:00', '2025-07-30 21:34:00'),
(680, 228, NULL, 77, NULL, NULL, 6, NULL, '2025-07-30 21:34:00', '2025-07-30 21:34:00'),
(681, 228, NULL, 193, NULL, NULL, 1, NULL, '2025-07-30 21:34:00', '2025-07-30 21:34:00'),
(682, 229, NULL, 33, 57, NULL, 2, NULL, '2025-07-30 22:29:38', '2025-07-30 22:29:38'),
(683, 229, NULL, 37, NULL, NULL, 2, NULL, '2025-07-30 22:29:38', '2025-07-30 22:29:38'),
(684, 230, NULL, 32, NULL, NULL, 4, NULL, '2025-08-02 18:27:01', '2025-08-02 18:27:01'),
(685, 230, NULL, 114, NULL, NULL, 1, NULL, '2025-08-02 18:27:01', '2025-08-02 18:27:01'),
(686, 230, NULL, 112, NULL, NULL, 1, NULL, '2025-08-02 18:27:01', '2025-08-02 18:27:01'),
(687, 231, NULL, 22, NULL, NULL, 1, NULL, '2025-08-03 15:24:36', '2025-08-03 15:24:36'),
(688, 231, NULL, 130, NULL, NULL, 1, NULL, '2025-08-03 15:24:36', '2025-08-03 15:24:36'),
(689, 231, NULL, 77, NULL, NULL, 7, NULL, '2025-08-03 15:24:36', '2025-08-03 15:24:36'),
(690, 231, NULL, 216, NULL, NULL, 1, NULL, '2025-08-03 15:24:36', '2025-08-03 15:24:36'),
(691, 232, NULL, 131, NULL, NULL, 1, NULL, '2025-08-03 15:39:45', '2025-08-03 15:39:45'),
(692, 232, NULL, 206, NULL, NULL, 1, NULL, '2025-08-03 15:39:45', '2025-08-03 15:39:45'),
(693, 232, NULL, 22, NULL, NULL, 1, NULL, '2025-08-03 15:39:45', '2025-08-03 15:39:45'),
(694, 232, NULL, 28, 26, NULL, 1, NULL, '2025-08-03 15:39:45', '2025-08-03 15:39:45'),
(695, 232, NULL, 83, NULL, NULL, 1, NULL, '2025-08-03 15:39:45', '2025-08-03 15:39:45'),
(696, 232, NULL, 81, NULL, NULL, 1, NULL, '2025-08-03 15:39:45', '2025-08-03 15:39:45'),
(697, 233, NULL, 4, NULL, NULL, 1, NULL, '2025-08-04 21:05:51', '2025-08-04 21:05:51'),
(698, 234, NULL, 208, NULL, NULL, 2, NULL, '2025-08-05 13:54:32', '2025-08-05 13:54:32'),
(699, 234, NULL, 123, NULL, NULL, 1, NULL, '2025-08-05 13:54:32', '2025-08-05 13:54:32'),
(700, 234, NULL, 130, NULL, NULL, 1, NULL, '2025-08-05 13:54:32', '2025-08-05 13:54:32'),
(701, 234, NULL, 77, NULL, NULL, 3, NULL, '2025-08-05 13:54:32', '2025-08-05 13:54:32'),
(702, 235, NULL, 67, NULL, NULL, 1, NULL, '2025-08-06 15:14:20', '2025-08-06 15:14:20'),
(703, 235, NULL, 130, NULL, NULL, 1, NULL, '2025-08-06 15:14:20', '2025-08-06 15:14:20'),
(704, 235, NULL, 79, NULL, NULL, 1, NULL, '2025-08-06 15:14:20', '2025-08-06 15:14:20'),
(705, 235, NULL, 77, NULL, NULL, 1, NULL, '2025-08-06 15:14:20', '2025-08-06 15:14:20'),
(706, 236, NULL, 32, NULL, NULL, 7, NULL, '2025-08-06 18:19:45', '2025-08-06 18:19:45'),
(707, 237, NULL, 221, NULL, NULL, 1, NULL, '2025-08-07 20:17:02', '2025-08-07 20:17:02'),
(708, 238, NULL, 221, NULL, NULL, 1, NULL, '2025-08-08 21:42:22', '2025-08-08 21:42:22'),
(709, 238, NULL, 213, NULL, NULL, 1, NULL, '2025-08-08 21:42:22', '2025-08-08 21:42:22'),
(710, 238, NULL, 102, NULL, NULL, 1, NULL, '2025-08-08 21:42:22', '2025-08-08 21:42:22'),
(711, 238, NULL, 129, NULL, NULL, 1, NULL, '2025-08-08 21:42:22', '2025-08-08 21:42:22'),
(712, 238, NULL, 77, NULL, NULL, 4, NULL, '2025-08-08 21:42:22', '2025-08-08 21:42:22'),
(713, 239, NULL, 77, NULL, NULL, 1, NULL, '2025-08-08 22:06:21', '2025-08-08 22:06:21'),
(714, 240, NULL, 102, NULL, NULL, 1, NULL, '2025-08-10 16:09:55', '2025-08-10 16:09:55'),
(715, 240, NULL, 130, NULL, NULL, 1, NULL, '2025-08-10 16:09:55', '2025-08-10 16:09:55'),
(716, 240, NULL, 140, NULL, NULL, 1, NULL, '2025-08-10 16:09:55', '2025-08-10 16:09:55'),
(717, 240, NULL, 77, NULL, NULL, 4, NULL, '2025-08-10 16:09:55', '2025-08-10 16:09:55'),
(718, 240, NULL, 81, NULL, NULL, 1, NULL, '2025-08-10 16:09:55', '2025-08-10 16:09:55');

-- --------------------------------------------------------

--
-- Table structure for table `kot_item_modifier_options`
--

CREATE TABLE `kot_item_modifier_options` (
  `id` bigint(20) UNSIGNED NOT NULL,
  `kot_item_id` bigint(20) UNSIGNED NOT NULL,
  `modifier_option_id` bigint(20) UNSIGNED NOT NULL,
  `created_at` timestamp NULL DEFAULT NULL,
  `updated_at` timestamp NULL DEFAULT NULL
) ENGINE=InnoDB DEFAULT CHARSET=utf8mb4 COLLATE=utf8mb4_unicode_ci;

-- --------------------------------------------------------

--
-- Table structure for table `kot_places`
--

CREATE TABLE `kot_places` (
  `id` bigint(20) UNSIGNED NOT NULL,
  `printer_id` bigint(20) UNSIGNED DEFAULT NULL,
  `branch_id` bigint(20) UNSIGNED DEFAULT NULL,
  `name` varchar(191) NOT NULL,
  `type` varchar(191) DEFAULT NULL,
  `is_active` tinyint(1) NOT NULL DEFAULT 1,
  `is_default` tinyint(1) NOT NULL DEFAULT 0,
  `created_at` timestamp NULL DEFAULT NULL,
  `updated_at` timestamp NULL DEFAULT NULL
) ENGINE=InnoDB DEFAULT CHARSET=utf8mb4 COLLATE=utf8mb4_unicode_ci;

--
-- Dumping data for table `kot_places`
--

INSERT INTO `kot_places` (`id`, `printer_id`, `branch_id`, `name`, `type`, `is_active`, `is_default`, `created_at`, `updated_at`) VALUES
(1, 1, 1, 'Default Kitchen', 'food', 1, 1, '2025-08-01 09:37:56', '2025-08-01 09:37:57'),
(2, 2, 2, 'Default Kitchen', 'food', 1, 1, '2025-08-01 09:37:58', '2025-08-01 09:37:58'),
(3, 3, 3, 'Default Kitchen', 'food', 1, 1, '2025-08-02 02:03:06', '2025-08-02 02:03:06'),
(4, NULL, 7, 'Default Kitchen', 'food', 1, 1, '2025-08-02 07:01:24', '2025-08-10 11:35:48'),
(5, 5, 8, 'Default Kitchen', 'food', 1, 1, '2025-08-02 07:01:24', '2025-08-02 07:01:24'),
(6, 6, 9, 'Default Kitchen', 'food', 1, 1, '2025-08-02 07:01:24', '2025-08-02 07:01:24'),
(7, 7, 10, 'Default Kitchen', 'food', 1, 1, '2025-08-02 07:01:24', '2025-08-02 07:01:24');

-- --------------------------------------------------------

--
-- Table structure for table `kot_settings`
--

CREATE TABLE `kot_settings` (
  `id` bigint(20) UNSIGNED NOT NULL,
  `branch_id` bigint(20) UNSIGNED NOT NULL,
  `default_status` enum('pending','cooking') NOT NULL DEFAULT 'pending',
  `enable_item_level_status` tinyint(1) NOT NULL DEFAULT 1,
  `created_at` timestamp NULL DEFAULT NULL,
  `updated_at` timestamp NULL DEFAULT NULL
) ENGINE=InnoDB DEFAULT CHARSET=utf8mb4 COLLATE=utf8mb4_unicode_ci;

--
-- Dumping data for table `kot_settings`
--

INSERT INTO `kot_settings` (`id`, `branch_id`, `default_status`, `enable_item_level_status`, `created_at`, `updated_at`) VALUES
(1, 1, 'pending', 1, '2025-08-01 09:37:56', '2025-08-01 09:37:56'),
(2, 1, 'pending', 1, '2025-08-01 09:37:57', '2025-08-01 09:37:57'),
(3, 2, 'pending', 1, '2025-08-01 09:37:58', '2025-08-01 09:37:58'),
(4, 2, 'pending', 1, '2025-08-01 09:37:59', '2025-08-01 09:37:59'),
(5, 3, 'pending', 1, '2025-08-02 02:03:06', '2025-08-02 02:03:06'),
(6, 3, 'pending', 1, '2025-08-02 02:03:06', '2025-08-02 02:03:06'),
(7, 7, 'pending', 1, '2025-08-02 02:03:06', '2025-08-10 11:23:03'),
(8, 7, 'pending', 1, '2025-08-02 07:01:23', '2025-08-02 07:01:23'),
(9, 8, 'pending', 1, '2025-08-02 02:03:06', '2025-08-02 02:03:06'),
(10, 8, 'pending', 1, '2025-08-02 02:03:06', '2025-08-02 02:03:06'),
(11, 9, 'pending', 1, '2025-08-02 02:03:06', '2025-08-02 02:03:06'),
(12, 9, 'pending', 1, '2025-08-02 02:03:06', '2025-08-02 02:03:06'),
(13, 10, 'pending', 1, '2025-08-02 02:03:06', '2025-08-02 02:03:06'),
(14, 10, 'pending', 1, '2025-08-02 02:03:06', '2025-08-02 02:03:06');

-- --------------------------------------------------------

--
-- Table structure for table `language_settings`
--

CREATE TABLE `language_settings` (
  `id` bigint(20) UNSIGNED NOT NULL,
  `language_code` varchar(191) NOT NULL,
  `language_name` varchar(191) NOT NULL,
  `flag_code` varchar(191) NOT NULL,
  `active` tinyint(1) NOT NULL DEFAULT 1,
  `is_rtl` tinyint(1) NOT NULL DEFAULT 0,
  `created_at` timestamp NULL DEFAULT NULL,
  `updated_at` timestamp NULL DEFAULT NULL
) ENGINE=InnoDB DEFAULT CHARSET=utf8mb4 COLLATE=utf8mb4_unicode_ci;

--
-- Dumping data for table `language_settings`
--

INSERT INTO `language_settings` (`id`, `language_code`, `language_name`, `flag_code`, `active`, `is_rtl`, `created_at`, `updated_at`) VALUES
(1, 'en', 'English', 'gb', 1, 0, NULL, NULL),
(2, 'ar', 'Arabic', 'sa', 0, 1, NULL, NULL),
(3, 'de', 'German', 'de', 0, 0, NULL, NULL),
(4, 'es', 'Spanish', 'es', 0, 0, NULL, NULL),
(5, 'et', 'Estonian', 'et', 0, 0, NULL, NULL),
(6, 'fa', 'Farsi', 'ir', 0, 1, NULL, NULL),
(7, 'fr', 'French', 'fr', 0, 0, NULL, NULL),
(8, 'gr', 'Greek', 'gr', 0, 0, NULL, NULL),
(9, 'it', 'Italian', 'it', 0, 0, NULL, NULL),
(10, 'nl', 'Dutch', 'nl', 0, 0, NULL, NULL),
(11, 'pl', 'Polish', 'pl', 0, 0, NULL, NULL),
(12, 'pt', 'Portuguese', 'pt', 0, 0, NULL, NULL),
(13, 'pt-br', 'Portuguese (Brazil)', 'br', 0, 0, NULL, NULL),
(14, 'ro', 'Romanian', 'ro', 0, 0, NULL, NULL),
(15, 'ru', 'Russian', 'ru', 0, 0, NULL, NULL),
(16, 'tr', 'Turkish', 'tr', 0, 0, NULL, NULL),
(17, 'zh-CN', 'Chinese (S)', 'cn', 0, 0, NULL, NULL),
(18, 'zh-TW', 'Chinese (T)', 'cn', 0, 0, NULL, NULL);

-- --------------------------------------------------------

--
-- Table structure for table `ltm_translations`
--

CREATE TABLE `ltm_translations` (
  `id` bigint(20) UNSIGNED NOT NULL,
  `status` int(11) NOT NULL DEFAULT 0,
  `locale` varchar(191) NOT NULL,
  `group` varchar(191) NOT NULL,
  `key` text NOT NULL,
  `value` text DEFAULT NULL,
  `created_at` timestamp NULL DEFAULT NULL,
  `updated_at` timestamp NULL DEFAULT NULL
) ENGINE=InnoDB DEFAULT CHARSET=utf8mb4 COLLATE=utf8mb4_bin;

-- --------------------------------------------------------

--
-- Table structure for table `menus`
--

CREATE TABLE `menus` (
  `id` bigint(20) UNSIGNED NOT NULL,
  `branch_id` bigint(20) UNSIGNED DEFAULT NULL,
  `menu_name` text DEFAULT NULL,
  `sort_order` int(10) UNSIGNED NOT NULL DEFAULT 0,
  `created_at` timestamp NULL DEFAULT NULL,
  `updated_at` timestamp NULL DEFAULT NULL
) ENGINE=InnoDB DEFAULT CHARSET=utf8mb4 COLLATE=utf8mb4_unicode_ci;

--
-- Dumping data for table `menus`
--

INSERT INTO `menus` (`id`, `branch_id`, `menu_name`, `sort_order`, `created_at`, `updated_at`) VALUES
(1, 3, '{\"en\": \"North Indian Delights\"}', 0, '2025-01-11 11:56:36', '2025-01-11 11:56:36'),
(2, 3, '{\"en\": \"South Indian Sensations\"}', 0, '2025-01-11 11:56:36', '2025-01-11 11:56:36'),
(3, 3, '{\"en\": \"Indo-Chinese Fusion\"}', 0, '2025-01-11 11:56:36', '2025-01-11 11:56:36'),
(4, 3, '{\"en\": \"Beverages\"}', 0, '2025-01-12 10:11:12', '2025-01-18 18:47:12'),
(11, 7, '{\"en\": \"Beverages\"}', 0, '2025-02-06 00:09:33', '2025-02-06 00:10:02'),
(12, 7, '{\"en\": \"Starters\"}', 0, '2025-02-06 02:46:15', '2025-02-06 02:46:15'),
(13, 7, '{\"en\": \"Main Coarse\"}', 0, '2025-02-06 02:46:32', '2025-02-06 02:46:32'),
(14, 7, '{\"en\": \"Quick Bites\"}', 0, '2025-02-06 02:47:14', '2025-02-06 02:47:14'),
(15, 7, '{\"en\": \"Italian\"}', 0, '2025-02-06 03:00:45', '2025-02-06 03:00:45'),
(16, 7, '{\"en\": \"Chinese\"}', 0, '2025-02-06 03:02:44', '2025-02-06 03:02:44'),
(17, 7, '{\"en\": \"Sugary Treats\"}', 0, '2025-02-06 04:50:30', '2025-02-06 04:50:30'),
(18, 8, '{\"en\": \"Museum Ticket\"}', 0, '2025-02-07 05:39:53', '2025-02-07 05:39:53');

-- --------------------------------------------------------

--
-- Table structure for table `menu_items`
--

CREATE TABLE `menu_items` (
  `id` bigint(20) UNSIGNED NOT NULL,
  `branch_id` bigint(20) UNSIGNED DEFAULT NULL,
  `kot_place_id` bigint(20) UNSIGNED DEFAULT NULL,
  `item_name` varchar(191) NOT NULL,
  `image` varchar(191) DEFAULT NULL,
  `description` text DEFAULT NULL,
  `type` enum('veg','non-veg','egg','drink','other') NOT NULL DEFAULT 'veg',
  `price` decimal(16,2) DEFAULT NULL,
  `menu_id` bigint(20) UNSIGNED NOT NULL,
  `item_category_id` bigint(20) UNSIGNED NOT NULL,
  `created_at` timestamp NULL DEFAULT NULL,
  `updated_at` timestamp NULL DEFAULT NULL,
  `preparation_time` int(11) DEFAULT NULL,
  `is_available` tinyint(1) NOT NULL DEFAULT 1,
  `show_on_customer_site` tinyint(1) NOT NULL DEFAULT 1,
  `in_stock` tinyint(1) NOT NULL DEFAULT 1,
  `sort_order` int(10) UNSIGNED NOT NULL DEFAULT 0,
  `tax_inclusive` tinyint(1) NOT NULL DEFAULT 0
) ENGINE=InnoDB DEFAULT CHARSET=utf8mb4 COLLATE=utf8mb4_unicode_ci;

--
-- Dumping data for table `menu_items`
--

INSERT INTO `menu_items` (`id`, `branch_id`, `kot_place_id`, `item_name`, `image`, `description`, `type`, `price`, `menu_id`, `item_category_id`, `created_at`, `updated_at`, `preparation_time`, `is_available`, `show_on_customer_site`, `in_stock`, `sort_order`, `tax_inclusive`) VALUES
(1, 3, NULL, 'Butter Chicken', '16bdadca27819663b9e8681b18b339af.jpg', 'Tender chicken cooked in a rich tomato and butter gravy.', 'non-veg', 320.00, 1, 2, '2025-01-11 11:59:30', '2025-01-11 11:59:30', 25, 1, 1, 1, 0, 0),
(2, 3, NULL, 'Paneer Tikka', '42110c44590801025a79c9c0bb30c77c.jpg', 'Grilled cottage cheese marinated in spicy yogurt.', 'veg', 250.00, 1, 1, '2025-01-11 11:59:56', '2025-01-11 11:59:56', 20, 1, 1, 1, 0, 0),
(3, 3, NULL, 'Dal Makhani', 'be90df76c4ba21e9d0ac9a4e5cca5a07.jpg', 'Creamy and rich black lentils cooked with butter and spices.', 'veg', 180.00, 1, 2, '2025-01-11 12:00:45', '2025-06-20 05:25:05', 15, 1, 1, 1, 0, 0),
(4, 3, NULL, 'Tandoori Roti', '70ee6a06102ef5ed9cb1f76824538471.png', 'Traditional whole wheat bread cooked in a clay oven.', 'veg', 25.00, 1, 3, '2025-01-11 12:02:10', '2025-06-20 05:24:45', 13, 1, 1, 1, 0, 0),
(5, 3, NULL, 'Naan', '5222d94fb4bb176a7e0f3451ed2dfe63.jpg', 'Soft and fluffy bread baked in a tandoor.', 'veg', 40.00, 1, 3, '2025-01-11 12:03:04', '2025-06-20 05:24:08', 30, 1, 1, 1, 0, 0),
(6, 3, NULL, 'Masala Dosa', '40c131128bd05b92040b5af6555614f0.jpg', 'Crispy rice and lentil crepe filled with spiced mashed potatoes.', 'veg', 120.00, 2, 2, '2025-01-11 12:04:05', '2025-01-11 12:04:05', 19, 1, 1, 1, 0, 0),
(7, 3, NULL, 'Idli Sambar', '58d8c0d08edf1a1f23efe1ce2d1b6cf3.jpg', 'Steamed rice cakes served with lentil soup and chutney.', 'veg', 90.00, 2, 2, '2025-01-11 12:04:23', '2025-01-11 12:04:23', 27, 1, 1, 1, 0, 0),
(8, 3, NULL, 'Medu Vada', '29bf7da6a2279e361aadfa647b2c27b7.jpg', 'Crispy lentil fritters with chutney and sambar.', 'veg', 80.00, 2, 1, '2025-01-11 12:05:09', '2025-01-11 12:05:09', 19, 1, 1, 1, 0, 0),
(9, 3, NULL, 'Uttapam', '71f6d4a6b1871c0149b2922857cb7a95.jpg', 'Thick rice and lentil pancake topped with onions and tomatoes.', 'veg', 130.00, 2, 2, '2025-01-11 12:05:55', '2025-01-17 04:53:41', 24, 1, 1, 1, 0, 0),
(10, 3, NULL, 'Hyderabadi Chicken Biryani', '22b162eb22d35215a3992005147fc767.jpg', 'Fragrant rice cooked with tender meat and aromatic spices.', 'non-veg', 300.00, 2, 4, '2025-01-11 12:08:23', '2025-01-11 12:08:23', 14, 1, 1, 1, 0, 0),
(11, 3, NULL, 'Chicken Manchurian', 'bc277ca2bfeeb2ec542be54d836c2d64.jpg', 'Juicy chicken balls in a tangy Manchurian sauce.', 'non-veg', 260.00, 3, 2, '2025-01-11 12:09:41', '2025-01-11 12:09:41', 19, 1, 1, 1, 0, 0),
(12, 3, NULL, 'Vegetable Hakka Noodles', '50fbf55ddda0e8f139e4f13b9b516e22.jpg', 'Stir-fried noodles with a mix of vegetables in a savory sauce.', 'veg', 180.00, 3, 2, '2025-01-11 12:10:37', '2025-01-11 12:10:37', 11, 1, 1, 1, 0, 0),
(13, 3, NULL, 'Chilli Paneer', '25d97f25f07a4f94043a0aeb346221d0.jpg', 'Spicy cottage cheese cubes tossed in a tangy Indo-Chinese sauce.', 'veg', 240.00, 3, 2, '2025-01-11 12:11:08', '2025-01-11 12:11:08', 26, 1, 1, 1, 0, 0),
(14, 3, NULL, 'Spring Rolls', '58575c281342ff855b8a08d7599d6973.jpg', 'Crispy rolls stuffed with a mix of vegetables and served with tangy dip.', 'veg', 150.00, 2, 1, '2025-01-11 12:11:50', '2025-01-11 12:11:50', 13, 1, 1, 1, 0, 0),
(15, 3, NULL, 'Veg Manchow Soup', '945a2a0903ca4399a529740d0ddb3666.jpg', 'Spicy vegetable soup with crispy fried noodles.', 'veg', 120.00, 3, 1, '2025-01-11 12:12:47', '2025-06-20 05:26:03', 13, 1, 1, 1, 0, 0),
(16, 3, NULL, 'Soft Drinks ', 'a7ffbcb6e2291a99405ac106e1a5c5e4.jpg', 'fasfas asfasfas', 'veg', 50.00, 4, 22, '2025-01-12 10:14:22', '2025-06-20 05:25:34', 10, 1, 1, 1, 0, 0),
(17, 7, NULL, 'The Zest Cinnamon Blast', 'ba899427e9f3376255d86724a59bb5b5.avif', 'Apple chunks, apple juice, cinnamon syrup, white pepper top of soda', 'drink', 199.00, 11, 5, '2025-01-14 12:19:57', '2025-02-06 00:58:50', 15, 1, 1, 1, 0, 0),
(18, 7, NULL, 'The Zest Sessonal Fresh Juice', 'f3fd2e8f44937bc98f04ccf3b6a03d5d.jpg', NULL, 'drink', 299.00, 11, 5, '2025-01-14 13:06:22', '2025-02-06 00:58:27', 15, 1, 1, 1, 0, 0),
(19, 7, NULL, 'Maya', 'e0cae2c991df023c32a76080c66282bc.jpg', 'Strawberry drink with ginger ale and Lemonde\n', 'drink', 199.00, 11, 5, '2025-01-14 13:07:09', '2025-02-06 00:58:00', 15, 1, 1, 1, 0, 0),
(20, 7, NULL, 'The Zest Sunrise', '842bd22ffe266c137275ef24610840c3.jpg', 'Orange juice and pineapple juice with grenadine syrup\n', 'drink', 199.00, 11, 5, '2025-01-14 13:07:45', '2025-02-06 00:57:47', 15, 1, 1, 1, 0, 0),
(21, 7, NULL, 'Madagascar', '7e326682c7349a97b583d9f1da13fb64.jpg', 'Mango crush,melon syrup,pineapple juice,amrettro syrup\n', 'drink', 199.00, 11, 5, '2025-01-14 13:08:20', '2025-02-06 00:57:09', 15, 1, 1, 1, 0, 0),
(22, 7, NULL, 'The Zest Punch', 'c87d54466800c5f45289a807f16be586.png', 'Blend of mix of juices with vanilla ice cream& strawberry crush\n', 'drink', 199.00, 11, 5, '2025-01-14 13:09:03', '2025-02-06 00:56:52', 15, 1, 1, 1, 0, 0),
(23, 7, NULL, 'Virgin Pina Colada', '9a5caa3b075bb0e1224be2b1ad6e156d.jpg', 'Pineapple juice with coconut cream\n', 'drink', 199.00, 11, 5, '2025-01-14 13:09:45', '2025-02-06 00:56:38', 15, 1, 1, 1, 0, 0),
(24, 7, NULL, 'The Zest Sangrita', '7f6cf734d0400b5d6f2489cb0d8d8e5b.jpg', 'It\'s like virgin sangria', 'drink', 0.00, 11, 5, '2025-01-14 13:10:18', '2025-02-06 00:56:21', 15, 1, 1, 1, 0, 0),
(25, 7, NULL, 'Orange and Kafir Lime', '2c528aca8204c63257fbe7ad81c8ef7b.jpg', 'Fresh kaffir leaves, orange chunks and juice with top up soda\n', 'drink', 0.00, 11, 5, '2025-01-14 13:10:57', '2025-02-06 00:56:08', 15, 1, 1, 1, 0, 0),
(26, 7, NULL, 'Strawberry and Basil Mojito', 'b590560d4c3ce29e58f44ec3c5249c7d.jpg', '', 'drink', 0.00, 11, 5, '2025-01-14 13:11:22', '2025-02-06 00:51:36', 15, 1, 1, 1, 0, 0),
(27, 7, NULL, 'Watermelon Mojito', 'c0f5664093f1d6a1852e40204902742d.jpg', '', 'drink', 0.00, 11, 5, '2025-01-14 13:11:43', '2025-02-06 00:51:22', 15, 1, 1, 1, 0, 0),
(28, 7, NULL, 'Apple and Mint Mojito', '4ae3573df16d352e42e007b8d2d8580a.jpeg', '', 'drink', 0.00, 11, 5, '2025-01-14 13:12:07', '2025-02-06 00:51:00', 15, 1, 1, 1, 0, 0),
(29, 7, NULL, 'Mineral Water', '6ba65239e1c65e895c7222ad4d206130.jpg', NULL, 'drink', 60.00, 11, 24, '2025-01-14 13:14:59', '2025-02-06 05:09:31', 0, 1, 1, 1, 0, 0),
(31, 7, NULL, 'Cappuccino', '92ddda8af5713c66c977a58f5ef71290.png', '', 'drink', 199.00, 11, 6, '2025-01-14 13:16:00', '2025-02-06 01:07:07', 0, 1, 1, 1, 0, 0),
(32, 7, NULL, 'Tea', '8994c301136547fed94d6a4d3d5d22b8.jpg', '', 'drink', 125.00, 11, 6, '2025-01-14 13:16:28', '2025-02-06 01:05:59', 10, 1, 1, 1, 0, 0),
(33, 7, NULL, 'Ice Cream', 'd2eb1a00b96dec1688177743e328e0ce.jpg', '', 'veg', 0.00, 17, 7, '2025-01-14 13:21:44', '2025-07-07 09:00:34', 10, 1, 1, 1, 0, 0),
(34, 7, NULL, 'Moong Dal Halwa', '3b919efe364ff46ada847da9c54d5670.png', '', 'veg', 199.00, 17, 7, '2025-01-15 04:47:12', '2025-07-07 08:59:33', 20, 1, 1, 1, 0, 0),
(35, 7, NULL, 'Kesari Phirni', '076822d02c1e789edd43328c1d994003.png', '', 'veg', 249.00, 17, 7, '2025-01-15 04:47:37', '2025-07-07 08:58:50', 20, 1, 1, 1, 0, 0),
(36, 7, NULL, 'Ras Malai', 'c4c959b54b2981193db9e0021cd0484a.png', '', 'veg', 249.00, 17, 7, '2025-01-15 04:48:26', '2025-07-07 08:58:22', 20, 1, 1, 1, 0, 0),
(37, 7, NULL, 'Gulab Jamun', '5307faf07f9faa68c1ff02d410d506a9.png', '', 'veg', 199.00, 17, 7, '2025-01-15 04:48:50', '2025-07-07 08:57:30', 20, 1, 1, 1, 0, 0),
(38, 7, NULL, 'Alfredo', '9c74ffc6151836cea667e79c18609b23.png', 'Mushroom and Cheese\n', 'veg', 399.00, 15, 8, '2025-01-15 04:53:15', '2025-02-06 03:07:06', 30, 1, 1, 1, 0, 0),
(39, 7, NULL, 'Alfredo Chicken', 'bfedea7c91cfd6c8d12d5892a858078c.png', 'Mushroom and Cheese with chicken\n', 'non-veg', 575.00, 15, 8, '2025-01-15 04:54:05', '2025-02-06 03:07:24', 30, 1, 1, 1, 0, 0),
(40, 7, NULL, 'Arrabiata', 'd8ec8b006c5fa375f87a948dff1b08f9.jpg', '', 'veg', 399.00, 15, 8, '2025-01-15 04:54:46', '2025-02-06 03:07:36', 30, 1, 1, 1, 0, 0),
(41, 7, NULL, 'Arrabiata Chicken', '0b95195ed19f61c4142370d316752858.png', '', 'non-veg', 575.00, 15, 8, '2025-01-15 04:55:23', '2025-02-06 03:07:45', 30, 1, 1, 1, 0, 0),
(42, 7, NULL, 'Mama Rosa', 'c7b554cb0e006efda8704ac6beae2439.png', '', 'veg', 399.00, 15, 8, '2025-01-15 04:55:56', '2025-02-06 03:07:57', 30, 1, 1, 1, 0, 0),
(43, 7, NULL, 'Mama Rosa Chicken', 'ec9a13ec48f14729c764260ef58409ff.png', '', 'non-veg', 575.00, 15, 8, '2025-01-15 04:56:25', '2025-02-06 03:08:05', 30, 1, 1, 1, 0, 0),
(44, 7, NULL, 'Indiana', '8ef101fa3b2193c4b77186f68245c683.png', 'Char grilled paneer,,onion,pepper,mozzarella', 'veg', 375.00, 15, 9, '2025-01-15 05:36:12', '2025-02-06 03:04:01', 30, 1, 1, 1, 0, 0),
(45, 7, NULL, 'Classic margherita', '9bf078b74048d01b74cde425ea8db897.jpg', 'Tomato basil and mozzarella', 'veg', 375.00, 15, 9, '2025-01-15 05:38:21', '2025-02-06 03:04:30', 30, 1, 1, 1, 0, 0),
(46, 7, NULL, 'Fungi Basco', '745157176c2a5bdadb705a5e3920e7b8.png', 'Mozzarella, mushroom, cheese', 'veg', 375.00, 15, 9, '2025-01-15 05:39:08', '2025-02-06 03:04:48', 30, 1, 1, 1, 0, 0),
(47, 7, NULL, 'Vedure', '0a52f2d95a0ab8820ef63b07c0ac941e.png', 'Tomato, feta cheese,olives,green capsicum,oregano&capers', 'veg', 375.00, 15, 9, '2025-01-15 05:39:39', '2025-02-06 03:04:58', 30, 1, 1, 1, 0, 0),
(48, 7, NULL, 'Butter Chicken Pizza', 'ad04abf81948481ed5d6ee824e750d4f.png', 'Char grilled chicken,onions,peppers,mozzarella', 'non-veg', 425.00, 15, 9, '2025-01-15 05:40:28', '2025-02-06 03:05:19', 30, 1, 1, 1, 0, 0),
(49, 7, NULL, 'Veg Chilly Garlic Noodle', '4a67d452194e8e2604e6a7b25438d17f.jpg', NULL, 'veg', 299.00, 16, 10, '2025-01-15 05:41:45', '2025-02-06 03:09:44', 30, 1, 1, 1, 0, 0),
(50, 7, NULL, 'Veg Hakka Noodle', '1fc2d3f874a3a1d2faf70c73f1a9d17c.jpg', '', 'veg', 299.00, 16, 10, '2025-01-15 05:42:14', '2025-02-06 03:10:00', 30, 1, 1, 1, 0, 0),
(51, 7, NULL, 'Chicken Chilly Garlic Noodle', 'd7a709c6025c3be286a55443d5531ed2.jpg', '', 'non-veg', 325.00, 16, 10, '2025-01-15 05:42:46', '2025-02-06 03:10:28', 30, 1, 1, 1, 0, 0),
(52, 7, NULL, 'Chicken Hakka Noodle', 'e40453472e7d2152c9dc2e2f70cf2d4c.png', '', 'non-veg', 325.00, 16, 10, '2025-01-15 05:43:22', '2025-02-06 03:10:43', 30, 1, 1, 1, 0, 0),
(53, 7, NULL, 'The Zest Veg Club Sandwich', '38d4384fff5ee3e95a52c23ecee971f5.jpg', NULL, 'veg', 299.00, 14, 26, '2025-01-15 05:46:51', '2025-02-06 03:36:14', 20, 1, 1, 1, 0, 0),
(54, 7, NULL, 'Chicken Sandwich', '6d467f2f4aaac9ff56d90b75c3d2113c.jpg', 'Tosted and grilled', 'non-veg', 325.00, 14, 26, '2025-01-15 05:47:15', '2025-02-06 03:36:05', 20, 1, 1, 1, 0, 0),
(57, 7, NULL, 'Veg Kathi Roll', '7199a3f0e126dab51ee92259e20745f7.jpg', '', 'veg', 285.00, 14, 27, '2025-01-15 05:48:51', '2025-02-06 03:35:57', NULL, 1, 1, 1, 0, 0),
(58, 7, NULL, 'Chicken Kathi Roll', '4e9ba85a507af5f2e086d080be024893.jpg', '', 'non-veg', 325.00, 14, 27, '2025-01-15 05:49:26', '2025-02-06 03:35:47', NULL, 1, 1, 1, 0, 0),
(59, 7, NULL, 'Cream of Mushroom Soup', '6d92b2c071dce65dda31bace0916ffaf.png', 'Aromatic creamy mushroom Soup\n', 'veg', 0.00, 12, 12, '2025-01-15 05:55:33', '2025-02-06 04:54:20', 30, 1, 1, 1, 0, 0),
(60, 7, NULL, 'Lemon Coriander Chicken Soup', '9621b1b4e85381bc3f073a6f6f05a4ff.jpg', 'A Chinese classic with strong essence of ginger garlic, and lemon with chicken', 'non-veg', 275.00, 12, 12, '2025-01-15 06:46:43', '2025-02-06 04:56:15', 20, 1, 1, 1, 0, 0),
(62, 7, NULL, 'Chicken Drum Sticks Shorba', '84065c63bcb2ec653c75a3645147d450.png', 'Aromatic chicken and drumstick broth tempered with select Indian spice\n', 'non-veg', 275.00, 12, 12, '2025-01-15 06:50:21', '2025-02-06 04:56:06', 20, 1, 1, 1, 0, 0),
(63, 7, NULL, 'Veg Hot and Sour', '2babf9be2790f5e7d1eebac13675697e.jpg', 'A spicy sour and hot vegetable soup\n', 'veg', 250.00, 12, 12, '2025-01-15 06:51:08', '2025-02-06 04:55:26', 20, 1, 1, 1, 0, 0),
(64, 7, NULL, 'Sweet Corn Chicken Soup', 'eb50e14f9335d18bea0283644dca0069.png', 'Crushed and whole sweet corn comes with colorful assortment of juicy vegetables\n', 'non-veg', 275.00, 12, 12, '2025-01-15 06:51:54', '2025-02-06 04:55:58', 10, 1, 1, 1, 0, 0),
(66, 7, NULL, 'Cream of Chicken', '36b440913ed230f39aa1493e25e36a5f.png', 'Aromatic creamy chicken Soup\n', 'non-veg', 275.00, 12, 12, '2025-01-15 06:54:15', '2025-02-06 04:55:50', 20, 1, 1, 1, 0, 0),
(67, 7, NULL, 'Manchow Soup', '82865b6a661910353df225e9153cb4cf.jpg', 'Exotic vegetable with vegetable broth and crunchy noodles.\n', 'veg', 250.00, 12, 12, '2025-01-15 06:55:08', '2025-02-06 04:55:17', 20, 1, 1, 1, 0, 0),
(68, 7, NULL, 'Masala Papad', 'bdfa2d838fb3faeec23011ca08b36212.png', NULL, 'veg', 219.00, 13, 14, '2025-01-15 07:15:14', '2025-02-06 04:47:09', 10, 1, 1, 1, 0, 0),
(70, 7, NULL, 'Greek Salad', '7ed9d83663fe0010db5ed9d2526e21d4.png', 'Made with pieces of tomatoes, cucumbers, onion, feta cheese and olives', 'veg', 299.00, 12, 13, '2025-01-15 07:16:46', '2025-02-06 05:04:53', 15, 1, 1, 1, 0, 0),
(71, 7, NULL, 'Caesar Salad with Parmingiano', '92bf3930f1f6dd022e6705f2b4d9cfe0.png', 'Iceberg lettuce infused with Caesar dressing, parmesan cheese, herb and crouton', 'veg', 299.00, 12, 13, '2025-01-15 07:17:54', '2025-02-06 05:04:44', 10, 1, 1, 1, 0, 0),
(72, 7, NULL, 'Tadka Raita', 'de00f013202ece81c26418fdcbf3edc9.png', NULL, 'veg', 219.00, 13, 14, '2025-01-15 07:19:30', '2025-02-06 04:46:10', 10, 1, 1, 1, 0, 0),
(73, 7, NULL, 'Aloo Raita', '607a76dfba5a2fcf3b88d316b939157a.jpg', '', 'veg', 175.00, 13, 14, '2025-01-15 07:20:34', '2025-02-06 04:45:56', 10, 1, 1, 1, 0, 0),
(74, 7, NULL, 'Pineapple Raita', '1821c09957cebe2806ead542be4c9bc0.png', '', 'veg', 175.00, 13, 14, '2025-01-15 07:21:07', '2025-02-06 04:45:48', 10, 1, 1, 1, 0, 0),
(75, 7, NULL, 'Mix Raita', 'd648eda3ff96e004af625101248ca3b1.jpg', '', 'veg', 219.00, 13, 14, '2025-01-15 07:21:36', '2025-02-06 04:45:36', NULL, 1, 1, 1, 0, 0),
(76, 7, NULL, 'Boondi Raita', '13850f001a425b8fdf6ae14965f69e8e.png', '', 'veg', 219.00, 13, 14, '2025-01-15 07:22:02', '2025-02-06 04:45:22', 10, 1, 1, 1, 0, 0),
(77, 7, NULL, 'Tandoori Roti', '75d7a54e191edb4cb48668c05c3f5853.png', NULL, 'veg', 50.00, 13, 15, '2025-01-15 07:24:46', '2025-02-06 04:40:50', 10, 1, 1, 1, 0, 0),
(78, 7, NULL, 'Kasta Roti', 'cd215ad645ab99a6ca2248dfa8d2fe8c.jpg', '', 'veg', 99.00, 13, 15, '2025-01-15 07:25:18', '2025-02-06 04:43:38', 10, 1, 1, 1, 0, 0),
(79, 7, NULL, 'Missi Roti', '0160b624a09ed641ecfa11113728e0c2.png', '', 'veg', 99.00, 13, 15, '2025-01-15 07:25:45', '2025-02-06 04:43:30', 10, 1, 1, 1, 0, 0),
(80, 7, NULL, 'Plain Naan', 'b8f710570031aa04be6d0b739f24c112.jpg', '', 'veg', 50.00, 13, 15, '2025-01-15 07:26:14', '2025-02-06 04:41:15', 10, 1, 1, 1, 0, 0),
(81, 7, NULL, 'Butter Naan', '88e2afc5abb4ef9d08963896ec1197cd.png', '', 'veg', 99.00, 13, 15, '2025-01-15 07:26:54', '2025-02-06 04:41:30', 10, 1, 1, 1, 0, 0),
(82, 7, NULL, 'Mirchi Parantha', '1780bbb8b2c7967943014766cc8fd697.jpg', '', 'veg', 99.00, 13, 15, '2025-01-15 07:27:20', '2025-02-06 04:42:40', 10, 1, 1, 1, 0, 0),
(83, 7, NULL, 'Laccha Parantha', 'c8a3489850ec2e1eb0e244b351194303.jpg', '', 'veg', 99.00, 13, 15, '2025-01-15 07:27:46', '2025-02-06 04:42:49', 10, 1, 1, 1, 0, 0),
(84, 7, NULL, 'Pudina Parantha', 'b02e5fa14f60853863b1c8570619bec5.png', '', 'veg', 99.00, 13, 15, '2025-01-15 07:28:16', '2025-02-06 04:43:06', 10, 1, 1, 1, 0, 0),
(85, 7, NULL, 'Kulcha', '686728f5dce1a7edf35622ee1bbe6ee5.jpg', 'ALOO, ONION, PANEER, MIX\n', 'veg', 150.00, 14, 15, '2025-01-15 07:28:52', '2025-02-06 04:42:23', 15, 1, 1, 1, 0, 0),
(86, 7, NULL, 'Steamed Rice', '158b27f5ca4caa651090a68640cb0836.png', 'Steamed Basmati rice ', 'veg', 289.00, 13, 16, '2025-01-15 07:33:22', '2025-02-06 04:38:56', 10, 1, 1, 1, 0, 0),
(87, 7, NULL, 'Veg Fried Rice', '976556b0b90a58b028cffad3816e2e43.jpg', 'Fine chopped vegetable and boiled rice tossed in wok', 'veg', 299.00, 13, 16, '2025-01-15 07:34:17', '2025-02-06 04:40:02', 10, 1, 1, 1, 0, 0),
(88, 7, NULL, 'Chicken Fried Rice', 'a842354848a5856bd97c6d499e128028.png', 'Chopped fried chicken and vegetable tossed with boiled rice in wok)', 'non-veg', 325.00, 13, 16, '2025-01-15 07:34:59', '2025-02-06 04:38:27', 10, 1, 1, 1, 0, 0),
(89, 7, NULL, 'Subj Biryani Hyderabadi', '237228725f81de96154c161ae538d56b.jpg', 'Marinated vegetable and basmati rice cooked with over a Dum in traditional style,finshesd in clay pot', 'non-veg', 325.00, 13, 16, '2025-01-15 07:35:47', '2025-02-06 04:37:57', 10, 1, 1, 1, 0, 0),
(90, 7, NULL, 'Awadh Chicken Biryani', 'a88f76870137f6e21fc18f7919c6935a.jpg', 'Cooked rice whole spices relished garnished with assorted chicken chopped and stir fried with coriander leaves.', 'non-veg', 450.00, 13, 16, '2025-01-15 07:36:36', '2025-02-06 04:39:33', 10, 1, 1, 1, 0, 0),
(91, 7, NULL, 'Mutton Biryani', 'cf98d3412ce863d4a603da2f23e938b0.png', 'Marinated lamb and aromatic basmati rice cooked in traditional Dum style and finished in clay pot', 'non-veg', 650.00, 13, 16, '2025-01-15 07:37:32', '2025-02-06 04:37:19', 10, 1, 1, 1, 0, 0),
(92, 7, NULL, 'Bhuna Panner Tikka', 'a09e70b9724253b94363891845562be4.jpg', 'Chargrilled cottage cheese royal cumin and tomato marinade)\n', 'veg', 425.00, 12, 17, '2025-01-15 07:47:36', '2025-02-06 04:28:16', 20, 1, 1, 1, 0, 0),
(93, 7, NULL, 'Subz Nizami Seekh', '1aa66c13c93fd42e8c8174ac3db4be25.png', 'Delicious and creamy seekh kababs made with mix vegetables dabbed around a skewer and cooked in clay oven\n', 'veg', 399.00, 12, 17, '2025-01-15 07:48:15', '2025-02-06 04:29:12', 20, 1, 1, 1, 0, 0),
(94, 7, NULL, 'Royal Broccli', '5905cb14d5919771266557e28aa7ff53.jpg', 'Creamy cheesy marinated roasted broccoli\n', 'veg', 475.00, 12, 17, '2025-01-15 07:48:46', '2025-02-06 04:28:26', 20, 1, 1, 1, 0, 0),
(95, 7, NULL, 'Paneer Ka Shola', '5bf2a240841c3e7277ef82666720d616.jpg', 'Cottage cheese marinated with nutmeg ,turmeric, mathania red chilli  , garlic,  ginger yogurt and cream)\n', 'veg', 425.00, 12, 17, '2025-01-15 07:49:22', '2025-02-06 04:27:38', 20, 1, 1, 1, 0, 0),
(96, 7, NULL, 'Hare Moong Ki Shami', '7c6cef6e725fe6b4ec4b8d137bdc5cd0.jpg', 'Green lentil patties\n', 'veg', 399.00, 12, 17, '2025-01-15 07:49:54', '2025-02-06 05:09:15', 20, 1, 1, 1, 0, 0),
(99, 7, NULL, 'Tandoori Phaldhari', 'd5927f00c9d08a8d139ce6e06ea44a68.png', 'Smoky fruits finished by clay oven\n', 'veg', 399.00, 12, 17, '2025-01-15 07:55:59', '2025-02-06 05:08:50', 20, 1, 1, 1, 0, 0),
(101, 7, NULL, 'Dunnar Murg Tikka', 'ed9069f456c360256f87ba46c8b1fbfb.jpg', 'Boneless chicken chargrilled after marinating for a day to give it a subtle flavor, perfect combination to enjoy any time of the day\n', 'non-veg', 575.00, 12, 17, '2025-01-15 07:57:16', '2025-02-06 04:02:22', 20, 1, 1, 1, 0, 0),
(102, 7, NULL, 'Afghani Chicken Tikka', 'a51f35bac84e991f83a9435009ee44e8.png', 'Creamy chicken finish in clay oven\n', 'non-veg', 575.00, 12, 17, '2025-01-15 07:57:49', '2025-02-06 05:08:00', 20, 1, 1, 1, 0, 0),
(103, 7, NULL, 'Bhatti ka Murg', 'aa8299d1ec79bef38bc4d2c4a8401ba9.jpg', 'Whole chicken marginated with bhatti spice finish in clay oven\n', 'non-veg', 0.00, 12, 17, '2025-01-15 07:58:23', '2025-02-06 03:55:54', 10, 1, 1, 1, 0, 0),
(104, 7, NULL, 'Mutton Shami Kabab', '41bec1676833b24b640ecc9cb9c22afb.jpg', 'Mutton patties with Hyderabadi spices grill on hot plate\n', 'non-veg', 675.00, 12, 17, '2025-01-15 07:59:03', '2025-02-06 03:56:12', 20, 1, 1, 1, 0, 0),
(105, 7, NULL, 'Roti pe Boti', 'c059d66fd22c2888846da7fb346d9153.png', 'Rich mutton chunks with onion and tomato served over the crispy Mughlai paratha\n', 'non-veg', 685.00, 12, 17, '2025-01-15 07:59:34', '2025-02-06 03:56:44', NULL, 1, 1, 1, 0, 0),
(106, 7, NULL, 'Punchphoran Mahi Tikka', '13c5e5200c9378677c1ef04ba5845b5e.png', 'sole chunks marinated with five bengoli  spices\n', 'non-veg', 599.00, 12, 17, '2025-01-15 08:00:08', '2025-02-06 03:45:25', 599, 1, 1, 1, 0, 0),
(109, 7, NULL, 'Chili Paneer', '43fa600700d912ae2cf59173fa32797b.jpg', 'Made from paneer onion and capsicum\n', 'veg', 425.00, 12, 18, '2025-01-15 08:03:20', '2025-02-06 05:08:25', 15, 1, 1, 1, 0, 0),
(110, 7, NULL, 'Manchurian Dry', '6f09628a5d04607141a73ec586b5e204.jpg', 'Fried vegetables balls are coated with thick flavorful sauce\n', 'veg', 399.00, 12, 18, '2025-01-15 08:04:03', '2025-02-06 04:22:30', 15, 1, 1, 1, 0, 0),
(112, 7, NULL, 'Crispy Corn', '8960e5030302c5e7641597fe4f9fdf84.jpg', 'Crispy corn tossed in a spicy sauce\n', 'veg', 399.00, 12, 18, '2025-01-15 08:05:14', '2025-02-06 04:22:23', 15, 1, 1, 1, 0, 0),
(113, 7, NULL, 'Thai Spring Roll', 'c0a79bcf16570abc0351b9f71d18108a.jpg', 'Flaky crisp rolls filled with ginger, lemon grass, bell pepper and cabbage\n', 'veg', 399.00, 12, 18, '2025-01-15 08:05:45', '2025-02-06 04:20:32', 15, 1, 1, 1, 0, 0),
(114, 7, NULL, 'Honey Chilli Potato', '18c5be9a58fdea5ed3fe017ab736e32f.jpg', 'Traditional honey chili potato topping with sesame seeds\n', 'veg', 399.00, 12, 18, '2025-01-15 08:06:20', '2025-02-06 04:19:43', 15, 1, 1, 1, 0, 0),
(115, 7, NULL, 'Crispy Chilli Mushroom', '3ba6ccd74abc1be77177abd3c14a5401.jpg', 'Fried Mushroom tossed with onion, bell pepper anf hot chilly sauce\n', 'veg', 425.00, 12, 18, '2025-01-15 08:06:58', '2025-02-06 04:19:35', 15, 1, 1, 1, 0, 0),
(116, 7, NULL, 'Stir Fried Hot Basil Chicken', 'f0d86dd35f1cae685f3ebc309537f36e.jpg', 'Sliced chicken holy basil, fresh red chili, pounded garlic, Thai, chili paste and oyster sauce\n', 'non-veg', 575.00, 12, 18, '2025-01-15 08:07:38', '2025-02-06 03:51:05', 20, 1, 1, 1, 0, 0),
(117, 7, NULL, 'Drums of Heaven', 'd6f53c569a932fb9902e3779461a258b.jpg', 'Wok tossed chicken lollipop tossed in bell pepper Szechwan sauce garneted with spring onion\n', 'non-veg', 575.00, 12, 18, '2025-01-15 08:08:16', '2025-02-06 03:51:37', 20, 1, 1, 1, 0, 0),
(118, 7, NULL, 'Chicken Manchurian', '2a14e03ce12ffe4ab1ae7972beda8c03.jpg', 'Chicken mince ball tossed in Manchurian sauce\n', 'non-veg', 575.00, 12, 18, '2025-01-15 08:08:53', '2025-02-06 03:52:02', 20, 1, 1, 1, 0, 0),
(119, 7, NULL, 'Honey Chili Fish', '9ff220518fa4274666ce89228c5bc5ea.png', 'Slice fish with honey chili sauce', 'non-veg', 599.00, 12, 18, '2025-01-15 08:09:27', '2025-02-06 03:50:16', 20, 1, 1, 1, 0, 0),
(120, 7, NULL, 'Fish Schezwan Style', '3f412f5ee327168386c75a6aa3d3efdd.jpg', 'Schezwan pepper corn oil light soya garlic sauce\n', 'non-veg', 599.00, 12, 18, '2025-01-15 08:10:09', '2025-02-06 03:50:44', 20, 1, 1, 1, 0, 0),
(122, 7, NULL, 'Kofta Anjiri', 'e0fc68e86238b5edd56ff9dfca48660a.png', 'Dumpling of cottage cheese stuffed with figs simmered in tomato , cashew ,and onion gravy\n', 'veg', 399.00, 13, 19, '2025-01-15 08:13:43', '2025-02-06 05:42:11', 20, 1, 1, 1, 0, 0),
(123, 7, NULL, 'Subj Bawari Handi', 'bc6bba932c32c07b106bd434316d9f80.jpg', 'Assorted vegetable  flavoured  with saffron and cooked in Indian curry \n', 'veg', 399.00, 13, 19, '2025-01-15 08:14:21', '2025-02-06 05:40:15', 20, 1, 1, 1, 0, 0),
(124, 7, NULL, 'Soya ka Korma', '06bb77b1fa65df4718d4fd867b7a008b.png', 'Soya cooked in rich gravy\n', 'veg', 399.00, 13, 19, '2025-01-15 08:15:03', '2025-02-06 05:39:36', 20, 1, 1, 1, 0, 0),
(125, 7, NULL, 'Baigan Sharaff', '48bd08f17021d93143b9e23da1b8d482.jpg', 'Oven rosted brinjal mashesd with spices\n', 'veg', 375.00, 13, 19, '2025-01-15 08:15:40', '2025-02-06 05:38:29', 20, 1, 1, 1, 0, 0),
(126, 7, NULL, 'Paneer Lababdar', 'd114fe137eed3bd3ccec2ec8f7cf6124.png', 'Cottage cheese , bell pepper cooked in tomato cashew nut gravy\n', 'veg', 399.00, 13, 19, '2025-01-15 08:16:21', '2025-06-12 14:19:19', 20, 1, 1, 1, 0, 0),
(127, 7, NULL, 'Pindi Channa', '1d74110dee55e078484a76ac79b47910.png', 'Boiled chick peas tossed in tangy spices', 'veg', 325.00, 13, 19, '2025-01-15 08:17:31', '2025-02-06 05:37:45', 20, 1, 1, 1, 0, 0),
(128, 7, NULL, 'Rajma Masala', '3ce12c5d587625cd4c33da5090006016.jpg', 'Boiled kidney beans tempered with onion and tomato\n', 'veg', 325.00, 13, 19, '2025-01-15 08:18:10', '2025-02-06 05:37:18', 20, 1, 1, 1, 0, 0),
(129, 7, NULL, 'The Zest Dal', 'abeec0298b5f2106319e6709e25fbbc7.jpg', 'Black lentil prepared over night to a rich cremy perfection,a speciality of zest ', 'veg', 325.00, 13, 19, '2025-01-15 08:18:44', '2025-02-06 05:39:18', 20, 1, 1, 1, 0, 0),
(130, 7, NULL, 'Punjabi Dal Tadka', 'ad6534c4cb5cc97f2d63d7443d997dd4.jpg', '', 'veg', 325.00, 13, 19, '2025-01-15 08:19:47', '2025-02-06 05:36:43', 20, 1, 1, 1, 0, 0),
(131, 7, NULL, 'Murg Makhanwala', '499dfb2fe80d5e2d2e8857fafe1ea867.png', 'Morsels of chicken , rosted ,cooked with fenugreek leaves and rich tomato gravy', 'non-veg', 575.00, 13, 19, '2025-01-15 08:20:23', '2025-02-06 05:19:07', 20, 1, 1, 1, 0, 0),
(132, 7, NULL, 'Rara Murg', 'c0171b538c6376b813218a84c6c7efde.jpg', 'Chicken cooked with minced meat and Indian spices\n', 'non-veg', 575.00, 13, 19, '2025-01-15 08:22:19', '2025-02-06 05:18:09', 20, 1, 1, 1, 0, 0),
(133, 7, NULL, 'Grilled Chicken with Mushroom Sauce', '0277a45467aaad6c47417c6053b59705.png', 'Grilled chicken served with  mushroom sauce and sauté vegetables\n', 'non-veg', 575.00, 13, 19, '2025-01-15 08:23:10', '2025-06-12 14:17:22', 20, 1, 1, 1, 0, 0),
(134, 7, NULL, 'Kashmiri Rogan Rosh', '54b808a23da573097004765c729dc39a.png', 'Mutton chunks cooked with caramelized onion and Kashmiri spices\n', 'non-veg', 799.00, 13, 19, '2025-01-15 08:24:01', '2025-02-06 05:20:12', 20, 1, 1, 1, 0, 0),
(135, 7, NULL, 'Keema Mutter Sultani', '7a55f584f5a34572a3279adce2a35b7c.jpg', 'Mutton minced cooked with onion, tomato, and green peas\n', 'non-veg', 825.00, 13, 19, '2025-01-15 08:24:53', '2025-02-06 05:20:43', 20, 1, 1, 1, 0, 0),
(136, 7, NULL, 'Bengali Fish Curry', '120836bcd136583060f6d0d99453abd8.png', 'River sole fish cooked with Bengali spices\n', 'non-veg', 599.00, 13, 19, '2025-01-15 08:25:43', '2025-02-06 05:21:42', 20, 1, 1, 1, 0, 0),
(137, 7, NULL, 'Fish Malabar', '7d81f4f3205e9930cdd8715682d73dc2.jpg', 'River sole fish cooked with coconut milk tempered with curry leaves and mustard seeds\n', 'non-veg', 599.00, 13, 19, '2025-01-15 08:26:26', '2025-02-06 05:12:42', 20, 1, 1, 1, 0, 0),
(138, 7, NULL, 'Mix Veg in Hot Garlic Sauce', '61c2d3c1699e9b212bec7fce517db53d.jpg', 'Chinese vegetable cooked in hot garlic sauce\n', 'veg', 399.00, 13, 20, '2025-01-15 08:27:47', '2025-02-06 05:33:57', 20, 1, 1, 1, 0, 0),
(139, 7, NULL, 'Veg Manchurian in Gravy', 'bf4fd7ac3eaeb90914ec8dac14104875.png', 'Fried vegetable ball cooked with thin flavourful sauce\n', 'veg', 399.00, 13, 20, '2025-01-15 08:29:17', '2025-02-06 05:34:16', 20, 1, 1, 1, 0, 0),
(140, 7, NULL, 'Chilli Paneer in Gravy', '8297526202518b864123a59fa13c9dbf.png', 'Paneer onion capsicum served in soya garlic sauce\n', 'veg', 499.00, 13, 20, '2025-01-15 08:29:48', '2025-02-06 05:34:33', 20, 1, 1, 1, 0, 0),
(141, 7, NULL, 'Thai Green Curry', 'f9715bd797c3e1977938fa11be619951.png', 'Assorted vegetable cooked in coconut milk and Thai green sauce\n', 'veg', 425.00, 13, 20, '2025-01-15 08:30:24', '2025-02-06 05:34:53', 20, 1, 1, 1, 0, 0),
(142, 7, NULL, 'Indian Tofu in Schezwan Style', '25190ded35b4a94a88fb875685ba09a5.png', 'Tofu cooked in Schezwan sauce\n', 'veg', 499.00, 13, 20, '2025-01-15 08:31:02', '2025-02-06 05:35:09', 20, 1, 1, 1, 0, 0),
(143, 7, NULL, 'Mushroom in Hot Garlic Sauce', 'ce12cfdbf8d65e79e8661969ac0efaeb.jpg', 'Assorted mushrooms and bell pepper cooked in hot garlic sauce\n', 'veg', 499.00, 13, 20, '2025-01-15 08:31:46', '2025-02-06 05:36:15', 20, 1, 1, 1, 0, 0),
(144, 7, NULL, 'Green Cottage Cheese with Vegetables', 'c1196046f9cbe52efb09f536f0c810e2.jpg', 'Marinated sliced cottage cheese grilled with sautéed vegetables\n', 'veg', 499.00, 13, 20, '2025-01-15 08:32:13', '2025-02-06 05:36:02', 20, 1, 1, 1, 0, 0),
(145, 7, NULL, 'Saute Vegies in Teriyaki Sauce', 'bd82052b31c247401bd28a4ea0843363.jpg', 'Grilled vegetables marinated with teriyaki sauce\n', 'veg', 399.00, 13, 20, '2025-01-15 08:32:54', '2025-02-06 05:35:44', 20, 1, 1, 1, 0, 0),
(146, 7, NULL, 'Chilli Chicken Gravy', 'deb62d8d08685bc80b80586814de3ace.jpg', 'Chicken chunks cooked with bell pepper and onion\n', 'non-veg', 575.00, 13, 20, '2025-01-15 08:33:29', '2025-02-06 05:16:24', 20, 1, 1, 1, 0, 0),
(147, 7, NULL, 'Chicken Thai Red Curry', 'a20ae4c9da32866ff0c999d7eff6bac4.jpg', 'Chicken cooked with coconut milk and Thai red sauce\n', 'non-veg', 599.00, 13, 20, '2025-01-15 08:34:31', '2025-02-06 05:16:44', 20, 1, 1, 1, 0, 0),
(149, 7, NULL, 'Sliced Fish in Schezwan Sauce', '3da1b1a9658308dd472d11ff7db2bf52.jpg', 'Sliced fish with bell pepper cooked in Schezwan sauce\n', 'non-veg', 575.00, 13, 20, '2025-01-15 08:35:36', '2025-02-06 05:13:42', 20, 1, 1, 1, 0, 0),
(150, 7, NULL, 'Fish in Green Thai Curry', '74b33fd21ea79e0623f256b7805c1922.jpg', 'Fish cooked in coconut milk and Thai green sauce\n', 'non-veg', 575.00, 13, 20, '2025-01-15 08:36:43', '2025-02-06 05:13:59', 20, 1, 1, 1, 0, 0),
(152, 7, NULL, 'Fish in Hot Garlic Sauce', '00b6ea30e8636dc583caf1af3095d6e5.jpg', 'Sliced fish with bell pepper and scallion in hot garlic sauce\n', 'non-veg', 575.00, 13, 20, '2025-01-15 08:37:58', '2025-02-06 05:13:08', 20, 1, 1, 1, 0, 0),
(153, 7, NULL, 'Chicken in hot Garlic Sauce', 'f505caab3e23ebd121ce8aff1d14a6ef.jpg', 'Chicken cooked in hot garlic sauce\n', 'non-veg', 575.00, 13, 20, '2025-01-15 08:38:49', '2025-02-06 05:27:28', 20, 1, 1, 1, 0, 0),
(154, 7, NULL, 'Fried Chicken with Fries', '2d0704c3665b49c3f850c3078576caca.png', 'Fried chicken wings served with French fries\n', 'non-veg', 575.00, 13, 20, '2025-01-15 08:39:20', '2025-02-06 05:26:24', 20, 1, 1, 1, 0, 0),
(155, 7, NULL, 'Fish in Red Thai Curry', '4519e36aa559d6d857e66bb9d66da3aa.jpg', 'Fish cooked in coconut milk and thai red sauce\n', 'non-veg', 575.00, 13, 20, '2025-01-15 08:39:49', '2025-06-12 14:14:32', 20, 1, 1, 1, 0, 0),
(157, 7, NULL, 'Mulligatawny Soup', '71e207991c3161dc6756cbdc5412a69d.png', 'Traditional soup of lentil finished with coconut milk tempering of curry leaves', 'veg', 250.00, 12, 12, '2025-01-17 05:17:14', '2025-06-12 09:59:46', 20, 1, 1, 1, 0, 0),
(159, 7, NULL, 'Khunde ki Dahi ka Banarasi Kebab', 'c7776fad8ebbbf005829cd4aedb69d1a.png', 'Mouth melting curd patties coated with peanuts cooked over hot plate', 'veg', 475.00, 12, 17, '2025-01-17 05:21:47', '2025-02-06 04:15:58', 10, 1, 1, 1, 0, 0),
(160, 7, NULL, 'Samundari Ratan', 'f507df375ded4fc8336a60bd31ee5c90.png', 'Prawn marinated with garlic and yellow chilly finish in clay oven', 'non-veg', 899.00, 12, 18, '2025-01-17 05:24:43', '2025-02-06 03:42:14', 10, 1, 1, 1, 0, 0),
(161, 7, NULL, 'The Zest Special Salad', '4fb3b82ab10ada5a8f656c1ee62f02bd.png', 'Diced Smoky chicken, bell pepper and white chickpeas dressed in tangy spices', 'non-veg', 399.00, 12, 13, '2025-01-17 05:28:36', '2025-02-06 05:04:31', 10, 1, 1, 1, 0, 0),
(162, 7, NULL, 'Fish and Chips', '911a1d2c6a78e9ac5bc47bc0ef5b8889.png', 'Fried fish serve with French fries and lemon', 'non-veg', 575.00, 13, 19, '2025-01-17 05:29:31', '2025-02-06 05:11:55', 10, 1, 1, 1, 0, 0),
(163, 7, NULL, 'Chick Chick Chicko', 'da94c83ecbf90f8b97ec66e260ad97f0.png', 'Chicken burger served with taryoline sauce ', 'non-veg', 325.00, 14, 25, '2025-01-17 05:30:36', '2025-02-06 03:35:35', 10, 1, 1, 1, 0, 0),
(164, 7, NULL, 'Big Mouth Burger', '0a50116a5a7944562b09a2b734d17f3f.png', 'Vegetable burger served with cremy mint sauce  ', 'veg', 299.00, 14, 25, '2025-01-17 05:31:15', '2025-02-06 03:35:24', 10, 1, 1, 1, 0, 0),
(165, 3, NULL, 'Big Burger', 'bf2f6369ca3db486f3b38bf795be75f9.jpg', '', 'veg', 400.00, 1, 1, '2025-01-17 07:44:21', '2025-06-20 05:23:12', 20, 1, 1, 1, 0, 0),
(166, 3, NULL, 'Sangria', '3b3485f54f54374c533a4471f160fa71.jpg', 'A classic cocktail for cold evening.', 'drink', 449.00, 4, 21, '2025-01-21 12:25:36', '2025-06-20 05:23:49', 5, 1, 1, 1, 0, 0),
(173, 7, NULL, 'The Zest Special Fruit Beer', '075610545f44b2f8f0163f35550e1078.png', NULL, 'drink', 199.00, 11, 5, '2025-02-06 00:59:44', '2025-02-06 00:59:44', 10, 1, 1, 1, 0, 0),
(174, 7, NULL, 'Fresh Lime', '56ad6cdabde356f443ddb4ffa173aca7.png', NULL, 'drink', 150.00, 11, 24, '2025-02-06 01:16:45', '2025-02-06 01:16:45', 10, 1, 1, 1, 0, 0),
(175, 7, NULL, 'Water Soda', '02ea15db6fd715b365425c3ede3be601.png', '', 'drink', 150.00, 11, 24, '2025-02-06 01:17:17', '2025-02-06 01:17:17', 10, 1, 1, 1, 0, 0),
(176, 7, NULL, 'Cold Coffee', '67eeb09c570756897e2b7bedfa067c61.jpg', '', 'drink', 220.00, 11, 24, '2025-02-06 01:19:02', '2025-02-06 01:19:02', 10, 1, 1, 1, 0, 0),
(177, 7, NULL, 'Ginger Ale', '87643e1b7daa5d09fedfc4506d1fbd80.png', '', 'drink', 150.00, 11, 24, '2025-02-06 01:20:32', '2025-02-06 01:20:32', 10, 1, 1, 1, 0, 0),
(178, 7, NULL, 'Energy Drink Red Bull', '095d059e1c1e7dce26e18a75c572707a.jpg', '', 'drink', 249.00, 11, 24, '2025-02-06 01:22:58', '2025-02-06 01:22:58', 10, 1, 1, 1, 0, 0),
(179, 7, NULL, 'Espresso', '1031979c5531d454f098e3990423ebd1.png', '', 'drink', 125.00, 11, 6, '2025-02-06 01:24:36', '2025-02-06 01:24:36', 15, 1, 1, 1, 0, 0),
(180, 7, NULL, 'Caffe Latte', '7c5fa3317a7c6c2c9d235dab83a41133.png', '', 'drink', 199.00, 11, 6, '2025-02-06 01:26:22', '2025-02-06 01:26:22', 10, 1, 1, 1, 0, 0),
(181, 7, NULL, 'Americano', '547bcda35d51e588e2ade3cc1104f286.png', '', 'drink', 125.00, 11, 6, '2025-02-06 01:27:42', '2025-02-06 01:27:42', 15, 1, 1, 1, 0, 0),
(182, 7, NULL, 'Green Tea', 'c079c7fe122b51230fee1d83e3ac283f.png', '', 'drink', 125.00, 11, 6, '2025-02-06 01:29:43', '2025-02-06 01:29:43', 10, 1, 1, 1, 0, 0),
(183, 7, NULL, 'Ice Tea', '6706a1cabacb5e146c81da00ad10cd2c.png', 'lemon, Peach, cranberry', 'drink', 199.00, 11, 24, '2025-02-06 01:30:35', '2025-02-06 01:30:35', 15, 1, 1, 1, 0, 0),
(184, 7, NULL, 'Farm Green Salad', 'bf0c9e856d9a1fb703875ad0ca638f91.png', 'Carrot, cucumber, tomato and onion', 'veg', 299.00, 12, 13, '2025-02-06 02:19:17', '2025-02-06 05:04:19', 10, 1, 1, 1, 0, 0),
(185, 7, NULL, 'Tomato Foccacia Soup', 'ff29cc02c0ae201e21e61ecf5082963a.png', 'Fresh tomato soup blended with basil and Focaccia', 'veg', 250.00, 12, 12, '2025-02-06 02:30:15', '2025-02-06 04:54:36', 10, 1, 1, 1, 0, 0),
(186, 7, NULL, 'Bhunne Bhutte aur Mirchi ka Shorba', 'f878bc194156b66161c58d20d3dbdf2f.png', 'Corn kernels with fresh assorted bell pepper in vegetables extract', 'veg', 250.00, 12, 12, '2025-02-06 02:32:46', '2025-02-06 04:54:51', 10, 1, 1, 1, 0, 0),
(187, 7, NULL, 'Talli Bhuni Machli', '7e7b505153c5473ac3075aa5dc3bc5f3.png', 'Fried fish marinated with besan mustard oil and spices ', 'non-veg', 599.00, 12, 17, '2025-02-06 03:48:59', '2025-02-06 03:48:59', 20, 1, 1, 1, 0, 0),
(188, 7, NULL, 'Peshawari Khass Murg Tikka', '23bb70af7c288532b3958d140f81cb33.png', 'Chicken chunk marinated in paste of selected spices and roasted in clay oven', 'non-veg', 575.00, 12, 17, '2025-02-06 03:54:19', '2025-02-06 04:03:52', 20, 1, 1, 1, 0, 0),
(189, 7, NULL, 'Chicken Salt and Pepper', '6646f09bfdb28d265166245d5b544391.png', 'Slice chicken tossed with bell pepper,onion,ginger,and Chinese cooking wine', 'non-veg', 575.00, 12, 18, '2025-02-06 04:11:55', '2025-06-12 14:55:32', 20, 1, 1, 1, 0, 0),
(190, 7, NULL, ' Chicken Tikka', 'c45daec32e7f10bb2d44674fc0aa6aa4.png', '(Creamy chessy chunks of chicken finish in clay oven', 'non-veg', 575.00, 12, 17, '2025-02-06 04:13:01', '2025-05-14 10:15:01', 20, 1, 1, 1, 0, 0),
(191, 7, NULL, 'Safed Mushroom ki Gauloti', '17b1b76ced0e9b8786440a9e70eeb039.png', 'Rich mushroom flavored  with traditional Indian spices cooked on copper plate', 'veg', 499.00, 12, 17, '2025-02-06 04:32:04', '2025-06-12 10:28:23', 20, 1, 1, 1, 0, 0),
(193, 7, NULL, 'Awadhi Dum Murg', '87269443d0aa45bcb9b488f344643f37.png', 'chicken cooked with brown onion and cashew nut gravy flavoured with indian aromatic spices', 'non-veg', 575.00, 13, 19, '2025-02-06 05:30:24', '2025-06-12 13:12:13', 20, 1, 1, 1, 0, 0),
(194, 7, NULL, 'Paneer Kundan Kaliya', '720d31d78a6de9e6925291451b5a6c18.png', 'Cottage cheese(cow milk) dumpling cooked in tomato based gravy with ting of garam masala and fenugreek.', 'veg', 499.00, 13, 19, '2025-02-06 05:46:52', '2025-06-13 04:41:54', 20, 1, 1, 1, 0, 0),
(195, 8, NULL, 'Indian Adult', NULL, NULL, 'veg', 100.00, 18, 28, '2025-02-07 05:40:45', '2025-02-07 05:40:45', NULL, 1, 1, 1, 0, 0),
(196, 8, NULL, 'Indian Children', NULL, NULL, 'veg', 50.00, 18, 28, '2025-02-07 05:41:40', '2025-02-07 05:43:58', NULL, 1, 1, 1, 0, 0),
(197, 8, NULL, 'International Adult', NULL, NULL, 'veg', 500.00, 18, 28, '2025-02-07 05:42:00', '2025-02-07 05:42:00', NULL, 1, 1, 1, 0, 0),
(198, 8, NULL, 'International Children', NULL, NULL, 'veg', 250.00, 18, 28, '2025-02-07 05:42:22', '2025-02-07 05:42:22', NULL, 1, 1, 1, 0, 0),
(199, 8, NULL, 'School Group Tour', NULL, 'Valid for min 20 student ', 'veg', 25.00, 18, 28, '2025-02-07 05:43:16', '2025-02-07 05:43:16', NULL, 1, 1, 1, 0, 0),
(200, 8, NULL, 'Indian Adult', NULL, NULL, 'veg', 50.00, 18, 29, '2025-02-07 05:45:16', '2025-02-07 05:45:16', NULL, 1, 1, 1, 0, 0),
(201, 8, NULL, 'Indian Children', NULL, NULL, 'veg', 25.00, 18, 29, '2025-02-07 05:45:31', '2025-02-07 05:45:31', NULL, 1, 1, 1, 0, 0),
(202, 8, NULL, 'International Adult', NULL, NULL, 'veg', 500.00, 18, 29, '2025-02-07 05:46:13', '2025-02-07 05:46:13', NULL, 1, 1, 1, 0, 0),
(203, 8, NULL, 'International Children', NULL, NULL, 'veg', 250.00, 18, 29, '2025-02-07 05:46:46', '2025-02-07 05:46:46', NULL, 1, 1, 1, 0, 0),
(204, 7, NULL, 'Kadhai Chicken', '0f9b64be93037fcee43a4bf12de75b00.jpg', '', 'non-veg', 575.00, 13, 19, '2025-05-09 02:21:36', '2025-06-18 06:27:07', 10, 1, 1, 1, 0, 0),
(205, 7, NULL, 'Dry Manchurian', '4c97ee1a95e8a36aef01d0ef81f4b5b9.jpg', '', 'veg', 399.00, 12, 18, '2025-05-09 05:19:16', '2025-06-18 06:25:49', 10, 1, 1, 1, 0, 0),
(206, 7, NULL, 'Dry Chilly Chicken', 'e82ad1beb80c7d1abb13ade2f27ee120.jpg', '', 'non-veg', 575.00, 16, 18, '2025-05-09 05:21:55', '2025-06-18 06:25:29', NULL, 1, 1, 1, 0, 0),
(207, 7, NULL, 'Vegetable Hakka Noodles', 'a722d84df05e4c4911ee16937f8b9d4e.jpg', '', 'veg', 299.00, 16, 20, '2025-05-10 01:28:52', '2025-06-18 06:24:18', NULL, 1, 1, 1, 0, 0),
(208, 7, NULL, 'Virgin Mojito', '3b0b3c681bd107e047f27451b338b8ac.jpg', '', 'drink', 199.00, 11, 5, '2025-05-11 05:37:31', '2025-06-18 06:23:33', 10, 1, 1, 1, 0, 0),
(209, 7, NULL, 'Malai Soya Chaap', 'b5ad2984b27f227b090a77a2ba585249.jpg', '', 'veg', 399.00, 12, 17, '2025-05-11 05:43:49', '2025-06-18 06:22:31', 10, 1, 1, 1, 0, 0),
(210, 7, NULL, 'Paneer Tikka', '743239cacbd3df23c5b628a10b23ce9f.jpg', '', 'veg', 425.00, 12, 17, '2025-05-11 08:19:52', '2025-06-18 06:21:25', 10, 1, 1, 1, 0, 0),
(211, 7, NULL, 'Chicken Manchow', 'c8314d98c0313fc2e108afcf0f780ee5.png', '', 'non-veg', 275.00, 16, 12, '2025-05-11 10:13:42', '2025-06-18 06:19:53', NULL, 1, 1, 1, 0, 0),
(212, 7, NULL, 'Chilly Chicken Gravy', 'aba5fa85ae5ce608a40785e6bbb99b2f.jpg', '', 'non-veg', 575.00, 16, 20, '2025-05-13 02:14:15', '2025-06-18 06:19:14', 10, 1, 1, 1, 0, 0),
(213, 7, NULL, 'Coke ', '5e8317de1f64df8dd47469530103c5da.jpg', '', 'veg', 150.00, 11, 5, '2025-05-14 06:56:35', '2025-06-18 06:18:14', NULL, 1, 1, 1, 0, 0),
(214, 7, NULL, 'Madagascar', 'c89aea9d5c3b832dd434051e870c1e0c.jpg', '', 'veg', 199.00, 11, 5, '2025-05-14 10:12:46', '2025-06-18 06:16:32', 10, 1, 1, 1, 0, 0),
(215, 7, NULL, 'Subj Biryani', '2b99e59375b0446f57529497043c988c.jpg', '', 'veg', 325.00, 13, 19, '2025-05-14 10:20:09', '2025-06-18 06:15:59', 15, 1, 1, 1, 0, 0),
(216, 7, NULL, 'Kadhai Paneer', 'ed38094d29c6047d463a1ff7dfea7b2e.jpg', '', 'veg', 499.00, 13, 19, '2025-05-14 10:22:30', '2025-06-18 06:13:28', 10, 1, 1, 1, 0, 0),
(218, 7, NULL, 'Sweet Corn', 'b43c23e17aa6f2fcfc4ae6d5464aa239.png', '', 'veg', 250.00, 16, 12, '2025-05-16 07:52:14', '2025-06-18 06:12:09', 10, 1, 1, 1, 0, 0),
(219, 7, NULL, 'Kitty Party', 'f949468510be3b6061d802139ea90a24.jpg', '', 'veg', 713.00, 14, 19, '2025-05-18 04:13:48', '2025-06-18 06:11:16', 10, 1, 1, 1, 0, 0),
(220, 7, NULL, 'Masala Papad', '12870a01352053e1e961b925675b350d.jpg', '', 'veg', 199.00, 12, 17, '2025-05-24 09:21:40', '2025-06-18 06:09:48', 10, 1, 1, 1, 0, 0),
(221, 7, NULL, 'Fresh Lime Soda', '9aaacd267cb2d40999db927e900c1a50.png', '', 'veg', 150.00, 11, 5, '2025-05-28 10:44:50', '2025-06-18 06:00:54', 10, 1, 1, 1, 0, 0),
(222, 7, NULL, 'French Fry', '4be8fbe47f986f5f26c559ba41128811.jpg', '', 'veg', 390.00, 15, 18, '2025-06-04 03:39:41', '2025-06-18 06:00:10', 10, 1, 1, 1, 0, 0),
(223, 7, NULL, 'Chicken Hot & Sour Soup', '3d70d00843ddff54fa345db91af6b5eb.jpg', '', 'non-veg', 275.00, 16, 12, '2025-06-08 04:29:05', '2025-06-18 06:01:54', 10, 1, 1, 1, 0, 0),
(226, 7, NULL, 'crispy vegetable salt n pepper', NULL, NULL, 'veg', 399.00, 16, 18, '2025-06-28 15:32:56', '2025-06-28 15:32:56', NULL, 1, 1, 1, 0, 0),
(228, 7, NULL, 'coke pitcher', NULL, NULL, 'drink', 476.00, 11, 5, '2025-06-30 11:32:52', '2025-06-30 11:32:52', NULL, 1, 1, 1, 0, 0),
(230, 7, NULL, 'virgin mojito pitcher', NULL, NULL, 'veg', 649.00, 11, 5, '2025-07-06 11:05:52', '2025-07-06 11:05:52', NULL, 1, 1, 1, 0, 0),
(232, 7, NULL, 'MR AYUSH 28 JULY PARTY', NULL, NULL, 'veg', 1000.00, 12, 17, '2025-07-20 08:43:27', '2025-07-20 08:43:27', NULL, 1, 1, 1, 0, 0),
(233, 7, NULL, 'veg menu package', NULL, NULL, 'veg', 1200.00, 13, 19, '2025-07-29 11:16:47', '2025-07-29 11:16:47', NULL, 1, 1, 1, 0, 0),
(234, 7, NULL, 'ms neelima party menu', NULL, NULL, 'veg', 1190.00, 12, 17, '2025-08-05 14:01:39', '2025-08-05 14:01:39', NULL, 1, 1, 1, 0, 0);

-- --------------------------------------------------------

--
-- Table structure for table `menu_item_tax`
--

CREATE TABLE `menu_item_tax` (
  `id` bigint(20) UNSIGNED NOT NULL,
  `menu_item_id` bigint(20) UNSIGNED NOT NULL,
  `tax_id` bigint(20) UNSIGNED NOT NULL
) ENGINE=InnoDB DEFAULT CHARSET=utf8mb4 COLLATE=utf8mb4_unicode_ci;

-- --------------------------------------------------------

--
-- Table structure for table `menu_item_translations`
--

CREATE TABLE `menu_item_translations` (
  `id` bigint(20) UNSIGNED NOT NULL,
  `menu_item_id` bigint(20) UNSIGNED NOT NULL,
  `locale` varchar(191) NOT NULL,
  `item_name` varchar(191) NOT NULL,
  `description` text DEFAULT NULL
) ENGINE=InnoDB DEFAULT CHARSET=utf8mb4 COLLATE=utf8mb4_unicode_ci;

--
-- Dumping data for table `menu_item_translations`
--

INSERT INTO `menu_item_translations` (`id`, `menu_item_id`, `locale`, `item_name`, `description`) VALUES
(1, 194, 'en', 'Paneer Kundan Kaliya', 'Cottage cheese(cow milk) dumpling cooked in tomato based gravy with ting of garam masala and fenugreek.'),
(2, 193, 'en', 'Awadhi Dum Murg', 'chicken cooked with brown onion and cashew nut gravy flavoured with indian aromatic spices'),
(3, 133, 'en', 'Grilled Chicken with Mushroom Sauce', 'Grilled chicken served with  mushroom sauce and sauté vegetables\n'),
(4, 157, 'en', 'Mulligatawny Soup', 'Traditional soup of lentil finished with coconut milk tempering of curry leaves'),
(5, 191, 'en', 'Safed Mushroom ki Gauloti', 'Rich mushroom flavored  with traditional Indian spices cooked on copper plate'),
(6, 189, 'en', 'Chicken Salt and Pepper', 'Slice chicken tossed with bell pepper,onion,ginger,and Chinese cooking wine'),
(7, 155, 'en', 'Fish in Red Thai Curry', 'Fish cooked in coconut milk and thai red sauce\n'),
(8, 126, 'en', 'Paneer Lababdar', 'Cottage cheese , bell pepper cooked in tomato cashew nut gravy\n'),
(10, 166, 'en', 'Sangria', 'A classic cocktail for cold evening.'),
(11, 222, 'en', 'French Fry', ''),
(12, 221, 'en', 'Fresh Lime Soda', ''),
(13, 223, 'en', 'Chicken Hot & Sour Soup', ''),
(14, 220, 'en', 'Masala Papad', ''),
(15, 219, 'en', 'Kitty Party', ''),
(16, 218, 'en', 'Sweet Corn', ''),
(17, 216, 'en', 'Kadhai Paneer', ''),
(18, 215, 'en', 'Subj Biryani', ''),
(19, 214, 'en', 'Madagascar', ''),
(20, 213, 'en', 'Coke ', ''),
(21, 212, 'en', 'Chilly Chicken Gravy', ''),
(22, 211, 'en', 'Chicken Manchow', ''),
(23, 210, 'en', 'Paneer Tikka', ''),
(24, 209, 'en', 'Malai Soya Chaap', ''),
(25, 208, 'en', 'Virgin Mojito', ''),
(26, 207, 'en', 'Vegetable Hakka Noodles', ''),
(27, 206, 'en', 'Dry Chilly Chicken', ''),
(28, 205, 'en', 'Dry Manchurian', ''),
(29, 204, 'en', 'Kadhai Chicken', ''),
(31, 165, 'en', 'Big Burger', ''),
(32, 5, 'en', 'Naan', 'Soft and fluffy bread baked in a tandoor.'),
(33, 4, 'en', 'Tandoori Roti', 'Traditional whole wheat bread cooked in a clay oven.'),
(34, 3, 'en', 'Dal Makhani', 'Creamy and rich black lentils cooked with butter and spices.'),
(35, 16, 'en', 'Soft Drinks ', 'fasfas asfasfas'),
(36, 15, 'en', 'Veg Manchow Soup', 'Spicy vegetable soup with crispy fried noodles.'),
(37, 226, 'en', 'crispy vegetable salt n pepper', NULL),
(39, 228, 'en', 'coke pitcher', NULL),
(41, 230, 'en', 'virgin mojito pitcher', NULL),
(42, 37, 'en', 'Gulab Jamun', ''),
(43, 36, 'en', 'Ras Malai', ''),
(44, 35, 'en', 'Kesari Phirni', ''),
(45, 34, 'en', 'Moong Dal Halwa', ''),
(46, 33, 'en', 'Ice Cream', ''),
(48, 232, 'en', 'MR AYUSH 28 JULY PARTY', NULL),
(49, 233, 'en', 'veg menu package', NULL),
(50, 234, 'en', 'ms neelima party menu', NULL);

-- --------------------------------------------------------

--
-- Table structure for table `menu_item_variations`
--

CREATE TABLE `menu_item_variations` (
  `id` bigint(20) UNSIGNED NOT NULL,
  `variation` varchar(191) NOT NULL,
  `price` decimal(16,2) NOT NULL,
  `menu_item_id` bigint(20) UNSIGNED NOT NULL,
  `created_at` timestamp NULL DEFAULT NULL,
  `updated_at` timestamp NULL DEFAULT NULL
) ENGINE=InnoDB DEFAULT CHARSET=utf8mb4 COLLATE=utf8mb4_unicode_ci;

--
-- Dumping data for table `menu_item_variations`
--

INSERT INTO `menu_item_variations` (`id`, `variation`, `price`, `menu_item_id`, `created_at`, `updated_at`) VALUES
(26, 'Glass', 199.00, 28, '2025-02-06 06:21:00', '2025-02-06 06:21:00'),
(27, 'Pitcher', 599.00, 28, '2025-02-06 06:21:00', '2025-02-06 06:21:00'),
(28, 'Glass', 199.00, 27, '2025-02-06 06:21:22', '2025-02-06 06:21:22'),
(29, 'Pitcher', 599.00, 27, '2025-02-06 06:21:22', '2025-02-06 06:21:22'),
(30, 'Glass', 199.00, 26, '2025-02-06 06:21:36', '2025-02-06 06:21:36'),
(31, 'Pitcher', 599.00, 26, '2025-02-06 06:21:36', '2025-02-06 06:21:36'),
(32, 'Glass', 199.00, 25, '2025-02-06 06:26:08', '2025-02-06 06:26:08'),
(33, 'Pitcher', 649.00, 25, '2025-02-06 06:26:08', '2025-02-06 06:26:08'),
(34, 'Glass', 199.00, 24, '2025-02-06 06:26:21', '2025-02-06 06:26:21'),
(35, 'Pitcher', 649.00, 24, '2025-02-06 06:26:21', '2025-02-06 06:26:21'),
(46, 'Roasted', 199.00, 68, '2025-02-06 07:39:50', '2025-02-06 07:39:50'),
(47, 'Fried', 199.00, 68, '2025-02-06 07:39:50', '2025-02-06 07:39:50'),
(48, 'Half', 575.00, 103, '2025-02-06 09:25:54', '2025-02-06 09:25:54'),
(49, 'Full', 999.00, 103, '2025-02-06 09:25:54', '2025-02-06 09:25:54'),
(53, 'Tomato Cream', 250.00, 59, '2025-02-06 10:24:20', '2025-02-06 10:24:20'),
(54, 'Mushroom Cream', 250.00, 59, '2025-02-06 10:24:20', '2025-02-06 10:24:20'),
(55, 'Almond Cream', 250.00, 59, '2025-02-06 10:24:20', '2025-02-06 10:24:20'),
(56, 'Strawberry', 149.00, 33, '2025-07-07 14:30:34', '2025-07-07 14:30:34'),
(57, 'Vanilla', 149.00, 33, '2025-07-07 14:30:34', '2025-07-07 14:30:34'),
(58, 'Choclate', 149.00, 33, '2025-07-07 14:30:34', '2025-07-07 14:30:34');

-- --------------------------------------------------------

--
-- Table structure for table `migrations`
--

CREATE TABLE `migrations` (
  `id` int(10) UNSIGNED NOT NULL,
  `migration` varchar(191) NOT NULL,
  `batch` int(11) NOT NULL
) ENGINE=InnoDB DEFAULT CHARSET=utf8mb4 COLLATE=utf8mb4_unicode_ci;

--
-- Dumping data for table `migrations`
--

INSERT INTO `migrations` (`id`, `migration`, `batch`) VALUES
(1, '0001_01_01_000000_create_users_table', 1),
(2, '0001_01_01_000001_create_cache_table', 1),
(3, '0001_01_01_000002_create_jobs_table', 1),
(4, '2014_04_02_193005_create_translations_table', 1),
(5, '2024_01_01_create_printers_table', 1),
(6, '2024_03_13_000002_create_expense_categories_table', 1),
(7, '2024_07_01_060651_add_two_factor_columns_to_users_table', 1),
(8, '2024_07_01_060707_create_personal_access_tokens_table', 1),
(9, '2024_07_02_064204_create_menus_table', 1),
(10, '2024_07_12_070634_create_areas_table', 1),
(11, '2024_07_16_103816_create_orders_table', 1),
(12, '2024_07_21_083459_add_user_type_column', 1),
(13, '2024_07_24_131631_create_payments_table', 1),
(14, '2024_07_31_081306_add_email_otp_column', 1),
(15, '2024_08_02_061808_create_countries_table', 1),
(16, '2024_08_02_071637_create_restaurant_settings_table', 1),
(17, '2024_08_04_104258_create_razorpay_payments_table', 1),
(18, '2024_08_05_092258_create_stripe_payments_table', 1),
(19, '2024_08_05_110157_create_payment_gateway_credentials_table', 1),
(20, '2024_08_13_033139_create_global_settings_table', 1),
(21, '2024_08_13_073129_update_settings_add_envato_key', 1),
(22, '2024_08_13_073129_update_settings_add_support_key', 1),
(23, '2024_08_14_073129_update_settings_add_email', 1),
(24, '2024_08_14_073129_update_settings_add_last_verified_key', 1),
(25, '2024_09_13_081726_create_modules_table', 1),
(26, '2024_09_14_130619_create_permission_tables', 1),
(27, '2024_09_27_071339_create_reservations_table', 1),
(28, '2024_10_02_090924_create_email_settings_table', 1),
(29, '2024_10_03_073837_create_notification_settings_table', 1),
(30, '2024_10_11_100539_create_branches_table', 1),
(31, '2024_10_14_121135_create_onboarding_steps_table', 1),
(32, '2024_10_15_071238_add_restaurant_hash_column', 1),
(33, '2024_10_15_071238_storage', 1),
(34, '2024_10_15_100639_create_restaurant_payments_table', 1),
(35, '2024_10_27_101326_create_packages_table', 1),
(36, '2024_11_02_112920_create_language_settings_table', 1),
(37, '2024_11_02_120314_create_flags_table', 1),
(38, '2024_11_02_120314_email_settings_table', 1),
(39, '2024_11_08_071617_add_customer_login_required_column', 1),
(40, '2024_11_08_093032_create_superadmin_payment_gateways_table', 1),
(41, '2024_11_08_133506_add_stripe_column_for_license', 1),
(42, '2024_11_12_055119_create_delivery_executives_table', 1),
(43, '2024_11_12_055632_add_order_types_column', 1),
(44, '2024_11_12_060500_create_order_histories_table', 1),
(45, '2024_11_12_060500_global_license_type_table', 1),
(46, '2024_11_12_060500_global_purchase_on_table', 1),
(47, '2024_11_12_060500_global_setting_timezone_table', 1),
(48, '2024_11_17_052707_currency_position', 1),
(49, '2024_11_17_052707_move_qr_code', 1),
(50, '2024_11_19_113852_add_is_active_to_restaurants_table', 1),
(51, '2024_11_20_114816_add_staff_welcome_email_notification', 1),
(52, '2024_11_25_061322_create_pusher_settings_table', 1),
(53, '2024_11_26_090216_create_global_currencies_table', 1),
(54, '2024_12_03_085842_add_about_us_column', 1),
(55, '2024_12_03_104817_add_currency_id_packages', 1),
(56, '2024_12_04_080223_add_allow_customer_delivery_orders', 1),
(57, '2024_12_04_115601_add_preparation_time_column', 1),
(58, '2024_12_11_110000_create_tables_for_subscription_table', 1),
(59, '2024_12_11_131225_add_disable_landing_site_columns', 1),
(60, '2024_12_12_090840_create_waiter_requests_table', 1),
(61, '2024_12_13_090840_add_domain_global_setting', 1),
(62, '2024_12_16_080201_create_lifetime_subscriptions_for_paid_restaurants', 1),
(63, '2024_12_23_124452_add_payment_enabled_columns_to_payment_settings_table', 1),
(64, '2024_12_27_054246_add_table_reservation_default_status_to_restaurants_table', 1),
(65, '2024_12_30_074018_create_split_orders_table', 1),
(66, '2024_12_30_200942_create_restaurant_settings_table', 1),
(67, '2025_01_03_050139_add_social_media_links_to_reataurants_table', 1),
(68, '2025_01_03_093938_add_social_media_links_to_global_settings_table', 1),
(69, '2025_01_06_111550_create_receipt_settings_table', 1),
(70, '2025_01_09_073145_generate_qr_codes_for_existing_branches', 1),
(71, '2025_01_09_115652_update_receipt_settings_for_existing_restaurants', 1),
(72, '2025_01_10_064103_add_table_required_column_to_customer_settings_table', 1),
(73, '2025_01_10_100552_insert_to_file_storage_settings_default_values', 1),
(74, '2025_01_11_063817_add_default_currency_column', 1),
(75, '2025_01_16_125322_add_is_enabled_to_menu_items_table', 1),
(76, '2025_01_16_131100_regenrate_qr_codes', 1),
(77, '2025_01_20_000000_add_restaurant_id_to_roles', 1),
(78, '2025_01_20_071544_add_branch_limit_to_packages_table', 1),
(79, '2025_01_20_091630_update_item_type', 1),
(80, '2025_01_20_125429_add_discount_columns_to_orders_table', 1),
(81, '2025_01_21_064139_add_show_logo_text_column', 1),
(82, '2025_01_21_064256_add_offline_payment', 1),
(83, '2025_01_21_132218_fix_user_roles', 1),
(84, '2025_01_22_114720_add_show_tax_to_receipt_setting', 1),
(85, '2025_01_23_065746_create_modifier_groups_table', 1),
(86, '2025_01_23_085333_create_restaurant_taxes_table', 1),
(87, '2025_01_23_090554_create_modifier_options_table', 1),
(88, '2025_01_23_094318_create_item_modifiers_table', 1),
(89, '2025_01_23_121154_create_order_item_modifier_options_table', 1),
(90, '2025_01_27_065822_add_balance_column_to_payment', 1),
(91, '2025_01_28_111039_add_allow_dine_in_orders_to_restaurant', 1),
(92, '2025_01_30_050755_add_yelp_icon_to_global_settings', 1),
(93, '2025_01_30_055744_add_yelp_link_to_restaurants', 1),
(94, '2025_01_30_100556_fix_package_price_length', 1),
(95, '2025_01_30_104043_add_meta_data_to_global_settings', 1),
(96, '2025_01_31_000001_create_predefined_amounts_table', 1),
(97, '2025_02_03_062109_add_is_cash_payment_enabled_to_payment', 1),
(98, '2025_02_04_140538_add_transaction_id_kot', 1),
(99, '2025_02_15_121956_add_hide_new_orders_option_to_restaurant', 1),
(100, '2025_02_17_052801_create_restaurant_charges_settings_table', 1),
(101, '2025_02_17_093729_add_favicon_to_restaurant', 1),
(102, '2025_02_19_091730_update_menu_name_to_json', 1),
(103, '2025_02_20_095321_add_waiter_request_options_to_restaurant', 1),
(104, '2025_02_21_051534_add_hash_to_global_settings_table', 1),
(105, '2025_02_21_102116_add_column_to_settings', 1),
(106, '2025_02_24_063827_add_payment_qr_to_receipt_settings', 1),
(107, '2025_02_24_111946_add_permissions_to_customers', 1),
(108, '2025_03_04_114535_add_is_enabled_to_restaurant_charges', 1),
(109, '2025_03_10_055100_add_tip_column_to_orders_table', 1),
(110, '2025_03_10_100727_add_is_pwa_intall_alert_show_column_in_restaurants_table', 1),
(111, '2025_03_17_090450_add_meta_title_to_global_settings', 1),
(112, '2025_03_18_044410_create_expenses_table', 1),
(113, '2025_03_19_092459_create_custom_menus_table', 1),
(114, '2025_03_19_103047_update_additional_modules', 1),
(115, '2025_03_24_084350_add_show_payments_column_to_receipt_settings_table', 1),
(116, '2025_04_01_050059_add_branch_id_to_expense_category', 1),
(117, '2025_04_01_051356_add_branch_id_to_expenses', 1),
(118, '2025_04_02_071911_update_kot_status_enum', 1),
(119, '2025_04_07_112351_add_payment_recived_status_to_orders_table', 1),
(120, '2025_04_08_063624_update_meta_keywords', 1),
(121, '2025_04_10_065753_add_flutterwave_payment_gateway_columns_and_tables', 1),
(122, '2025_04_15_084543_create_front_details_table', 1),
(123, '2025_04_22_065157_create_front_reviews_setting_table', 1),
(124, '2025_04_22_091055_create_branch_delivery_settings_table', 1),
(125, '2025_04_22_091146_create_customer_addresses_table', 1),
(126, '2025_04_22_091223_create_delivery_fee_tiers_table', 1),
(127, '2025_04_22_091258_add_delivery_columns_to_orders_table', 1),
(128, '2025_04_29_102014_add_landing_type_column_in_global_settings_table', 1),
(129, '2025_04_29_114538_add_front_data_in_front_details_table', 1),
(130, '2025_05_14_094039_update_printers_settings_columns_to_printers_table', 1),
(131, '2025_05_15_071027_create_kot_places_table', 1),
(132, '2025_05_23_124746_add_in_stock_column', 1),
(133, '2025_05_26_105151_relocate_map_api_key_to_superadmin_settings', 1),
(134, '2025_05_26_114443_modify_kot_places_table', 1),
(135, '2025_05_30_081624_add_show_item_on_customer_site_to_menu_items', 1),
(136, '2025_06_02_081928_add_session_driver_column_to_global_settings', 1),
(137, '2025_06_02_112147_add_columns_to_superadmin_payment_gateways_table', 1),
(138, '2025_06_02_112903_add_paypal_payment_column_to_payment_gateway_credentials', 1),
(139, '2025_06_02_113108_create_paypal_payments_table', 1),
(140, '2025_06_02_114326_add_paypal_payment_in_payment_method_to_payments', 1),
(141, '2025_06_03_095923_add_status_column_kot_item', 1),
(142, '2025_06_04_065130_add_columns_payfast_in_superadmin_payment_gateways_table', 1),
(143, '2025_06_05_063256_add_sort_order_columns_in_menu_and_items', 1),
(144, '2025_06_05_112055_create_kot_settings_table', 1),
(145, '2025_06_06_050159_add_payfast_payment_column_to_payment_gateway_credentials', 1),
(146, '2025_06_06_051204_create_payfast_payments_table', 1),
(147, '2025_06_10_093131_change_delete_cascade_for_orders', 1),
(148, '2025_06_11_061716_add_uuid_to_orders_table', 1),
(149, '2025_06_11_062354_add_columns_paystack_in_superadmin_payment_gateways_table', 1),
(150, '2025_06_13_112612_add_phone_to_users', 1),
(151, '2025_06_13_113200_add_column_paystack_payments_to_payment_gateway_credentials', 1),
(152, '2025_06_13_113240_create_paystack_payments_table', 1),
(153, '2025_06_16_104533_add_note_columns_to_kot_items_and_order_items', 1),
(154, '2025_06_18_112425_add_payment_gateways_to_restaurants_table', 1),
(155, '2025_06_19_070518_add_position_to_custom_menus_table', 1),
(156, '2025_06_20_060452_add_columns_to_branch_table', 1),
(157, '2025_06_20_092521_add_others_type_to_payments_table', 1),
(158, '2025_06_23_101041_create_kot_cancel_reasons_table', 1),
(159, '2025_06_23_120021_update_kot_place_id_in_menu_items', 1),
(160, '2025_06_24_092521_disable_printer', 1),
(161, '2025_06_24_092811_add_column_cancel_kot_reason_to_kots_table', 1),
(162, '2025_06_24_102830_update_enum_status_to_kots_table', 1),
(163, '2025_06_25_094311_add_column_cancellation_reason_to_orders_table', 1),
(164, '2025_06_27_084541_insert_sample_kot_cancel_reasons_data', 1),
(165, '2025_07_01_112529_create_print_jobs_table', 1),
(166, '2025_07_01_133114_add_placed_via_column_orders_table', 1),
(167, '2025_07_02_105440_add_translations_columns_for_modifier_group', 1),
(168, '2025_07_02_114040_add_unique_hash_to_branches_table', 1),
(169, '2025_07_03_123829_update_kot_place_id_for_cloned_menu_items', 1),
(170, '2025_07_04_081809_add_tax_mode_to_restaurants_table', 1),
(171, '2025_07_04_131541_create_desktop_applications_table', 1),
(172, '2025_07_07_070122_add_pusher_broadcast_to_pusher_settings_table', 1),
(173, '2025_07_07_110131_create_menu_item_taxes_table', 1),
(174, '2025_07_14_082950_add_columns_to_restaurants_table', 1);

-- --------------------------------------------------------

--
-- Table structure for table `model_has_permissions`
--

CREATE TABLE `model_has_permissions` (
  `permission_id` bigint(20) UNSIGNED NOT NULL,
  `model_type` varchar(191) NOT NULL,
  `model_id` bigint(20) UNSIGNED NOT NULL
) ENGINE=InnoDB DEFAULT CHARSET=utf8mb4 COLLATE=utf8mb4_unicode_ci;

-- --------------------------------------------------------

--
-- Table structure for table `model_has_roles`
--

CREATE TABLE `model_has_roles` (
  `role_id` bigint(20) UNSIGNED NOT NULL,
  `model_type` varchar(191) NOT NULL,
  `model_id` bigint(20) UNSIGNED NOT NULL
) ENGINE=InnoDB DEFAULT CHARSET=utf8mb4 COLLATE=utf8mb4_unicode_ci;

--
-- Dumping data for table `model_has_roles`
--

INSERT INTO `model_has_roles` (`role_id`, `model_type`, `model_id`) VALUES
(1, 'App\\Models\\User', 1),
(2, 'App\\Models\\User', 2),
(4, 'App\\Models\\User', 3),
(6, 'App\\Models\\User', 2),
(8, 'App\\Models\\User', 3),
(10, 'App\\Models\\User', 4),
(10, 'App\\Models\\User', 15),
(12, 'App\\Models\\User', 8),
(12, 'App\\Models\\User', 23),
(13, 'App\\Models\\User', 22),
(14, 'App\\Models\\User', 12),
(15, 'App\\Models\\User', 26),
(16, 'App\\Models\\User', 27),
(16, 'App\\Models\\User', 29),
(16, 'App\\Models\\User', 30),
(16, 'App\\Models\\User', 31),
(16, 'App\\Models\\User', 32),
(17, 'App\\Models\\User', 34),
(17, 'App\\Models\\User', 36),
(18, 'App\\Models\\User', 20),
(22, 'App\\Models\\User', 24),
(26, 'App\\Models\\User', 35);

-- --------------------------------------------------------

--
-- Table structure for table `modifier_groups`
--

CREATE TABLE `modifier_groups` (
  `id` bigint(20) UNSIGNED NOT NULL,
  `name` varchar(191) NOT NULL,
  `description` text DEFAULT NULL,
  `branch_id` bigint(20) UNSIGNED DEFAULT NULL,
  `created_at` timestamp NULL DEFAULT NULL,
  `updated_at` timestamp NULL DEFAULT NULL
) ENGINE=InnoDB DEFAULT CHARSET=utf8mb4 COLLATE=utf8mb4_unicode_ci;

-- --------------------------------------------------------

--
-- Table structure for table `modifier_group_translations`
--

CREATE TABLE `modifier_group_translations` (
  `id` bigint(20) UNSIGNED NOT NULL,
  `modifier_group_id` bigint(20) UNSIGNED NOT NULL,
  `locale` varchar(191) NOT NULL,
  `name` varchar(191) DEFAULT NULL,
  `description` text DEFAULT NULL
) ENGINE=InnoDB DEFAULT CHARSET=utf8mb4 COLLATE=utf8mb4_unicode_ci;

-- --------------------------------------------------------

--
-- Table structure for table `modifier_options`
--

CREATE TABLE `modifier_options` (
  `id` bigint(20) UNSIGNED NOT NULL,
  `modifier_group_id` bigint(20) UNSIGNED NOT NULL,
  `name` text DEFAULT NULL,
  `price` decimal(16,2) NOT NULL,
  `is_available` tinyint(1) NOT NULL DEFAULT 1,
  `sort_order` int(11) NOT NULL DEFAULT 0,
  `is_preselected` tinyint(1) NOT NULL DEFAULT 0,
  `created_at` timestamp NULL DEFAULT NULL,
  `updated_at` timestamp NULL DEFAULT NULL
) ENGINE=InnoDB DEFAULT CHARSET=utf8mb4 COLLATE=utf8mb4_unicode_ci;

-- --------------------------------------------------------

--
-- Table structure for table `modules`
--

CREATE TABLE `modules` (
  `id` bigint(20) UNSIGNED NOT NULL,
  `name` varchar(191) NOT NULL,
  `created_at` timestamp NULL DEFAULT NULL,
  `updated_at` timestamp NULL DEFAULT NULL
) ENGINE=InnoDB DEFAULT CHARSET=utf8mb4 COLLATE=utf8mb4_unicode_ci;

--
-- Dumping data for table `modules`
--

INSERT INTO `modules` (`id`, `name`, `created_at`, `updated_at`) VALUES
(1, 'Menu', NULL, NULL),
(2, 'Menu Item', NULL, NULL),
(3, 'Item Category', NULL, NULL),
(4, 'Area', NULL, NULL),
(5, 'Table', NULL, NULL),
(6, 'Reservation', NULL, NULL),
(7, 'KOT', NULL, NULL),
(8, 'Order', NULL, NULL),
(9, 'Customer', NULL, NULL),
(10, 'Staff', NULL, NULL),
(11, 'Payment', NULL, NULL),
(12, 'Report', NULL, NULL),
(13, 'Settings', NULL, NULL),
(14, 'Delivery Executive', NULL, NULL),
(15, 'Waiter Request', NULL, NULL),
(16, 'Expense', NULL, NULL);

-- --------------------------------------------------------

--
-- Table structure for table `notification_settings`
--

CREATE TABLE `notification_settings` (
  `id` bigint(20) UNSIGNED NOT NULL,
  `restaurant_id` bigint(20) UNSIGNED DEFAULT NULL,
  `type` varchar(191) NOT NULL,
  `send_email` tinyint(1) NOT NULL DEFAULT 1,
  `created_at` timestamp NULL DEFAULT NULL,
  `updated_at` timestamp NULL DEFAULT NULL
) ENGINE=InnoDB DEFAULT CHARSET=utf8mb4 COLLATE=utf8mb4_unicode_ci;

--
-- Dumping data for table `notification_settings`
--

INSERT INTO `notification_settings` (`id`, `restaurant_id`, `type`, `send_email`, `created_at`, `updated_at`) VALUES
(1, 1, 'order_received', 1, NULL, NULL),
(2, 1, 'reservation_confirmed', 1, NULL, NULL),
(3, 1, 'new_reservation', 1, NULL, NULL),
(4, 1, 'order_bill_sent', 1, NULL, NULL),
(5, 1, 'staff_welcome', 1, NULL, NULL),
(6, 2, 'order_received', 1, NULL, NULL),
(7, 2, 'reservation_confirmed', 1, NULL, NULL),
(8, 2, 'new_reservation', 1, NULL, NULL),
(9, 2, 'order_bill_sent', 1, NULL, NULL),
(10, 2, 'staff_welcome', 1, NULL, NULL),
(26, 6, 'order_received', 1, NULL, NULL),
(27, 6, 'reservation_confirmed', 1, NULL, NULL),
(28, 6, 'new_reservation', 1, NULL, NULL),
(29, 6, 'order_bill_sent', 1, NULL, NULL),
(30, 6, 'staff_welcome', 1, NULL, NULL),
(31, 7, 'order_received', 1, NULL, NULL),
(32, 7, 'reservation_confirmed', 1, NULL, NULL),
(33, 7, 'new_reservation', 1, NULL, NULL),
(34, 7, 'order_bill_sent', 1, NULL, NULL),
(35, 7, 'staff_welcome', 1, NULL, NULL),
(36, 8, 'order_received', 1, NULL, NULL),
(37, 8, 'reservation_confirmed', 1, NULL, NULL),
(38, 8, 'new_reservation', 1, NULL, NULL),
(39, 8, 'order_bill_sent', 1, NULL, NULL),
(40, 8, 'staff_welcome', 1, NULL, NULL),
(41, 9, 'order_received', 1, NULL, NULL),
(42, 9, 'reservation_confirmed', 1, NULL, NULL),
(43, 9, 'new_reservation', 1, NULL, NULL),
(44, 9, 'order_bill_sent', 1, NULL, NULL),
(45, 9, 'staff_welcome', 1, NULL, NULL);

-- --------------------------------------------------------

--
-- Table structure for table `offline_payment_methods`
--

CREATE TABLE `offline_payment_methods` (
  `id` bigint(20) UNSIGNED NOT NULL,
  `restaurant_id` bigint(20) UNSIGNED DEFAULT NULL,
  `name` varchar(191) NOT NULL,
  `description` text DEFAULT NULL,
  `status` enum('active','inactive') NOT NULL DEFAULT 'active',
  `created_at` timestamp NULL DEFAULT NULL,
  `updated_at` timestamp NULL DEFAULT NULL
) ENGINE=InnoDB DEFAULT CHARSET=utf8mb4 COLLATE=utf8mb4_unicode_ci;

--
-- Dumping data for table `offline_payment_methods`
--

INSERT INTO `offline_payment_methods` (`id`, `restaurant_id`, `name`, `description`, `status`, `created_at`, `updated_at`) VALUES
(1, NULL, 'Bank Transfer', 'ID : XYZ', 'active', '2025-02-12 10:43:24', '2025-02-12 10:43:24');

-- --------------------------------------------------------

--
-- Table structure for table `offline_plan_changes`
--

CREATE TABLE `offline_plan_changes` (
  `id` bigint(20) UNSIGNED NOT NULL,
  `restaurant_id` bigint(20) UNSIGNED DEFAULT NULL,
  `package_id` bigint(20) UNSIGNED NOT NULL,
  `package_type` varchar(191) NOT NULL,
  `amount` decimal(16,2) DEFAULT NULL,
  `pay_date` date DEFAULT NULL,
  `next_pay_date` date DEFAULT NULL,
  `invoice_id` bigint(20) UNSIGNED DEFAULT NULL,
  `offline_method_id` bigint(20) UNSIGNED DEFAULT NULL,
  `file_name` varchar(191) DEFAULT NULL,
  `status` enum('verified','pending','rejected') NOT NULL DEFAULT 'pending',
  `remark` text DEFAULT NULL,
  `description` mediumtext NOT NULL,
  `created_at` timestamp NULL DEFAULT NULL,
  `updated_at` timestamp NULL DEFAULT NULL
) ENGINE=InnoDB DEFAULT CHARSET=utf8mb4 COLLATE=utf8mb4_unicode_ci;

--
-- Dumping data for table `offline_plan_changes`
--

INSERT INTO `offline_plan_changes` (`id`, `restaurant_id`, `package_id`, `package_type`, `amount`, `pay_date`, `next_pay_date`, `invoice_id`, `offline_method_id`, `file_name`, `status`, `remark`, `description`, `created_at`, `updated_at`) VALUES
(2, 8, 7, 'monthly', 30.00, '2025-02-12', '2025-03-12', NULL, 1, 'e1ca2948a7f4663683027004b63ab6aa.csv', 'verified', NULL, 'jan done', '2025-02-12 10:59:35', '2025-02-12 11:01:43'),
(3, 8, 7, 'monthly', 30.00, '2025-02-12', '2025-03-12', NULL, 1, 'fed31b8434a1a83eff28455ff9f28c9d.pdf', 'verified', NULL, 'Test New Upgrade', '2025-02-12 11:14:34', '2025-02-12 11:18:43'),
(4, 8, 7, 'monthly', 30.00, '2025-02-12', '2025-03-12', NULL, 1, 'ffdf17890a1d803c5fdc8492c0adb46d.pdf', 'verified', NULL, 'code : star', '2025-02-12 11:23:54', '2025-02-12 11:25:01');

-- --------------------------------------------------------

--
-- Table structure for table `onboarding_steps`
--

CREATE TABLE `onboarding_steps` (
  `id` bigint(20) UNSIGNED NOT NULL,
  `branch_id` bigint(20) UNSIGNED NOT NULL,
  `add_area_completed` tinyint(1) NOT NULL DEFAULT 0,
  `add_table_completed` tinyint(1) NOT NULL DEFAULT 0,
  `add_menu_completed` tinyint(1) NOT NULL DEFAULT 0,
  `add_menu_items_completed` tinyint(1) NOT NULL DEFAULT 0,
  `created_at` timestamp NULL DEFAULT NULL,
  `updated_at` timestamp NULL DEFAULT NULL
) ENGINE=InnoDB DEFAULT CHARSET=utf8mb4 COLLATE=utf8mb4_unicode_ci;

--
-- Dumping data for table `onboarding_steps`
--

INSERT INTO `onboarding_steps` (`id`, `branch_id`, `add_area_completed`, `add_table_completed`, `add_menu_completed`, `add_menu_items_completed`, `created_at`, `updated_at`) VALUES
(1, 1, 0, 0, 0, 0, '2025-08-01 09:37:55', '2025-08-01 09:37:55'),
(2, 1, 0, 0, 0, 0, '2025-08-01 09:37:57', '2025-08-01 09:37:57'),
(3, 2, 0, 0, 0, 0, '2025-08-01 09:37:57', '2025-08-01 09:37:57'),
(4, 2, 0, 0, 0, 0, '2025-08-01 09:37:59', '2025-08-01 09:37:59'),
(7, 7, 1, 1, 1, 1, '2025-01-14 14:10:57', '2025-02-05 16:53:18'),
(8, 8, 0, 0, 0, 0, '2025-02-07 11:04:12', '2025-02-07 11:04:12'),
(9, 9, 0, 0, 0, 0, '2025-02-12 10:35:51', '2025-02-12 10:35:51'),
(10, 10, 0, 0, 0, 0, '2025-05-18 07:46:48', '2025-05-18 07:46:48');

-- --------------------------------------------------------

--
-- Table structure for table `orders`
--

CREATE TABLE `orders` (
  `id` bigint(20) UNSIGNED NOT NULL,
  `uuid` char(36) DEFAULT NULL,
  `branch_id` bigint(20) UNSIGNED DEFAULT NULL,
  `order_number` varchar(191) NOT NULL,
  `date_time` datetime NOT NULL,
  `table_id` bigint(20) UNSIGNED DEFAULT NULL,
  `customer_id` bigint(20) UNSIGNED DEFAULT NULL,
  `number_of_pax` int(11) DEFAULT NULL,
  `waiter_id` bigint(20) UNSIGNED DEFAULT NULL,
  `status` enum('draft','kot','billed','paid','canceled','payment_due','ready','out_for_delivery','delivered','pending_verification') NOT NULL DEFAULT 'kot',
  `placed_via` enum('pos','shop') DEFAULT NULL,
  `sub_total` decimal(16,2) NOT NULL,
  `tip_amount` decimal(16,2) DEFAULT 0.00,
  `total_tax_amount` decimal(16,2) DEFAULT 0.00,
  `tip_note` text DEFAULT NULL,
  `total` decimal(16,2) NOT NULL,
  `amount_paid` decimal(16,2) NOT NULL DEFAULT 0.00,
  `created_at` timestamp NULL DEFAULT NULL,
  `updated_at` timestamp NULL DEFAULT NULL,
  `order_type` enum('dine_in','delivery','pickup') NOT NULL DEFAULT 'dine_in',
  `delivery_executive_id` bigint(20) UNSIGNED DEFAULT NULL,
  `delivery_address` text DEFAULT NULL,
  `delivery_time` datetime DEFAULT NULL,
  `estimated_delivery_time` datetime DEFAULT NULL,
  `split_type` enum('even','custom','items') DEFAULT NULL,
  `discount_type` varchar(191) DEFAULT NULL,
  `discount_value` decimal(16,2) DEFAULT NULL,
  `discount_amount` decimal(16,2) DEFAULT NULL,
  `order_status` varchar(191) NOT NULL DEFAULT 'placed',
  `delivery_fee` decimal(8,2) NOT NULL DEFAULT 0.00,
  `customer_lat` decimal(10,7) DEFAULT NULL,
  `customer_lng` decimal(10,7) DEFAULT NULL,
  `is_within_radius` tinyint(1) NOT NULL DEFAULT 0,
  `delivery_started_at` timestamp NULL DEFAULT NULL,
  `delivered_at` timestamp NULL DEFAULT NULL,
  `estimated_eta_min` int(11) DEFAULT NULL,
  `estimated_eta_max` int(11) DEFAULT NULL,
  `cancel_reason_id` bigint(20) UNSIGNED DEFAULT NULL,
  `cancel_reason_text` varchar(191) DEFAULT NULL
) ENGINE=InnoDB DEFAULT CHARSET=utf8mb4 COLLATE=utf8mb4_unicode_ci;

--
-- Dumping data for table `orders`
--

INSERT INTO `orders` (`id`, `uuid`, `branch_id`, `order_number`, `date_time`, `table_id`, `customer_id`, `number_of_pax`, `waiter_id`, `status`, `placed_via`, `sub_total`, `tip_amount`, `total_tax_amount`, `tip_note`, `total`, `amount_paid`, `created_at`, `updated_at`, `order_type`, `delivery_executive_id`, `delivery_address`, `delivery_time`, `estimated_delivery_time`, `split_type`, `discount_type`, `discount_value`, `discount_amount`, `order_status`, `delivery_fee`, `customer_lat`, `customer_lng`, `is_within_radius`, `delivery_started_at`, `delivered_at`, `estimated_eta_min`, `estimated_eta_max`, `cancel_reason_id`, `cancel_reason_text`) VALUES
(1, NULL, 3, '1', '2025-01-12 21:47:57', NULL, NULL, 1, 4, 'paid', NULL, 350.00, 0.00, NULL, NULL, 367.50, 367.50, '2025-01-12 16:05:19', '2025-01-12 16:27:42', 'dine_in', NULL, NULL, NULL, NULL, NULL, NULL, NULL, 0.00, 'placed', 0.00, NULL, NULL, 0, NULL, NULL, NULL, NULL, NULL, NULL),
(2, NULL, 3, '2', '2025-01-12 21:50:12', NULL, NULL, 1, 4, 'paid', NULL, 570.00, 0.00, NULL, NULL, 598.50, 598.50, '2025-01-12 16:06:46', '2025-01-12 16:29:17', 'dine_in', NULL, NULL, NULL, NULL, NULL, NULL, NULL, 0.00, 'placed', 0.00, NULL, NULL, 0, NULL, NULL, NULL, NULL, NULL, NULL),
(3, NULL, 3, '3', '2025-01-13 18:02:11', 5, NULL, 1, 4, 'payment_due', NULL, 1150.00, 0.00, NULL, NULL, 1207.50, 726.50, '2025-01-13 17:56:43', '2025-01-13 18:06:23', 'dine_in', NULL, NULL, NULL, NULL, 'custom', NULL, NULL, 0.00, 'placed', 0.00, NULL, NULL, 0, NULL, NULL, NULL, NULL, NULL, NULL),
(4, NULL, 3, '4', '2025-01-13 18:21:16', NULL, NULL, 1, 4, 'billed', NULL, 365.00, 0.00, NULL, NULL, 419.75, 0.00, '2025-01-13 18:21:16', '2025-01-13 18:22:13', 'dine_in', NULL, 'New Delhi, India', NULL, NULL, NULL, NULL, NULL, 0.00, 'placed', 0.00, NULL, NULL, 0, NULL, NULL, NULL, NULL, NULL, NULL),
(5, NULL, 3, '5', '2025-01-18 20:30:45', 16, NULL, 1, 4, 'billed', NULL, 235.00, 0.00, NULL, NULL, 270.25, 494.00, '2025-01-13 18:23:15', '2025-01-18 20:30:45', 'dine_in', NULL, 'New Delhi, India', NULL, NULL, NULL, NULL, NULL, 0.00, 'placed', 0.00, NULL, NULL, 0, NULL, NULL, NULL, NULL, NULL, NULL),
(6, NULL, 3, '6', '2025-01-13 18:30:53', NULL, NULL, 1, 4, 'kot', NULL, 355.00, 0.00, NULL, NULL, 408.25, 0.00, '2025-01-13 18:30:53', '2025-01-13 18:30:53', 'dine_in', NULL, NULL, NULL, NULL, NULL, NULL, NULL, 0.00, 'placed', 0.00, NULL, NULL, 0, NULL, NULL, NULL, NULL, NULL, NULL),
(7, NULL, 3, '7', '2025-01-13 18:31:01', NULL, NULL, NULL, 4, 'billed', NULL, 750.00, 0.00, NULL, NULL, 862.50, 0.00, '2025-01-13 18:31:01', '2025-01-13 18:31:01', 'dine_in', NULL, NULL, NULL, NULL, NULL, NULL, NULL, 0.00, 'placed', 0.00, NULL, NULL, 0, NULL, NULL, NULL, NULL, NULL, NULL),
(8, NULL, 3, '8', '2025-01-13 18:41:16', NULL, NULL, NULL, 4, 'billed', NULL, 270.00, 0.00, NULL, NULL, 310.50, 0.00, '2025-01-13 18:41:16', '2025-01-13 18:41:16', 'dine_in', NULL, NULL, NULL, NULL, NULL, NULL, NULL, 0.00, 'placed', 0.00, NULL, NULL, 0, NULL, NULL, NULL, NULL, NULL, NULL),
(9, NULL, 3, '9', '2025-01-14 12:23:31', 1, NULL, 2, 4, 'paid', NULL, 530.00, 0.00, NULL, NULL, 609.50, 1828.50, '2025-01-14 10:35:20', '2025-01-14 12:35:42', 'dine_in', NULL, 'New Delhi, India', NULL, NULL, 'custom', NULL, NULL, 0.00, 'placed', 0.00, NULL, NULL, 0, NULL, NULL, NULL, NULL, NULL, NULL),
(10, NULL, 3, '10', '2025-01-14 12:21:58', 23, NULL, 1, 4, 'paid', NULL, 1170.00, 0.00, NULL, NULL, 1345.50, 2690.50, '2025-01-14 12:07:10', '2025-01-14 12:31:40', 'dine_in', NULL, NULL, NULL, NULL, 'items', NULL, NULL, 0.00, 'placed', 0.00, NULL, NULL, 0, NULL, NULL, NULL, NULL, NULL, NULL),
(11, NULL, 3, '11', '2025-01-14 12:33:16', NULL, NULL, 1, 4, 'canceled', NULL, 730.00, 0.00, NULL, NULL, 839.50, 0.00, '2025-01-14 12:32:59', '2025-01-14 12:33:27', 'dine_in', NULL, NULL, NULL, NULL, NULL, NULL, NULL, 0.00, 'placed', 0.00, NULL, NULL, 0, NULL, NULL, NULL, NULL, NULL, NULL),
(12, NULL, 3, '12', '2025-01-14 12:38:41', NULL, NULL, 1, 4, 'billed', NULL, 65.00, 0.00, NULL, NULL, 74.75, 0.00, '2025-01-14 12:38:22', '2025-01-14 12:38:59', 'dine_in', NULL, 'New Delhi, India', NULL, NULL, NULL, NULL, NULL, 0.00, 'placed', 0.00, NULL, NULL, 0, NULL, NULL, NULL, NULL, NULL, NULL),
(13, NULL, 3, '13', '2025-01-14 12:42:02', 26, NULL, 1, 4, 'billed', NULL, 505.00, 0.00, NULL, NULL, 580.75, 0.00, '2025-01-14 12:39:49', '2025-01-14 12:42:19', 'dine_in', NULL, 'ND, India', NULL, NULL, NULL, NULL, NULL, 0.00, 'placed', 0.00, NULL, NULL, 0, NULL, NULL, NULL, NULL, NULL, NULL),
(14, NULL, 3, '14', '2025-01-14 12:48:45', NULL, NULL, 1, 8, 'billed', NULL, 340.00, 0.00, NULL, NULL, 391.00, 0.00, '2025-01-14 12:48:45', '2025-01-14 12:48:45', 'dine_in', NULL, NULL, NULL, NULL, NULL, NULL, NULL, 0.00, 'placed', 0.00, NULL, NULL, 0, NULL, NULL, NULL, NULL, NULL, NULL),
(15, NULL, 3, '15', '2025-01-14 08:12:55', NULL, NULL, 1, 4, 'kot', NULL, 90.00, 0.00, NULL, NULL, 103.50, 0.00, '2025-01-14 08:12:55', '2025-01-14 08:12:55', 'dine_in', NULL, NULL, NULL, NULL, NULL, NULL, NULL, 0.00, 'placed', 0.00, NULL, NULL, 0, NULL, NULL, NULL, NULL, NULL, NULL),
(16, NULL, 3, '15', '2025-01-14 15:10:08', NULL, NULL, 1, 4, 'billed', NULL, 260.00, 0.00, NULL, NULL, 299.00, 0.00, '2025-01-14 15:10:08', '2025-01-14 15:10:09', 'dine_in', NULL, NULL, NULL, NULL, NULL, NULL, NULL, 0.00, 'placed', 0.00, NULL, NULL, 0, NULL, NULL, NULL, NULL, NULL, NULL),
(17, NULL, 3, '16', '2025-01-14 15:10:30', NULL, NULL, NULL, 4, 'billed', NULL, 230.00, 0.00, NULL, NULL, 264.50, 0.00, '2025-01-14 15:10:30', '2025-01-14 15:10:31', 'dine_in', NULL, NULL, NULL, NULL, NULL, NULL, NULL, 0.00, 'placed', 0.00, NULL, NULL, 0, NULL, NULL, NULL, NULL, NULL, NULL),
(18, NULL, 3, '17', '2025-01-14 16:03:04', NULL, NULL, 1, 4, 'billed', NULL, 905.00, 0.00, NULL, NULL, 1040.75, 0.00, '2025-01-14 16:03:04', '2025-01-14 16:03:04', 'dine_in', NULL, NULL, NULL, NULL, NULL, NULL, NULL, 0.00, 'placed', 0.00, NULL, NULL, 0, NULL, NULL, NULL, NULL, NULL, NULL),
(19, NULL, 3, '17', '2025-01-14 16:03:21', NULL, NULL, 1, 4, 'billed', NULL, 260.00, 0.00, NULL, NULL, 299.00, 0.00, '2025-01-14 16:03:21', '2025-01-14 16:03:22', 'dine_in', NULL, NULL, NULL, NULL, NULL, NULL, NULL, 0.00, 'placed', 0.00, NULL, NULL, 0, NULL, NULL, NULL, NULL, NULL, NULL),
(20, NULL, 3, '18', '2025-01-14 16:03:47', NULL, NULL, NULL, 4, 'billed', NULL, 90.00, 0.00, NULL, NULL, 103.50, 0.00, '2025-01-14 16:03:47', '2025-01-14 16:03:47', 'dine_in', NULL, NULL, NULL, NULL, NULL, NULL, NULL, 0.00, 'placed', 0.00, NULL, NULL, 0, NULL, NULL, NULL, NULL, NULL, NULL),
(21, NULL, 3, '19', '2025-01-14 16:04:07', NULL, NULL, NULL, 4, 'billed', NULL, 300.00, 0.00, NULL, NULL, 345.00, 0.00, '2025-01-14 16:04:07', '2025-01-14 16:04:07', 'dine_in', NULL, NULL, NULL, NULL, NULL, NULL, NULL, 0.00, 'placed', 0.00, NULL, NULL, 0, NULL, NULL, NULL, NULL, NULL, NULL),
(22, NULL, 3, '20', '2025-01-14 16:04:15', NULL, NULL, NULL, 4, 'billed', NULL, 120.00, 0.00, NULL, NULL, 138.00, 0.00, '2025-01-14 16:04:15', '2025-01-14 16:04:15', 'dine_in', NULL, NULL, NULL, NULL, NULL, NULL, NULL, 0.00, 'placed', 0.00, NULL, NULL, 0, NULL, NULL, NULL, NULL, NULL, NULL),
(23, NULL, 3, '21', '2025-01-14 17:27:10', NULL, NULL, 1, 4, 'billed', NULL, 270.00, 0.00, NULL, NULL, 310.50, 0.00, '2025-01-14 17:26:07', '2025-01-14 17:27:10', 'dine_in', NULL, NULL, NULL, NULL, NULL, NULL, NULL, 0.00, 'placed', 0.00, NULL, NULL, 0, NULL, NULL, NULL, NULL, NULL, NULL),
(24, NULL, 3, '22', '2025-01-14 17:26:15', NULL, NULL, NULL, 4, 'billed', NULL, 90.00, 0.00, NULL, NULL, 103.50, 0.00, '2025-01-14 17:26:15', '2025-01-14 17:26:15', 'dine_in', NULL, NULL, NULL, NULL, NULL, NULL, NULL, 0.00, 'placed', 0.00, NULL, NULL, 0, NULL, NULL, NULL, NULL, NULL, NULL),
(25, NULL, 3, '23', '2025-01-14 17:27:51', NULL, NULL, 1, 4, 'billed', NULL, 215.00, 0.00, NULL, NULL, 247.25, 0.00, '2025-01-14 17:27:51', '2025-01-14 17:27:51', 'dine_in', NULL, NULL, NULL, NULL, NULL, NULL, NULL, 0.00, 'placed', 0.00, NULL, NULL, 0, NULL, NULL, NULL, NULL, NULL, NULL),
(26, NULL, 3, '21', '2025-01-14 17:31:16', NULL, NULL, 1, 4, 'billed', NULL, 25.00, 0.00, NULL, NULL, 28.75, 0.00, '2025-01-14 17:31:16', '2025-01-14 17:31:16', 'dine_in', NULL, NULL, NULL, NULL, NULL, NULL, NULL, 0.00, 'placed', 0.00, NULL, NULL, 0, NULL, NULL, NULL, NULL, NULL, NULL),
(27, NULL, 3, '22', '2025-01-14 17:33:45', NULL, NULL, 1, 4, 'billed', NULL, 120.00, 0.00, NULL, NULL, 138.00, 0.00, '2025-01-14 17:33:45', '2025-01-14 17:33:45', 'dine_in', NULL, NULL, NULL, NULL, NULL, NULL, NULL, 0.00, 'placed', 0.00, NULL, NULL, 0, NULL, NULL, NULL, NULL, NULL, NULL),
(28, NULL, 3, '23', '2025-01-14 17:35:33', NULL, NULL, 1, 4, 'billed', NULL, 120.00, 0.00, NULL, NULL, 138.00, 0.00, '2025-01-14 17:35:33', '2025-01-14 17:35:33', 'dine_in', NULL, NULL, NULL, NULL, NULL, NULL, NULL, 0.00, 'placed', 0.00, NULL, NULL, 0, NULL, NULL, NULL, NULL, NULL, NULL),
(29, NULL, 3, '24', '2025-01-14 17:43:24', NULL, NULL, 1, 4, 'billed', NULL, 25.00, 0.00, NULL, NULL, 28.75, 0.00, '2025-01-14 17:43:24', '2025-01-14 17:43:24', 'dine_in', NULL, NULL, NULL, NULL, NULL, NULL, NULL, 0.00, 'placed', 0.00, NULL, NULL, 0, NULL, NULL, NULL, NULL, NULL, NULL),
(30, NULL, 3, '25', '2025-01-14 17:44:29', NULL, NULL, 1, 4, 'billed', NULL, 300.00, 0.00, NULL, NULL, 345.00, 0.00, '2025-01-14 17:44:29', '2025-01-14 17:44:29', 'dine_in', NULL, NULL, NULL, NULL, NULL, NULL, NULL, 0.00, 'placed', 0.00, NULL, NULL, 0, NULL, NULL, NULL, NULL, NULL, NULL),
(31, NULL, 3, '26', '2025-01-14 17:45:25', NULL, NULL, 1, 4, 'billed', NULL, 120.00, 0.00, NULL, NULL, 138.00, 0.00, '2025-01-14 17:45:25', '2025-01-14 17:45:25', 'dine_in', NULL, NULL, NULL, NULL, NULL, NULL, NULL, 0.00, 'placed', 0.00, NULL, NULL, 0, NULL, NULL, NULL, NULL, NULL, NULL),
(32, NULL, 3, '26', '2025-01-14 17:45:31', NULL, NULL, 1, 4, 'billed', NULL, 80.00, 0.00, NULL, NULL, 92.00, 0.00, '2025-01-14 17:45:31', '2025-01-14 17:45:31', 'dine_in', NULL, NULL, NULL, NULL, NULL, NULL, NULL, 0.00, 'placed', 0.00, NULL, NULL, 0, NULL, NULL, NULL, NULL, NULL, NULL),
(33, NULL, 3, '27', '2025-01-14 17:45:59', NULL, NULL, NULL, 4, 'billed', NULL, 120.00, 0.00, NULL, NULL, 138.00, 0.00, '2025-01-14 17:45:59', '2025-01-14 17:45:59', 'dine_in', NULL, NULL, NULL, NULL, NULL, NULL, NULL, 0.00, 'placed', 0.00, NULL, NULL, 0, NULL, NULL, NULL, NULL, NULL, NULL),
(34, NULL, 3, '28', '2025-01-14 17:46:30', NULL, NULL, 1, 4, 'billed', NULL, 150.00, 0.00, NULL, NULL, 172.50, 0.00, '2025-01-14 17:46:30', '2025-01-14 17:46:30', 'dine_in', NULL, NULL, NULL, NULL, NULL, NULL, NULL, 0.00, 'placed', 0.00, NULL, NULL, 0, NULL, NULL, NULL, NULL, NULL, NULL),
(35, NULL, 3, '29', '2025-01-14 17:48:48', NULL, NULL, 1, 4, 'billed', NULL, 120.00, 0.00, NULL, NULL, 138.00, 0.00, '2025-01-14 17:48:48', '2025-01-14 17:48:48', 'dine_in', NULL, NULL, NULL, NULL, NULL, NULL, NULL, 0.00, 'placed', 0.00, NULL, NULL, 0, NULL, NULL, NULL, NULL, NULL, NULL),
(36, NULL, 3, '30', '2025-01-14 17:49:10', NULL, NULL, 1, 4, 'billed', NULL, 80.00, 0.00, NULL, NULL, 92.00, 0.00, '2025-01-14 17:49:10', '2025-01-14 17:49:10', 'dine_in', NULL, NULL, NULL, NULL, NULL, NULL, NULL, 0.00, 'placed', 0.00, NULL, NULL, 0, NULL, NULL, NULL, NULL, NULL, NULL),
(37, NULL, 3, '31', '2025-01-14 17:50:52', NULL, NULL, 1, 4, 'billed', NULL, 25.00, 0.00, NULL, NULL, 28.75, 0.00, '2025-01-14 17:50:52', '2025-01-14 17:50:52', 'dine_in', NULL, NULL, NULL, NULL, NULL, NULL, NULL, 0.00, 'placed', 0.00, NULL, NULL, 0, NULL, NULL, NULL, NULL, NULL, NULL),
(38, NULL, 3, '32', '2025-01-14 17:51:36', NULL, NULL, 1, 4, 'billed', NULL, 25.00, 0.00, NULL, NULL, 28.75, 0.00, '2025-01-14 17:51:36', '2025-01-14 17:51:36', 'dine_in', NULL, NULL, NULL, NULL, NULL, NULL, NULL, 0.00, 'placed', 0.00, NULL, NULL, 0, NULL, NULL, NULL, NULL, NULL, NULL),
(39, NULL, 3, '33', '2025-01-14 17:54:06', NULL, NULL, NULL, 4, 'billed', NULL, 25.00, 0.00, NULL, NULL, 28.75, 0.00, '2025-01-14 17:54:06', '2025-01-14 17:54:06', 'dine_in', NULL, NULL, NULL, NULL, NULL, NULL, NULL, 0.00, 'placed', 0.00, NULL, NULL, 0, NULL, NULL, NULL, NULL, NULL, NULL),
(40, NULL, 3, '34', '2025-01-14 18:32:38', NULL, NULL, 1, 4, 'billed', NULL, 25.00, 0.00, NULL, NULL, 28.75, 0.00, '2025-01-14 18:32:38', '2025-01-14 18:32:38', 'dine_in', NULL, NULL, NULL, NULL, NULL, NULL, NULL, 0.00, 'placed', 0.00, NULL, NULL, 0, NULL, NULL, NULL, NULL, NULL, NULL),
(41, NULL, 3, '35', '2025-01-14 22:46:20', NULL, NULL, 1, 4, 'kot', NULL, 805.00, 0.00, NULL, NULL, 925.75, 0.00, '2025-01-14 22:46:20', '2025-01-14 22:46:20', 'dine_in', NULL, NULL, NULL, NULL, NULL, NULL, NULL, 0.00, 'placed', 0.00, NULL, NULL, 0, NULL, NULL, NULL, NULL, NULL, NULL),
(42, NULL, 3, '36', '2025-01-15 10:01:44', NULL, NULL, 1, 4, 'billed', NULL, 25.00, 0.00, NULL, NULL, 28.75, 0.00, '2025-01-15 10:01:44', '2025-01-15 10:01:44', 'dine_in', NULL, NULL, NULL, NULL, NULL, NULL, NULL, 0.00, 'placed', 0.00, NULL, NULL, 0, NULL, NULL, NULL, NULL, NULL, NULL),
(44, NULL, 3, '37', '2025-01-17 01:21:14', NULL, NULL, 1, 4, 'billed', NULL, 275.00, 0.00, NULL, NULL, 316.25, 0.00, '2025-01-17 01:21:14', '2025-01-17 01:32:14', 'dine_in', NULL, 'delhi', NULL, NULL, NULL, 'fixed', NULL, 0.00, 'placed', 0.00, NULL, NULL, 0, NULL, NULL, NULL, NULL, NULL, NULL),
(45, NULL, 3, '38', '2025-01-17 01:22:05', NULL, NULL, 1, 4, 'billed', NULL, 365.00, 0.00, NULL, NULL, 419.75, 0.00, '2025-01-17 01:22:06', '2025-01-17 01:22:54', 'dine_in', NULL, 'delhi', NULL, NULL, NULL, 'fixed', NULL, 0.00, 'placed', 0.00, NULL, NULL, 0, NULL, NULL, NULL, NULL, NULL, NULL),
(46, NULL, 3, '39', '2025-01-17 01:27:04', NULL, NULL, 1, 4, 'billed', NULL, 850.00, 0.00, NULL, NULL, 977.50, 0.00, '2025-01-17 01:24:57', '2025-01-17 12:54:09', 'dine_in', NULL, NULL, NULL, NULL, NULL, 'fixed', NULL, 0.00, 'placed', 0.00, NULL, NULL, 0, NULL, NULL, NULL, NULL, NULL, NULL),
(47, NULL, 3, '40', '2025-01-17 01:29:22', NULL, NULL, 1, 4, 'billed', NULL, 335.00, 0.00, NULL, NULL, 385.25, 0.00, '2025-01-17 01:29:22', '2025-01-17 01:29:22', 'dine_in', NULL, NULL, NULL, NULL, NULL, 'fixed', NULL, 0.00, 'placed', 0.00, NULL, NULL, 0, NULL, NULL, NULL, NULL, NULL, NULL),
(48, NULL, 3, '41', '2025-01-17 09:59:39', NULL, NULL, 1, 4, 'kot', NULL, 80.00, 0.00, NULL, NULL, 92.00, 0.00, '2025-01-17 09:59:39', '2025-01-17 09:59:39', 'dine_in', NULL, NULL, NULL, NULL, NULL, 'fixed', NULL, 0.00, 'placed', 0.00, NULL, NULL, 0, NULL, NULL, NULL, NULL, NULL, NULL),
(49, NULL, 3, '42', '2025-01-17 12:03:34', 23, NULL, 4, 4, 'kot', NULL, 695.00, 0.00, NULL, NULL, 799.25, 0.00, '2025-01-17 12:00:51', '2025-01-17 12:03:44', 'dine_in', NULL, NULL, NULL, NULL, NULL, 'fixed', NULL, 0.00, 'placed', 0.00, NULL, NULL, 0, NULL, NULL, NULL, NULL, NULL, NULL),
(50, NULL, 3, '43', '2025-01-17 13:10:44', NULL, NULL, 1, 4, 'billed', NULL, 80.00, 0.00, NULL, NULL, 92.00, 0.00, '2025-01-17 13:10:44', '2025-01-17 13:10:44', 'dine_in', NULL, NULL, NULL, NULL, NULL, 'percentage', NULL, 0.00, 'placed', 0.00, NULL, NULL, 0, NULL, NULL, NULL, NULL, NULL, NULL),
(51, NULL, 3, '44', '2025-01-18 12:49:39', NULL, NULL, 1, 4, 'billed', NULL, 930.00, 0.00, NULL, NULL, 1069.50, 0.00, '2025-01-18 12:49:39', '2025-01-18 12:49:39', 'dine_in', NULL, NULL, NULL, NULL, NULL, 'fixed', NULL, 0.00, 'placed', 0.00, NULL, NULL, 0, NULL, NULL, NULL, NULL, NULL, NULL),
(52, NULL, 3, '45', '2025-01-18 13:19:28', NULL, NULL, 1, 4, 'kot', NULL, 145.00, 0.00, NULL, NULL, 166.75, 0.00, '2025-01-18 13:19:28', '2025-01-18 13:19:51', 'dine_in', NULL, NULL, NULL, NULL, NULL, 'percentage', NULL, 0.00, 'placed', 0.00, NULL, NULL, 0, NULL, NULL, NULL, NULL, NULL, NULL),
(53, NULL, 3, '46', '2025-01-18 20:38:29', 4, NULL, NULL, 4, 'kot', NULL, 345.00, 0.00, NULL, NULL, 396.75, 0.00, '2025-01-18 13:20:55', '2025-01-18 20:57:48', 'dine_in', NULL, 'delhi', NULL, NULL, NULL, 'percentage', NULL, 0.00, 'placed', 0.00, NULL, NULL, 0, NULL, NULL, NULL, NULL, NULL, NULL),
(54, NULL, 3, '47', '2025-01-18 20:49:25', NULL, NULL, 1, 4, 'billed', NULL, 905.00, 0.00, NULL, NULL, 1040.75, 0.00, '2025-01-18 20:32:53', '2025-01-18 20:49:25', 'dine_in', NULL, NULL, NULL, NULL, NULL, 'fixed', NULL, 0.00, 'placed', 0.00, NULL, NULL, 0, NULL, NULL, NULL, NULL, NULL, NULL),
(58, NULL, 3, '48', '2025-01-21 17:06:19', NULL, NULL, 1, 4, 'billed', NULL, 455.00, 0.00, NULL, NULL, 523.25, 0.00, '2025-01-21 17:06:19', '2025-01-21 17:06:19', 'dine_in', NULL, NULL, NULL, NULL, NULL, 'fixed', NULL, 0.00, 'placed', 0.00, NULL, NULL, 0, NULL, NULL, NULL, NULL, NULL, NULL),
(59, NULL, 3, '49', '2025-01-21 17:13:46', 7, NULL, 1, 4, 'kot', NULL, 220.00, 0.00, NULL, NULL, 253.00, 0.00, '2025-01-21 17:13:46', '2025-01-21 17:13:46', 'dine_in', NULL, NULL, NULL, NULL, NULL, 'fixed', NULL, 0.00, 'placed', 0.00, NULL, NULL, 0, NULL, NULL, NULL, NULL, NULL, NULL),
(60, NULL, 3, '50', '2025-01-22 14:24:36', NULL, NULL, 1, 4, 'kot', NULL, 430.00, 0.00, NULL, NULL, 494.50, 0.00, '2025-01-22 14:24:36', '2025-01-22 14:24:36', 'dine_in', NULL, NULL, NULL, NULL, NULL, 'percentage', NULL, 0.00, 'placed', 0.00, NULL, NULL, 0, NULL, NULL, NULL, NULL, NULL, NULL),
(61, NULL, 3, '51', '2025-01-22 14:25:32', NULL, NULL, NULL, 4, 'billed', NULL, 420.00, 0.00, NULL, NULL, 483.00, 0.00, '2025-01-22 14:25:32', '2025-01-22 14:25:32', 'dine_in', NULL, NULL, NULL, NULL, NULL, 'percentage', NULL, 0.00, 'placed', 0.00, NULL, NULL, 0, NULL, NULL, NULL, NULL, NULL, NULL),
(62, NULL, 3, '52', '2025-01-22 17:41:19', NULL, NULL, 1, 4, 'out_for_delivery', NULL, 210.00, 0.00, NULL, NULL, 241.50, 0.00, '2025-01-22 17:41:19', '2025-01-22 17:41:19', 'delivery', NULL, NULL, NULL, NULL, NULL, 'percentage', NULL, 0.00, 'placed', 0.00, NULL, NULL, 0, NULL, NULL, NULL, NULL, NULL, NULL),
(63, NULL, 3, '53', '2025-01-22 17:58:24', NULL, NULL, 1, 4, 'billed', NULL, 220.00, 0.00, NULL, NULL, 253.00, 0.00, '2025-01-22 17:58:24', '2025-01-22 17:58:24', 'pickup', NULL, NULL, NULL, NULL, NULL, 'percentage', NULL, 0.00, 'placed', 0.00, NULL, NULL, 0, NULL, NULL, NULL, NULL, NULL, NULL),
(66, NULL, 3, '54', '2025-01-25 11:20:14', NULL, NULL, 1, 4, 'billed', NULL, 340.00, 0.00, NULL, NULL, 351.90, 0.00, '2025-01-25 11:20:14', '2025-01-25 11:20:14', 'dine_in', NULL, NULL, NULL, NULL, NULL, 'percentage', NULL, 0.00, 'placed', 0.00, NULL, NULL, 0, NULL, NULL, NULL, NULL, NULL, NULL),
(67, NULL, 3, '55', '2025-01-25 11:23:58', NULL, NULL, 1, 4, 'kot', NULL, 245.00, 0.00, NULL, NULL, 253.58, 0.00, '2025-01-25 11:23:58', '2025-01-25 18:57:16', 'dine_in', NULL, NULL, NULL, NULL, NULL, 'percentage', NULL, 0.00, 'placed', 0.00, NULL, NULL, 0, NULL, NULL, NULL, NULL, NULL, NULL),
(68, NULL, 3, '56', '2025-01-25 18:56:44', NULL, NULL, 1, 4, 'billed', NULL, 900.00, 0.00, NULL, NULL, 855.00, 0.00, '2025-01-25 11:26:12', '2025-01-25 18:56:44', 'dine_in', NULL, NULL, NULL, NULL, NULL, 'percent', NULL, 0.00, 'placed', 0.00, NULL, NULL, 0, NULL, NULL, NULL, NULL, NULL, NULL),
(70, NULL, 3, '57', '2025-01-25 18:57:16', NULL, NULL, 1, 4, 'billed', NULL, 180.00, 0.00, NULL, NULL, 172.80, 0.00, '2025-01-25 18:57:16', '2025-01-25 18:57:16', 'dine_in', NULL, NULL, NULL, NULL, NULL, 'percent', NULL, 0.00, 'placed', 0.00, NULL, NULL, 0, NULL, NULL, NULL, NULL, NULL, NULL),
(71, NULL, 3, '57', '2025-01-25 18:57:24', NULL, NULL, 1, 4, 'billed', NULL, 180.00, 0.00, NULL, NULL, 172.80, 0.00, '2025-01-25 18:57:24', '2025-01-25 18:57:24', 'dine_in', NULL, NULL, NULL, NULL, NULL, 'percent', NULL, 0.00, 'placed', 0.00, NULL, NULL, 0, NULL, NULL, NULL, NULL, NULL, NULL),
(72, NULL, 3, '57', '2025-01-25 18:57:43', NULL, NULL, 1, 4, 'billed', NULL, 260.00, 0.00, NULL, NULL, 249.60, 0.00, '2025-01-25 18:57:43', '2025-01-25 18:57:43', 'dine_in', NULL, NULL, NULL, NULL, NULL, 'percent', NULL, 0.00, 'placed', 0.00, NULL, NULL, 0, NULL, NULL, NULL, NULL, NULL, NULL),
(73, NULL, 3, '57', '2025-01-25 18:58:23', NULL, NULL, 1, 4, 'billed', NULL, 260.00, 0.00, NULL, NULL, 249.60, 0.00, '2025-01-25 18:58:23', '2025-01-25 18:58:23', 'dine_in', NULL, NULL, NULL, NULL, NULL, 'percent', NULL, 0.00, 'placed', 0.00, NULL, NULL, 0, NULL, NULL, NULL, NULL, NULL, NULL),
(74, NULL, 3, '58', '2025-01-25 19:12:36', NULL, NULL, 1, 4, 'billed', NULL, 370.00, 0.00, NULL, NULL, 425.50, 0.00, '2025-01-25 19:09:23', '2025-01-25 19:12:36', 'dine_in', NULL, NULL, NULL, NULL, NULL, 'fixed', NULL, 0.00, 'placed', 0.00, NULL, NULL, 0, NULL, NULL, NULL, NULL, NULL, NULL),
(75, NULL, 3, '59', '2025-01-26 03:48:34', NULL, NULL, 1, 4, 'billed', NULL, 450.00, 0.00, NULL, NULL, 417.50, 0.00, '2025-01-26 03:47:20', '2025-01-26 03:48:34', 'dine_in', NULL, NULL, NULL, NULL, NULL, 'fixed', NULL, 0.00, 'placed', 0.00, NULL, NULL, 0, NULL, NULL, NULL, NULL, NULL, NULL),
(76, NULL, 3, '60', '2025-01-26 05:41:02', NULL, NULL, 1, 4, 'billed', NULL, 170.00, 0.00, NULL, NULL, 190.50, 0.00, '2025-01-26 05:41:02', '2025-01-26 05:41:02', 'dine_in', NULL, NULL, NULL, NULL, NULL, 'fixed', NULL, 0.00, 'placed', 0.00, NULL, NULL, 0, NULL, NULL, NULL, NULL, NULL, NULL),
(77, NULL, 3, '61', '2025-01-26 05:43:32', NULL, NULL, 1, 4, 'billed', NULL, 25.00, 0.00, NULL, NULL, 28.75, 0.00, '2025-01-26 05:43:32', '2025-01-26 05:43:32', 'dine_in', NULL, NULL, NULL, NULL, NULL, NULL, NULL, 0.00, 'placed', 0.00, NULL, NULL, 0, NULL, NULL, NULL, NULL, NULL, NULL),
(78, NULL, 3, '62', '2025-01-26 05:48:19', NULL, NULL, 1, 4, 'billed', NULL, 180.00, 0.00, NULL, NULL, 207.00, 0.00, '2025-01-26 05:48:19', '2025-01-26 05:48:19', 'dine_in', NULL, NULL, NULL, NULL, NULL, NULL, NULL, 0.00, 'placed', 0.00, NULL, NULL, 0, NULL, NULL, NULL, NULL, NULL, NULL),
(79, NULL, 3, '63', '2025-01-26 05:49:49', NULL, NULL, 1, 4, 'billed', NULL, 40.00, 0.00, NULL, NULL, 46.00, 0.00, '2025-01-26 05:49:49', '2025-01-26 05:49:49', 'dine_in', NULL, NULL, NULL, NULL, NULL, NULL, NULL, 0.00, 'placed', 0.00, NULL, NULL, 0, NULL, NULL, NULL, NULL, NULL, NULL),
(80, NULL, 3, '64', '2025-01-26 05:56:58', NULL, NULL, 1, 4, 'billed', NULL, 250.00, 0.00, NULL, NULL, 287.50, 0.00, '2025-01-26 05:56:58', '2025-01-26 05:56:58', 'dine_in', NULL, NULL, NULL, NULL, NULL, NULL, NULL, 0.00, 'placed', 0.00, NULL, NULL, 0, NULL, NULL, NULL, NULL, NULL, NULL),
(81, NULL, 3, '65', '2025-01-26 05:59:53', NULL, NULL, 1, 4, 'billed', NULL, 180.00, 0.00, NULL, NULL, 207.00, 0.00, '2025-01-26 05:59:53', '2025-01-26 05:59:53', 'dine_in', NULL, NULL, NULL, NULL, NULL, NULL, NULL, NULL, 'placed', 0.00, NULL, NULL, 0, NULL, NULL, NULL, NULL, NULL, NULL),
(82, NULL, 3, '66', '2025-01-26 06:14:39', NULL, NULL, 1, 4, 'paid', NULL, 245.00, 0.00, NULL, NULL, 281.75, 281.75, '2025-01-26 06:14:29', '2025-01-26 06:14:52', 'dine_in', NULL, NULL, NULL, NULL, NULL, 'fixed', NULL, NULL, 'placed', 0.00, NULL, NULL, 0, NULL, NULL, NULL, NULL, NULL, NULL),
(83, NULL, 3, '67', '2025-01-26 06:22:56', NULL, NULL, 1, 4, 'billed', NULL, 345.00, 0.00, NULL, NULL, 396.75, 0.00, '2025-01-26 06:22:35', '2025-01-26 06:22:56', 'dine_in', NULL, NULL, NULL, NULL, NULL, 'fixed', NULL, NULL, 'placed', 0.00, NULL, NULL, 0, NULL, NULL, NULL, NULL, NULL, NULL),
(84, NULL, 3, '68', '2025-01-26 10:18:10', NULL, NULL, 1, 4, 'billed', NULL, 180.00, 0.00, NULL, NULL, 207.00, 0.00, '2025-01-26 10:18:10', '2025-01-26 10:18:10', 'dine_in', NULL, NULL, NULL, NULL, NULL, 'fixed', NULL, NULL, 'placed', 0.00, NULL, NULL, 0, NULL, NULL, NULL, NULL, NULL, NULL),
(85, NULL, 3, '69', '2025-01-26 10:18:33', NULL, NULL, NULL, 4, 'billed', NULL, 90.00, 0.00, NULL, NULL, 103.50, 0.00, '2025-01-26 10:18:33', '2025-01-26 10:18:33', 'dine_in', NULL, NULL, NULL, NULL, NULL, 'percent', NULL, 0.00, 'placed', 0.00, NULL, NULL, 0, NULL, NULL, NULL, NULL, NULL, NULL),
(86, NULL, 3, '70', '2025-01-26 11:05:36', 1, NULL, 1, 4, 'billed', NULL, 430.00, 0.00, NULL, NULL, 494.50, 0.00, '2025-01-26 11:05:36', '2025-01-26 11:06:37', 'dine_in', NULL, NULL, NULL, NULL, NULL, 'percent', NULL, 0.00, 'placed', 0.00, NULL, NULL, 0, NULL, NULL, NULL, NULL, NULL, NULL),
(87, NULL, 3, '71', '2025-01-27 17:47:46', NULL, NULL, 1, 4, 'billed', NULL, 195.00, 0.00, NULL, NULL, 224.25, 0.00, '2025-01-27 09:39:12', '2025-01-27 17:47:46', 'dine_in', NULL, NULL, NULL, NULL, NULL, 'fixed', NULL, NULL, 'placed', 0.00, NULL, NULL, 0, NULL, NULL, NULL, NULL, NULL, NULL),
(88, NULL, 3, '72', '2025-01-28 14:49:41', NULL, NULL, 1, 4, 'billed', NULL, 1539.00, 0.00, NULL, NULL, 1769.85, 0.00, '2025-01-28 14:49:41', '2025-01-28 14:49:41', 'dine_in', NULL, NULL, NULL, NULL, NULL, 'fixed', NULL, NULL, 'placed', 0.00, NULL, NULL, 0, NULL, NULL, NULL, NULL, NULL, NULL),
(89, NULL, 3, '73', '2025-01-28 15:29:42', NULL, NULL, 1, 4, 'kot', NULL, 25.00, 0.00, NULL, NULL, 28.75, 0.00, '2025-01-28 15:29:42', '2025-01-28 15:29:42', 'dine_in', NULL, NULL, NULL, NULL, NULL, NULL, NULL, NULL, 'placed', 0.00, NULL, NULL, 0, NULL, NULL, NULL, NULL, NULL, NULL),
(91, NULL, 3, '74', '2025-01-29 04:37:17', 67, NULL, 1, 4, 'paid', NULL, 335.00, 0.00, NULL, NULL, 285.25, 285.25, '2025-01-29 04:37:17', '2025-02-08 11:38:52', 'dine_in', NULL, NULL, NULL, NULL, NULL, 'fixed', 100.00, 100.00, 'placed', 0.00, NULL, NULL, 0, NULL, NULL, NULL, NULL, NULL, NULL),
(92, NULL, 3, '75', '2025-01-29 04:43:53', NULL, NULL, 1, 4, 'billed', NULL, 430.00, 0.00, NULL, NULL, 442.90, 0.00, '2025-01-29 04:43:53', '2025-01-29 04:43:53', 'dine_in', NULL, NULL, NULL, NULL, NULL, 'percent', 12.00, 51.60, 'placed', 0.00, NULL, NULL, 0, NULL, NULL, NULL, NULL, NULL, NULL),
(93, NULL, 3, '76', '2025-01-29 04:45:44', NULL, NULL, 1, 4, 'kot', NULL, 260.00, 0.00, NULL, NULL, 299.00, 0.00, '2025-01-29 04:44:50', '2025-01-29 04:45:44', 'dine_in', NULL, NULL, NULL, NULL, NULL, NULL, NULL, NULL, 'placed', 0.00, NULL, NULL, 0, NULL, NULL, NULL, NULL, NULL, NULL),
(94, NULL, 3, '77', '2025-01-29 04:45:53', NULL, NULL, 1, 4, 'billed', NULL, 180.00, 0.00, NULL, NULL, 197.00, 0.00, '2025-01-29 04:45:53', '2025-01-29 04:45:53', 'dine_in', NULL, NULL, NULL, NULL, NULL, 'fixed', 10.00, 10.00, 'placed', 0.00, NULL, NULL, 0, NULL, NULL, NULL, NULL, NULL, NULL),
(95, NULL, 3, '78', '2025-01-30 11:33:35', NULL, NULL, 1, 4, 'paid', NULL, 750.00, 0.00, NULL, NULL, 862.50, 862.50, '2025-01-30 11:33:10', '2025-01-30 11:34:02', 'dine_in', NULL, NULL, NULL, NULL, NULL, NULL, NULL, NULL, 'placed', 0.00, NULL, NULL, 0, NULL, NULL, NULL, NULL, NULL, NULL),
(96, NULL, 3, '79', '2025-01-31 02:04:51', NULL, NULL, 1, 15, 'billed', NULL, 750.00, 0.00, NULL, NULL, 862.50, 0.00, '2025-01-31 02:04:51', '2025-01-31 02:04:51', 'dine_in', NULL, NULL, NULL, NULL, NULL, NULL, NULL, NULL, 'placed', 0.00, NULL, NULL, 0, NULL, NULL, NULL, NULL, NULL, NULL),
(97, NULL, 3, '80', '2025-01-31 02:10:02', NULL, NULL, 1, 15, 'billed', NULL, 360.00, 0.00, NULL, NULL, 414.00, 0.00, '2025-01-31 02:10:02', '2025-01-31 02:10:02', 'dine_in', NULL, NULL, NULL, NULL, NULL, NULL, NULL, NULL, 'placed', 0.00, NULL, NULL, 0, NULL, NULL, NULL, NULL, NULL, NULL),
(98, NULL, 3, '81', '2025-01-31 02:14:43', NULL, NULL, NULL, 15, 'billed', NULL, 80.00, 0.00, NULL, NULL, 92.00, 0.00, '2025-01-31 02:14:43', '2025-01-31 02:14:43', 'dine_in', NULL, NULL, NULL, NULL, NULL, NULL, NULL, NULL, 'placed', 0.00, NULL, NULL, 0, NULL, NULL, NULL, NULL, NULL, NULL),
(99, NULL, 3, '82', '2025-01-31 02:43:14', NULL, NULL, 1, 15, 'billed', NULL, 320.00, 0.00, NULL, NULL, 368.00, 0.00, '2025-01-31 02:43:14', '2025-01-31 02:43:14', 'dine_in', NULL, NULL, NULL, NULL, NULL, NULL, NULL, NULL, 'placed', 0.00, NULL, NULL, 0, NULL, NULL, NULL, NULL, NULL, NULL),
(100, NULL, 3, '83', '2025-01-31 02:48:58', NULL, NULL, 1, 15, 'billed', NULL, 320.00, 0.00, NULL, NULL, 368.00, 0.00, '2025-01-31 02:48:58', '2025-01-31 02:48:58', 'dine_in', NULL, NULL, NULL, NULL, NULL, NULL, NULL, NULL, 'placed', 0.00, NULL, NULL, 0, NULL, NULL, NULL, NULL, NULL, NULL),
(102, NULL, 3, '84', '2025-01-31 13:53:32', NULL, NULL, 1, 15, 'billed', NULL, 25.00, 0.00, NULL, NULL, 28.75, 0.00, '2025-01-31 13:53:32', '2025-01-31 13:53:32', 'dine_in', NULL, NULL, NULL, NULL, NULL, NULL, NULL, NULL, 'placed', 0.00, NULL, NULL, 0, NULL, NULL, NULL, NULL, NULL, NULL),
(103, NULL, 3, '85', '2025-01-31 14:02:30', NULL, NULL, NULL, 15, 'billed', NULL, 25.00, 0.00, NULL, NULL, 28.75, 0.00, '2025-01-31 14:02:30', '2025-01-31 14:02:30', 'dine_in', NULL, NULL, NULL, NULL, NULL, NULL, NULL, NULL, 'placed', 0.00, NULL, NULL, 0, NULL, NULL, NULL, NULL, NULL, NULL),
(104, NULL, 3, '86', '2025-01-31 14:04:50', NULL, NULL, 1, 15, 'billed', NULL, 25.00, 0.00, NULL, NULL, 28.75, 0.00, '2025-01-31 14:04:50', '2025-01-31 14:04:50', 'dine_in', NULL, NULL, NULL, NULL, NULL, NULL, NULL, NULL, 'placed', 0.00, NULL, NULL, 0, NULL, NULL, NULL, NULL, NULL, NULL),
(105, NULL, 3, '87', '2025-02-05 16:38:30', NULL, NULL, 1, 4, 'billed', NULL, 570.00, 0.00, NULL, NULL, 655.50, 0.00, '2025-02-05 16:38:30', '2025-02-05 16:38:30', 'dine_in', NULL, NULL, NULL, NULL, NULL, NULL, NULL, NULL, 'placed', 0.00, NULL, NULL, 0, NULL, NULL, NULL, NULL, NULL, NULL),
(107, NULL, 3, '88', '2025-02-05 16:41:57', NULL, NULL, 1, 4, 'billed', NULL, 640.00, 0.00, NULL, NULL, 736.00, 0.00, '2025-02-05 16:41:57', '2025-02-05 16:41:57', 'dine_in', NULL, NULL, NULL, NULL, NULL, NULL, NULL, NULL, 'placed', 0.00, NULL, NULL, 0, NULL, NULL, NULL, NULL, NULL, NULL),
(108, NULL, 3, '89', '2025-02-05 16:42:20', NULL, NULL, 1, 4, 'billed', NULL, 390.00, 0.00, NULL, NULL, 448.50, 0.00, '2025-02-05 16:42:20', '2025-02-05 16:42:21', 'dine_in', NULL, NULL, NULL, NULL, NULL, NULL, NULL, NULL, 'placed', 0.00, NULL, NULL, 0, NULL, NULL, NULL, NULL, NULL, NULL),
(109, NULL, 3, '90', '2025-02-05 16:42:50', NULL, NULL, NULL, 4, 'billed', NULL, 450.00, 0.00, NULL, NULL, 517.50, 0.00, '2025-02-05 16:42:31', '2025-02-05 16:42:50', 'dine_in', NULL, NULL, NULL, NULL, NULL, NULL, NULL, NULL, 'placed', 0.00, NULL, NULL, 0, NULL, NULL, NULL, NULL, NULL, NULL),
(110, NULL, 3, '91', '2025-02-05 16:43:08', NULL, NULL, NULL, 4, 'billed', NULL, 860.00, 0.00, NULL, NULL, 989.00, 0.00, '2025-02-05 16:42:58', '2025-02-05 16:43:08', 'dine_in', NULL, NULL, NULL, NULL, NULL, NULL, NULL, NULL, 'placed', 0.00, NULL, NULL, 0, NULL, NULL, NULL, NULL, NULL, NULL),
(111, NULL, 3, '92', '2025-02-05 16:43:12', NULL, NULL, 1, 4, 'billed', NULL, 180.00, 0.00, NULL, NULL, 207.00, 0.00, '2025-02-05 16:43:12', '2025-02-05 16:43:12', 'dine_in', NULL, NULL, NULL, NULL, NULL, NULL, NULL, NULL, 'placed', 0.00, NULL, NULL, 0, NULL, NULL, NULL, NULL, NULL, NULL),
(112, NULL, 3, '93', '2025-02-05 16:43:42', NULL, NULL, 1, 4, 'kot', NULL, 520.00, 0.00, NULL, NULL, 598.00, 0.00, '2025-02-05 16:43:42', '2025-02-05 16:43:42', 'dine_in', NULL, NULL, NULL, NULL, NULL, NULL, NULL, NULL, 'placed', 0.00, NULL, NULL, 0, NULL, NULL, NULL, NULL, NULL, NULL),
(113, NULL, 3, '93', '2025-02-05 16:43:49', NULL, NULL, NULL, 4, 'kot', NULL, 25.00, 0.00, NULL, NULL, 28.75, 0.00, '2025-02-05 16:43:49', '2025-02-05 16:43:49', 'dine_in', NULL, NULL, NULL, NULL, NULL, NULL, NULL, NULL, 'placed', 0.00, NULL, NULL, 0, NULL, NULL, NULL, NULL, NULL, NULL),
(114, NULL, 3, '94', '2025-02-05 16:43:57', NULL, NULL, NULL, 4, 'billed', NULL, 90.00, 0.00, NULL, NULL, 103.50, 0.00, '2025-02-05 16:43:57', '2025-02-05 16:43:57', 'dine_in', NULL, NULL, NULL, NULL, NULL, NULL, NULL, NULL, 'placed', 0.00, NULL, NULL, 0, NULL, NULL, NULL, NULL, NULL, NULL),
(118, NULL, 3, '95', '2025-02-05 17:21:44', NULL, NULL, 1, 4, 'billed', NULL, 180.00, 0.00, NULL, NULL, 207.00, 0.00, '2025-02-05 17:21:44', '2025-02-05 17:21:44', 'dine_in', NULL, NULL, NULL, NULL, NULL, NULL, NULL, NULL, 'placed', 0.00, NULL, NULL, 0, NULL, NULL, NULL, NULL, NULL, NULL),
(120, NULL, 3, '96', '2025-02-05 17:22:13', NULL, NULL, NULL, 4, 'kot', NULL, 25.00, 0.00, NULL, NULL, 28.75, 0.00, '2025-02-05 17:22:13', '2025-02-05 17:22:13', 'dine_in', NULL, NULL, NULL, NULL, NULL, NULL, NULL, NULL, 'placed', 0.00, NULL, NULL, 0, NULL, NULL, NULL, NULL, NULL, NULL),
(121, NULL, 3, '97', '2025-02-05 17:22:22', NULL, NULL, NULL, 4, 'kot', NULL, 90.00, 0.00, NULL, NULL, 103.50, 0.00, '2025-02-05 17:22:22', '2025-02-05 17:22:22', 'dine_in', NULL, NULL, NULL, NULL, NULL, NULL, NULL, NULL, 'placed', 0.00, NULL, NULL, 0, NULL, NULL, NULL, NULL, NULL, NULL),
(122, NULL, 3, '98', '2025-02-05 17:22:30', NULL, NULL, NULL, 4, 'kot', NULL, 180.00, 0.00, NULL, NULL, 207.00, 0.00, '2025-02-05 17:22:30', '2025-02-05 17:22:30', 'dine_in', NULL, NULL, NULL, NULL, NULL, NULL, NULL, NULL, 'placed', 0.00, NULL, NULL, 0, NULL, NULL, NULL, NULL, NULL, NULL),
(124, NULL, 3, '99', '2025-02-06 04:36:19', NULL, NULL, 1, 4, 'kot', NULL, 25.00, 0.00, NULL, NULL, 28.75, 0.00, '2025-02-06 04:36:19', '2025-02-06 04:36:19', 'dine_in', NULL, NULL, NULL, NULL, NULL, NULL, NULL, NULL, 'placed', 0.00, NULL, NULL, 0, NULL, NULL, NULL, NULL, NULL, NULL),
(125, NULL, 3, '100', '2025-02-06 04:38:20', NULL, NULL, 1, 4, 'paid', NULL, 80.00, 0.00, NULL, NULL, 92.00, 92.00, '2025-02-06 04:37:02', '2025-02-06 04:39:24', 'dine_in', NULL, NULL, NULL, NULL, NULL, NULL, NULL, NULL, 'placed', 0.00, NULL, NULL, 0, NULL, NULL, NULL, NULL, NULL, NULL),
(130, NULL, 3, '101', '2025-02-17 17:48:58', NULL, 15, 1, 4, 'canceled', NULL, 430.00, 0.00, NULL, NULL, 494.50, 76.00, '2025-02-06 06:01:14', '2025-02-17 17:49:46', 'dine_in', NULL, NULL, NULL, NULL, NULL, NULL, NULL, NULL, 'placed', 0.00, NULL, NULL, 0, NULL, NULL, NULL, NULL, NULL, NULL),
(132, NULL, 3, '102', '2025-02-06 06:11:58', NULL, NULL, 1, 4, 'paid', NULL, 180.00, 0.00, NULL, NULL, 207.00, 207.00, '2025-02-06 06:11:58', '2025-02-06 06:12:35', 'dine_in', NULL, NULL, NULL, NULL, NULL, NULL, NULL, NULL, 'placed', 0.00, NULL, NULL, 0, NULL, NULL, NULL, NULL, NULL, NULL),
(133, NULL, 3, '103', '2025-02-06 06:13:57', NULL, NULL, NULL, 4, 'paid', NULL, 120.00, 0.00, NULL, NULL, 138.00, 138.00, '2025-02-06 06:13:57', '2025-02-06 06:14:02', 'dine_in', NULL, NULL, NULL, NULL, NULL, NULL, NULL, NULL, 'placed', 0.00, NULL, NULL, 0, NULL, NULL, NULL, NULL, NULL, NULL),
(134, NULL, 3, '104', '2025-02-06 06:22:07', NULL, NULL, NULL, 4, 'kot', NULL, 180.00, 0.00, NULL, NULL, 207.00, 0.00, '2025-02-06 06:22:07', '2025-02-06 06:22:07', 'dine_in', NULL, NULL, NULL, NULL, NULL, NULL, NULL, NULL, 'placed', 0.00, NULL, NULL, 0, NULL, NULL, NULL, NULL, NULL, NULL),
(135, NULL, 3, '105', '2025-02-06 06:36:44', NULL, NULL, NULL, 4, 'paid', NULL, 25.00, 0.00, NULL, NULL, 28.75, 28.75, '2025-02-06 06:36:44', '2025-02-06 06:36:55', 'dine_in', NULL, NULL, NULL, NULL, NULL, NULL, NULL, NULL, 'placed', 0.00, NULL, NULL, 0, NULL, NULL, NULL, NULL, NULL, NULL),
(136, NULL, 3, '106', '2025-02-06 06:39:14', NULL, NULL, 1, 4, 'paid', NULL, 25.00, 0.00, NULL, NULL, 28.75, 28.75, '2025-02-06 06:39:14', '2025-02-06 06:39:18', 'dine_in', NULL, NULL, NULL, NULL, NULL, NULL, NULL, NULL, 'placed', 0.00, NULL, NULL, 0, NULL, NULL, NULL, NULL, NULL, NULL),
(145, NULL, 3, '107', '2025-02-06 13:30:47', 61, 13, 1, 4, 'billed', NULL, 130.00, 0.00, NULL, NULL, 149.50, 0.00, '2025-02-06 13:30:47', '2025-02-06 13:32:40', 'dine_in', NULL, 'Delhi, India', NULL, NULL, NULL, NULL, NULL, NULL, 'placed', 0.00, NULL, NULL, 0, NULL, NULL, NULL, NULL, NULL, NULL),
(146, NULL, 3, '108', '2025-02-07 07:09:25', NULL, NULL, 1, 4, 'kot', NULL, 180.00, 0.00, NULL, NULL, 207.00, 0.00, '2025-02-07 07:09:25', '2025-02-07 07:09:25', 'dine_in', NULL, NULL, NULL, NULL, NULL, 'percent', NULL, NULL, 'placed', 0.00, NULL, NULL, 0, NULL, NULL, NULL, NULL, NULL, NULL),
(147, NULL, 3, '109', '2025-02-07 07:11:32', NULL, NULL, 1, 4, 'kot', NULL, 25.00, 0.00, NULL, NULL, 28.75, 0.00, '2025-02-07 07:11:32', '2025-02-07 07:11:32', 'dine_in', NULL, NULL, NULL, NULL, NULL, NULL, NULL, NULL, 'placed', 0.00, NULL, NULL, 0, NULL, NULL, NULL, NULL, NULL, NULL),
(148, NULL, 8, '1', '2025-02-07 11:18:39', NULL, NULL, 1, 20, 'kot', NULL, 1500.00, 0.00, NULL, NULL, 1500.00, 0.00, '2025-02-07 11:18:39', '2025-02-07 11:18:39', 'dine_in', NULL, NULL, NULL, NULL, NULL, NULL, NULL, NULL, 'placed', 0.00, NULL, NULL, 0, NULL, NULL, NULL, NULL, NULL, NULL),
(149, NULL, 8, '2', '2025-02-07 11:19:27', NULL, NULL, NULL, 20, 'paid', NULL, 300.00, 0.00, NULL, NULL, 300.00, 300.00, '2025-02-07 11:19:27', '2025-02-07 11:19:32', 'dine_in', NULL, NULL, NULL, NULL, NULL, NULL, NULL, NULL, 'placed', 0.00, NULL, NULL, 0, NULL, NULL, NULL, NULL, NULL, NULL),
(150, NULL, 3, '110', '2025-02-07 11:39:40', 8, NULL, 1, 4, 'kot', NULL, 320.00, 0.00, NULL, NULL, 368.00, 0.00, '2025-02-07 11:39:40', '2025-02-07 11:40:25', 'dine_in', NULL, NULL, NULL, NULL, NULL, NULL, NULL, NULL, 'placed', 0.00, NULL, NULL, 0, NULL, NULL, NULL, NULL, NULL, NULL),
(151, NULL, 3, '111', '2025-02-07 12:37:39', 2, 17, 1, 4, 'paid', NULL, 230.00, 0.00, NULL, NULL, 264.50, 264.50, '2025-02-07 11:46:20', '2025-02-07 14:28:06', 'dine_in', NULL, 'USA', NULL, NULL, NULL, NULL, NULL, NULL, 'placed', 0.00, NULL, NULL, 0, NULL, NULL, NULL, NULL, NULL, NULL),
(152, NULL, 3, '112', '2025-02-08 05:32:45', 6, 3, 1, 4, 'paid', NULL, 680.00, 0.00, NULL, NULL, 782.00, 782.00, '2025-02-08 05:32:45', '2025-02-08 11:47:41', 'dine_in', NULL, NULL, NULL, NULL, NULL, NULL, NULL, NULL, 'placed', 0.00, NULL, NULL, 0, NULL, NULL, NULL, NULL, NULL, NULL),
(153, NULL, 3, '113', '2025-02-08 11:41:53', NULL, NULL, 1, 4, 'paid', NULL, 495.00, 0.00, NULL, NULL, 569.25, 569.25, '2025-02-08 06:03:00', '2025-02-08 11:48:58', 'dine_in', NULL, NULL, NULL, NULL, NULL, NULL, NULL, NULL, 'placed', 0.00, NULL, NULL, 0, NULL, NULL, NULL, NULL, NULL, NULL),
(154, NULL, 3, '114', '2025-02-10 09:19:02', NULL, NULL, 1, 4, 'kot', NULL, 120.00, 0.00, NULL, NULL, 138.00, 0.00, '2025-02-10 09:19:02', '2025-02-10 09:19:02', 'dine_in', NULL, NULL, NULL, NULL, NULL, NULL, NULL, NULL, 'placed', 0.00, NULL, NULL, 0, NULL, NULL, NULL, NULL, NULL, NULL),
(156, NULL, 3, '115', '2025-02-10 10:18:56', NULL, NULL, NULL, NULL, 'draft', NULL, 449.00, 0.00, NULL, NULL, 516.00, 0.00, '2025-02-10 10:18:56', '2025-02-10 10:18:56', 'dine_in', NULL, NULL, NULL, NULL, NULL, NULL, NULL, NULL, 'placed', 0.00, NULL, NULL, 0, NULL, NULL, NULL, NULL, NULL, NULL),
(157, NULL, 3, '115', '2025-02-10 10:20:29', NULL, NULL, NULL, NULL, 'kot', NULL, 449.00, 0.00, NULL, NULL, 516.00, 0.00, '2025-02-10 10:20:29', '2025-02-10 10:20:29', 'dine_in', NULL, NULL, NULL, NULL, NULL, NULL, NULL, NULL, 'placed', 0.00, NULL, NULL, 0, NULL, NULL, NULL, NULL, NULL, NULL),
(158, NULL, 3, '115', '2025-02-10 10:20:35', NULL, NULL, NULL, NULL, 'kot', NULL, 449.00, 0.00, NULL, NULL, 516.00, 0.00, '2025-02-10 10:20:35', '2025-02-10 10:20:35', 'dine_in', NULL, NULL, NULL, NULL, NULL, NULL, NULL, NULL, 'placed', 0.00, NULL, NULL, 0, NULL, NULL, NULL, NULL, NULL, NULL),
(159, NULL, 3, '115', '2025-02-10 10:20:40', NULL, NULL, NULL, NULL, 'kot', NULL, 449.00, 0.00, NULL, NULL, 516.00, 0.00, '2025-02-10 10:20:40', '2025-02-10 10:20:40', 'dine_in', NULL, NULL, NULL, NULL, NULL, NULL, NULL, NULL, 'placed', 0.00, NULL, NULL, 0, NULL, NULL, NULL, NULL, NULL, NULL),
(160, NULL, 3, '115', '2025-02-10 10:20:43', NULL, NULL, NULL, NULL, 'kot', NULL, 449.00, 0.00, NULL, NULL, 516.00, 0.00, '2025-02-10 10:20:43', '2025-02-10 10:20:43', 'dine_in', NULL, NULL, NULL, NULL, NULL, NULL, NULL, NULL, 'placed', 0.00, NULL, NULL, 0, NULL, NULL, NULL, NULL, NULL, NULL),
(161, NULL, 3, '115', '2025-02-10 10:20:47', NULL, NULL, NULL, NULL, 'kot', NULL, 449.00, 0.00, NULL, NULL, 516.00, 0.00, '2025-02-10 10:20:47', '2025-02-10 10:20:47', 'dine_in', NULL, NULL, NULL, NULL, NULL, NULL, NULL, NULL, 'placed', 0.00, NULL, NULL, 0, NULL, NULL, NULL, NULL, NULL, NULL),
(162, NULL, 3, '116', '2025-02-10 15:55:51', 1, NULL, NULL, NULL, 'kot', NULL, 1911.00, 0.00, NULL, NULL, 2198.00, 0.00, '2025-02-10 15:55:51', '2025-02-10 15:57:21', 'dine_in', NULL, NULL, NULL, NULL, NULL, NULL, NULL, NULL, 'placed', 0.00, NULL, NULL, 0, NULL, NULL, NULL, NULL, NULL, NULL),
(165, NULL, 3, '117', '2025-02-12 08:42:56', NULL, NULL, 1, 4, 'billed', NULL, 150.00, 0.00, NULL, NULL, 172.50, 0.00, '2025-02-12 08:41:23', '2025-02-12 08:42:56', 'dine_in', NULL, NULL, NULL, NULL, NULL, NULL, NULL, NULL, 'placed', 0.00, NULL, NULL, 0, NULL, NULL, NULL, NULL, NULL, NULL),
(166, NULL, 3, '118', '2025-02-12 09:08:09', 65, NULL, NULL, NULL, 'kot', NULL, 120.00, 0.00, NULL, NULL, 138.00, 0.00, '2025-02-12 09:08:09', '2025-02-12 09:08:09', 'dine_in', NULL, NULL, NULL, NULL, NULL, NULL, NULL, NULL, 'placed', 0.00, NULL, NULL, 0, NULL, NULL, NULL, NULL, NULL, NULL),
(167, NULL, 3, '118', '2025-02-12 09:08:15', 65, NULL, NULL, NULL, 'kot', NULL, 449.00, 0.00, NULL, NULL, 516.00, 0.00, '2025-02-12 09:08:15', '2025-02-12 09:08:15', 'dine_in', NULL, NULL, NULL, NULL, NULL, NULL, NULL, NULL, 'placed', 0.00, NULL, NULL, 0, NULL, NULL, NULL, NULL, NULL, NULL),
(168, NULL, 3, '118', '2025-02-12 09:08:15', 65, NULL, NULL, NULL, 'kot', NULL, 120.00, 0.00, NULL, NULL, 138.00, 0.00, '2025-02-12 09:08:15', '2025-02-12 09:08:15', 'dine_in', NULL, NULL, NULL, NULL, NULL, NULL, NULL, NULL, 'placed', 0.00, NULL, NULL, 0, NULL, NULL, NULL, NULL, NULL, NULL),
(169, NULL, 3, '118', '2025-02-12 09:08:20', 65, NULL, NULL, NULL, 'kot', NULL, 120.00, 0.00, NULL, NULL, 138.00, 0.00, '2025-02-12 09:08:20', '2025-02-12 09:08:20', 'dine_in', NULL, NULL, NULL, NULL, NULL, NULL, NULL, NULL, 'placed', 0.00, NULL, NULL, 0, NULL, NULL, NULL, NULL, NULL, NULL),
(170, NULL, 3, '118', '2025-02-12 09:08:23', 65, NULL, NULL, NULL, 'kot', NULL, 120.00, 0.00, NULL, NULL, 138.00, 0.00, '2025-02-12 09:08:23', '2025-02-12 09:08:24', 'dine_in', NULL, NULL, NULL, NULL, NULL, NULL, NULL, NULL, 'placed', 0.00, NULL, NULL, 0, NULL, NULL, NULL, NULL, NULL, NULL),
(180, NULL, 3, '119', '2025-02-13 05:33:38', NULL, NULL, 1, 4, 'billed', NULL, 120.00, 0.00, NULL, NULL, 138.00, 0.00, '2025-02-13 05:33:38', '2025-02-13 05:33:39', 'dine_in', NULL, NULL, NULL, NULL, NULL, NULL, NULL, NULL, 'placed', 0.00, NULL, NULL, 0, NULL, NULL, NULL, NULL, NULL, NULL),
(218, NULL, 3, '120', '2025-05-07 12:22:43', NULL, NULL, 1, 4, 'payment_due', NULL, 115.00, 0.00, NULL, NULL, 132.25, 0.00, '2025-05-07 12:22:43', '2025-05-07 12:22:52', 'dine_in', NULL, NULL, NULL, NULL, NULL, NULL, NULL, NULL, 'placed', 0.00, NULL, NULL, 0, NULL, NULL, NULL, NULL, NULL, NULL),
(219, NULL, 3, '121', '2025-05-07 12:29:03', NULL, NULL, NULL, 4, 'payment_due', NULL, 25.00, 0.00, NULL, NULL, 3.75, 0.00, '2025-05-07 12:29:03', '2025-05-07 12:29:05', 'dine_in', NULL, NULL, NULL, NULL, NULL, 'fixed', 40.00, 25.00, 'placed', 0.00, NULL, NULL, 0, NULL, NULL, NULL, NULL, NULL, NULL),
(220, NULL, 3, '122', '2025-05-07 12:29:40', NULL, NULL, NULL, 4, 'payment_due', NULL, 260.00, 0.00, NULL, NULL, 221.00, 0.00, '2025-05-07 12:29:40', '2025-05-07 12:29:42', 'dine_in', NULL, NULL, NULL, NULL, NULL, 'percent', 30.00, 78.00, 'placed', 0.00, NULL, NULL, 0, NULL, NULL, NULL, NULL, NULL, NULL),
(221, NULL, 3, '123', '2025-05-07 12:30:35', NULL, NULL, NULL, 4, 'payment_due', NULL, 260.00, 0.00, NULL, NULL, 247.00, 0.00, '2025-05-07 12:30:35', '2025-05-07 12:30:38', 'dine_in', NULL, NULL, NULL, NULL, NULL, 'percent', 20.00, 52.00, 'placed', 0.00, NULL, NULL, 0, NULL, NULL, NULL, NULL, NULL, NULL),
(224, NULL, 3, '124', '2025-05-08 05:10:16', NULL, NULL, 1, 4, 'payment_due', NULL, 205.00, 0.00, NULL, NULL, 174.25, 0.00, '2025-05-08 05:10:16', '2025-05-08 05:10:18', 'dine_in', NULL, NULL, NULL, NULL, NULL, 'percent', 30.00, 61.50, 'placed', 0.00, NULL, NULL, 0, NULL, NULL, NULL, NULL, NULL, NULL),
(235, NULL, 7, '1', '2025-05-14 12:27:26', 30, NULL, 1, 26, 'paid', NULL, 150.00, 0.00, NULL, NULL, 142.50, 142.50, '2025-05-14 12:27:26', '2025-05-14 12:49:51', 'dine_in', NULL, NULL, NULL, NULL, NULL, 'fixed', 30.00, 30.00, 'placed', 0.00, NULL, NULL, 0, NULL, NULL, NULL, NULL, NULL, NULL),
(236, NULL, 7, '2', '2025-05-14 16:17:09', 30, NULL, 4, 26, 'canceled', NULL, 4319.00, 0.00, NULL, NULL, 4966.85, 0.00, '2025-05-14 16:17:09', '2025-05-14 16:18:58', 'dine_in', NULL, NULL, NULL, NULL, NULL, NULL, NULL, NULL, 'placed', 0.00, NULL, NULL, 0, NULL, NULL, NULL, NULL, NULL, NULL),
(237, NULL, 7, '3', '2025-05-14 16:23:28', 30, NULL, 1, 26, 'paid', NULL, 4319.00, 0.00, NULL, NULL, 3671.15, 3671.15, '2025-05-14 16:23:28', '2025-05-14 16:33:00', 'dine_in', NULL, NULL, NULL, NULL, NULL, 'percent', 30.00, 1295.70, 'placed', 0.00, NULL, NULL, 0, NULL, NULL, NULL, NULL, NULL, NULL),
(238, NULL, 7, '4', '2025-05-16 10:30:56', 30, NULL, 1, 26, 'paid', NULL, 523.00, 0.00, NULL, NULL, 444.55, 444.55, '2025-05-16 10:30:56', '2025-05-16 10:42:57', 'dine_in', NULL, NULL, NULL, NULL, NULL, 'percent', 30.00, 156.90, 'placed', 0.00, NULL, NULL, 0, NULL, NULL, NULL, NULL, NULL, NULL),
(239, NULL, 7, '5', '2025-05-16 13:52:00', 30, NULL, 1, 26, 'paid', NULL, 924.00, 0.00, NULL, NULL, 785.40, 785.40, '2025-05-16 13:52:00', '2025-05-16 14:06:05', 'dine_in', NULL, NULL, NULL, NULL, NULL, 'percent', 30.00, 277.20, 'placed', 0.00, NULL, NULL, 0, NULL, NULL, NULL, NULL, NULL, NULL),
(240, NULL, 7, '6', '2025-05-18 17:21:39', 38, NULL, 1, 26, 'paid', NULL, 13547.00, 0.00, NULL, NULL, 14249.05, 14249.05, '2025-05-18 17:21:39', '2025-05-18 17:25:06', 'dine_in', NULL, NULL, NULL, NULL, NULL, 'fixed', 1330.00, 1330.00, 'placed', 0.00, NULL, NULL, 0, NULL, NULL, NULL, NULL, NULL, NULL),
(241, NULL, 7, '7', '2025-05-19 08:59:11', 38, NULL, 1, 26, 'paid', NULL, 3050.00, 0.00, NULL, NULL, 2897.50, 2897.50, '2025-05-19 08:59:11', '2025-05-20 08:52:35', 'dine_in', NULL, NULL, NULL, NULL, NULL, 'percent', 20.00, 610.00, 'placed', 0.00, NULL, NULL, 0, NULL, NULL, NULL, NULL, NULL, NULL),
(242, NULL, 7, '8', '2025-05-19 16:21:30', 30, NULL, 3, 26, 'paid', NULL, 2393.00, 0.00, NULL, NULL, 2034.05, 2034.05, '2025-05-19 16:21:30', '2025-05-19 16:35:19', 'dine_in', NULL, NULL, NULL, NULL, NULL, 'percent', 30.00, 717.90, 'placed', 0.00, NULL, NULL, 0, NULL, NULL, NULL, NULL, NULL, NULL),
(243, NULL, 7, '9', '2025-05-24 16:09:21', 30, NULL, 5, 26, 'paid', NULL, 3702.00, 0.00, NULL, NULL, 3146.70, 3146.70, '2025-05-24 15:12:52', '2025-05-24 16:31:09', 'dine_in', NULL, NULL, NULL, NULL, NULL, 'percent', 30.00, 1110.60, 'placed', 0.00, NULL, NULL, 0, NULL, NULL, NULL, NULL, NULL, NULL),
(244, NULL, 7, '10', '2025-05-24 15:15:52', 31, NULL, 1, 26, 'paid', NULL, 850.00, 0.00, NULL, NULL, 722.50, 722.50, '2025-05-24 15:15:52', '2025-05-24 15:30:07', 'dine_in', NULL, NULL, NULL, NULL, NULL, 'percent', 30.00, 255.00, 'placed', 0.00, NULL, NULL, 0, NULL, NULL, NULL, NULL, NULL, NULL),
(245, NULL, 7, '11', '2025-05-24 16:07:20', 32, NULL, 1, 26, 'paid', NULL, 1698.00, 0.00, NULL, NULL, 1443.30, 1443.30, '2025-05-24 16:07:20', '2025-05-24 16:30:24', 'dine_in', NULL, NULL, NULL, NULL, NULL, 'percent', 30.00, 509.40, 'placed', 0.00, NULL, NULL, 0, NULL, NULL, NULL, NULL, NULL, NULL),
(246, NULL, 7, '12', '2025-05-28 16:34:10', 30, NULL, 1, 26, 'paid', NULL, 3019.00, 0.00, NULL, NULL, 2566.15, 2566.15, '2025-05-28 16:34:10', '2025-05-28 16:58:03', 'dine_in', NULL, NULL, NULL, NULL, NULL, 'percent', 30.00, 905.70, 'placed', 0.00, NULL, NULL, 0, NULL, NULL, NULL, NULL, NULL, NULL),
(247, NULL, 7, '13', '2025-06-01 09:33:03', 30, NULL, 1, 26, 'paid', NULL, 250.00, 0.00, NULL, NULL, 237.50, 237.50, '2025-06-01 09:33:03', '2025-06-01 09:43:46', 'dine_in', NULL, NULL, NULL, NULL, NULL, 'percent', 20.00, 50.00, 'placed', 0.00, NULL, NULL, 0, NULL, NULL, NULL, NULL, NULL, NULL),
(248, NULL, 7, '14', '2025-06-04 09:02:12', 30, NULL, 1, 26, 'paid', NULL, 300.00, 0.00, NULL, NULL, 255.00, 255.00, '2025-06-04 09:02:12', '2025-06-04 10:50:32', 'dine_in', NULL, NULL, NULL, NULL, NULL, 'percent', 30.00, 90.00, 'placed', 0.00, NULL, NULL, 0, NULL, NULL, NULL, NULL, NULL, NULL),
(249, NULL, 7, '15', '2025-06-04 09:10:30', 31, NULL, 1, 26, 'paid', NULL, 390.00, 0.00, NULL, NULL, 331.50, 331.50, '2025-06-04 09:10:30', '2025-06-04 10:50:01', 'dine_in', NULL, NULL, NULL, NULL, NULL, 'percent', 30.00, 117.00, 'placed', 0.00, NULL, NULL, 0, NULL, NULL, NULL, NULL, NULL, NULL),
(250, NULL, 7, '16', '2025-06-06 16:49:28', 30, NULL, 5, 26, 'paid', NULL, 3143.00, 0.00, NULL, NULL, 2671.55, 2671.55, '2025-06-06 16:49:28', '2025-06-06 17:08:22', 'dine_in', NULL, NULL, NULL, NULL, NULL, 'percent', 30.00, 942.90, 'placed', 0.00, NULL, NULL, 0, NULL, NULL, NULL, NULL, NULL, NULL),
(251, NULL, 7, '17', '2025-06-07 07:43:36', 30, NULL, 1, 26, 'canceled', NULL, 1818.00, 0.00, NULL, NULL, 2090.70, 0.00, '2025-06-07 07:43:36', '2025-06-07 09:39:39', 'dine_in', NULL, NULL, NULL, NULL, NULL, NULL, NULL, NULL, 'placed', 0.00, NULL, NULL, 0, NULL, NULL, NULL, NULL, NULL, NULL),
(252, NULL, 7, '18', '2025-06-07 07:47:12', 31, NULL, 1, 26, 'paid', NULL, 1818.00, 0.00, NULL, NULL, 1545.30, 1545.30, '2025-06-07 07:47:12', '2025-06-07 07:58:37', 'dine_in', NULL, NULL, NULL, NULL, NULL, 'percent', 30.00, 545.40, 'placed', 0.00, NULL, NULL, 0, NULL, NULL, NULL, NULL, NULL, NULL),
(253, NULL, 7, '19', '2025-06-07 09:51:17', 32, NULL, 4, 26, 'paid', NULL, 4279.00, 0.00, NULL, NULL, 4065.05, 4065.05, '2025-06-07 09:20:45', '2025-06-07 09:52:10', 'dine_in', NULL, NULL, NULL, NULL, NULL, 'percent', 20.00, 855.80, 'placed', 0.00, NULL, NULL, 0, NULL, NULL, NULL, NULL, NULL, NULL),
(254, NULL, 7, '20', '2025-06-07 16:30:44', 33, NULL, 2, 26, 'paid', NULL, 1775.00, 0.00, NULL, NULL, 1508.75, 1508.75, '2025-06-07 16:30:44', '2025-06-07 16:46:21', 'dine_in', NULL, NULL, NULL, NULL, NULL, 'percent', 30.00, 532.50, 'placed', 0.00, NULL, NULL, 0, NULL, NULL, NULL, NULL, NULL, NULL),
(255, NULL, 7, '21', '2025-06-08 08:51:25', 41, NULL, 1, 26, 'paid', NULL, 593.00, 0.00, NULL, NULL, 504.05, 504.05, '2025-06-08 08:51:25', '2025-06-08 08:59:49', 'dine_in', NULL, NULL, NULL, NULL, NULL, 'percent', 30.00, 177.90, 'placed', 0.00, NULL, NULL, 0, NULL, NULL, NULL, NULL, NULL, NULL),
(256, NULL, 7, '22', '2025-06-08 09:38:45', 30, NULL, 2, 26, 'paid', NULL, 1120.00, 0.00, NULL, NULL, 952.00, 952.00, '2025-06-08 09:38:45', '2025-06-08 09:53:13', 'dine_in', NULL, NULL, NULL, NULL, NULL, 'percent', 30.00, 336.00, 'placed', 0.00, NULL, NULL, 0, NULL, NULL, NULL, NULL, NULL, NULL),
(257, NULL, 7, '23', '2025-06-08 10:33:28', 30, NULL, 1, 26, 'paid', NULL, 1100.00, 0.00, NULL, NULL, 935.00, 935.00, '2025-06-08 10:00:20', '2025-06-08 10:46:33', 'dine_in', NULL, NULL, NULL, NULL, NULL, 'percent', 30.00, 330.00, 'placed', 0.00, NULL, NULL, 0, NULL, NULL, NULL, NULL, NULL, NULL),
(258, NULL, 3, '125', '2025-06-09 05:06:18', 62, NULL, 1, 4, 'billed', NULL, 65.00, 0.00, NULL, NULL, 74.75, 0.00, '2025-06-09 05:04:59', '2025-06-09 05:11:40', 'dine_in', NULL, NULL, NULL, NULL, NULL, NULL, NULL, NULL, 'placed', 0.00, NULL, NULL, 0, NULL, NULL, NULL, NULL, NULL, NULL);
INSERT INTO `orders` (`id`, `uuid`, `branch_id`, `order_number`, `date_time`, `table_id`, `customer_id`, `number_of_pax`, `waiter_id`, `status`, `placed_via`, `sub_total`, `tip_amount`, `total_tax_amount`, `tip_note`, `total`, `amount_paid`, `created_at`, `updated_at`, `order_type`, `delivery_executive_id`, `delivery_address`, `delivery_time`, `estimated_delivery_time`, `split_type`, `discount_type`, `discount_value`, `discount_amount`, `order_status`, `delivery_fee`, `customer_lat`, `customer_lng`, `is_within_radius`, `delivery_started_at`, `delivered_at`, `estimated_eta_min`, `estimated_eta_max`, `cancel_reason_id`, `cancel_reason_text`) VALUES
(259, NULL, 3, '126', '2025-06-09 05:35:51', NULL, NULL, 1, 4, 'billed', NULL, 430.00, 0.00, NULL, NULL, 494.50, 0.00, '2025-06-09 05:35:02', '2025-06-09 05:35:51', 'dine_in', NULL, NULL, NULL, NULL, NULL, NULL, NULL, NULL, 'placed', 0.00, NULL, NULL, 0, NULL, NULL, NULL, NULL, NULL, NULL),
(260, NULL, 3, '127', '2025-06-09 05:36:04', NULL, NULL, 1, 4, 'kot', NULL, 310.00, 0.00, NULL, NULL, 356.50, 0.00, '2025-06-09 05:36:04', '2025-06-09 05:36:04', 'dine_in', NULL, NULL, NULL, NULL, NULL, NULL, NULL, NULL, 'placed', 0.00, NULL, NULL, 0, NULL, NULL, NULL, NULL, NULL, NULL),
(261, NULL, 7, '24', '2025-06-09 15:43:47', 30, NULL, 1, 26, 'paid', NULL, 1348.00, 0.00, NULL, NULL, 1145.80, 1145.80, '2025-06-09 15:43:47', '2025-06-09 16:27:25', 'dine_in', NULL, NULL, NULL, NULL, NULL, 'percent', 30.00, 404.40, 'placed', 0.00, NULL, NULL, 0, NULL, NULL, NULL, NULL, NULL, NULL),
(262, NULL, 3, '128', '2025-06-11 08:42:02', 15, NULL, 1, 23, 'kot', NULL, 120.00, 0.00, NULL, NULL, 138.00, 0.00, '2025-06-11 08:42:02', '2025-06-11 08:42:02', 'dine_in', NULL, NULL, NULL, NULL, NULL, NULL, NULL, NULL, 'preparing', 0.00, NULL, NULL, 0, NULL, NULL, NULL, NULL, NULL, NULL),
(263, NULL, 3, '129', '2025-06-11 17:08:29', 2, NULL, 1, 4, 'billed', NULL, 40.00, 0.00, NULL, NULL, 42.00, 0.00, '2025-06-11 17:06:49', '2025-06-11 17:12:40', 'dine_in', NULL, NULL, NULL, NULL, NULL, NULL, NULL, NULL, 'served', 0.00, NULL, NULL, 0, NULL, NULL, NULL, NULL, NULL, NULL),
(264, NULL, 7, '25', '2025-06-12 16:51:52', 33, NULL, 1, 26, 'paid', NULL, 299.00, 0.00, NULL, NULL, 266.86, 266.86, '2025-06-12 16:51:52', '2025-06-12 17:12:32', 'dine_in', NULL, NULL, NULL, NULL, NULL, 'percent', 15.00, 44.85, 'served', 0.00, NULL, NULL, 0, NULL, NULL, NULL, NULL, NULL, NULL),
(265, NULL, 7, '26', '2025-06-12 20:37:41', 30, NULL, 8, 26, 'paid', NULL, 5385.00, 0.00, NULL, NULL, 4523.40, 4523.40, '2025-06-12 19:37:33', '2025-06-12 20:48:48', 'dine_in', NULL, NULL, NULL, NULL, NULL, 'percent', 20.00, 1077.00, 'preparing', 0.00, NULL, NULL, 0, NULL, NULL, NULL, NULL, NULL, NULL),
(266, NULL, 7, '27', '2025-06-13 19:49:47', 30, NULL, 1, 26, 'paid', NULL, 992.00, 0.00, NULL, NULL, 833.28, 833.28, '2025-06-13 19:49:47', '2025-06-13 20:18:52', 'dine_in', NULL, NULL, NULL, NULL, NULL, 'percent', 20.00, 198.40, 'preparing', 0.00, NULL, NULL, 0, NULL, NULL, NULL, NULL, NULL, NULL),
(267, NULL, 7, '28', '2025-06-15 20:31:02', 30, NULL, 1, 26, 'paid', NULL, 799.00, 0.00, NULL, NULL, 671.16, 671.16, '2025-06-15 20:01:29', '2025-06-15 20:40:23', 'dine_in', NULL, NULL, NULL, NULL, NULL, 'percent', 20.00, 159.80, 'preparing', 0.00, NULL, NULL, 0, NULL, NULL, NULL, NULL, NULL, NULL),
(268, NULL, 7, '29', '2025-06-15 21:23:05', 31, NULL, 5, 26, 'paid', NULL, 3169.00, 0.00, NULL, NULL, 2661.96, 2661.96, '2025-06-15 21:23:05', '2025-06-15 21:30:47', 'dine_in', NULL, NULL, NULL, NULL, NULL, 'percent', 20.00, 633.80, 'preparing', 0.00, NULL, NULL, 0, NULL, NULL, NULL, NULL, NULL, NULL),
(269, NULL, 7, '30', '2025-06-15 22:45:31', 32, NULL, 4, 26, 'paid', NULL, 3253.00, 0.00, NULL, NULL, 2732.52, 2732.52, '2025-06-15 21:35:38', '2025-06-15 23:48:00', 'dine_in', NULL, NULL, NULL, NULL, NULL, 'percent', 20.00, 650.60, 'preparing', 0.00, NULL, NULL, 0, NULL, NULL, NULL, NULL, NULL, NULL),
(270, NULL, 7, '31', '2025-06-18 22:08:25', 30, NULL, 1, 31, 'paid', NULL, 900.00, 0.00, NULL, NULL, 756.00, 756.00, '2025-06-18 21:45:15', '2025-06-18 22:17:14', 'dine_in', NULL, NULL, NULL, NULL, NULL, 'percent', 20.00, 180.00, 'preparing', 0.00, NULL, NULL, 0, NULL, NULL, NULL, NULL, NULL, NULL),
(271, NULL, 7, '32', '2025-06-20 12:24:16', 30, NULL, 1, 31, 'paid', NULL, 850.00, 0.00, NULL, NULL, 714.00, 714.00, '2025-06-20 12:03:09', '2025-06-20 12:34:02', 'dine_in', NULL, NULL, NULL, NULL, NULL, 'percent', 20.00, 170.00, 'preparing', 0.00, NULL, NULL, 0, NULL, NULL, NULL, NULL, NULL, NULL),
(272, NULL, 7, '33', '2025-06-20 13:26:40', 31, NULL, 2, 31, 'paid', NULL, 825.00, 0.00, NULL, NULL, 693.00, 693.00, '2025-06-20 12:54:12', '2025-06-20 14:09:43', 'dine_in', NULL, NULL, NULL, NULL, NULL, 'percent', 20.00, 165.00, 'preparing', 0.00, NULL, NULL, 0, NULL, NULL, NULL, NULL, NULL, NULL),
(273, NULL, 7, '34', '2025-06-21 14:44:48', 30, NULL, 8, 31, 'paid', NULL, 9506.00, 0.00, NULL, NULL, 7985.04, 7985.04, '2025-06-21 12:54:42', '2025-06-21 14:52:09', 'dine_in', NULL, NULL, NULL, NULL, NULL, 'percent', 20.00, 1901.20, 'preparing', 0.00, NULL, NULL, 0, NULL, NULL, NULL, NULL, NULL, NULL),
(274, NULL, 7, '35', '2025-06-21 21:44:25', 30, NULL, 1, 26, 'paid', NULL, 824.00, 0.00, NULL, NULL, 692.16, 692.16, '2025-06-21 21:44:25', '2025-06-21 22:01:23', 'dine_in', NULL, NULL, NULL, NULL, NULL, 'percent', 20.00, 164.80, 'preparing', 0.00, NULL, NULL, 0, NULL, NULL, NULL, NULL, NULL, NULL),
(275, NULL, 7, '36', '2025-06-22 12:21:10', 38, NULL, 4, 31, 'paid', NULL, 880.00, 0.00, NULL, NULL, 924.00, 924.00, '2025-06-22 12:21:10', '2025-06-22 13:44:29', 'dine_in', NULL, NULL, NULL, NULL, NULL, NULL, NULL, NULL, 'preparing', 0.00, NULL, NULL, 0, NULL, NULL, NULL, NULL, NULL, NULL),
(277, NULL, 7, '37', '2025-06-26 19:39:04', 30, NULL, 1, 26, 'paid', NULL, 3414.00, 0.00, NULL, NULL, 2867.76, 2867.76, '2025-06-26 19:10:42', '2025-06-26 19:48:47', 'dine_in', NULL, NULL, NULL, NULL, NULL, 'percent', 20.00, 682.80, 'preparing', 0.00, NULL, NULL, 0, NULL, NULL, NULL, NULL, NULL, NULL),
(278, NULL, 7, '38', '2025-06-27 13:20:56', 30, NULL, 1, 26, 'paid', NULL, 150.00, 0.00, NULL, NULL, 126.00, 126.00, '2025-06-27 13:19:46', '2025-06-27 13:59:48', 'dine_in', NULL, NULL, NULL, NULL, NULL, 'percent', 20.00, 30.00, 'preparing', 0.00, NULL, NULL, 0, NULL, NULL, NULL, NULL, NULL, NULL),
(279, NULL, 7, '39', '2025-06-27 21:29:09', 30, NULL, 3, 26, 'paid', NULL, 1150.00, 0.00, NULL, NULL, 1026.38, 1026.38, '2025-06-27 21:29:09', '2025-06-27 21:50:39', 'dine_in', NULL, NULL, NULL, NULL, NULL, 'percent', 15.00, 172.50, 'preparing', 0.00, NULL, NULL, 0, NULL, NULL, NULL, NULL, NULL, NULL),
(280, NULL, 7, '40', '2025-06-28 21:59:19', 30, NULL, 1, 26, 'paid', NULL, 2370.00, 0.00, NULL, NULL, 1990.80, 1990.80, '2025-06-28 21:03:43', '2025-06-28 22:10:11', 'dine_in', NULL, NULL, NULL, NULL, NULL, 'percent', 20.00, 474.00, 'preparing', 0.00, NULL, NULL, 0, NULL, NULL, NULL, NULL, NULL, NULL),
(281, NULL, 7, '41', '2025-06-28 22:01:15', 31, NULL, 1, 26, 'paid', NULL, 784.00, 0.00, NULL, NULL, 658.56, 658.56, '2025-06-28 22:01:15', '2025-06-28 22:09:45', 'dine_in', NULL, NULL, NULL, NULL, NULL, 'percent', 20.00, 156.80, 'preparing', 0.00, NULL, NULL, 0, NULL, NULL, NULL, NULL, NULL, NULL),
(282, NULL, 7, '42', '2025-06-29 15:50:35', 30, NULL, 10, 26, 'paid', NULL, 7277.00, 0.00, NULL, NULL, 6112.68, 6112.68, '2025-06-29 15:48:24', '2025-06-29 15:56:52', 'dine_in', NULL, NULL, NULL, NULL, NULL, 'percent', 20.00, 1455.40, 'preparing', 0.00, NULL, NULL, 0, NULL, NULL, NULL, NULL, NULL, NULL),
(283, NULL, 7, '43', '2025-07-01 14:17:27', 30, NULL, 2, 31, 'paid', NULL, 818.00, 0.00, NULL, NULL, 687.12, 687.12, '2025-07-01 13:53:13', '2025-07-01 14:21:57', 'dine_in', NULL, NULL, NULL, NULL, NULL, 'percent', 20.00, 163.60, 'preparing', 0.00, NULL, NULL, 0, NULL, NULL, NULL, NULL, NULL, NULL),
(284, NULL, 7, '44', '2025-07-03 17:17:51', NULL, NULL, 1, 26, 'paid', NULL, 22500.00, 0.00, NULL, NULL, 18900.00, 18900.00, '2025-07-03 17:17:51', '2025-07-03 17:39:40', 'dine_in', NULL, NULL, NULL, NULL, NULL, 'percent', 20.00, 4500.00, 'preparing', 0.00, NULL, NULL, 0, NULL, NULL, NULL, NULL, NULL, NULL),
(285, NULL, 7, '45', '2025-07-03 18:10:06', 30, NULL, 3, 26, 'paid', NULL, 2349.00, 0.00, NULL, NULL, 1973.16, 1973.16, '2025-07-03 18:02:01', '2025-07-03 18:15:36', 'dine_in', NULL, NULL, NULL, NULL, NULL, 'percent', 20.00, 469.80, 'preparing', 0.00, NULL, NULL, 0, NULL, NULL, NULL, NULL, NULL, NULL),
(286, NULL, 7, '46', '2025-07-03 18:18:41', 38, NULL, 1, 26, 'paid', NULL, 24000.00, 0.00, NULL, NULL, 20160.00, 20160.00, '2025-07-03 18:18:12', '2025-07-03 18:21:00', 'dine_in', NULL, NULL, NULL, NULL, NULL, 'percent', 20.00, 4800.00, 'preparing', 0.00, NULL, NULL, 0, NULL, NULL, NULL, NULL, NULL, NULL),
(287, NULL, 7, '47', '2025-07-04 18:00:04', 30, NULL, 2, 31, 'paid', NULL, 830.00, 0.00, NULL, NULL, 697.20, 697.20, '2025-07-04 17:36:02', '2025-07-04 22:15:50', 'dine_in', NULL, NULL, NULL, NULL, NULL, 'percent', 20.00, 166.00, 'preparing', 0.00, NULL, NULL, 0, NULL, NULL, NULL, NULL, NULL, NULL),
(288, NULL, 7, '48', '2025-07-04 19:45:28', 38, NULL, 6, 31, 'paid', NULL, 3128.00, 0.00, NULL, NULL, 2627.52, 2627.52, '2025-07-04 18:59:25', '2025-07-04 22:16:28', 'dine_in', NULL, NULL, NULL, NULL, NULL, 'percent', 20.00, 625.60, 'preparing', 0.00, NULL, NULL, 0, NULL, NULL, NULL, NULL, NULL, NULL),
(289, NULL, 7, '49', '2025-07-04 22:00:44', 31, NULL, 10, 31, 'paid', NULL, 7911.00, 0.00, NULL, NULL, 6645.24, 6645.24, '2025-07-04 21:05:01', '2025-07-04 22:17:07', 'dine_in', NULL, NULL, NULL, NULL, NULL, 'percent', 20.00, 1582.20, 'preparing', 0.00, NULL, NULL, 0, NULL, NULL, NULL, NULL, NULL, NULL),
(290, NULL, 7, '50', '2025-07-04 21:45:00', 32, NULL, 9, 31, 'paid', NULL, 5160.00, 0.00, NULL, NULL, 4334.40, 4334.40, '2025-07-04 21:09:57', '2025-07-04 22:17:47', 'dine_in', NULL, NULL, NULL, NULL, NULL, 'percent', 20.00, 1032.00, 'preparing', 0.00, NULL, NULL, 0, NULL, NULL, NULL, NULL, NULL, NULL),
(291, NULL, 7, '51', '2025-07-06 22:15:35', 30, NULL, 1, 26, 'paid', NULL, 27304.00, 0.00, NULL, NULL, 22935.36, 22935.36, '2025-07-06 20:23:45', '2025-07-06 23:02:32', 'dine_in', NULL, NULL, NULL, NULL, NULL, 'percent', 20.00, 5460.80, 'preparing', 0.00, NULL, NULL, 0, NULL, NULL, NULL, NULL, NULL, NULL),
(292, NULL, 7, '52', '2025-07-06 21:35:21', 31, NULL, 4, 26, 'paid', NULL, 1533.00, 0.00, NULL, NULL, 1368.20, 1368.20, '2025-07-06 21:13:46', '2025-07-06 21:41:03', 'dine_in', NULL, NULL, NULL, NULL, NULL, 'percent', 15.00, 229.95, 'preparing', 0.00, NULL, NULL, 0, NULL, NULL, NULL, NULL, NULL, NULL),
(293, NULL, 7, '53', '2025-07-06 23:39:46', 38, NULL, 18, 26, 'canceled', NULL, 16096.00, 0.00, NULL, NULL, 16900.80, 0.00, '2025-07-06 23:08:25', '2025-07-06 23:45:31', 'dine_in', NULL, NULL, NULL, NULL, NULL, 'percent', 20.00, 3458.60, 'preparing', 0.00, NULL, NULL, 0, NULL, NULL, NULL, NULL, NULL, NULL),
(294, NULL, 7, '54', '2025-07-06 23:54:16', 38, NULL, 1, 26, 'paid', NULL, 15595.00, 0.00, NULL, NULL, 13099.80, 13099.80, '2025-07-06 23:54:16', '2025-07-06 23:57:35', 'dine_in', NULL, NULL, NULL, NULL, NULL, 'percent', 20.00, 3119.00, 'preparing', 0.00, NULL, NULL, 0, NULL, NULL, NULL, NULL, NULL, NULL),
(295, NULL, 3, '130', '2025-07-07 15:36:13', NULL, NULL, 1, 4, 'canceled', NULL, 220.00, 0.00, NULL, NULL, 253.00, 253.00, '2025-07-07 15:36:13', '2025-07-07 15:37:01', 'dine_in', NULL, NULL, NULL, NULL, NULL, NULL, NULL, NULL, 'preparing', 0.00, NULL, NULL, 0, NULL, NULL, NULL, NULL, NULL, NULL),
(296, NULL, 7, '55', '2025-07-08 13:42:29', 30, NULL, 2, 31, 'paid', NULL, 914.00, 0.00, NULL, NULL, 767.76, 767.76, '2025-07-08 13:22:28', '2025-07-08 15:14:21', 'dine_in', NULL, NULL, NULL, NULL, NULL, 'percent', 20.00, 182.80, 'preparing', 0.00, NULL, NULL, 0, NULL, NULL, NULL, NULL, NULL, NULL),
(297, NULL, 3, '131', '2025-07-08 18:03:20', NULL, NULL, 1, 4, 'canceled', NULL, 25.00, 0.00, NULL, NULL, 28.75, 28.75, '2025-07-08 18:03:20', '2025-07-08 18:04:22', 'dine_in', NULL, NULL, NULL, NULL, NULL, NULL, NULL, NULL, 'preparing', 0.00, NULL, NULL, 0, NULL, NULL, NULL, NULL, NULL, NULL),
(298, NULL, 7, '56', '2025-07-11 13:35:15', 30, NULL, 1, 26, 'paid', NULL, 199.00, 0.00, NULL, NULL, 167.16, 167.16, '2025-07-11 13:35:15', '2025-07-11 13:39:25', 'dine_in', NULL, NULL, NULL, NULL, NULL, 'percent', 20.00, 39.80, 'preparing', 0.00, NULL, NULL, 0, NULL, NULL, NULL, NULL, NULL, NULL),
(299, NULL, 7, '57', '2025-07-13 21:51:18', 30, NULL, 1, 31, 'paid', NULL, 3376.00, 0.00, NULL, NULL, 2835.84, 2835.84, '2025-07-13 19:54:47', '2025-07-13 22:06:12', 'dine_in', NULL, NULL, NULL, NULL, NULL, 'percent', 20.00, 675.20, 'preparing', 0.00, NULL, NULL, 0, NULL, NULL, NULL, NULL, NULL, NULL),
(300, NULL, 7, '58', '2025-07-15 13:33:59', 30, NULL, 3, 27, 'paid', NULL, 1612.00, 0.00, NULL, NULL, 1671.60, 1671.60, '2025-07-15 13:32:50', '2025-07-15 19:18:27', 'dine_in', NULL, NULL, NULL, NULL, NULL, 'fixed', 20.00, 20.00, 'served', 0.00, NULL, NULL, 0, NULL, NULL, NULL, NULL, NULL, NULL),
(301, NULL, 7, '59', '2025-07-16 13:31:34', 30, NULL, 1, 26, 'paid', NULL, 1596.00, 0.00, NULL, NULL, 1340.64, 1340.64, '2025-07-16 13:19:00', '2025-07-16 13:37:47', 'dine_in', NULL, NULL, NULL, NULL, NULL, 'percent', 20.00, 319.20, 'preparing', 0.00, NULL, NULL, 0, NULL, NULL, NULL, NULL, NULL, NULL),
(302, NULL, 7, '60', '2025-07-16 14:43:24', 30, NULL, 1, 26, 'paid', NULL, 6400.00, 0.00, NULL, NULL, 6720.00, 6720.00, '2025-07-16 14:43:24', '2025-07-16 14:58:13', 'dine_in', NULL, NULL, NULL, NULL, NULL, NULL, NULL, NULL, 'preparing', 0.00, NULL, NULL, 0, NULL, NULL, NULL, NULL, NULL, NULL),
(303, NULL, 7, '61', '2025-07-16 15:18:24', 31, NULL, 1, 26, 'paid', NULL, 1492.00, 0.00, NULL, NULL, 1566.60, 1566.60, '2025-07-16 14:53:34', '2025-07-16 15:22:34', 'dine_in', NULL, NULL, NULL, NULL, NULL, NULL, NULL, NULL, 'preparing', 0.00, NULL, NULL, 0, NULL, NULL, NULL, NULL, NULL, NULL),
(304, NULL, 7, '62', '2025-07-16 21:48:25', 38, NULL, 1, 26, 'paid', NULL, 6958.00, 0.00, NULL, NULL, 8001.70, 8001.70, '2025-07-16 21:48:25', '2025-07-16 21:52:46', 'dine_in', NULL, NULL, NULL, NULL, NULL, NULL, NULL, NULL, 'preparing', 0.00, NULL, NULL, 0, NULL, NULL, NULL, NULL, NULL, NULL),
(305, NULL, 7, '63', '2025-07-17 23:21:07', 38, NULL, 1, 26, 'paid', NULL, 7064.00, 0.00, NULL, NULL, 8123.60, 8123.60, '2025-07-17 23:21:07', '2025-07-18 07:44:45', 'dine_in', NULL, NULL, NULL, NULL, NULL, NULL, NULL, NULL, 'preparing', 0.00, NULL, NULL, 0, NULL, NULL, NULL, NULL, NULL, NULL),
(306, NULL, 7, '64', '2025-07-18 18:05:33', 38, NULL, 4, 26, 'paid', NULL, 500.00, 0.00, NULL, NULL, 472.50, 472.50, '2025-07-18 18:05:33', '2025-07-18 18:10:41', 'dine_in', NULL, NULL, NULL, NULL, NULL, 'percent', 10.00, 50.00, 'preparing', 0.00, NULL, NULL, 0, NULL, NULL, NULL, NULL, NULL, NULL),
(307, NULL, 7, '65', '2025-07-18 21:46:08', 38, NULL, 1, 26, 'paid', NULL, 6924.00, 0.00, NULL, NULL, 7962.60, 7962.60, '2025-07-18 21:27:58', '2025-07-18 21:50:05', 'dine_in', NULL, NULL, NULL, NULL, NULL, NULL, NULL, NULL, 'preparing', 0.00, NULL, NULL, 0, NULL, NULL, NULL, NULL, NULL, NULL),
(308, NULL, 7, '66', '2025-07-19 16:45:02', NULL, NULL, 10, 31, 'paid', NULL, 7732.00, 0.00, NULL, NULL, 6494.88, 6494.88, '2025-07-19 15:15:36', '2025-07-19 17:01:15', 'dine_in', NULL, NULL, NULL, NULL, NULL, 'percent', 20.00, 1546.40, 'preparing', 0.00, NULL, NULL, 0, NULL, NULL, NULL, NULL, NULL, NULL),
(309, NULL, 7, '67', '2025-07-19 22:24:17', 44, NULL, 1, 26, 'paid', NULL, 6966.00, 0.00, NULL, NULL, 8010.90, 8010.90, '2025-07-19 22:13:32', '2025-07-19 22:24:46', 'dine_in', NULL, NULL, NULL, NULL, NULL, NULL, NULL, NULL, 'preparing', 0.00, NULL, NULL, 0, NULL, NULL, NULL, NULL, NULL, NULL),
(310, NULL, 7, '68', '2025-07-20 22:00:19', 30, NULL, 8, 31, 'paid', NULL, 5104.00, 0.00, NULL, NULL, 4287.36, 4287.36, '2025-07-20 20:43:39', '2025-07-20 22:08:21', 'dine_in', NULL, NULL, NULL, NULL, NULL, 'percent', 20.00, 1020.80, 'preparing', 0.00, NULL, NULL, 0, NULL, NULL, NULL, NULL, NULL, NULL),
(311, NULL, 7, '69', '2025-07-20 21:21:38', 31, NULL, 3, 31, 'paid', NULL, 1274.00, 0.00, NULL, NULL, 1070.16, 1070.16, '2025-07-20 21:08:55', '2025-07-20 21:26:26', 'dine_in', NULL, NULL, NULL, NULL, NULL, 'percent', 20.00, 254.80, 'preparing', 0.00, NULL, NULL, 0, NULL, NULL, NULL, NULL, NULL, NULL),
(312, NULL, 7, '70', '2025-07-20 22:34:14', 38, NULL, 33, 26, 'paid', NULL, 15843.00, 0.00, NULL, NULL, 18219.45, 18219.45, '2025-07-20 22:15:20', '2025-07-20 22:42:40', 'dine_in', NULL, NULL, NULL, NULL, NULL, NULL, NULL, NULL, 'preparing', 0.00, NULL, NULL, 0, NULL, NULL, NULL, NULL, NULL, NULL),
(313, NULL, 7, '71', '2025-07-22 15:53:50', 38, NULL, 1, 26, 'paid', NULL, 874.00, 0.00, NULL, NULL, 734.16, 734.16, '2025-07-22 15:53:50', '2025-07-22 15:57:31', 'dine_in', NULL, NULL, NULL, NULL, NULL, 'percent', 20.00, 174.80, 'preparing', 0.00, NULL, NULL, 0, NULL, NULL, NULL, NULL, NULL, NULL),
(314, NULL, 7, '72', '2025-07-22 17:03:16', 30, NULL, 2, 26, 'paid', NULL, 748.00, 0.00, NULL, NULL, 860.20, 860.00, '2025-07-22 16:58:20', '2025-07-22 17:04:31', 'dine_in', NULL, NULL, NULL, NULL, NULL, NULL, NULL, NULL, 'preparing', 0.00, NULL, NULL, 0, NULL, NULL, NULL, NULL, NULL, NULL),
(315, NULL, 7, '73', '2025-07-24 21:38:54', 38, NULL, 21, 31, 'paid', NULL, 6717.00, 0.00, NULL, NULL, 7724.55, 7724.55, '2025-07-24 21:38:37', '2025-07-24 21:40:47', 'dine_in', NULL, NULL, NULL, NULL, NULL, NULL, NULL, NULL, 'preparing', 0.00, NULL, NULL, 0, NULL, NULL, NULL, NULL, NULL, NULL),
(316, NULL, 7, '74', '2025-07-25 14:05:07', 39, NULL, 1, 27, 'paid', NULL, 625.00, 0.00, NULL, NULL, 656.25, 656.25, '2025-07-25 14:04:15', '2025-07-25 14:08:14', 'dine_in', NULL, NULL, NULL, NULL, NULL, NULL, NULL, NULL, 'preparing', 0.00, NULL, NULL, 0, NULL, NULL, NULL, NULL, NULL, NULL),
(317, NULL, 7, '75', '2025-07-25 22:31:07', 30, NULL, 15, 26, 'paid', NULL, 11292.00, 0.00, NULL, NULL, 9485.28, 9485.28, '2025-07-25 22:31:07', '2025-07-25 22:36:34', 'dine_in', NULL, NULL, NULL, NULL, NULL, 'percent', 20.00, 2258.40, 'preparing', 0.00, NULL, NULL, 0, NULL, NULL, NULL, NULL, NULL, NULL),
(318, NULL, 7, '76', '2025-07-26 23:36:57', 38, NULL, 1, 31, 'paid', NULL, 6929.00, 0.00, NULL, NULL, 7968.35, 7968.35, '2025-07-26 23:11:18', '2025-07-26 23:38:01', 'dine_in', NULL, NULL, NULL, NULL, NULL, NULL, NULL, NULL, 'preparing', 0.00, NULL, NULL, 0, NULL, NULL, NULL, NULL, NULL, NULL),
(319, NULL, 7, '77', '2025-07-27 17:56:11', 38, NULL, 12, 31, 'paid', NULL, 4722.00, 0.00, NULL, NULL, 4958.10, 4958.10, '2025-07-27 16:25:37', '2025-07-27 18:04:11', 'dine_in', NULL, NULL, NULL, NULL, NULL, NULL, NULL, NULL, 'preparing', 0.00, NULL, NULL, 0, NULL, NULL, NULL, NULL, NULL, NULL),
(320, NULL, 7, '78', '2025-07-27 22:43:34', 38, NULL, 22, 26, 'paid', NULL, 6890.00, 0.00, NULL, NULL, 7923.50, 7923.50, '2025-07-27 22:43:34', '2025-07-27 22:44:56', 'dine_in', NULL, NULL, NULL, NULL, NULL, NULL, NULL, NULL, 'preparing', 0.00, NULL, NULL, 0, NULL, NULL, NULL, NULL, NULL, NULL),
(321, NULL, 7, '79', '2025-07-29 14:37:59', 30, NULL, 1, 27, 'paid', NULL, 575.00, 0.00, NULL, NULL, 483.00, 966.00, '2025-07-29 14:31:09', '2025-07-29 14:41:52', 'dine_in', NULL, NULL, NULL, NULL, NULL, 'percent', 20.00, 115.00, 'preparing', 0.00, NULL, NULL, 0, NULL, NULL, NULL, NULL, NULL, NULL),
(322, NULL, 7, '80', '2025-07-29 16:49:05', 38, NULL, 1, 26, 'paid', NULL, 94800.00, 0.00, NULL, NULL, 99540.00, 99540.00, '2025-07-29 16:49:05', '2025-07-29 16:56:59', 'dine_in', NULL, NULL, NULL, NULL, NULL, NULL, NULL, NULL, 'preparing', 0.00, NULL, NULL, 0, NULL, NULL, NULL, NULL, NULL, NULL),
(323, NULL, 7, '81', '2025-07-30 16:52:09', 30, NULL, 10, 31, 'paid', NULL, 5904.00, 0.00, NULL, NULL, 4959.36, 4959.36, '2025-07-30 15:25:06', '2025-07-30 17:10:37', 'dine_in', NULL, NULL, NULL, NULL, NULL, 'percent', 20.00, 1180.80, 'preparing', 0.00, NULL, NULL, 0, NULL, NULL, NULL, NULL, NULL, NULL),
(324, NULL, 7, '82', '2025-07-30 22:33:38', 30, NULL, 4, 31, 'paid', NULL, 2820.00, 0.00, NULL, NULL, 2368.80, 2368.80, '2025-07-30 21:34:00', '2025-07-30 22:40:35', 'dine_in', NULL, NULL, NULL, NULL, NULL, 'percent', 20.00, 564.00, 'preparing', 0.00, NULL, NULL, 0, NULL, NULL, NULL, NULL, NULL, NULL),
(325, NULL, 7, '83', '2025-08-02 18:52:04', 30, NULL, 1, 26, 'paid', NULL, 1298.00, 0.00, NULL, NULL, 1226.61, 1226.61, '2025-08-02 18:27:01', '2025-08-02 18:54:49', 'dine_in', NULL, NULL, NULL, NULL, NULL, 'percent', 10.00, 129.80, 'preparing', 0.00, NULL, NULL, 0, NULL, NULL, NULL, NULL, NULL, NULL),
(326, NULL, 7, '84', '2025-08-03 15:31:58', 38, NULL, 4, 31, 'paid', NULL, 1373.00, 0.00, NULL, NULL, 1225.40, 1225.40, '2025-08-03 15:24:36', '2025-08-03 15:35:37', 'dine_in', NULL, NULL, NULL, NULL, NULL, 'percent', 15.00, 205.95, 'preparing', 0.00, NULL, NULL, 0, NULL, NULL, NULL, NULL, NULL, NULL),
(327, NULL, 7, '85', '2025-08-03 16:15:32', 38, NULL, 1, 26, 'paid', NULL, 1746.00, 0.00, NULL, NULL, 1466.64, 1466.64, '2025-08-03 15:39:45', '2025-08-03 16:20:38', 'dine_in', NULL, NULL, NULL, NULL, NULL, 'percent', 20.00, 349.20, 'preparing', 0.00, NULL, NULL, 0, NULL, NULL, NULL, NULL, NULL, NULL),
(328, NULL, 3, '132', '2025-08-04 21:05:51', NULL, NULL, 1, 4, 'kot', NULL, 25.00, 0.00, NULL, NULL, 28.75, 0.00, '2025-08-04 21:05:51', '2025-08-04 21:05:51', 'dine_in', NULL, NULL, NULL, NULL, NULL, NULL, NULL, NULL, 'preparing', 0.00, NULL, NULL, 0, NULL, NULL, NULL, NULL, NULL, NULL),
(329, NULL, 7, '86', '2025-08-05 13:59:31', 30, NULL, 2, 31, 'paid', NULL, 1272.00, 0.00, NULL, NULL, 1202.04, 1202.04, '2025-08-05 13:54:32', '2025-08-05 14:05:32', 'dine_in', NULL, NULL, NULL, NULL, NULL, 'percent', 10.00, 127.20, 'preparing', 0.00, NULL, NULL, 0, NULL, NULL, NULL, NULL, NULL, NULL),
(330, NULL, 7, '87', '2025-08-05 19:33:19', 38, NULL, 1, 26, 'paid', NULL, 71400.00, 0.00, NULL, NULL, 59976.00, 59976.00, '2025-08-05 19:33:19', '2025-08-05 19:33:51', 'dine_in', NULL, NULL, NULL, NULL, NULL, 'percent', 20.00, 14280.00, 'preparing', 0.00, NULL, NULL, 0, NULL, NULL, NULL, NULL, NULL, NULL),
(331, NULL, 7, '88', '2025-08-06 15:17:49', 30, NULL, 1, 26, 'paid', NULL, 724.00, 0.00, NULL, NULL, 608.16, 608.16, '2025-08-06 15:14:20', '2025-08-06 15:27:46', 'dine_in', NULL, NULL, NULL, NULL, NULL, 'percent', 20.00, 144.80, 'preparing', 0.00, NULL, NULL, 0, NULL, NULL, NULL, NULL, NULL, NULL),
(332, NULL, 7, '89', '2025-08-06 18:20:02', 38, NULL, 1, 31, 'paid', NULL, 875.00, 0.00, NULL, NULL, 918.75, 918.75, '2025-08-06 18:19:45', '2025-08-06 18:21:54', 'dine_in', NULL, NULL, NULL, NULL, NULL, NULL, NULL, NULL, 'preparing', 0.00, NULL, NULL, 0, NULL, NULL, NULL, NULL, NULL, NULL),
(333, NULL, 7, '90', '2025-08-07 20:22:52', 38, NULL, 1, 31, 'paid', NULL, 150.00, 0.00, NULL, NULL, 157.50, 157.50, '2025-08-07 20:17:02', '2025-08-07 20:23:52', 'dine_in', NULL, NULL, NULL, NULL, NULL, NULL, NULL, NULL, 'preparing', 0.00, NULL, NULL, 0, NULL, NULL, NULL, NULL, NULL, NULL),
(334, NULL, 7, '91', '2025-08-08 22:19:30', 38, NULL, 2, 31, 'paid', NULL, 1450.00, 0.00, NULL, NULL, 1218.00, 1218.00, '2025-08-08 21:42:22', '2025-08-08 22:28:55', 'dine_in', NULL, NULL, NULL, NULL, NULL, 'percent', 20.00, 290.00, 'preparing', 0.00, NULL, NULL, 0, NULL, NULL, NULL, NULL, NULL, NULL),
(335, NULL, 7, '92', '2025-08-10 14:14:14', 38, NULL, 1, 26, 'paid', NULL, 37000.00, 0.00, NULL, NULL, 31468.50, 31468.50, '2025-08-10 14:14:14', '2025-08-10 14:18:34', 'dine_in', NULL, NULL, NULL, NULL, NULL, 'percent', 19.00, 7030.00, 'preparing', 0.00, NULL, NULL, 0, NULL, NULL, NULL, NULL, NULL, NULL),
(336, NULL, 7, '93', '2025-08-10 16:17:01', 30, NULL, 1, 26, 'paid', NULL, 1698.00, 0.00, NULL, NULL, 1426.32, 1426.32, '2025-08-10 16:09:55', '2025-08-10 16:23:02', 'dine_in', NULL, NULL, NULL, NULL, NULL, 'percent', 20.00, 339.60, 'preparing', 0.00, NULL, NULL, 0, NULL, NULL, NULL, NULL, NULL, NULL);

-- --------------------------------------------------------

--
-- Table structure for table `order_charges`
--

CREATE TABLE `order_charges` (
  `id` bigint(20) UNSIGNED NOT NULL,
  `order_id` bigint(20) UNSIGNED NOT NULL,
  `charge_id` bigint(20) UNSIGNED NOT NULL
) ENGINE=InnoDB DEFAULT CHARSET=utf8mb4 COLLATE=utf8mb4_unicode_ci;

--
-- Dumping data for table `order_charges`
--

INSERT INTO `order_charges` (`id`, `order_id`, `charge_id`) VALUES
(1, 262, 2),
(22, 295, 2),
(24, 297, 2),
(28, 304, 1),
(29, 305, 1),
(30, 307, 1),
(32, 309, 1),
(35, 312, 1),
(36, 314, 1),
(37, 315, 1),
(38, 318, 1),
(40, 320, 1),
(47, 328, 2);

-- --------------------------------------------------------

--
-- Table structure for table `order_histories`
--

CREATE TABLE `order_histories` (
  `id` bigint(20) UNSIGNED NOT NULL,
  `order_id` bigint(20) UNSIGNED NOT NULL,
  `status` varchar(191) NOT NULL,
  `created_at` timestamp NULL DEFAULT NULL,
  `updated_at` timestamp NULL DEFAULT NULL
) ENGINE=InnoDB DEFAULT CHARSET=utf8mb4 COLLATE=utf8mb4_unicode_ci;

-- --------------------------------------------------------

--
-- Table structure for table `order_items`
--

CREATE TABLE `order_items` (
  `id` bigint(20) UNSIGNED NOT NULL,
  `branch_id` bigint(20) UNSIGNED DEFAULT NULL,
  `order_id` bigint(20) UNSIGNED NOT NULL,
  `transaction_id` varchar(191) DEFAULT NULL,
  `menu_item_id` bigint(20) UNSIGNED NOT NULL,
  `menu_item_variation_id` bigint(20) UNSIGNED DEFAULT NULL,
  `note` text DEFAULT NULL,
  `quantity` int(11) NOT NULL,
  `price` decimal(16,2) NOT NULL,
  `amount` decimal(16,2) NOT NULL,
  `tax_amount` decimal(15,2) DEFAULT NULL,
  `tax_percentage` decimal(8,4) DEFAULT NULL,
  `tax_breakup` longtext CHARACTER SET utf8mb4 COLLATE utf8mb4_bin DEFAULT NULL CHECK (json_valid(`tax_breakup`)),
  `created_at` timestamp NULL DEFAULT NULL,
  `updated_at` timestamp NULL DEFAULT NULL
) ENGINE=InnoDB DEFAULT CHARSET=utf8mb4 COLLATE=utf8mb4_unicode_ci;

--
-- Dumping data for table `order_items`
--

INSERT INTO `order_items` (`id`, `branch_id`, `order_id`, `transaction_id`, `menu_item_id`, `menu_item_variation_id`, `note`, `quantity`, `price`, `amount`, `tax_amount`, `tax_percentage`, `tax_breakup`, `created_at`, `updated_at`) VALUES
(1, 3, 1, NULL, 16, NULL, NULL, 1, 50.00, 50.00, NULL, NULL, NULL, '2025-01-12 16:17:57', '2025-01-12 16:17:57'),
(2, 3, 1, NULL, 10, NULL, NULL, 1, 300.00, 300.00, NULL, NULL, NULL, '2025-01-12 16:17:57', '2025-01-12 16:17:57'),
(3, 3, 2, NULL, 14, NULL, NULL, 1, 150.00, 150.00, NULL, NULL, NULL, '2025-01-12 16:20:12', '2025-01-12 16:20:12'),
(4, 3, 2, NULL, 7, NULL, NULL, 2, 90.00, 180.00, NULL, NULL, NULL, '2025-01-12 16:20:12', '2025-01-12 16:20:12'),
(5, 3, 2, NULL, 6, NULL, NULL, 2, 120.00, 240.00, NULL, NULL, NULL, '2025-01-12 16:20:12', '2025-01-12 16:20:12'),
(6, 3, 3, NULL, 1, NULL, NULL, 1, 320.00, 320.00, NULL, NULL, NULL, '2025-01-13 18:02:11', '2025-01-13 18:02:11'),
(8, 3, 3, NULL, 3, NULL, NULL, 2, 180.00, 360.00, NULL, NULL, NULL, '2025-01-13 18:02:11', '2025-01-13 18:02:11'),
(9, 3, 3, NULL, 10, NULL, NULL, 1, 300.00, 300.00, NULL, NULL, NULL, '2025-01-13 18:02:11', '2025-01-13 18:02:11'),
(10, 3, 3, NULL, 5, NULL, NULL, 3, 40.00, 120.00, NULL, NULL, NULL, '2025-01-13 18:02:11', '2025-01-13 18:02:11'),
(11, 3, 3, NULL, 16, NULL, NULL, 1, 50.00, 50.00, NULL, NULL, NULL, '2025-01-13 18:02:11', '2025-01-13 18:02:11'),
(12, 3, 4, NULL, 5, NULL, NULL, 1, 40.00, 40.00, NULL, NULL, NULL, '2025-01-13 18:21:16', '2025-01-13 18:21:16'),
(13, 3, 4, NULL, 4, NULL, NULL, 1, 25.00, 25.00, NULL, NULL, NULL, '2025-01-13 18:21:16', '2025-01-13 18:21:16'),
(14, 3, 4, NULL, 10, NULL, NULL, 1, 300.00, 300.00, NULL, NULL, NULL, '2025-01-13 18:21:16', '2025-01-13 18:21:16'),
(18, 3, 7, NULL, 1, NULL, NULL, 1, 320.00, 320.00, NULL, NULL, NULL, '2025-01-13 18:31:01', '2025-01-13 18:31:01'),
(19, 3, 7, NULL, 2, NULL, NULL, 1, 250.00, 250.00, NULL, NULL, NULL, '2025-01-13 18:31:01', '2025-01-13 18:31:01'),
(20, 3, 7, NULL, 3, NULL, NULL, 1, 180.00, 180.00, NULL, NULL, NULL, '2025-01-13 18:31:01', '2025-01-13 18:31:01'),
(21, 3, 8, NULL, 15, NULL, NULL, 1, 120.00, 120.00, NULL, NULL, NULL, '2025-01-13 18:41:16', '2025-01-13 18:41:16'),
(22, 3, 8, NULL, 14, NULL, NULL, 1, 150.00, 150.00, NULL, NULL, NULL, '2025-01-13 18:41:16', '2025-01-13 18:41:16'),
(28, 3, 10, NULL, 10, NULL, NULL, 1, 300.00, 300.00, NULL, NULL, NULL, '2025-01-14 12:21:58', '2025-01-14 12:21:58'),
(29, 3, 10, NULL, 5, NULL, NULL, 1, 40.00, 40.00, NULL, NULL, NULL, '2025-01-14 12:21:58', '2025-01-14 12:21:58'),
(30, 3, 10, NULL, 9, NULL, NULL, 1, 130.00, 130.00, NULL, NULL, NULL, '2025-01-14 12:21:58', '2025-01-14 12:21:58'),
(31, 3, 10, NULL, 10, NULL, NULL, 1, 300.00, 300.00, NULL, NULL, NULL, '2025-01-14 12:21:58', '2025-01-14 12:21:58'),
(32, 3, 10, NULL, 9, NULL, NULL, 1, 130.00, 130.00, NULL, NULL, NULL, '2025-01-14 12:21:58', '2025-01-14 12:21:58'),
(33, 3, 10, NULL, 14, NULL, NULL, 1, 150.00, 150.00, NULL, NULL, NULL, '2025-01-14 12:21:58', '2025-01-14 12:21:58'),
(34, 3, 10, NULL, 15, NULL, NULL, 1, 120.00, 120.00, NULL, NULL, NULL, '2025-01-14 12:21:58', '2025-01-14 12:21:58'),
(38, 3, 9, NULL, 1, NULL, NULL, 1, 320.00, 320.00, NULL, NULL, NULL, '2025-01-14 12:23:31', '2025-01-14 12:23:31'),
(39, 3, 9, NULL, 8, NULL, NULL, 1, 80.00, 80.00, NULL, NULL, NULL, '2025-01-14 12:23:31', '2025-01-14 12:23:31'),
(40, 3, 9, NULL, 9, NULL, NULL, 1, 130.00, 130.00, NULL, NULL, NULL, '2025-01-14 12:23:31', '2025-01-14 12:23:31'),
(41, 3, 11, NULL, 10, NULL, NULL, 2, 300.00, 600.00, NULL, NULL, NULL, '2025-01-14 12:33:16', '2025-01-14 12:33:16'),
(42, 3, 11, NULL, 9, NULL, NULL, 1, 130.00, 130.00, NULL, NULL, NULL, '2025-01-14 12:33:16', '2025-01-14 12:33:16'),
(43, 3, 12, NULL, 5, NULL, NULL, 1, 40.00, 40.00, NULL, NULL, NULL, '2025-01-14 12:38:41', '2025-01-14 12:38:41'),
(44, 3, 12, NULL, 4, NULL, NULL, 1, 25.00, 25.00, NULL, NULL, NULL, '2025-01-14 12:38:41', '2025-01-14 12:38:41'),
(45, 3, 13, NULL, 2, NULL, NULL, 1, 250.00, 250.00, NULL, NULL, NULL, '2025-01-14 12:42:02', '2025-01-14 12:42:02'),
(46, 3, 13, NULL, 3, NULL, NULL, 1, 180.00, 180.00, NULL, NULL, NULL, '2025-01-14 12:42:02', '2025-01-14 12:42:02'),
(47, 3, 13, NULL, 4, NULL, NULL, 3, 25.00, 75.00, NULL, NULL, NULL, '2025-01-14 12:42:02', '2025-01-14 12:42:02'),
(48, 3, 14, NULL, 5, NULL, NULL, 1, 40.00, 40.00, NULL, NULL, NULL, '2025-01-14 12:48:45', '2025-01-14 12:48:45'),
(49, 3, 14, NULL, 10, NULL, NULL, 1, 300.00, 300.00, NULL, NULL, NULL, '2025-01-14 12:48:45', '2025-01-14 12:48:45'),
(50, 3, 16, NULL, 8, NULL, NULL, 1, 80.00, 80.00, NULL, NULL, NULL, '2025-01-14 15:10:09', '2025-01-14 15:10:09'),
(51, 3, 16, NULL, 12, NULL, NULL, 1, 180.00, 180.00, NULL, NULL, NULL, '2025-01-14 15:10:09', '2025-01-14 15:10:09'),
(52, 3, 17, NULL, 12, NULL, NULL, 1, 180.00, 180.00, NULL, NULL, NULL, '2025-01-14 15:10:30', '2025-01-14 15:10:30'),
(53, 3, 17, NULL, 16, NULL, NULL, 1, 50.00, 50.00, NULL, NULL, NULL, '2025-01-14 15:10:30', '2025-01-14 15:10:30'),
(54, 3, 18, NULL, 14, NULL, NULL, 1, 150.00, 150.00, NULL, NULL, NULL, '2025-01-14 16:03:04', '2025-01-14 16:03:04'),
(55, 3, 18, NULL, 9, NULL, NULL, 1, 130.00, 130.00, NULL, NULL, NULL, '2025-01-14 16:03:04', '2025-01-14 16:03:04'),
(56, 3, 18, NULL, 10, NULL, NULL, 1, 300.00, 300.00, NULL, NULL, NULL, '2025-01-14 16:03:04', '2025-01-14 16:03:04'),
(57, 3, 18, NULL, 5, NULL, NULL, 1, 40.00, 40.00, NULL, NULL, NULL, '2025-01-14 16:03:04', '2025-01-14 16:03:04'),
(58, 3, 18, NULL, 4, NULL, NULL, 1, 25.00, 25.00, NULL, NULL, NULL, '2025-01-14 16:03:04', '2025-01-14 16:03:04'),
(59, 3, 18, NULL, 3, NULL, NULL, 1, 180.00, 180.00, NULL, NULL, NULL, '2025-01-14 16:03:04', '2025-01-14 16:03:04'),
(60, 3, 18, NULL, 8, NULL, NULL, 1, 80.00, 80.00, NULL, NULL, NULL, '2025-01-14 16:03:04', '2025-01-14 16:03:04'),
(61, 3, 19, NULL, 11, NULL, NULL, 1, 260.00, 260.00, NULL, NULL, NULL, '2025-01-14 16:03:22', '2025-01-14 16:03:22'),
(62, 3, 20, NULL, 7, NULL, NULL, 1, 90.00, 90.00, NULL, NULL, NULL, '2025-01-14 16:03:47', '2025-01-14 16:03:47'),
(63, 3, 21, NULL, 10, NULL, NULL, 1, 300.00, 300.00, NULL, NULL, NULL, '2025-01-14 16:04:07', '2025-01-14 16:04:07'),
(64, 3, 22, NULL, 15, NULL, NULL, 1, 120.00, 120.00, NULL, NULL, NULL, '2025-01-14 16:04:15', '2025-01-14 16:04:15'),
(65, 3, 24, NULL, 7, NULL, NULL, 1, 90.00, 90.00, NULL, NULL, NULL, '2025-01-14 17:26:15', '2025-01-14 17:26:15'),
(66, 3, 23, NULL, 7, NULL, NULL, 3, 90.00, 270.00, NULL, NULL, NULL, '2025-01-14 17:27:10', '2025-01-14 17:27:10'),
(67, 3, 25, NULL, 4, NULL, NULL, 1, 25.00, 25.00, NULL, NULL, NULL, '2025-01-14 17:27:51', '2025-01-14 17:27:51'),
(68, 3, 25, NULL, 5, NULL, NULL, 1, 40.00, 40.00, NULL, NULL, NULL, '2025-01-14 17:27:51', '2025-01-14 17:27:51'),
(69, 3, 25, NULL, 14, NULL, NULL, 1, 150.00, 150.00, NULL, NULL, NULL, '2025-01-14 17:27:51', '2025-01-14 17:27:51'),
(70, 3, 26, NULL, 4, NULL, NULL, 1, 25.00, 25.00, NULL, NULL, NULL, '2025-01-14 17:31:16', '2025-01-14 17:31:16'),
(71, 3, 27, NULL, 15, NULL, NULL, 1, 120.00, 120.00, NULL, NULL, NULL, '2025-01-14 17:33:45', '2025-01-14 17:33:45'),
(72, 3, 28, NULL, 15, NULL, NULL, 1, 120.00, 120.00, NULL, NULL, NULL, '2025-01-14 17:35:33', '2025-01-14 17:35:33'),
(73, 3, 29, NULL, 4, NULL, NULL, 1, 25.00, 25.00, NULL, NULL, NULL, '2025-01-14 17:43:24', '2025-01-14 17:43:24'),
(74, 3, 30, NULL, 10, NULL, NULL, 1, 300.00, 300.00, NULL, NULL, NULL, '2025-01-14 17:44:29', '2025-01-14 17:44:29'),
(75, 3, 31, NULL, 15, NULL, NULL, 1, 120.00, 120.00, NULL, NULL, NULL, '2025-01-14 17:45:25', '2025-01-14 17:45:25'),
(76, 3, 32, NULL, 8, NULL, NULL, 1, 80.00, 80.00, NULL, NULL, NULL, '2025-01-14 17:45:31', '2025-01-14 17:45:31'),
(77, 3, 33, NULL, 15, NULL, NULL, 1, 120.00, 120.00, NULL, NULL, NULL, '2025-01-14 17:45:59', '2025-01-14 17:45:59'),
(78, 3, 34, NULL, 14, NULL, NULL, 1, 150.00, 150.00, NULL, NULL, NULL, '2025-01-14 17:46:30', '2025-01-14 17:46:30'),
(79, 3, 35, NULL, 15, NULL, NULL, 1, 120.00, 120.00, NULL, NULL, NULL, '2025-01-14 17:48:48', '2025-01-14 17:48:48'),
(80, 3, 36, NULL, 8, NULL, NULL, 1, 80.00, 80.00, NULL, NULL, NULL, '2025-01-14 17:49:10', '2025-01-14 17:49:10'),
(81, 3, 37, NULL, 4, NULL, NULL, 1, 25.00, 25.00, NULL, NULL, NULL, '2025-01-14 17:50:52', '2025-01-14 17:50:52'),
(82, 3, 38, NULL, 4, NULL, NULL, 1, 25.00, 25.00, NULL, NULL, NULL, '2025-01-14 17:51:36', '2025-01-14 17:51:36'),
(83, 3, 39, NULL, 4, NULL, NULL, 1, 25.00, 25.00, NULL, NULL, NULL, '2025-01-14 17:54:06', '2025-01-14 17:54:06'),
(84, 3, 40, NULL, 4, NULL, NULL, 1, 25.00, 25.00, NULL, NULL, NULL, '2025-01-14 18:32:38', '2025-01-14 18:32:38'),
(85, 3, 42, NULL, 4, NULL, NULL, 1, 25.00, 25.00, NULL, NULL, NULL, '2025-01-15 10:01:44', '2025-01-15 10:01:44'),
(87, 3, 44, NULL, 8, NULL, NULL, 1, 80.00, 80.00, NULL, NULL, NULL, '2025-01-17 01:21:14', '2025-01-17 01:21:14'),
(88, 3, 44, NULL, 9, NULL, NULL, 1, 130.00, 130.00, NULL, NULL, NULL, '2025-01-17 01:21:14', '2025-01-17 01:21:14'),
(89, 3, 44, NULL, 5, NULL, NULL, 1, 40.00, 40.00, NULL, NULL, NULL, '2025-01-17 01:21:14', '2025-01-17 01:21:14'),
(90, 3, 44, NULL, 4, NULL, NULL, 1, 25.00, 25.00, NULL, NULL, NULL, '2025-01-17 01:21:14', '2025-01-17 01:21:14'),
(91, 3, 45, NULL, 4, NULL, NULL, 1, 25.00, 25.00, NULL, NULL, NULL, '2025-01-17 01:22:06', '2025-01-17 01:22:06'),
(92, 3, 45, NULL, 5, NULL, NULL, 1, 40.00, 40.00, NULL, NULL, NULL, '2025-01-17 01:22:06', '2025-01-17 01:22:06'),
(93, 3, 45, NULL, 10, NULL, NULL, 1, 300.00, 300.00, NULL, NULL, NULL, '2025-01-17 01:22:06', '2025-01-17 01:22:06'),
(94, 3, 46, NULL, 9, NULL, NULL, 1, 130.00, 130.00, NULL, NULL, NULL, '2025-01-17 01:27:04', '2025-01-17 01:27:04'),
(96, 3, 46, NULL, 2, NULL, NULL, 1, 250.00, 250.00, NULL, NULL, NULL, '2025-01-17 01:27:04', '2025-01-17 01:27:04'),
(97, 3, 46, NULL, 9, NULL, NULL, 1, 130.00, 130.00, NULL, NULL, NULL, '2025-01-17 01:27:04', '2025-01-17 01:27:04'),
(98, 3, 46, NULL, 5, NULL, NULL, 1, 40.00, 40.00, NULL, NULL, NULL, '2025-01-17 01:27:04', '2025-01-17 01:27:04'),
(99, 3, 46, NULL, 10, NULL, NULL, 1, 300.00, 300.00, NULL, NULL, NULL, '2025-01-17 01:27:04', '2025-01-17 01:27:04'),
(100, 3, 47, NULL, 3, NULL, NULL, 1, 180.00, 180.00, NULL, NULL, NULL, '2025-01-17 01:29:22', '2025-01-17 01:29:22'),
(101, 3, 47, NULL, 4, NULL, NULL, 1, 25.00, 25.00, NULL, NULL, NULL, '2025-01-17 01:29:22', '2025-01-17 01:29:22'),
(102, 3, 47, NULL, 9, NULL, NULL, 1, 130.00, 130.00, NULL, NULL, NULL, '2025-01-17 01:29:22', '2025-01-17 01:29:22'),
(108, 3, 49, NULL, 3, NULL, NULL, 1, 180.00, 180.00, NULL, NULL, NULL, '2025-01-17 12:03:34', '2025-01-17 12:03:34'),
(109, 3, 49, NULL, 4, NULL, NULL, 1, 25.00, 25.00, NULL, NULL, NULL, '2025-01-17 12:03:34', '2025-01-17 12:03:34'),
(110, 3, 49, NULL, 7, NULL, NULL, 3, 90.00, 270.00, NULL, NULL, NULL, '2025-01-17 12:03:34', '2025-01-17 12:03:34'),
(111, 3, 49, NULL, 3, NULL, NULL, 1, 180.00, 180.00, NULL, NULL, NULL, '2025-01-17 12:03:34', '2025-01-17 12:03:34'),
(112, 3, 49, NULL, 5, NULL, NULL, 1, 40.00, 40.00, NULL, NULL, NULL, '2025-01-17 12:03:34', '2025-01-17 12:03:34'),
(113, 3, 50, NULL, 8, NULL, NULL, 1, 80.00, 80.00, NULL, NULL, NULL, '2025-01-17 13:10:44', '2025-01-17 13:10:44'),
(114, 3, 51, NULL, 1, NULL, NULL, 1, 320.00, 320.00, NULL, NULL, NULL, '2025-01-18 12:49:39', '2025-01-18 12:49:39'),
(115, 3, 51, NULL, 2, NULL, NULL, 1, 250.00, 250.00, NULL, NULL, NULL, '2025-01-18 12:49:39', '2025-01-18 12:49:39'),
(116, 3, 51, NULL, 3, NULL, NULL, 2, 180.00, 360.00, NULL, NULL, NULL, '2025-01-18 12:49:39', '2025-01-18 12:49:39'),
(117, 3, 52, NULL, 8, NULL, NULL, 1, 80.00, 80.00, NULL, NULL, NULL, '2025-01-18 13:19:28', '2025-01-18 13:19:28'),
(118, 3, 52, NULL, 4, NULL, NULL, 1, 25.00, 25.00, NULL, NULL, NULL, '2025-01-18 13:19:28', '2025-01-18 13:19:28'),
(119, 3, 52, NULL, 5, NULL, NULL, 1, 40.00, 40.00, NULL, NULL, NULL, '2025-01-18 13:19:28', '2025-01-18 13:19:28'),
(125, 3, 5, NULL, 9, NULL, NULL, 1, 130.00, 130.00, NULL, NULL, NULL, '2025-01-18 20:30:45', '2025-01-18 20:30:45'),
(126, 3, 5, NULL, 4, NULL, NULL, 1, 25.00, 25.00, NULL, NULL, NULL, '2025-01-18 20:30:45', '2025-01-18 20:30:45'),
(127, 3, 5, NULL, 8, NULL, NULL, 1, 80.00, 80.00, NULL, NULL, NULL, '2025-01-18 20:30:45', '2025-01-18 20:30:45'),
(146, 3, 54, NULL, 9, NULL, NULL, 1, 130.00, 130.00, NULL, NULL, NULL, '2025-01-18 20:49:25', '2025-01-18 20:49:25'),
(147, 3, 54, NULL, 10, NULL, NULL, 1, 300.00, 300.00, NULL, NULL, NULL, '2025-01-18 20:49:25', '2025-01-18 20:49:25'),
(148, 3, 54, NULL, 10, NULL, NULL, 1, 300.00, 300.00, NULL, NULL, NULL, '2025-01-18 20:49:25', '2025-01-18 20:49:25'),
(149, 3, 54, NULL, 4, NULL, NULL, 1, 25.00, 25.00, NULL, NULL, NULL, '2025-01-18 20:49:25', '2025-01-18 20:49:25'),
(150, 3, 54, NULL, 14, NULL, NULL, 1, 150.00, 150.00, NULL, NULL, NULL, '2025-01-18 20:49:25', '2025-01-18 20:49:25'),
(158, 3, 58, NULL, 2, NULL, NULL, 1, 250.00, 250.00, NULL, NULL, NULL, '2025-01-21 17:06:19', '2025-01-21 17:06:19'),
(159, 3, 58, NULL, 3, NULL, NULL, 1, 180.00, 180.00, NULL, NULL, NULL, '2025-01-21 17:06:19', '2025-01-21 17:06:19'),
(160, 3, 58, NULL, 4, NULL, NULL, 1, 25.00, 25.00, NULL, NULL, NULL, '2025-01-21 17:06:19', '2025-01-21 17:06:19'),
(161, 3, 61, NULL, 10, NULL, NULL, 1, 300.00, 300.00, NULL, NULL, NULL, '2025-01-22 14:25:32', '2025-01-22 14:25:32'),
(162, 3, 61, NULL, 15, NULL, NULL, 1, 120.00, 120.00, NULL, NULL, NULL, '2025-01-22 14:25:32', '2025-01-22 14:25:32'),
(163, 3, 63, NULL, 3, NULL, NULL, 1, 180.00, 180.00, NULL, NULL, NULL, '2025-01-22 17:58:24', '2025-01-22 17:58:24'),
(164, 3, 63, NULL, 5, NULL, NULL, 1, 40.00, 40.00, NULL, NULL, NULL, '2025-01-22 17:58:24', '2025-01-22 17:58:24'),
(170, 3, 66, NULL, 8, NULL, NULL, 1, 80.00, 80.00, NULL, NULL, NULL, '2025-01-25 11:20:14', '2025-01-25 11:20:14'),
(171, 3, 66, NULL, 11, NULL, NULL, 1, 260.00, 260.00, NULL, NULL, NULL, '2025-01-25 11:20:14', '2025-01-25 11:20:14'),
(172, 3, 67, NULL, 3, NULL, NULL, 1, 180.00, 180.00, NULL, NULL, NULL, '2025-01-25 11:23:58', '2025-01-25 11:23:58'),
(173, 3, 67, NULL, 4, NULL, NULL, 1, 25.00, 25.00, NULL, NULL, NULL, '2025-01-25 11:23:58', '2025-01-25 11:23:58'),
(174, 3, 67, NULL, 5, NULL, NULL, 1, 40.00, 40.00, NULL, NULL, NULL, '2025-01-25 11:23:58', '2025-01-25 11:23:58'),
(180, 3, 68, NULL, 9, NULL, NULL, 1, 130.00, 130.00, NULL, NULL, NULL, '2025-01-25 18:56:44', '2025-01-25 18:56:44'),
(181, 3, 68, NULL, 10, NULL, NULL, 1, 300.00, 300.00, NULL, NULL, NULL, '2025-01-25 18:56:44', '2025-01-25 18:56:44'),
(182, 3, 68, NULL, 5, NULL, NULL, 1, 40.00, 40.00, NULL, NULL, NULL, '2025-01-25 18:56:44', '2025-01-25 18:56:44'),
(183, 3, 68, NULL, 10, NULL, NULL, 1, 300.00, 300.00, NULL, NULL, NULL, '2025-01-25 18:56:44', '2025-01-25 18:56:44'),
(184, 3, 68, NULL, 9, NULL, NULL, 1, 130.00, 130.00, NULL, NULL, NULL, '2025-01-25 18:56:44', '2025-01-25 18:56:44'),
(185, 3, 70, NULL, 12, NULL, NULL, 1, 180.00, 180.00, NULL, NULL, NULL, '2025-01-25 18:57:16', '2025-01-25 18:57:16'),
(186, 3, 71, NULL, 12, NULL, NULL, 1, 180.00, 180.00, NULL, NULL, NULL, '2025-01-25 18:57:24', '2025-01-25 18:57:24'),
(187, 3, 72, NULL, 12, NULL, NULL, 1, 180.00, 180.00, NULL, NULL, NULL, '2025-01-25 18:57:43', '2025-01-25 18:57:43'),
(188, 3, 72, NULL, 8, NULL, NULL, 1, 80.00, 80.00, NULL, NULL, NULL, '2025-01-25 18:57:43', '2025-01-25 18:57:43'),
(189, 3, 73, NULL, 12, NULL, NULL, 1, 180.00, 180.00, NULL, NULL, NULL, '2025-01-25 18:58:23', '2025-01-25 18:58:23'),
(190, 3, 73, NULL, 8, NULL, NULL, 1, 80.00, 80.00, NULL, NULL, NULL, '2025-01-25 18:58:23', '2025-01-25 18:58:23'),
(194, 3, 74, NULL, 2, NULL, NULL, 1, 250.00, 250.00, NULL, NULL, NULL, '2025-01-25 19:12:36', '2025-01-25 19:12:36'),
(195, 3, 74, NULL, 8, NULL, NULL, 1, 80.00, 80.00, NULL, NULL, NULL, '2025-01-25 19:12:36', '2025-01-25 19:12:36'),
(196, 3, 74, NULL, 5, NULL, NULL, 1, 40.00, 40.00, NULL, NULL, NULL, '2025-01-25 19:12:36', '2025-01-25 19:12:36'),
(203, 3, 75, NULL, 9, NULL, NULL, 1, 130.00, 130.00, NULL, NULL, NULL, '2025-01-26 03:48:34', '2025-01-26 03:48:34'),
(204, 3, 75, NULL, 8, NULL, NULL, 1, 80.00, 80.00, NULL, NULL, NULL, '2025-01-26 03:48:34', '2025-01-26 03:48:34'),
(205, 3, 75, NULL, 13, NULL, NULL, 1, 240.00, 240.00, NULL, NULL, NULL, '2025-01-26 03:48:34', '2025-01-26 03:48:34'),
(206, 3, 76, NULL, 8, NULL, NULL, 1, 80.00, 80.00, NULL, NULL, NULL, '2025-01-26 05:41:02', '2025-01-26 05:41:02'),
(207, 3, 76, NULL, 7, NULL, NULL, 1, 90.00, 90.00, NULL, NULL, NULL, '2025-01-26 05:41:02', '2025-01-26 05:41:02'),
(208, 3, 77, NULL, 4, NULL, NULL, 1, 25.00, 25.00, NULL, NULL, NULL, '2025-01-26 05:43:32', '2025-01-26 05:43:32'),
(209, 3, 78, NULL, 3, NULL, NULL, 1, 180.00, 180.00, NULL, NULL, NULL, '2025-01-26 05:48:19', '2025-01-26 05:48:19'),
(210, 3, 79, NULL, 5, NULL, NULL, 1, 40.00, 40.00, NULL, NULL, NULL, '2025-01-26 05:49:49', '2025-01-26 05:49:49'),
(211, 3, 80, NULL, 2, NULL, NULL, 1, 250.00, 250.00, NULL, NULL, NULL, '2025-01-26 05:56:58', '2025-01-26 05:56:58'),
(212, 3, 81, NULL, 3, NULL, NULL, 1, 180.00, 180.00, NULL, NULL, NULL, '2025-01-26 05:59:53', '2025-01-26 05:59:53'),
(213, 3, 82, NULL, 3, NULL, NULL, 1, 180.00, 180.00, NULL, NULL, NULL, '2025-01-26 06:14:39', '2025-01-26 06:14:39'),
(214, 3, 82, NULL, 4, NULL, NULL, 1, 25.00, 25.00, NULL, NULL, NULL, '2025-01-26 06:14:39', '2025-01-26 06:14:39'),
(215, 3, 82, NULL, 5, NULL, NULL, 1, 40.00, 40.00, NULL, NULL, NULL, '2025-01-26 06:14:39', '2025-01-26 06:14:39'),
(216, 3, 83, NULL, 4, NULL, NULL, 1, 25.00, 25.00, NULL, NULL, NULL, '2025-01-26 06:22:56', '2025-01-26 06:22:56'),
(217, 3, 83, NULL, 5, NULL, NULL, 1, 40.00, 40.00, NULL, NULL, NULL, '2025-01-26 06:22:56', '2025-01-26 06:22:56'),
(218, 3, 83, NULL, 9, NULL, NULL, 1, 130.00, 130.00, NULL, NULL, NULL, '2025-01-26 06:22:56', '2025-01-26 06:22:56'),
(219, 3, 83, NULL, 14, NULL, NULL, 1, 150.00, 150.00, NULL, NULL, NULL, '2025-01-26 06:22:56', '2025-01-26 06:22:56'),
(220, 3, 84, NULL, 3, NULL, NULL, 1, 180.00, 180.00, NULL, NULL, NULL, '2025-01-26 10:18:10', '2025-01-26 10:18:10'),
(221, 3, 85, NULL, 7, NULL, NULL, 1, 90.00, 90.00, NULL, NULL, NULL, '2025-01-26 10:18:33', '2025-01-26 10:18:33'),
(222, 3, 86, NULL, 2, NULL, NULL, 1, 250.00, 250.00, NULL, NULL, NULL, '2025-01-26 11:05:36', '2025-01-26 11:05:36'),
(223, 3, 86, NULL, 3, NULL, NULL, 1, 180.00, 180.00, NULL, NULL, NULL, '2025-01-26 11:05:36', '2025-01-26 11:05:36'),
(224, 3, 87, NULL, 5, NULL, NULL, 1, 40.00, 40.00, NULL, NULL, NULL, '2025-01-27 17:47:46', '2025-01-27 17:47:46'),
(225, 3, 87, NULL, 4, NULL, NULL, 1, 25.00, 25.00, NULL, NULL, NULL, '2025-01-27 17:47:46', '2025-01-27 17:47:46'),
(226, 3, 87, NULL, 9, NULL, NULL, 1, 130.00, 130.00, NULL, NULL, NULL, '2025-01-27 17:47:46', '2025-01-27 17:47:46'),
(227, 3, 88, NULL, 8, NULL, NULL, 1, 80.00, 80.00, NULL, NULL, NULL, '2025-01-28 14:49:41', '2025-01-28 14:49:41'),
(228, 3, 88, NULL, 9, NULL, NULL, 1, 130.00, 130.00, NULL, NULL, NULL, '2025-01-28 14:49:41', '2025-01-28 14:49:41'),
(229, 3, 88, NULL, 10, NULL, NULL, 1, 300.00, 300.00, NULL, NULL, NULL, '2025-01-28 14:49:41', '2025-01-28 14:49:41'),
(230, 3, 88, NULL, 166, NULL, NULL, 1, 449.00, 449.00, NULL, NULL, NULL, '2025-01-28 14:49:41', '2025-01-28 14:49:41'),
(231, 3, 88, NULL, 165, NULL, NULL, 1, 400.00, 400.00, NULL, NULL, NULL, '2025-01-28 14:49:41', '2025-01-28 14:49:41'),
(232, 3, 88, NULL, 12, NULL, NULL, 1, 180.00, 180.00, NULL, NULL, NULL, '2025-01-28 14:49:41', '2025-01-28 14:49:41'),
(234, 3, 91, NULL, 3, NULL, NULL, 1, 180.00, 180.00, NULL, NULL, NULL, '2025-01-29 04:37:17', '2025-01-29 04:37:17'),
(235, 3, 91, NULL, 4, NULL, NULL, 1, 25.00, 25.00, NULL, NULL, NULL, '2025-01-29 04:37:17', '2025-01-29 04:37:17'),
(236, 3, 91, NULL, 9, NULL, NULL, 1, 130.00, 130.00, NULL, NULL, NULL, '2025-01-29 04:37:17', '2025-01-29 04:37:17'),
(237, 3, 92, NULL, 2, NULL, NULL, 1, 250.00, 250.00, NULL, NULL, NULL, '2025-01-29 04:43:53', '2025-01-29 04:43:53'),
(238, 3, 92, NULL, 3, NULL, NULL, 1, 180.00, 180.00, NULL, NULL, NULL, '2025-01-29 04:43:53', '2025-01-29 04:43:53'),
(239, 3, 94, NULL, 3, NULL, NULL, 1, 180.00, 180.00, NULL, NULL, NULL, '2025-01-29 04:45:53', '2025-01-29 04:45:53'),
(240, 3, 95, NULL, 1, NULL, NULL, 1, 320.00, 320.00, NULL, NULL, NULL, '2025-01-30 11:33:35', '2025-01-30 11:33:35'),
(241, 3, 95, NULL, 2, NULL, NULL, 1, 250.00, 250.00, NULL, NULL, NULL, '2025-01-30 11:33:35', '2025-01-30 11:33:35'),
(242, 3, 95, NULL, 3, NULL, NULL, 1, 180.00, 180.00, NULL, NULL, NULL, '2025-01-30 11:33:35', '2025-01-30 11:33:35'),
(243, 3, 96, NULL, 1, NULL, NULL, 1, 320.00, 320.00, NULL, NULL, NULL, '2025-01-31 02:04:51', '2025-01-31 02:04:51'),
(244, 3, 96, NULL, 2, NULL, NULL, 1, 250.00, 250.00, NULL, NULL, NULL, '2025-01-31 02:04:51', '2025-01-31 02:04:51'),
(245, 3, 96, NULL, 3, NULL, NULL, 1, 180.00, 180.00, NULL, NULL, NULL, '2025-01-31 02:04:51', '2025-01-31 02:04:51'),
(246, 3, 97, NULL, 3, NULL, NULL, 2, 180.00, 360.00, NULL, NULL, NULL, '2025-01-31 02:10:02', '2025-01-31 02:10:02'),
(247, 3, 98, NULL, 8, NULL, NULL, 1, 80.00, 80.00, NULL, NULL, NULL, '2025-01-31 02:14:43', '2025-01-31 02:14:43'),
(248, 3, 99, NULL, 1, NULL, NULL, 1, 320.00, 320.00, NULL, NULL, NULL, '2025-01-31 02:43:14', '2025-01-31 02:43:14'),
(249, 3, 100, NULL, 1, NULL, NULL, 1, 320.00, 320.00, NULL, NULL, NULL, '2025-01-31 02:48:58', '2025-01-31 02:48:58'),
(250, 3, 102, NULL, 4, NULL, NULL, 1, 25.00, 25.00, NULL, NULL, NULL, '2025-01-31 13:53:32', '2025-01-31 13:53:32'),
(251, 3, 103, NULL, 4, NULL, NULL, 1, 25.00, 25.00, NULL, NULL, NULL, '2025-01-31 14:02:30', '2025-01-31 14:02:30'),
(252, 3, 104, NULL, 4, NULL, NULL, 1, 25.00, 25.00, NULL, NULL, NULL, '2025-01-31 14:04:50', '2025-01-31 14:04:50'),
(253, 3, 105, NULL, 1, NULL, NULL, 1, 320.00, 320.00, NULL, NULL, NULL, '2025-02-05 16:38:30', '2025-02-05 16:38:30'),
(254, 3, 105, NULL, 2, NULL, NULL, 1, 250.00, 250.00, NULL, NULL, NULL, '2025-02-05 16:38:30', '2025-02-05 16:38:30'),
(255, 3, 107, NULL, 12, NULL, NULL, 1, 180.00, 180.00, NULL, NULL, NULL, '2025-02-05 16:41:57', '2025-02-05 16:41:57'),
(256, 3, 107, NULL, 6, NULL, NULL, 1, 120.00, 120.00, NULL, NULL, NULL, '2025-02-05 16:41:57', '2025-02-05 16:41:57'),
(257, 3, 107, NULL, 8, NULL, NULL, 1, 80.00, 80.00, NULL, NULL, NULL, '2025-02-05 16:41:57', '2025-02-05 16:41:57'),
(258, 3, 107, NULL, 11, NULL, NULL, 1, 260.00, 260.00, NULL, NULL, NULL, '2025-02-05 16:41:57', '2025-02-05 16:41:57'),
(259, 3, 108, NULL, 3, NULL, NULL, 1, 180.00, 180.00, NULL, NULL, NULL, '2025-02-05 16:42:20', '2025-02-05 16:42:20'),
(260, 3, 108, NULL, 8, NULL, NULL, 1, 80.00, 80.00, NULL, NULL, NULL, '2025-02-05 16:42:20', '2025-02-05 16:42:20'),
(261, 3, 108, NULL, 9, NULL, NULL, 1, 130.00, 130.00, NULL, NULL, NULL, '2025-02-05 16:42:21', '2025-02-05 16:42:21'),
(262, 3, 109, NULL, 9, NULL, NULL, 1, 130.00, 130.00, NULL, NULL, NULL, '2025-02-05 16:42:50', '2025-02-05 16:42:50'),
(263, 3, 109, NULL, 8, NULL, NULL, 1, 80.00, 80.00, NULL, NULL, NULL, '2025-02-05 16:42:50', '2025-02-05 16:42:50'),
(264, 3, 109, NULL, 13, NULL, NULL, 1, 240.00, 240.00, NULL, NULL, NULL, '2025-02-05 16:42:50', '2025-02-05 16:42:50'),
(265, 3, 110, NULL, 9, NULL, NULL, 1, 130.00, 130.00, NULL, NULL, NULL, '2025-02-05 16:43:08', '2025-02-05 16:43:08'),
(266, 3, 110, NULL, 13, NULL, NULL, 1, 240.00, 240.00, NULL, NULL, NULL, '2025-02-05 16:43:08', '2025-02-05 16:43:08'),
(267, 3, 110, NULL, 165, NULL, NULL, 1, 400.00, 400.00, NULL, NULL, NULL, '2025-02-05 16:43:08', '2025-02-05 16:43:08'),
(268, 3, 110, NULL, 7, NULL, NULL, 1, 90.00, 90.00, NULL, NULL, NULL, '2025-02-05 16:43:08', '2025-02-05 16:43:08'),
(269, 3, 111, NULL, 12, NULL, NULL, 1, 180.00, 180.00, NULL, NULL, NULL, '2025-02-05 16:43:12', '2025-02-05 16:43:12'),
(270, 3, 114, NULL, 7, NULL, NULL, 1, 90.00, 90.00, NULL, NULL, NULL, '2025-02-05 16:43:57', '2025-02-05 16:43:57'),
(274, 3, 118, NULL, 3, NULL, NULL, 1, 180.00, 180.00, NULL, NULL, NULL, '2025-02-05 17:21:44', '2025-02-05 17:21:44'),
(276, 3, 125, NULL, 8, NULL, NULL, 1, 80.00, 80.00, NULL, NULL, NULL, '2025-02-06 04:38:20', '2025-02-06 04:38:20'),
(283, 3, 132, NULL, 3, NULL, NULL, 1, 180.00, 180.00, NULL, NULL, NULL, '2025-02-06 06:11:58', '2025-02-06 06:11:58'),
(284, 3, 133, NULL, 6, NULL, NULL, 1, 120.00, 120.00, NULL, NULL, NULL, '2025-02-06 06:13:57', '2025-02-06 06:13:57'),
(285, 3, 135, NULL, 4, NULL, NULL, 1, 25.00, 25.00, NULL, NULL, NULL, '2025-02-06 06:36:44', '2025-02-06 06:36:44'),
(286, 3, 136, NULL, 4, NULL, NULL, 1, 25.00, 25.00, NULL, NULL, NULL, '2025-02-06 06:39:14', '2025-02-06 06:39:14'),
(289, 7, 139, NULL, 22, NULL, NULL, 1, 199.00, 199.00, NULL, NULL, NULL, '2025-02-06 13:08:06', '2025-02-06 13:08:06'),
(290, 7, 140, NULL, 32, NULL, NULL, 1, 125.00, 125.00, NULL, NULL, NULL, '2025-02-06 13:08:32', '2025-02-06 13:08:32'),
(291, 7, 141, NULL, 28, 27, NULL, 2, 599.00, 1198.00, NULL, NULL, NULL, '2025-02-06 13:09:21', '2025-02-06 13:09:21'),
(292, 7, 142, NULL, 19, NULL, NULL, 1, 199.00, 199.00, NULL, NULL, NULL, '2025-02-06 13:11:20', '2025-02-06 13:11:20'),
(293, 7, 143, NULL, 19, NULL, NULL, 1, 199.00, 199.00, NULL, NULL, NULL, '2025-02-06 13:21:17', '2025-02-06 13:21:17'),
(294, 7, 144, NULL, 19, NULL, NULL, 1, 199.00, 199.00, NULL, NULL, NULL, '2025-02-06 13:23:22', '2025-02-06 13:23:22'),
(295, 3, 145, NULL, 9, NULL, NULL, 1, 130.00, 130.00, NULL, NULL, NULL, '2025-02-06 13:30:47', '2025-02-06 13:30:47'),
(296, 7, 138, NULL, 22, NULL, NULL, 1, 199.00, 199.00, NULL, NULL, NULL, '2025-02-06 17:10:33', '2025-02-06 17:10:33'),
(297, 7, 138, NULL, 23, NULL, NULL, 1, 199.00, 199.00, NULL, NULL, NULL, '2025-02-06 17:10:33', '2025-02-06 17:10:33'),
(298, 7, 138, NULL, 179, NULL, NULL, 1, 125.00, 125.00, NULL, NULL, NULL, '2025-02-06 17:10:33', '2025-02-06 17:10:33'),
(299, 8, 149, NULL, 195, NULL, NULL, 2, 100.00, 200.00, NULL, NULL, NULL, '2025-02-07 11:19:27', '2025-02-07 11:19:27'),
(300, 8, 149, NULL, 196, NULL, NULL, 2, 50.00, 100.00, NULL, NULL, NULL, '2025-02-07 11:19:27', '2025-02-07 11:19:27'),
(301, 3, 151, NULL, 4, NULL, NULL, 2, 25.00, 50.00, NULL, NULL, NULL, '2025-02-07 12:37:39', '2025-02-07 12:37:39'),
(302, 3, 151, NULL, 12, NULL, NULL, 1, 180.00, 180.00, NULL, NULL, NULL, '2025-02-07 12:37:39', '2025-02-07 12:37:39'),
(303, 3, 152, NULL, 2, NULL, NULL, 2, 250.00, 500.00, NULL, NULL, NULL, '2025-02-08 05:32:45', '2025-02-08 05:32:45'),
(304, 3, 152, NULL, 3, NULL, NULL, 1, 180.00, 180.00, NULL, NULL, NULL, '2025-02-08 05:32:45', '2025-02-08 05:32:45'),
(305, 3, 153, NULL, 5, NULL, NULL, 1, 40.00, 40.00, NULL, NULL, NULL, '2025-02-08 11:41:53', '2025-02-08 11:41:53'),
(306, 3, 153, NULL, 4, NULL, NULL, 1, 25.00, 25.00, NULL, NULL, NULL, '2025-02-08 11:41:53', '2025-02-08 11:41:53'),
(307, 3, 153, NULL, 10, NULL, NULL, 1, 300.00, 300.00, NULL, NULL, NULL, '2025-02-08 11:41:53', '2025-02-08 11:41:53'),
(308, 3, 153, NULL, 9, NULL, NULL, 1, 130.00, 130.00, NULL, NULL, NULL, '2025-02-08 11:41:53', '2025-02-08 11:41:53'),
(311, 3, 156, NULL, 166, NULL, NULL, 1, 449.00, 449.00, NULL, NULL, NULL, '2025-02-10 10:18:56', '2025-02-10 10:18:56'),
(312, 3, 157, NULL, 166, NULL, NULL, 1, 449.00, 449.00, NULL, NULL, NULL, '2025-02-10 10:20:29', '2025-02-10 10:20:29'),
(313, 3, 158, NULL, 166, NULL, NULL, 1, 449.00, 449.00, NULL, NULL, NULL, '2025-02-10 10:20:35', '2025-02-10 10:20:35'),
(314, 3, 159, NULL, 166, NULL, NULL, 1, 449.00, 449.00, NULL, NULL, NULL, '2025-02-10 10:20:40', '2025-02-10 10:20:40'),
(315, 3, 160, NULL, 166, NULL, NULL, 1, 449.00, 449.00, NULL, NULL, NULL, '2025-02-10 10:20:43', '2025-02-10 10:20:43'),
(316, 3, 161, NULL, 166, NULL, NULL, 1, 449.00, 449.00, NULL, NULL, NULL, '2025-02-10 10:20:47', '2025-02-10 10:20:47'),
(317, 3, 162, NULL, 166, NULL, NULL, 1, 449.00, 449.00, NULL, NULL, NULL, '2025-02-10 15:55:51', '2025-02-10 15:55:51'),
(318, 3, 162, NULL, 4, NULL, NULL, 2, 25.00, 50.00, NULL, NULL, NULL, '2025-02-10 15:55:51', '2025-02-10 15:55:51'),
(319, 3, 162, NULL, 166, NULL, NULL, 2, 449.00, 898.00, NULL, NULL, NULL, '2025-02-10 15:57:00', '2025-02-10 15:57:00'),
(320, 3, 162, NULL, 166, NULL, NULL, 1, 449.00, 449.00, NULL, NULL, NULL, '2025-02-10 15:57:21', '2025-02-10 15:57:21'),
(321, 3, 162, NULL, 4, NULL, NULL, 1, 25.00, 25.00, NULL, NULL, NULL, '2025-02-10 15:57:21', '2025-02-10 15:57:21'),
(322, 3, 162, NULL, 5, NULL, NULL, 1, 40.00, 40.00, NULL, NULL, NULL, '2025-02-10 15:57:21', '2025-02-10 15:57:21'),
(324, 3, 165, NULL, 14, NULL, NULL, 1, 150.00, 150.00, NULL, NULL, NULL, '2025-02-12 08:42:56', '2025-02-12 08:42:56'),
(325, 3, 166, NULL, 6, NULL, NULL, 1, 120.00, 120.00, NULL, NULL, NULL, '2025-02-12 09:08:09', '2025-02-12 09:08:09'),
(326, 3, 167, NULL, 166, NULL, NULL, 1, 449.00, 449.00, NULL, NULL, NULL, '2025-02-12 09:08:15', '2025-02-12 09:08:15'),
(327, 3, 168, NULL, 6, NULL, NULL, 1, 120.00, 120.00, NULL, NULL, NULL, '2025-02-12 09:08:15', '2025-02-12 09:08:15'),
(328, 3, 169, NULL, 6, NULL, NULL, 1, 120.00, 120.00, NULL, NULL, NULL, '2025-02-12 09:08:20', '2025-02-12 09:08:20'),
(329, 3, 170, NULL, 6, NULL, NULL, 1, 120.00, 120.00, NULL, NULL, NULL, '2025-02-12 09:08:23', '2025-02-12 09:08:23'),
(330, 7, 171, NULL, 20, NULL, NULL, 1, 199.00, 199.00, NULL, NULL, NULL, '2025-02-12 15:39:19', '2025-02-12 15:39:19'),
(331, 7, 171, NULL, 19, NULL, NULL, 1, 199.00, 199.00, NULL, NULL, NULL, '2025-02-12 15:39:19', '2025-02-12 15:39:19'),
(332, 7, 171, NULL, 21, NULL, NULL, 1, 199.00, 199.00, NULL, NULL, NULL, '2025-02-12 15:39:19', '2025-02-12 15:39:19'),
(333, 7, 172, NULL, 21, NULL, NULL, 2, 199.00, 398.00, NULL, NULL, NULL, '2025-02-12 15:40:29', '2025-02-12 15:40:29'),
(334, 7, 172, NULL, 20, NULL, NULL, 2, 199.00, 398.00, NULL, NULL, NULL, '2025-02-12 15:40:29', '2025-02-12 15:40:29'),
(335, 7, 173, NULL, 21, NULL, NULL, 1, 199.00, 199.00, NULL, NULL, NULL, '2025-02-12 15:40:51', '2025-02-12 15:40:51'),
(336, 7, 173, NULL, 20, NULL, NULL, 1, 199.00, 199.00, NULL, NULL, NULL, '2025-02-12 15:40:52', '2025-02-12 15:40:52'),
(337, 7, 174, NULL, 20, NULL, NULL, 1, 199.00, 199.00, NULL, NULL, NULL, '2025-02-12 15:41:39', '2025-02-12 15:41:39'),
(338, 7, 174, NULL, 19, NULL, NULL, 2, 199.00, 398.00, NULL, NULL, NULL, '2025-02-12 15:41:40', '2025-02-12 15:41:40'),
(339, 7, 175, NULL, 36, NULL, NULL, 1, 399.00, 399.00, NULL, NULL, NULL, '2025-02-12 15:42:23', '2025-02-12 15:42:23'),
(340, 7, 175, NULL, 41, NULL, NULL, 1, 575.00, 575.00, NULL, NULL, NULL, '2025-02-12 15:42:24', '2025-02-12 15:42:24'),
(341, 7, 176, NULL, 24, 35, NULL, 1, 649.00, 649.00, NULL, NULL, NULL, '2025-02-12 15:43:31', '2025-02-12 15:43:31'),
(342, 7, 177, NULL, 21, NULL, NULL, 1, 199.00, 199.00, NULL, NULL, NULL, '2025-02-12 15:44:51', '2025-02-12 15:44:51'),
(343, 7, 177, NULL, 36, NULL, NULL, 1, 399.00, 399.00, NULL, NULL, NULL, '2025-02-12 15:44:51', '2025-02-12 15:44:51'),
(346, 7, 179, NULL, 34, NULL, NULL, 1, 299.00, 299.00, NULL, NULL, NULL, '2025-02-12 16:54:02', '2025-02-12 16:54:02'),
(347, 3, 180, NULL, 6, NULL, NULL, 1, 120.00, 120.00, NULL, NULL, NULL, '2025-02-13 05:33:38', '2025-02-13 05:33:38'),
(348, 7, 182, NULL, 34, NULL, NULL, 1, 299.00, 299.00, NULL, NULL, NULL, '2025-02-13 07:54:08', '2025-02-13 07:54:08'),
(349, 7, 182, NULL, 38, NULL, NULL, 1, 399.00, 399.00, NULL, NULL, NULL, '2025-02-13 07:54:08', '2025-02-13 07:54:08'),
(350, 7, 182, NULL, 54, NULL, NULL, 1, 325.00, 325.00, NULL, NULL, NULL, '2025-02-13 07:54:08', '2025-02-13 07:54:08'),
(351, 7, 184, NULL, 23, NULL, NULL, 1, 199.00, 199.00, NULL, NULL, NULL, '2025-02-17 11:15:01', '2025-02-17 11:15:01'),
(352, 3, 130, NULL, 9, NULL, NULL, 1, 130.00, 130.00, NULL, NULL, NULL, '2025-02-17 17:48:58', '2025-02-17 17:48:58'),
(353, 3, 130, NULL, 10, NULL, NULL, 1, 300.00, 300.00, NULL, NULL, NULL, '2025-02-17 17:48:58', '2025-02-17 17:48:58'),
(354, 7, 185, NULL, 31, NULL, NULL, 1, 199.00, 199.00, NULL, NULL, NULL, '2025-02-18 13:55:09', '2025-02-18 13:55:09'),
(355, 7, 185, NULL, 182, NULL, NULL, 1, 125.00, 125.00, NULL, NULL, NULL, '2025-02-18 13:55:09', '2025-02-18 13:55:09'),
(356, 7, 186, NULL, 18, NULL, NULL, 1, 299.00, 299.00, NULL, NULL, NULL, '2025-02-18 13:59:00', '2025-02-18 13:59:00'),
(357, 7, 186, NULL, 23, NULL, NULL, 1, 199.00, 199.00, NULL, NULL, NULL, '2025-02-18 13:59:00', '2025-02-18 13:59:00'),
(358, 7, 187, NULL, 59, 54, NULL, 1, 250.00, 250.00, NULL, NULL, NULL, '2025-02-18 14:11:11', '2025-02-18 14:11:11'),
(359, 7, 187, NULL, 63, NULL, NULL, 1, 250.00, 250.00, NULL, NULL, NULL, '2025-02-18 14:11:11', '2025-02-18 14:11:11'),
(360, 7, 187, NULL, 59, 54, NULL, 1, 250.00, 250.00, NULL, NULL, NULL, '2025-02-18 14:11:11', '2025-02-18 14:11:11'),
(361, 7, 187, NULL, 62, NULL, NULL, 1, 275.00, 275.00, NULL, NULL, NULL, '2025-02-18 14:11:11', '2025-02-18 14:11:11'),
(362, 7, 188, NULL, 179, NULL, NULL, 1, 125.00, 125.00, NULL, NULL, NULL, '2025-02-18 14:19:31', '2025-02-18 14:19:31'),
(363, 7, 188, NULL, 181, NULL, NULL, 1, 125.00, 125.00, NULL, NULL, NULL, '2025-02-18 14:19:31', '2025-02-18 14:19:31'),
(364, 7, 189, NULL, 32, NULL, NULL, 1, 125.00, 125.00, NULL, NULL, NULL, '2025-02-18 14:28:03', '2025-02-18 14:28:03'),
(365, 7, 189, NULL, 181, NULL, NULL, 1, 125.00, 125.00, NULL, NULL, NULL, '2025-02-18 14:28:03', '2025-02-18 14:28:03'),
(366, 7, 190, NULL, 31, NULL, NULL, 1, 199.00, 199.00, NULL, NULL, NULL, '2025-02-19 10:49:16', '2025-02-19 10:49:16'),
(367, 7, 190, NULL, 32, NULL, NULL, 1, 125.00, 125.00, NULL, NULL, NULL, '2025-02-19 10:49:16', '2025-02-19 10:49:16'),
(368, 7, 191, NULL, 19, NULL, NULL, 1, 199.00, 199.00, NULL, NULL, NULL, '2025-02-19 11:17:12', '2025-02-19 11:17:12'),
(369, 7, 191, NULL, 23, NULL, NULL, 1, 199.00, 199.00, NULL, NULL, NULL, '2025-02-19 11:17:12', '2025-02-19 11:17:12'),
(370, 7, 191, NULL, 21, NULL, NULL, 1, 199.00, 199.00, NULL, NULL, NULL, '2025-02-19 11:17:12', '2025-02-19 11:17:12'),
(371, 7, 191, NULL, 22, NULL, NULL, 1, 199.00, 199.00, NULL, NULL, NULL, '2025-02-19 11:17:12', '2025-02-19 11:17:12'),
(372, 7, 192, NULL, 21, NULL, NULL, 1, 199.00, 199.00, NULL, NULL, NULL, '2025-02-19 12:32:20', '2025-02-19 12:32:20'),
(373, 7, 192, NULL, 24, 34, NULL, 2, 199.00, 398.00, NULL, NULL, NULL, '2025-02-19 12:32:20', '2025-02-19 12:32:20'),
(374, 7, 193, NULL, 126, NULL, NULL, 1, 399.00, 399.00, NULL, NULL, NULL, '2025-02-19 13:23:47', '2025-02-19 13:23:47'),
(375, 7, 193, NULL, 129, NULL, NULL, 1, 325.00, 325.00, NULL, NULL, NULL, '2025-02-19 13:23:47', '2025-02-19 13:23:47'),
(376, 7, 193, NULL, 86, NULL, NULL, 1, 289.00, 289.00, NULL, NULL, NULL, '2025-02-19 13:23:47', '2025-02-19 13:23:47'),
(377, 7, 193, NULL, 77, NULL, NULL, 2, 50.00, 100.00, NULL, NULL, NULL, '2025-02-19 13:23:47', '2025-02-19 13:23:47'),
(378, 7, 193, NULL, 79, NULL, NULL, 2, 99.00, 198.00, NULL, NULL, NULL, '2025-02-19 13:23:47', '2025-02-19 13:23:47'),
(379, 7, 193, NULL, 83, NULL, NULL, 2, 99.00, 198.00, NULL, NULL, NULL, '2025-02-19 13:23:47', '2025-02-19 13:23:47'),
(380, 7, 193, NULL, 81, NULL, NULL, 1, 99.00, 99.00, NULL, NULL, NULL, '2025-02-19 13:23:47', '2025-02-19 13:23:47'),
(381, 7, 193, NULL, 35, NULL, NULL, 1, 399.00, 399.00, NULL, NULL, NULL, '2025-02-19 13:23:47', '2025-02-19 13:23:47'),
(382, 7, 194, NULL, 18, NULL, NULL, 1, 299.00, 299.00, NULL, NULL, NULL, '2025-02-19 13:42:14', '2025-02-19 13:42:14'),
(383, 7, 194, NULL, 182, NULL, NULL, 1, 125.00, 125.00, NULL, NULL, NULL, '2025-02-19 13:42:15', '2025-02-19 13:42:15'),
(384, 7, 194, NULL, 19, NULL, NULL, 1, 199.00, 199.00, NULL, NULL, NULL, '2025-02-19 13:42:15', '2025-02-19 13:42:15'),
(385, 7, 195, NULL, 32, NULL, NULL, 1, 125.00, 125.00, NULL, NULL, NULL, '2025-02-19 14:11:30', '2025-02-19 14:11:30'),
(386, 7, 195, NULL, 180, NULL, NULL, 1, 199.00, 199.00, NULL, NULL, NULL, '2025-02-19 14:11:30', '2025-02-19 14:11:30'),
(387, 7, 196, NULL, 17, NULL, NULL, 1, 199.00, 199.00, NULL, NULL, NULL, '2025-02-20 11:32:50', '2025-02-20 11:32:50'),
(388, 7, 196, NULL, 25, 32, NULL, 1, 199.00, 199.00, NULL, NULL, NULL, '2025-02-20 11:32:50', '2025-02-20 11:32:50'),
(389, 7, 197, NULL, 31, NULL, NULL, 1, 199.00, 199.00, NULL, NULL, NULL, '2025-02-20 11:33:25', '2025-02-20 11:33:25'),
(390, 7, 197, NULL, 179, NULL, NULL, 1, 125.00, 125.00, NULL, NULL, NULL, '2025-02-20 11:33:25', '2025-02-20 11:33:25'),
(391, 7, 198, NULL, 63, NULL, NULL, 1, 250.00, 250.00, NULL, NULL, NULL, '2025-02-20 11:33:49', '2025-02-20 11:33:49'),
(392, 7, 198, NULL, 64, NULL, NULL, 1, 275.00, 275.00, NULL, NULL, NULL, '2025-02-20 11:33:49', '2025-02-20 11:33:49'),
(393, 7, 199, NULL, 20, NULL, NULL, 1, 199.00, 199.00, NULL, NULL, NULL, '2025-02-20 13:57:52', '2025-02-20 13:57:52'),
(394, 7, 199, NULL, 28, 26, NULL, 1, 199.00, 199.00, NULL, NULL, NULL, '2025-02-20 13:57:52', '2025-02-20 13:57:52'),
(395, 7, 199, NULL, 180, NULL, NULL, 1, 199.00, 199.00, NULL, NULL, NULL, '2025-02-20 13:57:52', '2025-02-20 13:57:52'),
(396, 7, 200, NULL, 124, NULL, NULL, 1, 399.00, 399.00, NULL, NULL, NULL, '2025-02-20 14:44:28', '2025-02-20 14:44:28'),
(397, 7, 200, NULL, 130, NULL, NULL, 1, 325.00, 325.00, NULL, NULL, NULL, '2025-02-20 14:44:28', '2025-02-20 14:44:28'),
(398, 7, 200, NULL, 75, NULL, NULL, 1, 219.00, 219.00, NULL, NULL, NULL, '2025-02-20 14:44:28', '2025-02-20 14:44:28'),
(399, 7, 200, NULL, 80, NULL, NULL, 2, 50.00, 100.00, NULL, NULL, NULL, '2025-02-20 14:44:28', '2025-02-20 14:44:28'),
(400, 7, 200, NULL, 81, NULL, NULL, 1, 99.00, 99.00, NULL, NULL, NULL, '2025-02-20 14:44:28', '2025-02-20 14:44:28'),
(401, 7, 200, NULL, 83, NULL, NULL, 2, 99.00, 198.00, NULL, NULL, NULL, '2025-02-20 14:44:28', '2025-02-20 14:44:28'),
(402, 7, 200, NULL, 84, NULL, NULL, 1, 99.00, 99.00, NULL, NULL, NULL, '2025-02-20 14:44:28', '2025-02-20 14:44:28'),
(403, 7, 200, NULL, 87, NULL, NULL, 1, 299.00, 299.00, NULL, NULL, NULL, '2025-02-20 14:44:28', '2025-02-20 14:44:28'),
(404, 7, 200, NULL, 77, NULL, NULL, 2, 50.00, 100.00, NULL, NULL, NULL, '2025-02-20 14:44:28', '2025-02-20 14:44:28'),
(405, 7, 201, NULL, 17, NULL, NULL, 2, 199.00, 398.00, NULL, NULL, NULL, '2025-02-21 11:18:48', '2025-02-21 11:18:48'),
(406, 7, 202, NULL, 31, NULL, NULL, 1, 199.00, 199.00, NULL, NULL, NULL, '2025-02-21 12:04:48', '2025-02-21 12:04:48'),
(407, 7, 202, NULL, 179, NULL, NULL, 1, 125.00, 125.00, NULL, NULL, NULL, '2025-02-21 12:04:48', '2025-02-21 12:04:48'),
(408, 7, 203, NULL, 52, NULL, NULL, 1, 325.00, 325.00, NULL, NULL, NULL, '2025-02-21 12:07:53', '2025-02-21 12:07:53'),
(409, 7, 203, NULL, 112, NULL, NULL, 1, 399.00, 399.00, NULL, NULL, NULL, '2025-02-21 12:07:53', '2025-02-21 12:07:53'),
(410, 7, 203, NULL, 29, NULL, NULL, 1, 60.00, 60.00, NULL, NULL, NULL, '2025-02-21 12:07:53', '2025-02-21 12:07:53'),
(412, 7, 204, NULL, 17, NULL, NULL, 1, 199.00, 199.00, NULL, NULL, NULL, '2025-02-21 14:23:00', '2025-02-21 14:23:00'),
(413, 7, 204, NULL, 102, NULL, NULL, 1, 575.00, 575.00, NULL, NULL, NULL, '2025-02-21 14:23:00', '2025-02-21 14:23:00'),
(414, 7, 204, NULL, 133, NULL, NULL, 1, 575.00, 575.00, NULL, NULL, NULL, '2025-02-21 14:23:00', '2025-02-21 14:23:00'),
(415, 7, 204, NULL, 125, NULL, NULL, 1, 375.00, 375.00, NULL, NULL, NULL, '2025-02-21 14:23:00', '2025-02-21 14:23:00'),
(416, 7, 204, NULL, 77, NULL, NULL, 2, 50.00, 100.00, NULL, NULL, NULL, '2025-02-21 14:23:00', '2025-02-21 14:23:00'),
(417, 7, 204, NULL, 81, NULL, NULL, 2, 99.00, 198.00, NULL, NULL, NULL, '2025-02-21 14:23:00', '2025-02-21 14:23:00'),
(418, 7, 204, NULL, 79, NULL, NULL, 1, 99.00, 99.00, NULL, NULL, NULL, '2025-02-21 14:23:00', '2025-02-21 14:23:00'),
(419, 7, 204, NULL, 84, NULL, NULL, 1, 99.00, 99.00, NULL, NULL, NULL, '2025-02-21 14:23:00', '2025-02-21 14:23:00'),
(420, 7, 205, NULL, 31, NULL, NULL, 1, 199.00, 199.00, NULL, NULL, NULL, '2025-02-22 11:27:47', '2025-02-22 11:27:47'),
(421, 7, 205, NULL, 32, NULL, NULL, 1, 125.00, 125.00, NULL, NULL, NULL, '2025-02-22 11:27:47', '2025-02-22 11:27:47'),
(424, 7, 206, NULL, 179, NULL, NULL, 1, 125.00, 125.00, NULL, NULL, NULL, '2025-02-22 12:14:35', '2025-02-22 12:14:35'),
(425, 7, 206, NULL, 181, NULL, NULL, 1, 125.00, 125.00, NULL, NULL, NULL, '2025-02-22 12:14:35', '2025-02-22 12:14:35'),
(426, 7, 208, NULL, 31, NULL, NULL, 1, 199.00, 199.00, NULL, NULL, NULL, '2025-02-22 13:33:15', '2025-02-22 13:33:15'),
(427, 7, 208, NULL, 182, NULL, NULL, 1, 125.00, 125.00, NULL, NULL, NULL, '2025-02-22 13:33:15', '2025-02-22 13:33:15'),
(428, 7, 207, NULL, 21, NULL, NULL, 1, 199.00, 199.00, NULL, NULL, NULL, '2025-02-22 13:33:28', '2025-02-22 13:33:28'),
(429, 7, 207, NULL, 27, 28, NULL, 1, 199.00, 199.00, NULL, NULL, NULL, '2025-02-22 13:33:28', '2025-02-22 13:33:28'),
(430, 7, 209, NULL, 31, NULL, NULL, 1, 199.00, 199.00, NULL, NULL, NULL, '2025-02-23 09:10:35', '2025-02-23 09:10:35'),
(431, 7, 209, NULL, 32, NULL, NULL, 1, 125.00, 125.00, NULL, NULL, NULL, '2025-02-23 09:10:35', '2025-02-23 09:10:35'),
(432, 7, 210, NULL, 185, NULL, NULL, 4, 250.00, 1000.00, NULL, NULL, NULL, '2025-03-24 14:42:00', '2025-03-24 14:42:00'),
(433, 7, 210, NULL, 64, NULL, NULL, 5, 275.00, 1375.00, NULL, NULL, NULL, '2025-03-24 14:42:00', '2025-03-24 14:42:00'),
(434, 7, 210, NULL, 92, NULL, NULL, 3, 425.00, 1275.00, NULL, NULL, NULL, '2025-03-24 14:42:00', '2025-03-24 14:42:00'),
(435, 7, 210, NULL, 114, NULL, NULL, 2, 399.00, 798.00, NULL, NULL, NULL, '2025-03-24 14:42:00', '2025-03-24 14:42:00'),
(436, 7, 210, NULL, 113, NULL, NULL, 3, 399.00, 1197.00, NULL, NULL, NULL, '2025-03-24 14:42:00', '2025-03-24 14:42:00'),
(437, 7, 210, NULL, 103, 48, NULL, 2, 575.00, 1150.00, NULL, NULL, NULL, '2025-03-24 14:42:00', '2025-03-24 14:42:00'),
(438, 7, 210, NULL, 101, NULL, NULL, 1, 575.00, 575.00, NULL, NULL, NULL, '2025-03-24 14:42:00', '2025-03-24 14:42:00'),
(439, 7, 210, NULL, 129, NULL, NULL, 3, 325.00, 975.00, NULL, NULL, NULL, '2025-03-24 14:42:00', '2025-03-24 14:42:00'),
(440, 7, 210, NULL, 127, NULL, NULL, 2, 325.00, 650.00, NULL, NULL, NULL, '2025-03-24 14:42:00', '2025-03-24 14:42:00'),
(441, 7, 210, NULL, 81, NULL, NULL, 4, 99.00, 396.00, NULL, NULL, NULL, '2025-03-24 14:42:00', '2025-03-24 14:42:00'),
(442, 7, 210, NULL, 83, NULL, NULL, 4, 99.00, 396.00, NULL, NULL, NULL, '2025-03-24 14:42:00', '2025-03-24 14:42:00'),
(443, 7, 210, NULL, 77, NULL, NULL, 7, 50.00, 350.00, NULL, NULL, NULL, '2025-03-24 14:42:00', '2025-03-24 14:42:00'),
(444, 7, 210, NULL, 37, NULL, NULL, 9, 399.00, 3591.00, NULL, NULL, NULL, '2025-03-24 14:42:00', '2025-03-24 14:42:00'),
(445, 7, 210, NULL, 131, NULL, NULL, 2, 575.00, 1150.00, NULL, NULL, NULL, '2025-03-24 14:42:00', '2025-03-24 14:42:00'),
(446, 7, 210, NULL, 184, NULL, NULL, 4, 299.00, 1196.00, NULL, NULL, NULL, '2025-03-24 14:42:00', '2025-03-24 14:42:00'),
(447, 7, 212, NULL, 20, NULL, NULL, 1, 199.00, 199.00, NULL, NULL, NULL, '2025-04-05 11:36:35', '2025-04-05 11:36:35'),
(448, 7, 213, NULL, 20, NULL, NULL, 1, 199.00, 199.00, NULL, NULL, NULL, '2025-04-06 16:35:54', '2025-04-06 16:35:54'),
(449, 7, 213, NULL, 22, NULL, NULL, 1, 199.00, 199.00, NULL, NULL, NULL, '2025-04-06 16:35:54', '2025-04-06 16:35:54'),
(450, 7, 213, NULL, 23, NULL, NULL, 1, 199.00, 199.00, NULL, NULL, NULL, '2025-04-06 16:35:54', '2025-04-06 16:35:54'),
(451, 7, 213, NULL, 36, NULL, NULL, 1, 399.00, 399.00, NULL, NULL, NULL, '2025-04-06 16:35:54', '2025-04-06 16:35:54'),
(452, 7, 213, NULL, 37, NULL, NULL, 1, 399.00, 399.00, NULL, NULL, NULL, '2025-04-06 16:35:54', '2025-04-06 16:35:54'),
(453, 7, 213, NULL, 38, NULL, NULL, 1, 399.00, 399.00, NULL, NULL, NULL, '2025-04-06 16:35:54', '2025-04-06 16:35:54'),
(454, 7, 214, NULL, 20, NULL, NULL, 1, 199.00, 199.00, NULL, NULL, NULL, '2025-05-06 07:15:17', '2025-05-06 07:15:17'),
(455, 7, 214, NULL, 18, NULL, NULL, 1, 299.00, 299.00, NULL, NULL, NULL, '2025-05-06 07:15:17', '2025-05-06 07:15:17'),
(456, 7, 215, NULL, 87, NULL, NULL, 1, 299.00, 299.00, NULL, NULL, NULL, '2025-05-07 08:26:27', '2025-05-07 08:26:27'),
(457, 7, 215, NULL, 139, NULL, NULL, 1, 399.00, 399.00, NULL, NULL, NULL, '2025-05-07 08:26:27', '2025-05-07 08:26:27'),
(458, 7, 216, NULL, 87, NULL, NULL, 1, 299.00, 299.00, NULL, NULL, NULL, '2025-05-07 08:39:39', '2025-05-07 08:39:39'),
(459, 7, 216, NULL, 139, NULL, NULL, 1, 399.00, 399.00, NULL, NULL, NULL, '2025-05-07 08:39:39', '2025-05-07 08:39:39'),
(460, 7, 217, NULL, 131, NULL, NULL, 1, 575.00, 575.00, NULL, NULL, NULL, '2025-05-07 10:11:00', '2025-05-07 10:11:00'),
(461, 7, 217, NULL, 83, NULL, NULL, 1, 99.00, 99.00, NULL, NULL, NULL, '2025-05-07 10:11:00', '2025-05-07 10:11:00'),
(462, 7, 217, NULL, 77, NULL, NULL, 4, 50.00, 200.00, NULL, NULL, NULL, '2025-05-07 10:11:00', '2025-05-07 10:11:00'),
(463, 7, 217, NULL, 146, NULL, NULL, 1, 575.00, 575.00, NULL, NULL, NULL, '2025-05-07 10:11:00', '2025-05-07 10:11:00'),
(464, 3, 218, NULL, 4, NULL, NULL, 1, 25.00, 25.00, NULL, NULL, NULL, '2025-05-07 12:22:43', '2025-05-07 12:22:43'),
(465, 3, 218, NULL, 7, NULL, NULL, 1, 90.00, 90.00, NULL, NULL, NULL, '2025-05-07 12:22:43', '2025-05-07 12:22:43'),
(466, 3, 219, NULL, 4, NULL, NULL, 1, 25.00, 25.00, NULL, NULL, NULL, '2025-05-07 12:29:03', '2025-05-07 12:29:03'),
(467, 3, 220, NULL, 11, NULL, NULL, 1, 260.00, 260.00, NULL, NULL, NULL, '2025-05-07 12:29:40', '2025-05-07 12:29:40'),
(468, 3, 221, NULL, 7, NULL, NULL, 2, 90.00, 180.00, NULL, NULL, NULL, '2025-05-07 12:30:35', '2025-05-07 12:30:35'),
(469, 3, 221, NULL, 8, NULL, NULL, 1, 80.00, 80.00, NULL, NULL, NULL, '2025-05-07 12:30:35', '2025-05-07 12:30:35'),
(470, 7, 223, NULL, 18, NULL, NULL, 1, 299.00, 299.00, NULL, NULL, NULL, '2025-05-08 04:53:13', '2025-05-08 04:53:13'),
(471, 3, 224, NULL, 4, NULL, NULL, 1, 25.00, 25.00, NULL, NULL, NULL, '2025-05-08 05:10:16', '2025-05-08 05:10:16'),
(472, 3, 224, NULL, 3, NULL, NULL, 1, 180.00, 180.00, NULL, NULL, NULL, '2025-05-08 05:10:16', '2025-05-08 05:10:16'),
(473, 7, 225, NULL, 17, NULL, NULL, 1, 199.00, 199.00, NULL, NULL, NULL, '2025-05-08 06:11:32', '2025-05-08 06:11:32'),
(474, 7, 225, NULL, 19, NULL, NULL, 1, 199.00, 199.00, NULL, NULL, NULL, '2025-05-08 06:11:32', '2025-05-08 06:11:32'),
(482, 7, 227, NULL, 174, NULL, NULL, 2, 150.00, 300.00, NULL, NULL, NULL, '2025-05-08 08:22:08', '2025-05-08 08:22:08'),
(483, 7, 227, NULL, 23, NULL, NULL, 1, 199.00, 199.00, NULL, NULL, NULL, '2025-05-08 08:22:08', '2025-05-08 08:22:08'),
(484, 7, 227, NULL, 112, NULL, NULL, 2, 399.00, 798.00, NULL, NULL, NULL, '2025-05-08 08:22:08', '2025-05-08 08:22:08'),
(485, 7, 227, NULL, 129, NULL, NULL, 1, 325.00, 325.00, NULL, NULL, NULL, '2025-05-08 08:22:08', '2025-05-08 08:22:08'),
(486, 7, 227, NULL, 77, NULL, NULL, 5, 50.00, 250.00, NULL, NULL, NULL, '2025-05-08 08:22:08', '2025-05-08 08:22:08'),
(487, 7, 227, NULL, 79, NULL, NULL, 2, 99.00, 198.00, NULL, NULL, NULL, '2025-05-08 08:22:08', '2025-05-08 08:22:08'),
(488, 7, 227, NULL, 37, NULL, NULL, 1, 399.00, 399.00, NULL, NULL, NULL, '2025-05-08 08:22:08', '2025-05-08 08:22:08'),
(489, 7, 228, NULL, 204, NULL, NULL, 1, 575.00, 575.00, NULL, NULL, NULL, '2025-05-09 08:08:39', '2025-05-09 08:08:39'),
(490, 7, 228, NULL, 77, NULL, NULL, 3, 50.00, 150.00, NULL, NULL, NULL, '2025-05-09 08:08:39', '2025-05-09 08:08:39'),
(491, 7, 228, NULL, 37, NULL, NULL, 1, 399.00, 399.00, NULL, NULL, NULL, '2025-05-09 08:08:39', '2025-05-09 08:08:39'),
(492, 7, 229, NULL, 64, NULL, NULL, 1, 275.00, 275.00, NULL, NULL, NULL, '2025-05-09 11:12:10', '2025-05-09 11:12:10'),
(494, 7, 231, NULL, 208, NULL, NULL, 2, 199.00, 398.00, NULL, NULL, NULL, '2025-05-11 11:38:59', '2025-05-11 11:38:59'),
(495, 7, 231, NULL, 185, NULL, NULL, 1, 250.00, 250.00, NULL, NULL, NULL, '2025-05-11 11:38:59', '2025-05-11 11:38:59'),
(496, 7, 231, NULL, 209, NULL, NULL, 1, 399.00, 399.00, NULL, NULL, NULL, '2025-05-11 11:38:59', '2025-05-11 11:38:59'),
(497, 7, 231, NULL, 126, NULL, NULL, 1, 399.00, 399.00, NULL, NULL, NULL, '2025-05-11 11:38:59', '2025-05-11 11:38:59'),
(498, 7, 231, NULL, 207, NULL, NULL, 1, 299.00, 299.00, NULL, NULL, NULL, '2025-05-11 11:38:59', '2025-05-11 11:38:59'),
(499, 7, 231, NULL, 81, NULL, NULL, 4, 99.00, 396.00, NULL, NULL, NULL, '2025-05-11 11:38:59', '2025-05-11 11:38:59'),
(500, 7, 232, NULL, 63, NULL, NULL, 1, 250.00, 250.00, NULL, NULL, NULL, '2025-05-11 11:58:41', '2025-05-11 11:58:41'),
(501, 7, 233, NULL, 211, NULL, NULL, 1, 275.00, 275.00, NULL, NULL, NULL, '2025-05-11 16:15:51', '2025-05-11 16:15:51'),
(502, 7, 233, NULL, 185, NULL, NULL, 1, 250.00, 250.00, NULL, NULL, NULL, '2025-05-11 16:15:51', '2025-05-11 16:15:51'),
(503, 7, 233, NULL, 101, NULL, NULL, 1, 575.00, 575.00, NULL, NULL, NULL, '2025-05-11 16:15:51', '2025-05-11 16:15:51'),
(504, 7, 230, NULL, 185, NULL, NULL, 1, 250.00, 250.00, NULL, NULL, NULL, '2025-05-11 16:18:25', '2025-05-11 16:18:25'),
(505, 7, 230, NULL, 211, NULL, NULL, 1, 275.00, 275.00, NULL, NULL, NULL, '2025-05-11 16:18:25', '2025-05-11 16:18:25'),
(506, 7, 230, NULL, 102, NULL, NULL, 1, 575.00, 575.00, NULL, NULL, NULL, '2025-05-11 16:18:25', '2025-05-11 16:18:25'),
(507, 7, 234, NULL, 207, NULL, NULL, 1, 299.00, 299.00, NULL, NULL, NULL, '2025-05-13 07:48:09', '2025-05-13 07:48:09'),
(508, 7, 234, NULL, 212, NULL, NULL, 1, 575.00, 575.00, NULL, NULL, NULL, '2025-05-13 07:48:09', '2025-05-13 07:48:09'),
(509, 7, 235, NULL, 213, NULL, NULL, 1, 150.00, 150.00, NULL, NULL, NULL, '2025-05-14 12:27:26', '2025-05-14 12:27:26'),
(510, 7, 236, NULL, 208, NULL, NULL, 1, 199.00, 199.00, NULL, NULL, NULL, '2025-05-14 16:17:09', '2025-05-14 16:17:09'),
(511, 7, 236, NULL, 213, NULL, NULL, 1, 150.00, 150.00, NULL, NULL, NULL, '2025-05-14 16:17:09', '2025-05-14 16:17:09'),
(512, 7, 236, NULL, 214, NULL, NULL, 1, 199.00, 199.00, NULL, NULL, NULL, '2025-05-14 16:17:09', '2025-05-14 16:17:09'),
(513, 7, 236, NULL, 110, NULL, NULL, 1, 399.00, 399.00, NULL, NULL, NULL, '2025-05-14 16:17:09', '2025-05-14 16:17:09'),
(514, 7, 236, NULL, 206, NULL, NULL, 1, 575.00, 575.00, NULL, NULL, NULL, '2025-05-14 16:17:09', '2025-05-14 16:17:09'),
(515, 7, 236, NULL, 210, NULL, NULL, 1, 425.00, 425.00, NULL, NULL, NULL, '2025-05-14 16:17:09', '2025-05-14 16:17:09'),
(516, 7, 236, NULL, 190, NULL, NULL, 1, 575.00, 575.00, NULL, NULL, NULL, '2025-05-14 16:17:09', '2025-05-14 16:17:09'),
(517, 7, 236, NULL, 131, NULL, NULL, 1, 575.00, 575.00, NULL, NULL, NULL, '2025-05-14 16:17:09', '2025-05-14 16:17:09'),
(518, 7, 236, NULL, 215, NULL, NULL, 1, 325.00, 325.00, NULL, NULL, NULL, '2025-05-14 16:17:09', '2025-05-14 16:17:09'),
(519, 7, 236, NULL, 216, NULL, NULL, 1, 499.00, 499.00, NULL, NULL, NULL, '2025-05-14 16:17:09', '2025-05-14 16:17:09'),
(520, 7, 236, NULL, 77, NULL, NULL, 4, 50.00, 200.00, NULL, NULL, NULL, '2025-05-14 16:17:09', '2025-05-14 16:17:09'),
(521, 7, 236, NULL, 83, NULL, NULL, 2, 99.00, 198.00, NULL, NULL, NULL, '2025-05-14 16:17:09', '2025-05-14 16:17:09'),
(522, 7, 237, NULL, 208, NULL, NULL, 1, 199.00, 199.00, NULL, NULL, NULL, '2025-05-14 16:23:28', '2025-05-14 16:23:28'),
(523, 7, 237, NULL, 214, NULL, NULL, 1, 199.00, 199.00, NULL, NULL, NULL, '2025-05-14 16:23:28', '2025-05-14 16:23:28');
INSERT INTO `order_items` (`id`, `branch_id`, `order_id`, `transaction_id`, `menu_item_id`, `menu_item_variation_id`, `note`, `quantity`, `price`, `amount`, `tax_amount`, `tax_percentage`, `tax_breakup`, `created_at`, `updated_at`) VALUES
(524, 7, 237, NULL, 213, NULL, NULL, 1, 150.00, 150.00, NULL, NULL, NULL, '2025-05-14 16:23:28', '2025-05-14 16:23:28'),
(525, 7, 237, NULL, 205, NULL, NULL, 1, 399.00, 399.00, NULL, NULL, NULL, '2025-05-14 16:23:28', '2025-05-14 16:23:28'),
(526, 7, 237, NULL, 206, NULL, NULL, 1, 575.00, 575.00, NULL, NULL, NULL, '2025-05-14 16:23:28', '2025-05-14 16:23:28'),
(527, 7, 237, NULL, 210, NULL, NULL, 1, 425.00, 425.00, NULL, NULL, NULL, '2025-05-14 16:23:28', '2025-05-14 16:23:28'),
(528, 7, 237, NULL, 190, NULL, NULL, 1, 575.00, 575.00, NULL, NULL, NULL, '2025-05-14 16:23:28', '2025-05-14 16:23:28'),
(529, 7, 237, NULL, 131, NULL, NULL, 1, 575.00, 575.00, NULL, NULL, NULL, '2025-05-14 16:23:28', '2025-05-14 16:23:28'),
(530, 7, 237, NULL, 215, NULL, NULL, 1, 325.00, 325.00, NULL, NULL, NULL, '2025-05-14 16:23:28', '2025-05-14 16:23:28'),
(531, 7, 237, NULL, 216, NULL, NULL, 1, 499.00, 499.00, NULL, NULL, NULL, '2025-05-14 16:23:28', '2025-05-14 16:23:28'),
(532, 7, 237, NULL, 77, NULL, NULL, 4, 50.00, 200.00, NULL, NULL, NULL, '2025-05-14 16:23:28', '2025-05-14 16:23:28'),
(533, 7, 237, NULL, 83, NULL, NULL, 2, 99.00, 198.00, NULL, NULL, NULL, '2025-05-14 16:23:28', '2025-05-14 16:23:28'),
(534, 7, 238, NULL, 129, NULL, NULL, 1, 325.00, 325.00, NULL, NULL, NULL, '2025-05-16 10:30:56', '2025-05-16 10:30:56'),
(535, 7, 238, NULL, 83, NULL, NULL, 2, 99.00, 198.00, NULL, NULL, NULL, '2025-05-16 10:30:56', '2025-05-16 10:30:56'),
(536, 7, 239, NULL, 103, 48, NULL, 1, 575.00, 575.00, NULL, NULL, NULL, '2025-05-16 13:52:00', '2025-05-16 13:52:00'),
(537, 7, 239, NULL, 218, NULL, NULL, 1, 250.00, 250.00, NULL, NULL, NULL, '2025-05-16 13:52:00', '2025-05-16 13:52:00'),
(538, 7, 239, NULL, 79, NULL, NULL, 1, 99.00, 99.00, NULL, NULL, NULL, '2025-05-16 13:52:00', '2025-05-16 13:52:00'),
(539, 7, 240, NULL, 219, NULL, NULL, 19, 713.00, 13547.00, NULL, NULL, NULL, '2025-05-18 17:21:39', '2025-05-18 17:21:39'),
(540, 7, 241, NULL, 213, NULL, NULL, 9, 150.00, 1350.00, NULL, NULL, NULL, '2025-05-19 08:59:11', '2025-05-19 08:59:11'),
(541, 7, 241, NULL, 210, NULL, NULL, 2, 425.00, 850.00, NULL, NULL, NULL, '2025-05-19 08:59:11', '2025-05-19 08:59:11'),
(542, 7, 241, NULL, 109, NULL, NULL, 2, 425.00, 850.00, NULL, NULL, NULL, '2025-05-19 08:59:11', '2025-05-19 08:59:11'),
(543, 7, 242, NULL, 208, NULL, NULL, 1, 199.00, 199.00, NULL, NULL, NULL, '2025-05-19 16:21:30', '2025-05-19 16:21:30'),
(544, 7, 242, NULL, 206, NULL, NULL, 1, 575.00, 575.00, NULL, NULL, NULL, '2025-05-19 16:21:30', '2025-05-19 16:21:30'),
(545, 7, 242, NULL, 216, NULL, NULL, 1, 499.00, 499.00, NULL, NULL, NULL, '2025-05-19 16:21:30', '2025-05-19 16:21:30'),
(546, 7, 242, NULL, 129, NULL, NULL, 1, 325.00, 325.00, NULL, NULL, NULL, '2025-05-19 16:21:30', '2025-05-19 16:21:30'),
(547, 7, 242, NULL, 77, NULL, NULL, 2, 50.00, 100.00, NULL, NULL, NULL, '2025-05-19 16:21:30', '2025-05-19 16:21:30'),
(548, 7, 242, NULL, 81, NULL, NULL, 4, 99.00, 396.00, NULL, NULL, NULL, '2025-05-19 16:21:30', '2025-05-19 16:21:30'),
(549, 7, 242, NULL, 87, NULL, NULL, 1, 299.00, 299.00, NULL, NULL, NULL, '2025-05-19 16:21:30', '2025-05-19 16:21:30'),
(550, 7, 244, NULL, 129, NULL, NULL, 1, 325.00, 325.00, NULL, NULL, NULL, '2025-05-24 15:15:52', '2025-05-24 15:15:52'),
(551, 7, 244, NULL, 109, NULL, NULL, 1, 425.00, 425.00, NULL, NULL, NULL, '2025-05-24 15:15:52', '2025-05-24 15:15:52'),
(552, 7, 244, NULL, 77, NULL, NULL, 2, 50.00, 100.00, NULL, NULL, NULL, '2025-05-24 15:15:52', '2025-05-24 15:15:52'),
(553, 7, 245, NULL, 129, NULL, NULL, 1, 325.00, 325.00, NULL, NULL, NULL, '2025-05-24 16:07:20', '2025-05-24 16:07:20'),
(554, 7, 245, NULL, 204, NULL, NULL, 1, 575.00, 575.00, NULL, NULL, NULL, '2025-05-24 16:07:20', '2025-05-24 16:07:20'),
(555, 7, 245, NULL, 126, NULL, NULL, 1, 399.00, 399.00, NULL, NULL, NULL, '2025-05-24 16:07:20', '2025-05-24 16:07:20'),
(556, 7, 245, NULL, 77, NULL, NULL, 6, 50.00, 300.00, NULL, NULL, NULL, '2025-05-24 16:07:20', '2025-05-24 16:07:20'),
(557, 7, 245, NULL, 79, NULL, NULL, 1, 99.00, 99.00, NULL, NULL, NULL, '2025-05-24 16:07:20', '2025-05-24 16:07:20'),
(558, 7, 243, NULL, 29, NULL, NULL, 3, 60.00, 180.00, NULL, NULL, NULL, '2025-05-24 16:09:21', '2025-05-24 16:09:21'),
(559, 7, 243, NULL, 63, NULL, NULL, 1, 250.00, 250.00, NULL, NULL, NULL, '2025-05-24 16:09:21', '2025-05-24 16:09:21'),
(560, 7, 243, NULL, 67, NULL, NULL, 1, 250.00, 250.00, NULL, NULL, NULL, '2025-05-24 16:09:21', '2025-05-24 16:09:21'),
(561, 7, 243, NULL, 213, NULL, NULL, 1, 150.00, 150.00, NULL, NULL, NULL, '2025-05-24 16:09:21', '2025-05-24 16:09:21'),
(562, 7, 243, NULL, 174, NULL, NULL, 3, 150.00, 450.00, NULL, NULL, NULL, '2025-05-24 16:09:21', '2025-05-24 16:09:21'),
(563, 7, 243, NULL, 112, NULL, NULL, 1, 399.00, 399.00, NULL, NULL, NULL, '2025-05-24 16:09:21', '2025-05-24 16:09:21'),
(564, 7, 243, NULL, 92, NULL, NULL, 1, 425.00, 425.00, NULL, NULL, NULL, '2025-05-24 16:09:21', '2025-05-24 16:09:21'),
(565, 7, 243, NULL, 220, NULL, NULL, 1, 199.00, 199.00, NULL, NULL, NULL, '2025-05-24 16:09:21', '2025-05-24 16:09:21'),
(566, 7, 243, NULL, 206, NULL, NULL, 1, 575.00, 575.00, NULL, NULL, NULL, '2025-05-24 16:09:21', '2025-05-24 16:09:21'),
(567, 7, 243, NULL, 109, NULL, NULL, 1, 425.00, 425.00, NULL, NULL, NULL, '2025-05-24 16:09:21', '2025-05-24 16:09:21'),
(568, 7, 243, NULL, 209, NULL, NULL, 1, 399.00, 399.00, NULL, NULL, NULL, '2025-05-24 16:09:21', '2025-05-24 16:09:21'),
(569, 7, 246, NULL, 208, NULL, NULL, 1, 199.00, 199.00, NULL, NULL, NULL, '2025-05-28 16:34:10', '2025-05-28 16:34:10'),
(570, 7, 246, NULL, 221, NULL, NULL, 2, 150.00, 300.00, NULL, NULL, NULL, '2025-05-28 16:34:10', '2025-05-28 16:34:10'),
(571, 7, 246, NULL, 102, NULL, NULL, 1, 575.00, 575.00, NULL, NULL, NULL, '2025-05-28 16:34:10', '2025-05-28 16:34:10'),
(572, 7, 246, NULL, 216, NULL, NULL, 1, 499.00, 499.00, NULL, NULL, NULL, '2025-05-28 16:34:10', '2025-05-28 16:34:10'),
(573, 7, 246, NULL, 204, NULL, NULL, 1, 575.00, 575.00, NULL, NULL, NULL, '2025-05-28 16:34:10', '2025-05-28 16:34:10'),
(574, 7, 246, NULL, 129, NULL, NULL, 1, 325.00, 325.00, NULL, NULL, NULL, '2025-05-28 16:34:10', '2025-05-28 16:34:10'),
(575, 7, 246, NULL, 77, NULL, NULL, 3, 50.00, 150.00, NULL, NULL, NULL, '2025-05-28 16:34:10', '2025-05-28 16:34:10'),
(576, 7, 246, NULL, 84, NULL, NULL, 2, 99.00, 198.00, NULL, NULL, NULL, '2025-05-28 16:34:10', '2025-05-28 16:34:10'),
(577, 7, 246, NULL, 83, NULL, NULL, 2, 99.00, 198.00, NULL, NULL, NULL, '2025-05-28 16:34:10', '2025-05-28 16:34:10'),
(578, 7, 247, NULL, 218, NULL, NULL, 1, 250.00, 250.00, NULL, NULL, NULL, '2025-06-01 09:33:03', '2025-06-01 09:33:03'),
(579, 7, 248, NULL, 221, NULL, NULL, 2, 150.00, 300.00, NULL, NULL, NULL, '2025-06-04 09:02:12', '2025-06-04 09:02:12'),
(580, 7, 249, NULL, 222, NULL, NULL, 1, 390.00, 390.00, NULL, NULL, NULL, '2025-06-04 09:10:30', '2025-06-04 09:10:30'),
(581, 7, 250, NULL, 221, NULL, NULL, 4, 150.00, 600.00, NULL, NULL, NULL, '2025-06-06 16:49:28', '2025-06-06 16:49:28'),
(582, 7, 250, NULL, 114, NULL, NULL, 1, 399.00, 399.00, NULL, NULL, NULL, '2025-06-06 16:49:28', '2025-06-06 16:49:28'),
(583, 7, 250, NULL, 206, NULL, NULL, 1, 575.00, 575.00, NULL, NULL, NULL, '2025-06-06 16:49:28', '2025-06-06 16:49:28'),
(584, 7, 250, NULL, 204, NULL, NULL, 1, 575.00, 575.00, NULL, NULL, NULL, '2025-06-06 16:49:28', '2025-06-06 16:49:28'),
(585, 7, 250, NULL, 139, NULL, NULL, 1, 399.00, 399.00, NULL, NULL, NULL, '2025-06-06 16:49:28', '2025-06-06 16:49:28'),
(586, 7, 250, NULL, 83, NULL, NULL, 3, 99.00, 297.00, NULL, NULL, NULL, '2025-06-06 16:49:28', '2025-06-06 16:49:28'),
(587, 7, 250, NULL, 77, NULL, NULL, 2, 50.00, 100.00, NULL, NULL, NULL, '2025-06-06 16:49:28', '2025-06-06 16:49:28'),
(588, 7, 250, NULL, 81, NULL, NULL, 2, 99.00, 198.00, NULL, NULL, NULL, '2025-06-06 16:49:28', '2025-06-06 16:49:28'),
(589, 7, 251, NULL, 57, NULL, NULL, 2, 285.00, 570.00, NULL, NULL, NULL, '2025-06-07 07:43:36', '2025-06-07 07:43:36'),
(590, 7, 251, NULL, 218, NULL, NULL, 1, 250.00, 250.00, NULL, NULL, NULL, '2025-06-07 07:43:36', '2025-06-07 07:43:36'),
(591, 7, 251, NULL, 185, NULL, NULL, 2, 250.00, 500.00, NULL, NULL, NULL, '2025-06-07 07:43:36', '2025-06-07 07:43:36'),
(592, 7, 251, NULL, 126, NULL, NULL, 1, 399.00, 399.00, NULL, NULL, NULL, '2025-06-07 07:43:36', '2025-06-07 07:43:36'),
(593, 7, 251, NULL, 83, NULL, NULL, 1, 99.00, 99.00, NULL, NULL, NULL, '2025-06-07 07:43:36', '2025-06-07 07:43:36'),
(594, 7, 252, NULL, 57, NULL, NULL, 2, 285.00, 570.00, NULL, NULL, NULL, '2025-06-07 07:47:12', '2025-06-07 07:47:12'),
(595, 7, 252, NULL, 218, NULL, NULL, 1, 250.00, 250.00, NULL, NULL, NULL, '2025-06-07 07:47:12', '2025-06-07 07:47:12'),
(596, 7, 252, NULL, 185, NULL, NULL, 2, 250.00, 500.00, NULL, NULL, NULL, '2025-06-07 07:47:12', '2025-06-07 07:47:12'),
(597, 7, 252, NULL, 126, NULL, NULL, 1, 399.00, 399.00, NULL, NULL, NULL, '2025-06-07 07:47:12', '2025-06-07 07:47:12'),
(598, 7, 252, NULL, 83, NULL, NULL, 1, 99.00, 99.00, NULL, NULL, NULL, '2025-06-07 07:47:12', '2025-06-07 07:47:12'),
(607, 7, 253, NULL, 214, NULL, NULL, 1, 199.00, 199.00, NULL, NULL, NULL, '2025-06-07 09:51:17', '2025-06-07 09:51:17'),
(608, 7, 253, NULL, 208, NULL, NULL, 3, 199.00, 597.00, NULL, NULL, NULL, '2025-06-07 09:51:17', '2025-06-07 09:51:17'),
(609, 7, 253, NULL, 173, NULL, NULL, 1, 199.00, 199.00, NULL, NULL, NULL, '2025-06-07 09:51:17', '2025-06-07 09:51:17'),
(610, 7, 253, NULL, 113, NULL, NULL, 1, 399.00, 399.00, NULL, NULL, NULL, '2025-06-07 09:51:17', '2025-06-07 09:51:17'),
(611, 7, 253, NULL, 114, NULL, NULL, 1, 399.00, 399.00, NULL, NULL, NULL, '2025-06-07 09:51:17', '2025-06-07 09:51:17'),
(612, 7, 253, NULL, 109, NULL, NULL, 2, 425.00, 850.00, NULL, NULL, NULL, '2025-06-07 09:51:17', '2025-06-07 09:51:17'),
(613, 7, 253, NULL, 213, NULL, NULL, 1, 150.00, 150.00, NULL, NULL, NULL, '2025-06-07 09:51:17', '2025-06-07 09:51:17'),
(614, 7, 253, NULL, 222, NULL, NULL, 1, 390.00, 390.00, NULL, NULL, NULL, '2025-06-07 09:51:17', '2025-06-07 09:51:17'),
(615, 7, 253, NULL, 22, NULL, NULL, 2, 199.00, 398.00, NULL, NULL, NULL, '2025-06-07 09:51:17', '2025-06-07 09:51:17'),
(616, 7, 253, NULL, 49, NULL, NULL, 1, 299.00, 299.00, NULL, NULL, NULL, '2025-06-07 09:51:17', '2025-06-07 09:51:17'),
(617, 7, 253, NULL, 209, NULL, NULL, 1, 399.00, 399.00, NULL, NULL, NULL, '2025-06-07 09:51:17', '2025-06-07 09:51:17'),
(618, 7, 254, NULL, 103, 48, NULL, 1, 575.00, 575.00, NULL, NULL, NULL, '2025-06-07 16:30:44', '2025-06-07 16:30:44'),
(619, 7, 254, NULL, 109, NULL, NULL, 1, 425.00, 425.00, NULL, NULL, NULL, '2025-06-07 16:30:44', '2025-06-07 16:30:44'),
(620, 7, 254, NULL, 204, NULL, NULL, 1, 575.00, 575.00, NULL, NULL, NULL, '2025-06-07 16:30:44', '2025-06-07 16:30:44'),
(621, 7, 254, NULL, 77, NULL, NULL, 4, 50.00, 200.00, NULL, NULL, NULL, '2025-06-07 16:30:44', '2025-06-07 16:30:44'),
(622, 7, 255, NULL, 75, NULL, NULL, 1, 219.00, 219.00, NULL, NULL, NULL, '2025-06-08 08:51:25', '2025-06-08 08:51:25'),
(623, 7, 255, NULL, 79, NULL, NULL, 1, 99.00, 99.00, NULL, NULL, NULL, '2025-06-08 08:51:25', '2025-06-08 08:51:25'),
(624, 7, 255, NULL, 211, NULL, NULL, 1, 275.00, 275.00, NULL, NULL, NULL, '2025-06-08 08:51:25', '2025-06-08 08:51:25'),
(625, 7, 256, NULL, 130, NULL, NULL, 1, 325.00, 325.00, NULL, NULL, NULL, '2025-06-08 09:38:45', '2025-06-08 09:38:45'),
(626, 7, 256, NULL, 126, NULL, NULL, 1, 399.00, 399.00, NULL, NULL, NULL, '2025-06-08 09:38:46', '2025-06-08 09:38:46'),
(627, 7, 256, NULL, 81, NULL, NULL, 4, 99.00, 396.00, NULL, NULL, NULL, '2025-06-08 09:38:46', '2025-06-08 09:38:46'),
(628, 7, 257, NULL, 223, NULL, NULL, 1, 275.00, 275.00, NULL, NULL, NULL, '2025-06-08 10:33:28', '2025-06-08 10:33:28'),
(629, 7, 257, NULL, 131, NULL, NULL, 1, 575.00, 575.00, NULL, NULL, NULL, '2025-06-08 10:33:28', '2025-06-08 10:33:28'),
(630, 7, 257, NULL, 77, NULL, NULL, 2, 50.00, 100.00, NULL, NULL, NULL, '2025-06-08 10:33:28', '2025-06-08 10:33:28'),
(631, 7, 257, NULL, 77, NULL, NULL, 3, 50.00, 150.00, NULL, NULL, NULL, '2025-06-08 10:33:28', '2025-06-08 10:33:28'),
(632, 3, 258, NULL, 4, NULL, NULL, 1, 25.00, 25.00, NULL, NULL, NULL, '2025-06-09 05:06:18', '2025-06-09 05:06:18'),
(633, 3, 258, NULL, 5, NULL, NULL, 1, 40.00, 40.00, NULL, NULL, NULL, '2025-06-09 05:06:18', '2025-06-09 05:06:18'),
(634, 3, 259, NULL, 2, NULL, NULL, 1, 250.00, 250.00, NULL, NULL, NULL, '2025-06-09 05:35:51', '2025-06-09 05:35:51'),
(635, 3, 259, NULL, 3, NULL, NULL, 1, 180.00, 180.00, NULL, NULL, NULL, '2025-06-09 05:35:51', '2025-06-09 05:35:51'),
(636, 7, 261, NULL, 103, 48, NULL, 1, 575.00, 575.00, NULL, NULL, NULL, '2025-06-09 15:43:47', '2025-06-09 15:43:47'),
(637, 7, 261, NULL, 102, NULL, NULL, 1, 575.00, 575.00, NULL, NULL, NULL, '2025-06-09 15:43:47', '2025-06-09 15:43:47'),
(638, 7, 261, NULL, 81, NULL, NULL, 2, 99.00, 198.00, NULL, NULL, NULL, '2025-06-09 15:43:47', '2025-06-09 15:43:47'),
(639, 3, 263, NULL, 5, NULL, NULL, 1, 40.00, 40.00, NULL, NULL, NULL, '2025-06-11 17:08:29', '2025-06-11 17:08:29'),
(640, 7, 264, NULL, 53, NULL, NULL, 1, 299.00, 299.00, NULL, NULL, NULL, '2025-06-12 16:51:52', '2025-06-12 16:51:52'),
(641, 7, 265, NULL, 208, NULL, NULL, 6, 199.00, 1194.00, NULL, NULL, NULL, '2025-06-12 20:37:41', '2025-06-12 20:37:41'),
(642, 7, 265, NULL, 67, NULL, NULL, 1, 250.00, 250.00, NULL, NULL, NULL, '2025-06-12 20:37:41', '2025-06-12 20:37:41'),
(643, 7, 265, NULL, 114, NULL, NULL, 2, 399.00, 798.00, NULL, NULL, NULL, '2025-06-12 20:37:41', '2025-06-12 20:37:41'),
(644, 7, 265, NULL, 92, NULL, NULL, 2, 425.00, 850.00, NULL, NULL, NULL, '2025-06-12 20:37:41', '2025-06-12 20:37:41'),
(645, 7, 265, NULL, 122, NULL, NULL, 2, 399.00, 798.00, NULL, NULL, NULL, '2025-06-12 20:37:41', '2025-06-12 20:37:41'),
(646, 7, 265, NULL, 139, NULL, NULL, 1, 399.00, 399.00, NULL, NULL, NULL, '2025-06-12 20:37:41', '2025-06-12 20:37:41'),
(647, 7, 265, NULL, 126, NULL, NULL, 1, 399.00, 399.00, NULL, NULL, NULL, '2025-06-12 20:37:41', '2025-06-12 20:37:41'),
(648, 7, 265, NULL, 85, NULL, NULL, 2, 150.00, 300.00, NULL, NULL, NULL, '2025-06-12 20:37:41', '2025-06-12 20:37:41'),
(649, 7, 265, NULL, 81, NULL, NULL, 3, 99.00, 297.00, NULL, NULL, NULL, '2025-06-12 20:37:41', '2025-06-12 20:37:41'),
(650, 7, 265, NULL, 77, NULL, NULL, 2, 50.00, 100.00, NULL, NULL, NULL, '2025-06-12 20:37:41', '2025-06-12 20:37:41'),
(651, 7, 266, NULL, 77, NULL, NULL, 4, 50.00, 200.00, NULL, NULL, NULL, '2025-06-13 19:49:47', '2025-06-13 19:49:47'),
(652, 7, 266, NULL, 81, NULL, NULL, 4, 99.00, 396.00, NULL, NULL, NULL, '2025-06-13 19:49:47', '2025-06-13 19:49:47'),
(653, 7, 266, NULL, 83, NULL, NULL, 4, 99.00, 396.00, NULL, NULL, NULL, '2025-06-13 19:49:47', '2025-06-13 19:49:47'),
(654, 7, 267, NULL, 112, NULL, NULL, 1, 399.00, 399.00, NULL, NULL, NULL, '2025-06-15 20:31:02', '2025-06-15 20:31:02'),
(655, 7, 267, NULL, 221, NULL, NULL, 1, 150.00, 150.00, NULL, NULL, NULL, '2025-06-15 20:31:02', '2025-06-15 20:31:02'),
(656, 7, 267, NULL, 218, NULL, NULL, 1, 250.00, 250.00, NULL, NULL, NULL, '2025-06-15 20:31:02', '2025-06-15 20:31:02'),
(657, 7, 268, NULL, 103, 49, NULL, 1, 999.00, 999.00, NULL, NULL, NULL, '2025-06-15 21:23:05', '2025-06-15 21:23:05'),
(658, 7, 268, NULL, 131, NULL, NULL, 2, 575.00, 1150.00, NULL, NULL, NULL, '2025-06-15 21:23:05', '2025-06-15 21:23:05'),
(659, 7, 268, NULL, 129, NULL, NULL, 1, 325.00, 325.00, NULL, NULL, NULL, '2025-06-15 21:23:05', '2025-06-15 21:23:05'),
(660, 7, 268, NULL, 77, NULL, NULL, 4, 50.00, 200.00, NULL, NULL, NULL, '2025-06-15 21:23:05', '2025-06-15 21:23:05'),
(661, 7, 268, NULL, 81, NULL, NULL, 5, 99.00, 495.00, NULL, NULL, NULL, '2025-06-15 21:23:05', '2025-06-15 21:23:05'),
(662, 7, 269, NULL, 174, NULL, NULL, 4, 150.00, 600.00, NULL, NULL, NULL, '2025-06-15 22:45:31', '2025-06-15 22:45:31'),
(663, 7, 269, NULL, 210, NULL, NULL, 1, 425.00, 425.00, NULL, NULL, NULL, '2025-06-15 22:45:31', '2025-06-15 22:45:31'),
(664, 7, 269, NULL, 112, NULL, NULL, 1, 399.00, 399.00, NULL, NULL, NULL, '2025-06-15 22:45:31', '2025-06-15 22:45:31'),
(665, 7, 269, NULL, 57, NULL, NULL, 1, 285.00, 285.00, NULL, NULL, NULL, '2025-06-15 22:45:31', '2025-06-15 22:45:31'),
(666, 7, 269, NULL, 129, NULL, NULL, 1, 325.00, 325.00, NULL, NULL, NULL, '2025-06-15 22:45:31', '2025-06-15 22:45:31'),
(667, 7, 269, NULL, 122, NULL, NULL, 1, 399.00, 399.00, NULL, NULL, NULL, '2025-06-15 22:45:31', '2025-06-15 22:45:31'),
(668, 7, 269, NULL, 81, NULL, NULL, 4, 99.00, 396.00, NULL, NULL, NULL, '2025-06-15 22:45:31', '2025-06-15 22:45:31'),
(669, 7, 269, NULL, 129, NULL, NULL, 1, 325.00, 325.00, NULL, NULL, NULL, '2025-06-15 22:45:31', '2025-06-15 22:45:31'),
(670, 7, 269, NULL, 81, NULL, NULL, 1, 99.00, 99.00, NULL, NULL, NULL, '2025-06-15 22:45:31', '2025-06-15 22:45:31'),
(671, 7, 270, NULL, 210, NULL, NULL, 1, 425.00, 425.00, NULL, NULL, NULL, '2025-06-18 22:08:25', '2025-06-18 22:08:25'),
(672, 7, 270, NULL, 129, NULL, NULL, 1, 325.00, 325.00, NULL, NULL, NULL, '2025-06-18 22:08:25', '2025-06-18 22:08:25'),
(673, 7, 270, NULL, 77, NULL, NULL, 3, 50.00, 150.00, NULL, NULL, NULL, '2025-06-18 22:08:25', '2025-06-18 22:08:25'),
(674, 7, 271, NULL, 210, NULL, NULL, 1, 425.00, 425.00, NULL, NULL, NULL, '2025-06-20 12:24:16', '2025-06-20 12:24:16'),
(675, 7, 271, NULL, 130, NULL, NULL, 1, 325.00, 325.00, NULL, NULL, NULL, '2025-06-20 12:24:16', '2025-06-20 12:24:16'),
(676, 7, 271, NULL, 77, NULL, NULL, 2, 50.00, 100.00, NULL, NULL, NULL, '2025-06-20 12:24:16', '2025-06-20 12:24:16'),
(677, 7, 272, NULL, 131, NULL, NULL, 1, 575.00, 575.00, NULL, NULL, NULL, '2025-06-20 13:26:40', '2025-06-20 13:26:40'),
(678, 7, 272, NULL, 77, NULL, NULL, 5, 50.00, 250.00, NULL, NULL, NULL, '2025-06-20 13:26:40', '2025-06-20 13:26:40'),
(679, 7, 273, NULL, 208, NULL, NULL, 6, 199.00, 1194.00, NULL, NULL, NULL, '2025-06-21 14:44:48', '2025-06-21 14:44:48'),
(680, 7, 273, NULL, 114, NULL, NULL, 2, 399.00, 798.00, NULL, NULL, NULL, '2025-06-21 14:44:48', '2025-06-21 14:44:48'),
(681, 7, 273, NULL, 208, NULL, NULL, 2, 199.00, 398.00, NULL, NULL, NULL, '2025-06-21 14:44:48', '2025-06-21 14:44:48'),
(682, 7, 273, NULL, 110, NULL, NULL, 2, 399.00, 798.00, NULL, NULL, NULL, '2025-06-21 14:44:48', '2025-06-21 14:44:48'),
(683, 7, 273, NULL, 131, NULL, NULL, 2, 575.00, 1150.00, NULL, NULL, NULL, '2025-06-21 14:44:48', '2025-06-21 14:44:48'),
(684, 7, 273, NULL, 129, NULL, NULL, 2, 325.00, 650.00, NULL, NULL, NULL, '2025-06-21 14:44:48', '2025-06-21 14:44:48'),
(685, 7, 273, NULL, 127, NULL, NULL, 2, 325.00, 650.00, NULL, NULL, NULL, '2025-06-21 14:44:48', '2025-06-21 14:44:48'),
(686, 7, 273, NULL, 77, NULL, NULL, 5, 50.00, 250.00, NULL, NULL, NULL, '2025-06-21 14:44:48', '2025-06-21 14:44:48'),
(687, 7, 273, NULL, 79, NULL, NULL, 7, 99.00, 693.00, NULL, NULL, NULL, '2025-06-21 14:44:48', '2025-06-21 14:44:48'),
(688, 7, 273, NULL, 83, NULL, NULL, 7, 99.00, 693.00, NULL, NULL, NULL, '2025-06-21 14:44:48', '2025-06-21 14:44:48'),
(689, 7, 273, NULL, 75, NULL, NULL, 3, 219.00, 657.00, NULL, NULL, NULL, '2025-06-21 14:44:48', '2025-06-21 14:44:48'),
(690, 7, 273, NULL, 33, 51, NULL, 7, 225.00, 1575.00, NULL, NULL, NULL, '2025-06-21 14:44:48', '2025-06-21 14:44:48'),
(691, 7, 274, NULL, 218, NULL, NULL, 1, 250.00, 250.00, NULL, NULL, NULL, '2025-06-21 21:44:25', '2025-06-21 21:44:25'),
(692, 7, 274, NULL, 130, NULL, NULL, 1, 325.00, 325.00, NULL, NULL, NULL, '2025-06-21 21:44:25', '2025-06-21 21:44:25'),
(693, 7, 274, NULL, 77, NULL, NULL, 3, 50.00, 150.00, NULL, NULL, NULL, '2025-06-21 21:44:25', '2025-06-21 21:44:25'),
(694, 7, 274, NULL, 81, NULL, NULL, 1, 99.00, 99.00, NULL, NULL, NULL, '2025-06-21 21:44:25', '2025-06-21 21:44:25'),
(695, 7, 275, NULL, 176, NULL, NULL, 4, 220.00, 880.00, NULL, NULL, NULL, '2025-06-22 12:21:10', '2025-06-22 12:21:10'),
(696, 7, 277, NULL, 176, NULL, NULL, 10, 220.00, 2200.00, NULL, NULL, NULL, '2025-06-26 19:39:04', '2025-06-26 19:39:04'),
(697, 7, 277, NULL, 222, NULL, NULL, 1, 390.00, 390.00, NULL, NULL, NULL, '2025-06-26 19:39:04', '2025-06-26 19:39:04'),
(698, 7, 277, NULL, 92, NULL, NULL, 1, 425.00, 425.00, NULL, NULL, NULL, '2025-06-26 19:39:04', '2025-06-26 19:39:04'),
(699, 7, 277, NULL, 112, NULL, NULL, 1, 399.00, 399.00, NULL, NULL, NULL, '2025-06-26 19:39:04', '2025-06-26 19:39:04'),
(700, 7, 278, NULL, 221, NULL, NULL, 1, 150.00, 150.00, NULL, NULL, NULL, '2025-06-27 13:20:56', '2025-06-27 13:20:56'),
(701, 7, 279, NULL, 190, NULL, NULL, 1, 575.00, 575.00, NULL, NULL, NULL, '2025-06-27 21:29:09', '2025-06-27 21:29:09'),
(702, 7, 279, NULL, 109, NULL, NULL, 1, 425.00, 425.00, NULL, NULL, NULL, '2025-06-27 21:29:09', '2025-06-27 21:29:09'),
(703, 7, 279, NULL, 213, NULL, NULL, 1, 150.00, 150.00, NULL, NULL, NULL, '2025-06-27 21:29:09', '2025-06-27 21:29:09'),
(704, 7, 280, NULL, 23, NULL, NULL, 2, 199.00, 398.00, NULL, NULL, NULL, '2025-06-28 21:59:19', '2025-06-28 21:59:19'),
(705, 7, 280, NULL, 218, NULL, NULL, 1, 250.00, 250.00, NULL, NULL, NULL, '2025-06-28 21:59:19', '2025-06-28 21:59:19'),
(706, 7, 280, NULL, 67, NULL, NULL, 2, 250.00, 500.00, NULL, NULL, NULL, '2025-06-28 21:59:19', '2025-06-28 21:59:19'),
(707, 7, 280, NULL, 92, NULL, NULL, 1, 425.00, 425.00, NULL, NULL, NULL, '2025-06-28 21:59:19', '2025-06-28 21:59:19'),
(708, 7, 280, NULL, 208, NULL, NULL, 2, 199.00, 398.00, NULL, NULL, NULL, '2025-06-28 21:59:19', '2025-06-28 21:59:19'),
(709, 7, 280, NULL, 226, NULL, NULL, 1, 399.00, 399.00, NULL, NULL, NULL, '2025-06-28 21:59:19', '2025-06-28 21:59:19'),
(710, 7, 281, NULL, 215, NULL, NULL, 1, 325.00, 325.00, NULL, NULL, NULL, '2025-06-28 22:01:15', '2025-06-28 22:01:15'),
(711, 7, 281, NULL, 38, NULL, NULL, 1, 399.00, 399.00, NULL, NULL, NULL, '2025-06-28 22:01:15', '2025-06-28 22:01:15'),
(712, 7, 281, NULL, 29, NULL, NULL, 1, 60.00, 60.00, NULL, NULL, NULL, '2025-06-28 22:01:15', '2025-06-28 22:01:15'),
(713, 7, 282, NULL, 23, NULL, NULL, 3, 199.00, 597.00, NULL, NULL, NULL, '2025-06-29 15:50:35', '2025-06-29 15:50:35'),
(714, 7, 282, NULL, 26, 30, NULL, 3, 199.00, 597.00, NULL, NULL, NULL, '2025-06-29 15:50:35', '2025-06-29 15:50:35'),
(715, 7, 282, NULL, 221, NULL, NULL, 1, 150.00, 150.00, NULL, NULL, NULL, '2025-06-29 15:50:35', '2025-06-29 15:50:35'),
(716, 7, 282, NULL, 22, NULL, NULL, 6, 199.00, 1194.00, NULL, NULL, NULL, '2025-06-29 15:50:35', '2025-06-29 15:50:35'),
(717, 7, 282, NULL, 129, NULL, NULL, 3, 325.00, 975.00, NULL, NULL, NULL, '2025-06-29 15:50:35', '2025-06-29 15:50:35'),
(718, 7, 282, NULL, 131, NULL, NULL, 2, 575.00, 1150.00, NULL, NULL, NULL, '2025-06-29 15:50:35', '2025-06-29 15:50:35'),
(719, 7, 282, NULL, 126, NULL, NULL, 2, 399.00, 798.00, NULL, NULL, NULL, '2025-06-29 15:50:35', '2025-06-29 15:50:35'),
(720, 7, 282, NULL, 215, NULL, NULL, 1, 325.00, 325.00, NULL, NULL, NULL, '2025-06-29 15:50:35', '2025-06-29 15:50:35'),
(721, 7, 282, NULL, 207, NULL, NULL, 1, 299.00, 299.00, NULL, NULL, NULL, '2025-06-29 15:50:35', '2025-06-29 15:50:35'),
(722, 7, 282, NULL, 81, NULL, NULL, 6, 99.00, 594.00, NULL, NULL, NULL, '2025-06-29 15:50:35', '2025-06-29 15:50:35'),
(723, 7, 282, NULL, 77, NULL, NULL, 8, 50.00, 400.00, NULL, NULL, NULL, '2025-06-29 15:50:35', '2025-06-29 15:50:35'),
(724, 7, 282, NULL, 83, NULL, NULL, 2, 99.00, 198.00, NULL, NULL, NULL, '2025-06-29 15:50:35', '2025-06-29 15:50:35'),
(725, 7, 283, NULL, 221, NULL, NULL, 2, 150.00, 300.00, NULL, NULL, NULL, '2025-07-01 14:17:27', '2025-07-01 14:17:27'),
(726, 7, 283, NULL, 87, NULL, NULL, 1, 299.00, 299.00, NULL, NULL, NULL, '2025-07-01 14:17:28', '2025-07-01 14:17:28'),
(727, 7, 283, NULL, 75, NULL, NULL, 1, 219.00, 219.00, NULL, NULL, NULL, '2025-07-01 14:17:28', '2025-07-01 14:17:28'),
(728, 7, 284, NULL, 227, NULL, NULL, 15, 1500.00, 22500.00, NULL, NULL, NULL, '2025-07-03 17:17:51', '2025-07-03 17:17:51'),
(729, 7, 285, NULL, 221, NULL, NULL, 1, 150.00, 150.00, NULL, NULL, NULL, '2025-07-03 18:10:06', '2025-07-03 18:10:06'),
(730, 7, 285, NULL, 208, NULL, NULL, 1, 199.00, 199.00, NULL, NULL, NULL, '2025-07-03 18:10:06', '2025-07-03 18:10:06'),
(731, 7, 285, NULL, 211, NULL, NULL, 1, 275.00, 275.00, NULL, NULL, NULL, '2025-07-03 18:10:06', '2025-07-03 18:10:06'),
(732, 7, 285, NULL, 206, NULL, NULL, 1, 575.00, 575.00, NULL, NULL, NULL, '2025-07-03 18:10:06', '2025-07-03 18:10:06'),
(733, 7, 285, NULL, 102, NULL, NULL, 1, 575.00, 575.00, NULL, NULL, NULL, '2025-07-03 18:10:06', '2025-07-03 18:10:06'),
(734, 7, 285, NULL, 131, NULL, NULL, 1, 575.00, 575.00, NULL, NULL, NULL, '2025-07-03 18:10:06', '2025-07-03 18:10:06'),
(735, 7, 286, NULL, 227, NULL, NULL, 16, 1500.00, 24000.00, NULL, NULL, NULL, '2025-07-03 18:18:41', '2025-07-03 18:18:41'),
(736, 7, 287, NULL, 176, NULL, NULL, 1, 220.00, 220.00, NULL, NULL, NULL, '2025-07-04 18:00:04', '2025-07-04 18:00:04'),
(737, 7, 287, NULL, 222, NULL, NULL, 1, 390.00, 390.00, NULL, NULL, NULL, '2025-07-04 18:00:04', '2025-07-04 18:00:04'),
(738, 7, 287, NULL, 176, NULL, NULL, 1, 220.00, 220.00, NULL, NULL, NULL, '2025-07-04 18:00:04', '2025-07-04 18:00:04'),
(739, 7, 288, NULL, 67, NULL, NULL, 2, 250.00, 500.00, NULL, NULL, NULL, '2025-07-04 19:45:28', '2025-07-04 19:45:28'),
(740, 7, 288, NULL, 185, NULL, NULL, 1, 250.00, 250.00, NULL, NULL, NULL, '2025-07-04 19:45:28', '2025-07-04 19:45:28'),
(741, 7, 288, NULL, 57, NULL, NULL, 1, 285.00, 285.00, NULL, NULL, NULL, '2025-07-04 19:45:28', '2025-07-04 19:45:28'),
(742, 7, 288, NULL, 102, NULL, NULL, 1, 575.00, 575.00, NULL, NULL, NULL, '2025-07-04 19:45:28', '2025-07-04 19:45:28'),
(743, 7, 288, NULL, 126, NULL, NULL, 1, 399.00, 399.00, NULL, NULL, NULL, '2025-07-04 19:45:28', '2025-07-04 19:45:28'),
(744, 7, 288, NULL, 129, NULL, NULL, 1, 325.00, 325.00, NULL, NULL, NULL, '2025-07-04 19:45:28', '2025-07-04 19:45:28'),
(745, 7, 288, NULL, 81, NULL, NULL, 3, 99.00, 297.00, NULL, NULL, NULL, '2025-07-04 19:45:28', '2025-07-04 19:45:28'),
(746, 7, 288, NULL, 79, NULL, NULL, 2, 99.00, 198.00, NULL, NULL, NULL, '2025-07-04 19:45:28', '2025-07-04 19:45:28'),
(747, 7, 288, NULL, 184, NULL, NULL, 1, 299.00, 299.00, NULL, NULL, NULL, '2025-07-04 19:45:28', '2025-07-04 19:45:28'),
(748, 7, 290, NULL, 211, NULL, NULL, 1, 275.00, 275.00, NULL, NULL, NULL, '2025-07-04 21:45:00', '2025-07-04 21:45:00'),
(749, 7, 290, NULL, 185, NULL, NULL, 2, 250.00, 500.00, NULL, NULL, NULL, '2025-07-04 21:45:00', '2025-07-04 21:45:00'),
(750, 7, 290, NULL, 114, NULL, NULL, 1, 399.00, 399.00, NULL, NULL, NULL, '2025-07-04 21:45:00', '2025-07-04 21:45:00'),
(751, 7, 290, NULL, 112, NULL, NULL, 1, 399.00, 399.00, NULL, NULL, NULL, '2025-07-04 21:45:00', '2025-07-04 21:45:00'),
(752, 7, 290, NULL, 140, NULL, NULL, 1, 499.00, 499.00, NULL, NULL, NULL, '2025-07-04 21:45:00', '2025-07-04 21:45:00'),
(753, 7, 290, NULL, 101, NULL, NULL, 1, 575.00, 575.00, NULL, NULL, NULL, '2025-07-04 21:45:00', '2025-07-04 21:45:00'),
(754, 7, 290, NULL, 207, NULL, NULL, 1, 299.00, 299.00, NULL, NULL, NULL, '2025-07-04 21:45:00', '2025-07-04 21:45:00'),
(755, 7, 290, NULL, 129, NULL, NULL, 1, 325.00, 325.00, NULL, NULL, NULL, '2025-07-04 21:45:00', '2025-07-04 21:45:00'),
(756, 7, 290, NULL, 126, NULL, NULL, 1, 399.00, 399.00, NULL, NULL, NULL, '2025-07-04 21:45:00', '2025-07-04 21:45:00'),
(757, 7, 290, NULL, 131, NULL, NULL, 1, 575.00, 575.00, NULL, NULL, NULL, '2025-07-04 21:45:00', '2025-07-04 21:45:00'),
(758, 7, 290, NULL, 85, NULL, NULL, 2, 150.00, 300.00, NULL, NULL, NULL, '2025-07-04 21:45:00', '2025-07-04 21:45:00'),
(759, 7, 290, NULL, 79, NULL, NULL, 1, 99.00, 99.00, NULL, NULL, NULL, '2025-07-04 21:45:00', '2025-07-04 21:45:00'),
(760, 7, 290, NULL, 83, NULL, NULL, 1, 99.00, 99.00, NULL, NULL, NULL, '2025-07-04 21:45:00', '2025-07-04 21:45:00'),
(761, 7, 290, NULL, 81, NULL, NULL, 3, 99.00, 297.00, NULL, NULL, NULL, '2025-07-04 21:45:00', '2025-07-04 21:45:00'),
(762, 7, 290, NULL, 29, NULL, NULL, 2, 60.00, 120.00, NULL, NULL, NULL, '2025-07-04 21:45:00', '2025-07-04 21:45:00'),
(779, 7, 289, NULL, 183, NULL, NULL, 3, 199.00, 597.00, NULL, NULL, NULL, '2025-07-04 22:00:44', '2025-07-04 22:00:44'),
(780, 7, 289, NULL, 22, NULL, NULL, 1, 199.00, 199.00, NULL, NULL, NULL, '2025-07-04 22:00:44', '2025-07-04 22:00:44'),
(781, 7, 289, NULL, 221, NULL, NULL, 2, 150.00, 300.00, NULL, NULL, NULL, '2025-07-04 22:00:44', '2025-07-04 22:00:44'),
(782, 7, 289, NULL, 29, NULL, NULL, 2, 60.00, 120.00, NULL, NULL, NULL, '2025-07-04 22:00:44', '2025-07-04 22:00:44'),
(783, 7, 289, NULL, 114, NULL, NULL, 2, 399.00, 798.00, NULL, NULL, NULL, '2025-07-04 22:00:44', '2025-07-04 22:00:44'),
(784, 7, 289, NULL, 222, NULL, NULL, 2, 390.00, 780.00, NULL, NULL, NULL, '2025-07-04 22:00:44', '2025-07-04 22:00:44'),
(785, 7, 289, NULL, 210, NULL, NULL, 2, 425.00, 850.00, NULL, NULL, NULL, '2025-07-04 22:00:44', '2025-07-04 22:00:44'),
(786, 7, 289, NULL, 139, NULL, NULL, 1, 399.00, 399.00, NULL, NULL, NULL, '2025-07-04 22:00:44', '2025-07-04 22:00:44'),
(787, 7, 289, NULL, 129, NULL, NULL, 2, 325.00, 650.00, NULL, NULL, NULL, '2025-07-04 22:00:44', '2025-07-04 22:00:44'),
(788, 7, 289, NULL, 126, NULL, NULL, 1, 399.00, 399.00, NULL, NULL, NULL, '2025-07-04 22:00:44', '2025-07-04 22:00:44'),
(789, 7, 289, NULL, 87, NULL, NULL, 1, 299.00, 299.00, NULL, NULL, NULL, '2025-07-04 22:00:44', '2025-07-04 22:00:44'),
(790, 7, 289, NULL, 81, NULL, NULL, 6, 99.00, 594.00, NULL, NULL, NULL, '2025-07-04 22:00:44', '2025-07-04 22:00:44'),
(791, 7, 289, NULL, 77, NULL, NULL, 2, 50.00, 100.00, NULL, NULL, NULL, '2025-07-04 22:00:44', '2025-07-04 22:00:44'),
(792, 7, 289, NULL, 57, NULL, NULL, 1, 285.00, 285.00, NULL, NULL, NULL, '2025-07-04 22:00:44', '2025-07-04 22:00:44'),
(793, 7, 289, NULL, 184, NULL, NULL, 1, 299.00, 299.00, NULL, NULL, NULL, '2025-07-04 22:00:44', '2025-07-04 22:00:44'),
(794, 7, 289, NULL, 76, NULL, NULL, 1, 219.00, 219.00, NULL, NULL, NULL, '2025-07-04 22:00:44', '2025-07-04 22:00:44'),
(795, 7, 289, NULL, 37, NULL, NULL, 2, 399.00, 798.00, NULL, NULL, NULL, '2025-07-04 22:00:44', '2025-07-04 22:00:44'),
(796, 7, 289, NULL, 33, 51, NULL, 1, 225.00, 225.00, NULL, NULL, NULL, '2025-07-04 22:00:44', '2025-07-04 22:00:44'),
(797, 7, 292, NULL, 213, NULL, NULL, 2, 150.00, 300.00, NULL, NULL, NULL, '2025-07-06 21:35:21', '2025-07-06 21:35:21'),
(798, 7, 292, NULL, 205, NULL, NULL, 1, 399.00, 399.00, NULL, NULL, NULL, '2025-07-06 21:35:21', '2025-07-06 21:35:21'),
(799, 7, 292, NULL, 49, NULL, NULL, 1, 299.00, 299.00, NULL, NULL, NULL, '2025-07-06 21:35:21', '2025-07-06 21:35:21'),
(800, 7, 292, NULL, 57, NULL, NULL, 1, 285.00, 285.00, NULL, NULL, NULL, '2025-07-06 21:35:21', '2025-07-06 21:35:21'),
(801, 7, 292, NULL, 218, NULL, NULL, 1, 250.00, 250.00, NULL, NULL, NULL, '2025-07-06 21:35:21', '2025-07-06 21:35:21'),
(802, 7, 291, NULL, 230, NULL, NULL, 4, 649.00, 2596.00, NULL, NULL, NULL, '2025-07-06 22:15:35', '2025-07-06 22:15:35'),
(803, 7, 291, NULL, 228, NULL, NULL, 1, 476.00, 476.00, NULL, NULL, NULL, '2025-07-06 22:15:35', '2025-07-06 22:15:35'),
(804, 7, 291, NULL, 213, NULL, NULL, 2, 150.00, 300.00, NULL, NULL, NULL, '2025-07-06 22:15:35', '2025-07-06 22:15:35'),
(805, 7, 291, NULL, 159, NULL, NULL, 6, 475.00, 2850.00, NULL, NULL, NULL, '2025-07-06 22:15:35', '2025-07-06 22:15:35'),
(806, 7, 291, NULL, 209, NULL, NULL, 3, 399.00, 1197.00, NULL, NULL, NULL, '2025-07-06 22:15:35', '2025-07-06 22:15:35'),
(807, 7, 291, NULL, 99, NULL, NULL, 2, 399.00, 798.00, NULL, NULL, NULL, '2025-07-06 22:15:35', '2025-07-06 22:15:35'),
(808, 7, 291, NULL, 210, NULL, NULL, 4, 425.00, 1700.00, NULL, NULL, NULL, '2025-07-06 22:15:35', '2025-07-06 22:15:35'),
(809, 7, 291, NULL, 112, NULL, NULL, 3, 399.00, 1197.00, NULL, NULL, NULL, '2025-07-06 22:15:35', '2025-07-06 22:15:35'),
(810, 7, 291, NULL, 114, NULL, NULL, 4, 399.00, 1596.00, NULL, NULL, NULL, '2025-07-06 22:15:36', '2025-07-06 22:15:36'),
(811, 7, 291, NULL, 185, NULL, NULL, 4, 250.00, 1000.00, NULL, NULL, NULL, '2025-07-06 22:15:36', '2025-07-06 22:15:36'),
(812, 7, 291, NULL, 218, NULL, NULL, 6, 250.00, 1500.00, NULL, NULL, NULL, '2025-07-06 22:15:36', '2025-07-06 22:15:36'),
(813, 7, 291, NULL, 63, NULL, NULL, 1, 250.00, 250.00, NULL, NULL, NULL, '2025-07-06 22:15:36', '2025-07-06 22:15:36'),
(814, 7, 291, NULL, 67, NULL, NULL, 2, 250.00, 500.00, NULL, NULL, NULL, '2025-07-06 22:15:36', '2025-07-06 22:15:36'),
(815, 7, 291, NULL, 59, 54, NULL, 1, 250.00, 250.00, NULL, NULL, NULL, '2025-07-06 22:15:36', '2025-07-06 22:15:36'),
(816, 7, 291, NULL, 218, NULL, NULL, 2, 250.00, 500.00, NULL, NULL, NULL, '2025-07-06 22:15:36', '2025-07-06 22:15:36'),
(817, 7, 291, NULL, 129, NULL, NULL, 5, 325.00, 1625.00, NULL, NULL, NULL, '2025-07-06 22:15:36', '2025-07-06 22:15:36'),
(818, 7, 291, NULL, 194, NULL, NULL, 4, 499.00, 1996.00, NULL, NULL, NULL, '2025-07-06 22:15:36', '2025-07-06 22:15:36'),
(819, 7, 291, NULL, 123, NULL, NULL, 4, 399.00, 1596.00, NULL, NULL, NULL, '2025-07-06 22:15:36', '2025-07-06 22:15:36'),
(820, 7, 291, NULL, 139, NULL, NULL, 2, 399.00, 798.00, NULL, NULL, NULL, '2025-07-06 22:15:36', '2025-07-06 22:15:36'),
(821, 7, 291, NULL, 87, NULL, NULL, 2, 299.00, 598.00, NULL, NULL, NULL, '2025-07-06 22:15:36', '2025-07-06 22:15:36'),
(822, 7, 291, NULL, 75, NULL, NULL, 5, 219.00, 1095.00, NULL, NULL, NULL, '2025-07-06 22:15:36', '2025-07-06 22:15:36'),
(823, 7, 291, NULL, 184, NULL, NULL, 4, 299.00, 1196.00, NULL, NULL, NULL, '2025-07-06 22:15:36', '2025-07-06 22:15:36'),
(824, 7, 291, NULL, 80, NULL, NULL, 4, 50.00, 200.00, NULL, NULL, NULL, '2025-07-06 22:15:36', '2025-07-06 22:15:36'),
(825, 7, 291, NULL, 81, NULL, NULL, 4, 99.00, 396.00, NULL, NULL, NULL, '2025-07-06 22:15:36', '2025-07-06 22:15:36'),
(826, 7, 291, NULL, 77, NULL, NULL, 5, 50.00, 250.00, NULL, NULL, NULL, '2025-07-06 22:15:36', '2025-07-06 22:15:36'),
(827, 7, 291, NULL, 82, NULL, NULL, 6, 99.00, 594.00, NULL, NULL, NULL, '2025-07-06 22:15:36', '2025-07-06 22:15:36'),
(828, 7, 291, NULL, 77, NULL, NULL, 1, 50.00, 50.00, NULL, NULL, NULL, '2025-07-06 22:15:36', '2025-07-06 22:15:36'),
(829, 7, 291, NULL, 77, NULL, NULL, 4, 50.00, 200.00, NULL, NULL, NULL, '2025-07-06 22:15:36', '2025-07-06 22:15:36'),
(830, 7, 293, NULL, 185, NULL, NULL, 10, 250.00, 2500.00, NULL, NULL, NULL, '2025-07-06 23:39:46', '2025-07-06 23:39:46'),
(831, 7, 293, NULL, 218, NULL, NULL, 2, 250.00, 500.00, NULL, NULL, NULL, '2025-07-06 23:39:46', '2025-07-06 23:39:46'),
(832, 7, 293, NULL, 221, NULL, NULL, 8, 150.00, 1200.00, NULL, NULL, NULL, '2025-07-06 23:39:46', '2025-07-06 23:39:46'),
(833, 7, 293, NULL, 209, NULL, NULL, 3, 399.00, 1197.00, NULL, NULL, NULL, '2025-07-06 23:39:46', '2025-07-06 23:39:46'),
(834, 7, 293, NULL, 112, NULL, NULL, 3, 399.00, 1197.00, NULL, NULL, NULL, '2025-07-06 23:39:46', '2025-07-06 23:39:46'),
(835, 7, 293, NULL, 130, NULL, NULL, 4, 325.00, 1300.00, NULL, NULL, NULL, '2025-07-06 23:39:46', '2025-07-06 23:39:46'),
(836, 7, 293, NULL, 216, NULL, NULL, 4, 499.00, 1996.00, NULL, NULL, NULL, '2025-07-06 23:39:46', '2025-07-06 23:39:46'),
(837, 7, 293, NULL, 123, NULL, NULL, 3, 399.00, 1197.00, NULL, NULL, NULL, '2025-07-06 23:39:46', '2025-07-06 23:39:46'),
(838, 7, 293, NULL, 77, NULL, NULL, 8, 50.00, 400.00, NULL, NULL, NULL, '2025-07-06 23:39:46', '2025-07-06 23:39:46'),
(839, 7, 293, NULL, 81, NULL, NULL, 5, 99.00, 495.00, NULL, NULL, NULL, '2025-07-06 23:39:46', '2025-07-06 23:39:46'),
(840, 7, 293, NULL, 79, NULL, NULL, 2, 99.00, 198.00, NULL, NULL, NULL, '2025-07-06 23:39:46', '2025-07-06 23:39:46'),
(841, 7, 293, NULL, 77, NULL, NULL, 8, 50.00, 400.00, NULL, NULL, NULL, '2025-07-06 23:39:46', '2025-07-06 23:39:46'),
(842, 7, 293, NULL, 81, NULL, NULL, 4, 99.00, 396.00, NULL, NULL, NULL, '2025-07-06 23:39:46', '2025-07-06 23:39:46'),
(843, 7, 293, NULL, 184, NULL, NULL, 4, 299.00, 1196.00, NULL, NULL, NULL, '2025-07-06 23:39:46', '2025-07-06 23:39:46'),
(844, 7, 293, NULL, 77, NULL, NULL, 3, 50.00, 150.00, NULL, NULL, NULL, '2025-07-06 23:39:46', '2025-07-06 23:39:46'),
(845, 7, 293, NULL, 77, NULL, NULL, 2, 50.00, 100.00, NULL, NULL, NULL, '2025-07-06 23:39:46', '2025-07-06 23:39:46'),
(846, 7, 293, NULL, 81, NULL, NULL, 1, 99.00, 99.00, NULL, NULL, NULL, '2025-07-06 23:39:46', '2025-07-06 23:39:46'),
(847, 7, 293, NULL, 33, 51, NULL, 7, 225.00, 1575.00, NULL, NULL, NULL, '2025-07-06 23:39:46', '2025-07-06 23:39:46'),
(849, 7, 294, NULL, 185, NULL, NULL, 7, 250.00, 1750.00, NULL, NULL, NULL, '2025-07-06 23:54:16', '2025-07-06 23:54:16'),
(850, 7, 294, NULL, 218, NULL, NULL, 2, 250.00, 500.00, NULL, NULL, NULL, '2025-07-06 23:54:16', '2025-07-06 23:54:16'),
(851, 7, 294, NULL, 174, NULL, NULL, 8, 150.00, 1200.00, NULL, NULL, NULL, '2025-07-06 23:54:16', '2025-07-06 23:54:16'),
(852, 7, 294, NULL, 209, NULL, NULL, 3, 399.00, 1197.00, NULL, NULL, NULL, '2025-07-06 23:54:16', '2025-07-06 23:54:16'),
(853, 7, 294, NULL, 112, NULL, NULL, 3, 399.00, 1197.00, NULL, NULL, NULL, '2025-07-06 23:54:16', '2025-07-06 23:54:16'),
(854, 7, 294, NULL, 130, NULL, NULL, 4, 325.00, 1300.00, NULL, NULL, NULL, '2025-07-06 23:54:16', '2025-07-06 23:54:16'),
(855, 7, 294, NULL, 216, NULL, NULL, 4, 499.00, 1996.00, NULL, NULL, NULL, '2025-07-06 23:54:16', '2025-07-06 23:54:16'),
(856, 7, 294, NULL, 123, NULL, NULL, 3, 399.00, 1197.00, NULL, NULL, NULL, '2025-07-06 23:54:16', '2025-07-06 23:54:16'),
(857, 7, 294, NULL, 77, NULL, NULL, 18, 50.00, 900.00, NULL, NULL, NULL, '2025-07-06 23:54:16', '2025-07-06 23:54:16'),
(858, 7, 294, NULL, 81, NULL, NULL, 10, 99.00, 990.00, NULL, NULL, NULL, '2025-07-06 23:54:16', '2025-07-06 23:54:16'),
(859, 7, 294, NULL, 79, NULL, NULL, 2, 99.00, 198.00, NULL, NULL, NULL, '2025-07-06 23:54:16', '2025-07-06 23:54:16'),
(860, 7, 294, NULL, 184, NULL, NULL, 4, 299.00, 1196.00, NULL, NULL, NULL, '2025-07-06 23:54:16', '2025-07-06 23:54:16'),
(861, 7, 294, NULL, 33, 50, NULL, 7, 225.00, 1575.00, NULL, NULL, NULL, '2025-07-06 23:54:16', '2025-07-06 23:54:16'),
(862, 7, 294, NULL, 37, NULL, NULL, 1, 399.00, 399.00, NULL, NULL, NULL, '2025-07-06 23:54:16', '2025-07-06 23:54:16'),
(863, 3, 295, NULL, 5, NULL, NULL, 1, 40.00, 40.00, NULL, NULL, NULL, '2025-07-07 15:36:13', '2025-07-07 15:36:13'),
(864, 3, 295, NULL, 3, NULL, NULL, 1, 180.00, 180.00, NULL, NULL, NULL, '2025-07-07 15:36:13', '2025-07-07 15:36:13'),
(865, 7, 296, NULL, 67, NULL, NULL, 1, 250.00, 250.00, NULL, NULL, NULL, '2025-07-08 13:42:29', '2025-07-08 13:42:29'),
(866, 7, 296, NULL, 130, NULL, NULL, 1, 325.00, 325.00, NULL, NULL, NULL, '2025-07-08 13:42:29', '2025-07-08 13:42:29'),
(867, 7, 296, NULL, 86, NULL, NULL, 1, 289.00, 289.00, NULL, NULL, NULL, '2025-07-08 13:42:29', '2025-07-08 13:42:29'),
(868, 7, 296, NULL, 77, NULL, NULL, 1, 50.00, 50.00, NULL, NULL, NULL, '2025-07-08 13:42:29', '2025-07-08 13:42:29'),
(869, 3, 297, NULL, 4, NULL, NULL, 1, 25.00, 25.00, NULL, NULL, NULL, '2025-07-08 18:03:20', '2025-07-08 18:03:20'),
(870, 7, 298, NULL, 22, NULL, NULL, 1, 199.00, 199.00, NULL, NULL, NULL, '2025-07-11 13:35:15', '2025-07-11 13:35:15'),
(871, 7, 299, NULL, 159, NULL, NULL, 1, 475.00, 475.00, NULL, NULL, NULL, '2025-07-13 21:51:18', '2025-07-13 21:51:18'),
(872, 7, 299, NULL, 29, NULL, NULL, 1, 60.00, 60.00, NULL, NULL, NULL, '2025-07-13 21:51:18', '2025-07-13 21:51:18'),
(873, 7, 299, NULL, 32, NULL, NULL, 1, 125.00, 125.00, NULL, NULL, NULL, '2025-07-13 21:51:18', '2025-07-13 21:51:18'),
(874, 7, 299, NULL, 67, NULL, NULL, 2, 250.00, 500.00, NULL, NULL, NULL, '2025-07-13 21:51:18', '2025-07-13 21:51:18'),
(875, 7, 299, NULL, 218, NULL, NULL, 1, 250.00, 250.00, NULL, NULL, NULL, '2025-07-13 21:51:18', '2025-07-13 21:51:18'),
(876, 7, 299, NULL, 112, NULL, NULL, 1, 399.00, 399.00, NULL, NULL, NULL, '2025-07-13 21:51:18', '2025-07-13 21:51:18'),
(877, 7, 299, NULL, 226, NULL, NULL, 1, 399.00, 399.00, NULL, NULL, NULL, '2025-07-13 21:51:18', '2025-07-13 21:51:18'),
(878, 7, 299, NULL, 40, NULL, NULL, 1, 399.00, 399.00, NULL, NULL, NULL, '2025-07-13 21:51:18', '2025-07-13 21:51:18'),
(879, 7, 299, NULL, 126, NULL, NULL, 1, 399.00, 399.00, NULL, NULL, NULL, '2025-07-13 21:51:18', '2025-07-13 21:51:18'),
(880, 7, 299, NULL, 77, NULL, NULL, 2, 50.00, 100.00, NULL, NULL, NULL, '2025-07-13 21:51:18', '2025-07-13 21:51:18'),
(881, 7, 299, NULL, 77, NULL, NULL, 2, 50.00, 100.00, NULL, NULL, NULL, '2025-07-13 21:51:18', '2025-07-13 21:51:18'),
(882, 7, 299, NULL, 29, NULL, NULL, 2, 60.00, 120.00, NULL, NULL, NULL, '2025-07-13 21:51:18', '2025-07-13 21:51:18'),
(883, 7, 299, NULL, 77, NULL, NULL, 1, 50.00, 50.00, NULL, NULL, NULL, '2025-07-13 21:51:18', '2025-07-13 21:51:18'),
(884, 7, 300, NULL, 205, NULL, NULL, 1, 399.00, 399.00, NULL, NULL, NULL, '2025-07-15 13:33:59', '2025-07-15 13:33:59'),
(885, 7, 300, NULL, 67, NULL, NULL, 2, 250.00, 500.00, NULL, NULL, NULL, '2025-07-15 13:33:59', '2025-07-15 13:33:59'),
(886, 7, 300, NULL, 130, NULL, NULL, 1, 325.00, 325.00, NULL, NULL, NULL, '2025-07-15 13:33:59', '2025-07-15 13:33:59'),
(887, 7, 300, NULL, 86, NULL, NULL, 1, 289.00, 289.00, NULL, NULL, NULL, '2025-07-15 13:33:59', '2025-07-15 13:33:59'),
(888, 7, 300, NULL, 83, NULL, NULL, 1, 99.00, 99.00, NULL, NULL, NULL, '2025-07-15 13:33:59', '2025-07-15 13:33:59'),
(889, 7, 301, NULL, 216, NULL, NULL, 2, 499.00, 998.00, NULL, NULL, NULL, '2025-07-16 13:31:34', '2025-07-16 13:31:34'),
(890, 7, 301, NULL, 67, NULL, NULL, 1, 250.00, 250.00, NULL, NULL, NULL, '2025-07-16 13:31:34', '2025-07-16 13:31:34'),
(891, 7, 301, NULL, 85, NULL, NULL, 1, 150.00, 150.00, NULL, NULL, NULL, '2025-07-16 13:31:34', '2025-07-16 13:31:34'),
(892, 7, 301, NULL, 83, NULL, NULL, 2, 99.00, 198.00, NULL, NULL, NULL, '2025-07-16 13:31:34', '2025-07-16 13:31:34'),
(893, 7, 302, NULL, 231, NULL, NULL, 8, 800.00, 6400.00, NULL, NULL, NULL, '2025-07-16 14:43:24', '2025-07-16 14:43:24'),
(894, 7, 303, NULL, 32, NULL, NULL, 2, 125.00, 250.00, NULL, NULL, NULL, '2025-07-16 15:18:24', '2025-07-16 15:18:24'),
(895, 7, 303, NULL, 185, NULL, NULL, 1, 250.00, 250.00, NULL, NULL, NULL, '2025-07-16 15:18:24', '2025-07-16 15:18:24'),
(896, 7, 303, NULL, 184, NULL, NULL, 1, 299.00, 299.00, NULL, NULL, NULL, '2025-07-16 15:18:24', '2025-07-16 15:18:24'),
(897, 7, 303, NULL, 76, NULL, NULL, 1, 219.00, 219.00, NULL, NULL, NULL, '2025-07-16 15:18:24', '2025-07-16 15:18:24'),
(898, 7, 303, NULL, 127, NULL, NULL, 1, 325.00, 325.00, NULL, NULL, NULL, '2025-07-16 15:18:24', '2025-07-16 15:18:24'),
(899, 7, 303, NULL, 83, NULL, NULL, 1, 99.00, 99.00, NULL, NULL, NULL, '2025-07-16 15:18:24', '2025-07-16 15:18:24'),
(900, 7, 303, NULL, 77, NULL, NULL, 1, 50.00, 50.00, NULL, NULL, NULL, '2025-07-16 15:18:24', '2025-07-16 15:18:24'),
(901, 7, 304, NULL, 32, NULL, NULL, 31, 125.00, 3875.00, NULL, NULL, NULL, '2025-07-16 21:48:25', '2025-07-16 21:48:25'),
(902, 7, 304, NULL, 222, NULL, NULL, 2, 390.00, 780.00, NULL, NULL, NULL, '2025-07-16 21:48:25', '2025-07-16 21:48:25'),
(903, 7, 304, NULL, 67, NULL, NULL, 1, 250.00, 250.00, NULL, NULL, NULL, '2025-07-16 21:48:25', '2025-07-16 21:48:25'),
(904, 7, 304, NULL, 127, NULL, NULL, 1, 325.00, 325.00, NULL, NULL, NULL, '2025-07-16 21:48:25', '2025-07-16 21:48:25'),
(905, 7, 304, NULL, 83, NULL, NULL, 2, 99.00, 198.00, NULL, NULL, NULL, '2025-07-16 21:48:25', '2025-07-16 21:48:25'),
(906, 7, 304, NULL, 77, NULL, NULL, 2, 50.00, 100.00, NULL, NULL, NULL, '2025-07-16 21:48:25', '2025-07-16 21:48:25'),
(907, 7, 304, NULL, 206, NULL, NULL, 1, 575.00, 575.00, NULL, NULL, NULL, '2025-07-16 21:48:25', '2025-07-16 21:48:25'),
(908, 7, 304, NULL, 29, NULL, NULL, 1, 60.00, 60.00, NULL, NULL, NULL, '2025-07-16 21:48:25', '2025-07-16 21:48:25'),
(909, 7, 304, NULL, 209, NULL, NULL, 1, 399.00, 399.00, NULL, NULL, NULL, '2025-07-16 21:48:25', '2025-07-16 21:48:25'),
(910, 7, 304, NULL, 81, NULL, NULL, 4, 99.00, 396.00, NULL, NULL, NULL, '2025-07-16 21:48:25', '2025-07-16 21:48:25'),
(911, 7, 305, NULL, 32, NULL, NULL, 22, 125.00, 2750.00, NULL, NULL, NULL, '2025-07-17 23:21:07', '2025-07-17 23:21:07'),
(912, 7, 305, NULL, 222, NULL, NULL, 4, 390.00, 1560.00, NULL, NULL, NULL, '2025-07-17 23:21:07', '2025-07-17 23:21:07'),
(913, 7, 305, NULL, 126, NULL, NULL, 1, 399.00, 399.00, NULL, NULL, NULL, '2025-07-17 23:21:07', '2025-07-17 23:21:07'),
(914, 7, 305, NULL, 81, NULL, NULL, 2, 99.00, 198.00, NULL, NULL, NULL, '2025-07-17 23:21:07', '2025-07-17 23:21:07'),
(915, 7, 305, NULL, 49, NULL, NULL, 1, 299.00, 299.00, NULL, NULL, NULL, '2025-07-17 23:21:07', '2025-07-17 23:21:07'),
(916, 7, 305, NULL, 57, NULL, NULL, 1, 285.00, 285.00, NULL, NULL, NULL, '2025-07-17 23:21:07', '2025-07-17 23:21:07'),
(917, 7, 305, NULL, 213, NULL, NULL, 2, 150.00, 300.00, NULL, NULL, NULL, '2025-07-17 23:21:07', '2025-07-17 23:21:07'),
(918, 7, 305, NULL, 50, NULL, NULL, 1, 299.00, 299.00, NULL, NULL, NULL, '2025-07-17 23:21:07', '2025-07-17 23:21:07'),
(919, 7, 305, NULL, 209, NULL, NULL, 1, 399.00, 399.00, NULL, NULL, NULL, '2025-07-17 23:21:07', '2025-07-17 23:21:07'),
(920, 7, 305, NULL, 101, NULL, NULL, 1, 575.00, 575.00, NULL, NULL, NULL, '2025-07-17 23:21:07', '2025-07-17 23:21:07'),
(921, 7, 306, NULL, 32, NULL, NULL, 4, 125.00, 500.00, NULL, NULL, NULL, '2025-07-18 18:05:33', '2025-07-18 18:05:33'),
(922, 7, 307, NULL, 32, NULL, NULL, 32, 125.00, 4000.00, NULL, NULL, NULL, '2025-07-18 21:46:08', '2025-07-18 21:46:08'),
(923, 7, 307, NULL, 222, NULL, NULL, 2, 390.00, 780.00, NULL, NULL, NULL, '2025-07-18 21:46:08', '2025-07-18 21:46:08'),
(924, 7, 307, NULL, 209, NULL, NULL, 1, 399.00, 399.00, NULL, NULL, NULL, '2025-07-18 21:46:08', '2025-07-18 21:46:08'),
(925, 7, 307, NULL, 53, NULL, NULL, 1, 299.00, 299.00, NULL, NULL, NULL, '2025-07-18 21:46:08', '2025-07-18 21:46:08'),
(926, 7, 307, NULL, 129, NULL, NULL, 2, 325.00, 650.00, NULL, NULL, NULL, '2025-07-18 21:46:08', '2025-07-18 21:46:08'),
(927, 7, 307, NULL, 81, NULL, NULL, 4, 99.00, 396.00, NULL, NULL, NULL, '2025-07-18 21:46:08', '2025-07-18 21:46:08'),
(928, 7, 307, NULL, 77, NULL, NULL, 8, 50.00, 400.00, NULL, NULL, NULL, '2025-07-18 21:46:08', '2025-07-18 21:46:08'),
(929, 7, 308, NULL, 64, NULL, NULL, 2, 275.00, 550.00, NULL, NULL, NULL, '2025-07-19 16:45:02', '2025-07-19 16:45:02'),
(930, 7, 308, NULL, 185, NULL, NULL, 3, 250.00, 750.00, NULL, NULL, NULL, '2025-07-19 16:45:02', '2025-07-19 16:45:02'),
(931, 7, 308, NULL, 130, NULL, NULL, 2, 325.00, 650.00, NULL, NULL, NULL, '2025-07-19 16:45:02', '2025-07-19 16:45:02'),
(932, 7, 308, NULL, 126, NULL, NULL, 2, 399.00, 798.00, NULL, NULL, NULL, '2025-07-19 16:45:02', '2025-07-19 16:45:02'),
(933, 7, 308, NULL, 139, NULL, NULL, 2, 399.00, 798.00, NULL, NULL, NULL, '2025-07-19 16:45:02', '2025-07-19 16:45:02'),
(934, 7, 308, NULL, 79, NULL, NULL, 2, 99.00, 198.00, NULL, NULL, NULL, '2025-07-19 16:45:02', '2025-07-19 16:45:02'),
(935, 7, 308, NULL, 77, NULL, NULL, 3, 50.00, 150.00, NULL, NULL, NULL, '2025-07-19 16:45:02', '2025-07-19 16:45:02'),
(936, 7, 308, NULL, 80, NULL, NULL, 2, 50.00, 100.00, NULL, NULL, NULL, '2025-07-19 16:45:02', '2025-07-19 16:45:02'),
(937, 7, 308, NULL, 45, NULL, NULL, 1, 375.00, 375.00, NULL, NULL, NULL, '2025-07-19 16:45:02', '2025-07-19 16:45:02'),
(938, 7, 308, NULL, 29, NULL, NULL, 4, 60.00, 240.00, NULL, NULL, NULL, '2025-07-19 16:45:02', '2025-07-19 16:45:02'),
(939, 7, 308, NULL, 185, NULL, NULL, 1, 250.00, 250.00, NULL, NULL, NULL, '2025-07-19 16:45:02', '2025-07-19 16:45:02'),
(940, 7, 308, NULL, 221, NULL, NULL, 1, 150.00, 150.00, NULL, NULL, NULL, '2025-07-19 16:45:02', '2025-07-19 16:45:02'),
(941, 7, 308, NULL, 77, NULL, NULL, 3, 50.00, 150.00, NULL, NULL, NULL, '2025-07-19 16:45:02', '2025-07-19 16:45:02'),
(942, 7, 308, NULL, 129, NULL, NULL, 1, 325.00, 325.00, NULL, NULL, NULL, '2025-07-19 16:45:02', '2025-07-19 16:45:02'),
(943, 7, 308, NULL, 122, NULL, NULL, 1, 399.00, 399.00, NULL, NULL, NULL, '2025-07-19 16:45:02', '2025-07-19 16:45:02'),
(944, 7, 308, NULL, 77, NULL, NULL, 2, 50.00, 100.00, NULL, NULL, NULL, '2025-07-19 16:45:02', '2025-07-19 16:45:02'),
(945, 7, 308, NULL, 79, NULL, NULL, 2, 99.00, 198.00, NULL, NULL, NULL, '2025-07-19 16:45:02', '2025-07-19 16:45:02'),
(946, 7, 308, NULL, 81, NULL, NULL, 1, 99.00, 99.00, NULL, NULL, NULL, '2025-07-19 16:45:02', '2025-07-19 16:45:02'),
(947, 7, 308, NULL, 33, 57, NULL, 3, 149.00, 447.00, NULL, NULL, NULL, '2025-07-19 16:45:02', '2025-07-19 16:45:02'),
(948, 7, 308, NULL, 37, NULL, NULL, 3, 199.00, 597.00, NULL, NULL, NULL, '2025-07-19 16:45:02', '2025-07-19 16:45:02'),
(949, 7, 308, NULL, 29, NULL, NULL, 1, 60.00, 60.00, NULL, NULL, NULL, '2025-07-19 16:45:02', '2025-07-19 16:45:02'),
(950, 7, 308, NULL, 33, 57, NULL, 1, 149.00, 149.00, NULL, NULL, NULL, '2025-07-19 16:45:02', '2025-07-19 16:45:02'),
(951, 7, 308, NULL, 37, NULL, NULL, 1, 199.00, 199.00, NULL, NULL, NULL, '2025-07-19 16:45:02', '2025-07-19 16:45:02'),
(952, 7, 309, NULL, 32, NULL, NULL, 23, 125.00, 2875.00, NULL, NULL, NULL, '2025-07-19 22:24:17', '2025-07-19 22:24:17'),
(953, 7, 309, NULL, 213, NULL, NULL, 3, 150.00, 450.00, NULL, NULL, NULL, '2025-07-19 22:24:17', '2025-07-19 22:24:17'),
(954, 7, 309, NULL, 174, NULL, NULL, 3, 150.00, 450.00, NULL, NULL, NULL, '2025-07-19 22:24:17', '2025-07-19 22:24:17'),
(955, 7, 309, NULL, 139, NULL, NULL, 1, 399.00, 399.00, NULL, NULL, NULL, '2025-07-19 22:24:17', '2025-07-19 22:24:17'),
(956, 7, 309, NULL, 207, NULL, NULL, 1, 299.00, 299.00, NULL, NULL, NULL, '2025-07-19 22:24:17', '2025-07-19 22:24:17'),
(957, 7, 309, NULL, 45, NULL, NULL, 2, 375.00, 750.00, NULL, NULL, NULL, '2025-07-19 22:24:17', '2025-07-19 22:24:17'),
(958, 7, 309, NULL, 124, NULL, NULL, 1, 399.00, 399.00, NULL, NULL, NULL, '2025-07-19 22:24:17', '2025-07-19 22:24:17'),
(959, 7, 309, NULL, 81, NULL, NULL, 2, 99.00, 198.00, NULL, NULL, NULL, '2025-07-19 22:24:17', '2025-07-19 22:24:17'),
(960, 7, 309, NULL, 85, NULL, NULL, 1, 150.00, 150.00, NULL, NULL, NULL, '2025-07-19 22:24:17', '2025-07-19 22:24:17'),
(961, 7, 309, NULL, 81, NULL, NULL, 2, 99.00, 198.00, NULL, NULL, NULL, '2025-07-19 22:24:17', '2025-07-19 22:24:17'),
(962, 7, 309, NULL, 126, NULL, NULL, 2, 399.00, 798.00, NULL, NULL, NULL, '2025-07-19 22:24:17', '2025-07-19 22:24:17'),
(963, 7, 311, NULL, 208, NULL, NULL, 1, 199.00, 199.00, NULL, NULL, NULL, '2025-07-20 21:21:38', '2025-07-20 21:21:38'),
(964, 7, 311, NULL, 32, NULL, NULL, 1, 125.00, 125.00, NULL, NULL, NULL, '2025-07-20 21:21:38', '2025-07-20 21:21:38'),
(965, 7, 311, NULL, 109, NULL, NULL, 1, 425.00, 425.00, NULL, NULL, NULL, '2025-07-20 21:21:38', '2025-07-20 21:21:38'),
(966, 7, 311, NULL, 130, NULL, NULL, 1, 325.00, 325.00, NULL, NULL, NULL, '2025-07-20 21:21:38', '2025-07-20 21:21:38'),
(967, 7, 311, NULL, 77, NULL, NULL, 3, 50.00, 150.00, NULL, NULL, NULL, '2025-07-20 21:21:38', '2025-07-20 21:21:38'),
(968, 7, 311, NULL, 77, NULL, NULL, 1, 50.00, 50.00, NULL, NULL, NULL, '2025-07-20 21:21:38', '2025-07-20 21:21:38');
INSERT INTO `order_items` (`id`, `branch_id`, `order_id`, `transaction_id`, `menu_item_id`, `menu_item_variation_id`, `note`, `quantity`, `price`, `amount`, `tax_amount`, `tax_percentage`, `tax_breakup`, `created_at`, `updated_at`) VALUES
(969, 7, 310, NULL, 218, NULL, NULL, 1, 250.00, 250.00, NULL, NULL, NULL, '2025-07-20 22:00:19', '2025-07-20 22:00:19'),
(970, 7, 310, NULL, 67, NULL, NULL, 3, 250.00, 750.00, NULL, NULL, NULL, '2025-07-20 22:00:19', '2025-07-20 22:00:19'),
(971, 7, 310, NULL, 92, NULL, NULL, 2, 425.00, 850.00, NULL, NULL, NULL, '2025-07-20 22:00:19', '2025-07-20 22:00:19'),
(972, 7, 310, NULL, 29, NULL, NULL, 2, 60.00, 120.00, NULL, NULL, NULL, '2025-07-20 22:00:19', '2025-07-20 22:00:19'),
(973, 7, 310, NULL, 112, NULL, NULL, 1, 399.00, 399.00, NULL, NULL, NULL, '2025-07-20 22:00:19', '2025-07-20 22:00:19'),
(974, 7, 310, NULL, 126, NULL, NULL, 2, 399.00, 798.00, NULL, NULL, NULL, '2025-07-20 22:00:19', '2025-07-20 22:00:19'),
(975, 7, 310, NULL, 129, NULL, NULL, 1, 325.00, 325.00, NULL, NULL, NULL, '2025-07-20 22:00:19', '2025-07-20 22:00:19'),
(976, 7, 310, NULL, 75, NULL, NULL, 1, 219.00, 219.00, NULL, NULL, NULL, '2025-07-20 22:00:19', '2025-07-20 22:00:19'),
(977, 7, 310, NULL, 77, NULL, NULL, 4, 50.00, 200.00, NULL, NULL, NULL, '2025-07-20 22:00:19', '2025-07-20 22:00:19'),
(978, 7, 310, NULL, 81, NULL, NULL, 1, 99.00, 99.00, NULL, NULL, NULL, '2025-07-20 22:00:19', '2025-07-20 22:00:19'),
(979, 7, 310, NULL, 85, NULL, NULL, 1, 150.00, 150.00, NULL, NULL, NULL, '2025-07-20 22:00:19', '2025-07-20 22:00:19'),
(980, 7, 310, NULL, 77, NULL, NULL, 3, 50.00, 150.00, NULL, NULL, NULL, '2025-07-20 22:00:19', '2025-07-20 22:00:19'),
(981, 7, 310, NULL, 29, NULL, NULL, 1, 60.00, 60.00, NULL, NULL, NULL, '2025-07-20 22:00:19', '2025-07-20 22:00:19'),
(982, 7, 310, NULL, 23, NULL, NULL, 1, 199.00, 199.00, NULL, NULL, NULL, '2025-07-20 22:00:19', '2025-07-20 22:00:19'),
(983, 7, 310, NULL, 218, NULL, NULL, 1, 250.00, 250.00, NULL, NULL, NULL, '2025-07-20 22:00:19', '2025-07-20 22:00:19'),
(984, 7, 310, NULL, 57, NULL, NULL, 1, 285.00, 285.00, NULL, NULL, NULL, '2025-07-20 22:00:19', '2025-07-20 22:00:19'),
(985, 7, 312, NULL, 32, NULL, NULL, 50, 125.00, 6250.00, NULL, NULL, NULL, '2025-07-20 22:34:14', '2025-07-20 22:34:14'),
(986, 7, 312, NULL, 222, NULL, NULL, 3, 390.00, 1170.00, NULL, NULL, NULL, '2025-07-20 22:34:14', '2025-07-20 22:34:14'),
(987, 7, 312, NULL, 213, NULL, NULL, 4, 150.00, 600.00, NULL, NULL, NULL, '2025-07-20 22:34:14', '2025-07-20 22:34:14'),
(988, 7, 312, NULL, 174, NULL, NULL, 5, 150.00, 750.00, NULL, NULL, NULL, '2025-07-20 22:34:14', '2025-07-20 22:34:14'),
(989, 7, 312, NULL, 49, NULL, NULL, 3, 299.00, 897.00, NULL, NULL, NULL, '2025-07-20 22:34:14', '2025-07-20 22:34:14'),
(990, 7, 312, NULL, 53, NULL, NULL, 1, 299.00, 299.00, NULL, NULL, NULL, '2025-07-20 22:34:14', '2025-07-20 22:34:14'),
(991, 7, 312, NULL, 206, NULL, NULL, 1, 575.00, 575.00, NULL, NULL, NULL, '2025-07-20 22:34:14', '2025-07-20 22:34:14'),
(992, 7, 312, NULL, 101, NULL, NULL, 1, 575.00, 575.00, NULL, NULL, NULL, '2025-07-20 22:34:14', '2025-07-20 22:34:14'),
(993, 7, 312, NULL, 109, NULL, NULL, 1, 425.00, 425.00, NULL, NULL, NULL, '2025-07-20 22:34:14', '2025-07-20 22:34:14'),
(994, 7, 312, NULL, 185, NULL, NULL, 1, 250.00, 250.00, NULL, NULL, NULL, '2025-07-20 22:34:14', '2025-07-20 22:34:14'),
(995, 7, 312, NULL, 112, NULL, NULL, 1, 399.00, 399.00, NULL, NULL, NULL, '2025-07-20 22:34:14', '2025-07-20 22:34:14'),
(996, 7, 312, NULL, 67, NULL, NULL, 1, 250.00, 250.00, NULL, NULL, NULL, '2025-07-20 22:34:14', '2025-07-20 22:34:14'),
(997, 7, 312, NULL, 81, NULL, NULL, 3, 99.00, 297.00, NULL, NULL, NULL, '2025-07-20 22:34:14', '2025-07-20 22:34:14'),
(998, 7, 312, NULL, 127, NULL, NULL, 1, 325.00, 325.00, NULL, NULL, NULL, '2025-07-20 22:34:14', '2025-07-20 22:34:14'),
(999, 7, 312, NULL, 75, NULL, NULL, 1, 219.00, 219.00, NULL, NULL, NULL, '2025-07-20 22:34:14', '2025-07-20 22:34:14'),
(1000, 7, 312, NULL, 77, NULL, NULL, 2, 50.00, 100.00, NULL, NULL, NULL, '2025-07-20 22:34:14', '2025-07-20 22:34:14'),
(1001, 7, 312, NULL, 130, NULL, NULL, 1, 325.00, 325.00, NULL, NULL, NULL, '2025-07-20 22:34:14', '2025-07-20 22:34:14'),
(1002, 7, 312, NULL, 126, NULL, NULL, 1, 399.00, 399.00, NULL, NULL, NULL, '2025-07-20 22:34:14', '2025-07-20 22:34:14'),
(1003, 7, 312, NULL, 75, NULL, NULL, 1, 219.00, 219.00, NULL, NULL, NULL, '2025-07-20 22:34:14', '2025-07-20 22:34:14'),
(1004, 7, 312, NULL, 81, NULL, NULL, 3, 99.00, 297.00, NULL, NULL, NULL, '2025-07-20 22:34:14', '2025-07-20 22:34:14'),
(1005, 7, 312, NULL, 23, NULL, NULL, 2, 199.00, 398.00, NULL, NULL, NULL, '2025-07-20 22:34:14', '2025-07-20 22:34:14'),
(1006, 7, 312, NULL, 129, NULL, NULL, 1, 325.00, 325.00, NULL, NULL, NULL, '2025-07-20 22:34:14', '2025-07-20 22:34:14'),
(1007, 7, 312, NULL, 216, NULL, NULL, 1, 499.00, 499.00, NULL, NULL, NULL, '2025-07-20 22:34:14', '2025-07-20 22:34:14'),
(1008, 7, 313, NULL, 126, NULL, NULL, 1, 399.00, 399.00, NULL, NULL, NULL, '2025-07-22 15:53:50', '2025-07-22 15:53:50'),
(1009, 7, 313, NULL, 129, NULL, NULL, 1, 325.00, 325.00, NULL, NULL, NULL, '2025-07-22 15:53:50', '2025-07-22 15:53:50'),
(1010, 7, 313, NULL, 77, NULL, NULL, 3, 50.00, 150.00, NULL, NULL, NULL, '2025-07-22 15:53:50', '2025-07-22 15:53:50'),
(1014, 7, 314, NULL, 216, NULL, NULL, 1, 499.00, 499.00, NULL, NULL, NULL, '2025-07-22 17:03:16', '2025-07-22 17:03:16'),
(1015, 7, 314, NULL, 77, NULL, NULL, 3, 50.00, 150.00, NULL, NULL, NULL, '2025-07-22 17:03:16', '2025-07-22 17:03:16'),
(1016, 7, 314, NULL, 83, NULL, NULL, 1, 99.00, 99.00, NULL, NULL, NULL, '2025-07-22 17:03:16', '2025-07-22 17:03:16'),
(1017, 7, 315, NULL, 32, NULL, NULL, 27, 125.00, 3375.00, NULL, NULL, NULL, '2025-07-24 21:38:54', '2025-07-24 21:38:54'),
(1018, 7, 315, NULL, 222, NULL, NULL, 3, 390.00, 1170.00, NULL, NULL, NULL, '2025-07-24 21:38:54', '2025-07-24 21:38:54'),
(1019, 7, 315, NULL, 221, NULL, NULL, 4, 150.00, 600.00, NULL, NULL, NULL, '2025-07-24 21:38:54', '2025-07-24 21:38:54'),
(1020, 7, 315, NULL, 213, NULL, NULL, 3, 150.00, 450.00, NULL, NULL, NULL, '2025-07-24 21:38:54', '2025-07-24 21:38:54'),
(1021, 7, 315, NULL, 130, NULL, NULL, 1, 325.00, 325.00, NULL, NULL, NULL, '2025-07-24 21:38:54', '2025-07-24 21:38:54'),
(1022, 7, 315, NULL, 81, NULL, NULL, 2, 99.00, 198.00, NULL, NULL, NULL, '2025-07-24 21:38:54', '2025-07-24 21:38:54'),
(1023, 7, 315, NULL, 77, NULL, NULL, 2, 50.00, 100.00, NULL, NULL, NULL, '2025-07-24 21:38:54', '2025-07-24 21:38:54'),
(1024, 7, 315, NULL, 216, NULL, NULL, 1, 499.00, 499.00, NULL, NULL, NULL, '2025-07-24 21:38:54', '2025-07-24 21:38:54'),
(1025, 7, 316, NULL, 32, NULL, NULL, 5, 125.00, 625.00, NULL, NULL, NULL, '2025-07-25 14:05:07', '2025-07-25 14:05:07'),
(1026, 7, 317, NULL, 210, NULL, NULL, 3, 425.00, 1275.00, NULL, NULL, NULL, '2025-07-25 22:31:07', '2025-07-25 22:31:07'),
(1027, 7, 317, NULL, 209, NULL, NULL, 3, 399.00, 1197.00, NULL, NULL, NULL, '2025-07-25 22:31:07', '2025-07-25 22:31:07'),
(1028, 7, 317, NULL, 109, NULL, NULL, 3, 425.00, 1275.00, NULL, NULL, NULL, '2025-07-25 22:31:07', '2025-07-25 22:31:07'),
(1029, 7, 317, NULL, 130, NULL, NULL, 4, 325.00, 1300.00, NULL, NULL, NULL, '2025-07-25 22:31:07', '2025-07-25 22:31:07'),
(1030, 7, 317, NULL, 126, NULL, NULL, 6, 399.00, 2394.00, NULL, NULL, NULL, '2025-07-25 22:31:07', '2025-07-25 22:31:07'),
(1031, 7, 317, NULL, 86, NULL, NULL, 3, 289.00, 867.00, NULL, NULL, NULL, '2025-07-25 22:31:07', '2025-07-25 22:31:07'),
(1032, 7, 317, NULL, 77, NULL, NULL, 16, 50.00, 800.00, NULL, NULL, NULL, '2025-07-25 22:31:07', '2025-07-25 22:31:07'),
(1033, 7, 317, NULL, 81, NULL, NULL, 8, 99.00, 792.00, NULL, NULL, NULL, '2025-07-25 22:31:07', '2025-07-25 22:31:07'),
(1034, 7, 317, NULL, 33, 57, NULL, 4, 149.00, 596.00, NULL, NULL, NULL, '2025-07-25 22:31:07', '2025-07-25 22:31:07'),
(1035, 7, 317, NULL, 37, NULL, NULL, 4, 199.00, 796.00, NULL, NULL, NULL, '2025-07-25 22:31:07', '2025-07-25 22:31:07'),
(1036, 7, 318, NULL, 32, NULL, NULL, 24, 125.00, 3000.00, NULL, NULL, NULL, '2025-07-26 23:36:57', '2025-07-26 23:36:57'),
(1037, 7, 318, NULL, 222, NULL, NULL, 1, 390.00, 390.00, NULL, NULL, NULL, '2025-07-26 23:36:57', '2025-07-26 23:36:57'),
(1038, 7, 318, NULL, 101, NULL, NULL, 1, 575.00, 575.00, NULL, NULL, NULL, '2025-07-26 23:36:57', '2025-07-26 23:36:57'),
(1039, 7, 318, NULL, 209, NULL, NULL, 1, 399.00, 399.00, NULL, NULL, NULL, '2025-07-26 23:36:57', '2025-07-26 23:36:57'),
(1040, 7, 318, NULL, 77, NULL, NULL, 4, 50.00, 200.00, NULL, NULL, NULL, '2025-07-26 23:36:57', '2025-07-26 23:36:57'),
(1041, 7, 318, NULL, 81, NULL, NULL, 7, 99.00, 693.00, NULL, NULL, NULL, '2025-07-26 23:36:57', '2025-07-26 23:36:57'),
(1042, 7, 318, NULL, 80, NULL, NULL, 3, 50.00, 150.00, NULL, NULL, NULL, '2025-07-26 23:36:57', '2025-07-26 23:36:57'),
(1043, 7, 318, NULL, 124, NULL, NULL, 1, 399.00, 399.00, NULL, NULL, NULL, '2025-07-26 23:36:57', '2025-07-26 23:36:57'),
(1044, 7, 318, NULL, 126, NULL, NULL, 2, 399.00, 798.00, NULL, NULL, NULL, '2025-07-26 23:36:57', '2025-07-26 23:36:57'),
(1045, 7, 318, NULL, 129, NULL, NULL, 1, 325.00, 325.00, NULL, NULL, NULL, '2025-07-26 23:36:57', '2025-07-26 23:36:57'),
(1046, 7, 319, NULL, 112, NULL, NULL, 2, 399.00, 798.00, NULL, NULL, NULL, '2025-07-27 17:56:11', '2025-07-27 17:56:11'),
(1047, 7, 319, NULL, 44, NULL, NULL, 2, 375.00, 750.00, NULL, NULL, NULL, '2025-07-27 17:56:11', '2025-07-27 17:56:11'),
(1048, 7, 319, NULL, 114, NULL, NULL, 1, 399.00, 399.00, NULL, NULL, NULL, '2025-07-27 17:56:11', '2025-07-27 17:56:11'),
(1049, 7, 319, NULL, 32, NULL, NULL, 8, 125.00, 1000.00, NULL, NULL, NULL, '2025-07-27 17:56:11', '2025-07-27 17:56:11'),
(1050, 7, 319, NULL, 176, NULL, NULL, 3, 220.00, 660.00, NULL, NULL, NULL, '2025-07-27 17:56:11', '2025-07-27 17:56:11'),
(1051, 7, 319, NULL, 29, NULL, NULL, 4, 60.00, 240.00, NULL, NULL, NULL, '2025-07-27 17:56:11', '2025-07-27 17:56:11'),
(1052, 7, 319, NULL, 32, NULL, NULL, 7, 125.00, 875.00, NULL, NULL, NULL, '2025-07-27 17:56:11', '2025-07-27 17:56:11'),
(1053, 7, 320, NULL, 32, NULL, NULL, 22, 125.00, 2750.00, NULL, NULL, NULL, '2025-07-27 22:43:34', '2025-07-27 22:43:34'),
(1054, 7, 320, NULL, 213, NULL, NULL, 7, 150.00, 1050.00, NULL, NULL, NULL, '2025-07-27 22:43:34', '2025-07-27 22:43:34'),
(1055, 7, 320, NULL, 222, NULL, NULL, 3, 390.00, 1170.00, NULL, NULL, NULL, '2025-07-27 22:43:34', '2025-07-27 22:43:34'),
(1056, 7, 320, NULL, 207, NULL, NULL, 5, 299.00, 1495.00, NULL, NULL, NULL, '2025-07-27 22:43:34', '2025-07-27 22:43:34'),
(1057, 7, 320, NULL, 109, NULL, NULL, 1, 425.00, 425.00, NULL, NULL, NULL, '2025-07-27 22:43:34', '2025-07-27 22:43:34'),
(1058, 7, 321, NULL, 92, NULL, NULL, 1, 425.00, 425.00, NULL, NULL, NULL, '2025-07-29 14:37:59', '2025-07-29 14:37:59'),
(1059, 7, 321, NULL, 85, NULL, NULL, 1, 150.00, 150.00, NULL, NULL, NULL, '2025-07-29 14:37:59', '2025-07-29 14:37:59'),
(1060, 7, 322, NULL, 233, NULL, NULL, 79, 1200.00, 94800.00, NULL, NULL, NULL, '2025-07-29 16:49:05', '2025-07-29 16:49:05'),
(1061, 7, 323, NULL, 185, NULL, NULL, 2, 250.00, 500.00, NULL, NULL, NULL, '2025-07-30 16:52:09', '2025-07-30 16:52:09'),
(1062, 7, 323, NULL, 218, NULL, NULL, 1, 250.00, 250.00, NULL, NULL, NULL, '2025-07-30 16:52:09', '2025-07-30 16:52:09'),
(1063, 7, 323, NULL, 29, NULL, NULL, 3, 60.00, 180.00, NULL, NULL, NULL, '2025-07-30 16:52:09', '2025-07-30 16:52:09'),
(1064, 7, 323, NULL, 209, NULL, NULL, 1, 399.00, 399.00, NULL, NULL, NULL, '2025-07-30 16:52:09', '2025-07-30 16:52:09'),
(1065, 7, 323, NULL, 131, NULL, NULL, 1, 575.00, 575.00, NULL, NULL, NULL, '2025-07-30 16:52:09', '2025-07-30 16:52:09'),
(1066, 7, 323, NULL, 122, NULL, NULL, 2, 399.00, 798.00, NULL, NULL, NULL, '2025-07-30 16:52:09', '2025-07-30 16:52:09'),
(1067, 7, 323, NULL, 130, NULL, NULL, 2, 325.00, 650.00, NULL, NULL, NULL, '2025-07-30 16:52:09', '2025-07-30 16:52:09'),
(1068, 7, 323, NULL, 81, NULL, NULL, 1, 99.00, 99.00, NULL, NULL, NULL, '2025-07-30 16:52:09', '2025-07-30 16:52:09'),
(1069, 7, 323, NULL, 83, NULL, NULL, 2, 99.00, 198.00, NULL, NULL, NULL, '2025-07-30 16:52:09', '2025-07-30 16:52:09'),
(1070, 7, 323, NULL, 77, NULL, NULL, 2, 50.00, 100.00, NULL, NULL, NULL, '2025-07-30 16:52:09', '2025-07-30 16:52:09'),
(1071, 7, 323, NULL, 79, NULL, NULL, 2, 99.00, 198.00, NULL, NULL, NULL, '2025-07-30 16:52:09', '2025-07-30 16:52:09'),
(1072, 7, 323, NULL, 131, NULL, NULL, 1, 575.00, 575.00, NULL, NULL, NULL, '2025-07-30 16:52:09', '2025-07-30 16:52:09'),
(1073, 7, 323, NULL, 77, NULL, NULL, 2, 50.00, 100.00, NULL, NULL, NULL, '2025-07-30 16:52:09', '2025-07-30 16:52:09'),
(1074, 7, 323, NULL, 126, NULL, NULL, 1, 399.00, 399.00, NULL, NULL, NULL, '2025-07-30 16:52:09', '2025-07-30 16:52:09'),
(1075, 7, 323, NULL, 79, NULL, NULL, 1, 99.00, 99.00, NULL, NULL, NULL, '2025-07-30 16:52:09', '2025-07-30 16:52:09'),
(1076, 7, 323, NULL, 81, NULL, NULL, 1, 99.00, 99.00, NULL, NULL, NULL, '2025-07-30 16:52:09', '2025-07-30 16:52:09'),
(1077, 7, 323, NULL, 29, NULL, NULL, 1, 60.00, 60.00, NULL, NULL, NULL, '2025-07-30 16:52:09', '2025-07-30 16:52:09'),
(1078, 7, 323, NULL, 182, NULL, NULL, 1, 125.00, 125.00, NULL, NULL, NULL, '2025-07-30 16:52:09', '2025-07-30 16:52:09'),
(1079, 7, 323, NULL, 32, NULL, NULL, 4, 125.00, 500.00, NULL, NULL, NULL, '2025-07-30 16:52:09', '2025-07-30 16:52:09'),
(1080, 7, 324, NULL, 67, NULL, NULL, 1, 250.00, 250.00, NULL, NULL, NULL, '2025-07-30 22:33:38', '2025-07-30 22:33:38'),
(1081, 7, 324, NULL, 112, NULL, NULL, 1, 399.00, 399.00, NULL, NULL, NULL, '2025-07-30 22:33:38', '2025-07-30 22:33:38'),
(1082, 7, 324, NULL, 211, NULL, NULL, 1, 275.00, 275.00, NULL, NULL, NULL, '2025-07-30 22:33:38', '2025-07-30 22:33:38'),
(1083, 7, 324, NULL, 127, NULL, NULL, 1, 325.00, 325.00, NULL, NULL, NULL, '2025-07-30 22:33:38', '2025-07-30 22:33:38'),
(1084, 7, 324, NULL, 77, NULL, NULL, 6, 50.00, 300.00, NULL, NULL, NULL, '2025-07-30 22:33:38', '2025-07-30 22:33:38'),
(1085, 7, 324, NULL, 193, NULL, NULL, 1, 575.00, 575.00, NULL, NULL, NULL, '2025-07-30 22:33:38', '2025-07-30 22:33:38'),
(1086, 7, 324, NULL, 33, 57, NULL, 2, 149.00, 298.00, NULL, NULL, NULL, '2025-07-30 22:33:38', '2025-07-30 22:33:38'),
(1087, 7, 324, NULL, 37, NULL, NULL, 2, 199.00, 398.00, NULL, NULL, NULL, '2025-07-30 22:33:38', '2025-07-30 22:33:38'),
(1088, 7, 325, NULL, 32, NULL, NULL, 4, 125.00, 500.00, NULL, NULL, NULL, '2025-08-02 18:52:04', '2025-08-02 18:52:04'),
(1089, 7, 325, NULL, 114, NULL, NULL, 1, 399.00, 399.00, NULL, NULL, NULL, '2025-08-02 18:52:04', '2025-08-02 18:52:04'),
(1090, 7, 325, NULL, 112, NULL, NULL, 1, 399.00, 399.00, NULL, NULL, NULL, '2025-08-02 18:52:04', '2025-08-02 18:52:04'),
(1091, 7, 326, NULL, 22, NULL, NULL, 1, 199.00, 199.00, NULL, NULL, NULL, '2025-08-03 15:31:58', '2025-08-03 15:31:58'),
(1092, 7, 326, NULL, 130, NULL, NULL, 1, 325.00, 325.00, NULL, NULL, NULL, '2025-08-03 15:31:58', '2025-08-03 15:31:58'),
(1093, 7, 326, NULL, 77, NULL, NULL, 7, 50.00, 350.00, NULL, NULL, NULL, '2025-08-03 15:31:58', '2025-08-03 15:31:58'),
(1094, 7, 326, NULL, 216, NULL, NULL, 1, 499.00, 499.00, NULL, NULL, NULL, '2025-08-03 15:31:58', '2025-08-03 15:31:58'),
(1095, 7, 327, NULL, 131, NULL, NULL, 1, 575.00, 575.00, NULL, NULL, NULL, '2025-08-03 16:15:32', '2025-08-03 16:15:32'),
(1096, 7, 327, NULL, 206, NULL, NULL, 1, 575.00, 575.00, NULL, NULL, NULL, '2025-08-03 16:15:32', '2025-08-03 16:15:32'),
(1097, 7, 327, NULL, 22, NULL, NULL, 1, 199.00, 199.00, NULL, NULL, NULL, '2025-08-03 16:15:32', '2025-08-03 16:15:32'),
(1098, 7, 327, NULL, 28, 26, NULL, 1, 199.00, 199.00, NULL, NULL, NULL, '2025-08-03 16:15:32', '2025-08-03 16:15:32'),
(1099, 7, 327, NULL, 83, NULL, NULL, 1, 99.00, 99.00, NULL, NULL, NULL, '2025-08-03 16:15:32', '2025-08-03 16:15:32'),
(1100, 7, 327, NULL, 81, NULL, NULL, 1, 99.00, 99.00, NULL, NULL, NULL, '2025-08-03 16:15:32', '2025-08-03 16:15:32'),
(1101, 7, 329, NULL, 208, NULL, NULL, 2, 199.00, 398.00, NULL, NULL, NULL, '2025-08-05 13:59:31', '2025-08-05 13:59:31'),
(1102, 7, 329, NULL, 123, NULL, NULL, 1, 399.00, 399.00, NULL, NULL, NULL, '2025-08-05 13:59:31', '2025-08-05 13:59:31'),
(1103, 7, 329, NULL, 130, NULL, NULL, 1, 325.00, 325.00, NULL, NULL, NULL, '2025-08-05 13:59:31', '2025-08-05 13:59:31'),
(1104, 7, 329, NULL, 77, NULL, NULL, 3, 50.00, 150.00, NULL, NULL, NULL, '2025-08-05 13:59:31', '2025-08-05 13:59:31'),
(1105, 7, 330, NULL, 234, NULL, NULL, 60, 1190.00, 71400.00, NULL, NULL, NULL, '2025-08-05 19:33:19', '2025-08-05 19:33:19'),
(1106, 7, 331, NULL, 67, NULL, NULL, 1, 250.00, 250.00, NULL, NULL, NULL, '2025-08-06 15:17:49', '2025-08-06 15:17:49'),
(1107, 7, 331, NULL, 130, NULL, NULL, 1, 325.00, 325.00, NULL, NULL, NULL, '2025-08-06 15:17:49', '2025-08-06 15:17:49'),
(1108, 7, 331, NULL, 79, NULL, NULL, 1, 99.00, 99.00, NULL, NULL, NULL, '2025-08-06 15:17:49', '2025-08-06 15:17:49'),
(1109, 7, 331, NULL, 77, NULL, NULL, 1, 50.00, 50.00, NULL, NULL, NULL, '2025-08-06 15:17:49', '2025-08-06 15:17:49'),
(1110, 7, 332, NULL, 32, NULL, NULL, 7, 125.00, 875.00, NULL, NULL, NULL, '2025-08-06 18:20:02', '2025-08-06 18:20:02'),
(1111, 7, 333, NULL, 221, NULL, NULL, 1, 150.00, 150.00, NULL, NULL, NULL, '2025-08-07 20:22:52', '2025-08-07 20:22:52'),
(1112, 7, 334, NULL, 221, NULL, NULL, 1, 150.00, 150.00, NULL, NULL, NULL, '2025-08-08 22:19:30', '2025-08-08 22:19:30'),
(1113, 7, 334, NULL, 213, NULL, NULL, 1, 150.00, 150.00, NULL, NULL, NULL, '2025-08-08 22:19:30', '2025-08-08 22:19:30'),
(1114, 7, 334, NULL, 102, NULL, NULL, 1, 575.00, 575.00, NULL, NULL, NULL, '2025-08-08 22:19:30', '2025-08-08 22:19:30'),
(1115, 7, 334, NULL, 129, NULL, NULL, 1, 325.00, 325.00, NULL, NULL, NULL, '2025-08-08 22:19:30', '2025-08-08 22:19:30'),
(1116, 7, 334, NULL, 77, NULL, NULL, 4, 50.00, 200.00, NULL, NULL, NULL, '2025-08-08 22:19:30', '2025-08-08 22:19:30'),
(1117, 7, 334, NULL, 77, NULL, NULL, 1, 50.00, 50.00, NULL, NULL, NULL, '2025-08-08 22:19:30', '2025-08-08 22:19:30'),
(1118, 7, 335, NULL, 232, NULL, NULL, 37, 1000.00, 37000.00, NULL, NULL, NULL, '2025-08-10 14:14:14', '2025-08-10 14:14:14'),
(1119, 7, 336, NULL, 102, NULL, NULL, 1, 575.00, 575.00, NULL, NULL, NULL, '2025-08-10 16:17:01', '2025-08-10 16:17:01'),
(1120, 7, 336, NULL, 130, NULL, NULL, 1, 325.00, 325.00, NULL, NULL, NULL, '2025-08-10 16:17:01', '2025-08-10 16:17:01'),
(1121, 7, 336, NULL, 140, NULL, NULL, 1, 499.00, 499.00, NULL, NULL, NULL, '2025-08-10 16:17:01', '2025-08-10 16:17:01'),
(1122, 7, 336, NULL, 77, NULL, NULL, 4, 50.00, 200.00, NULL, NULL, NULL, '2025-08-10 16:17:01', '2025-08-10 16:17:01'),
(1123, 7, 336, NULL, 81, NULL, NULL, 1, 99.00, 99.00, NULL, NULL, NULL, '2025-08-10 16:17:01', '2025-08-10 16:17:01');

-- --------------------------------------------------------

--
-- Table structure for table `order_item_modifier_options`
--

CREATE TABLE `order_item_modifier_options` (
  `id` bigint(20) UNSIGNED NOT NULL,
  `order_item_id` bigint(20) UNSIGNED NOT NULL,
  `modifier_option_id` bigint(20) UNSIGNED NOT NULL,
  `created_at` timestamp NULL DEFAULT NULL,
  `updated_at` timestamp NULL DEFAULT NULL
) ENGINE=InnoDB DEFAULT CHARSET=utf8mb4 COLLATE=utf8mb4_unicode_ci;

-- --------------------------------------------------------

--
-- Table structure for table `order_places`
--

CREATE TABLE `order_places` (
  `id` bigint(20) UNSIGNED NOT NULL,
  `printer_id` bigint(20) UNSIGNED DEFAULT NULL,
  `branch_id` bigint(20) UNSIGNED DEFAULT NULL,
  `name` varchar(191) NOT NULL,
  `type` varchar(191) DEFAULT NULL,
  `is_active` tinyint(1) NOT NULL DEFAULT 1,
  `is_default` tinyint(1) NOT NULL DEFAULT 0,
  `created_at` timestamp NULL DEFAULT NULL,
  `updated_at` timestamp NULL DEFAULT NULL
) ENGINE=InnoDB DEFAULT CHARSET=utf8mb4 COLLATE=utf8mb4_unicode_ci;

--
-- Dumping data for table `order_places`
--

INSERT INTO `order_places` (`id`, `printer_id`, `branch_id`, `name`, `type`, `is_active`, `is_default`, `created_at`, `updated_at`) VALUES
(1, 1, 1, 'Default POS Terminal', 'vegetarian', 1, 1, '2025-08-01 09:37:56', '2025-08-01 09:37:57'),
(2, 2, 2, 'Default POS Terminal', 'vegetarian', 1, 1, '2025-08-01 09:37:58', '2025-08-01 09:37:58');

-- --------------------------------------------------------

--
-- Table structure for table `order_taxes`
--

CREATE TABLE `order_taxes` (
  `id` bigint(20) UNSIGNED NOT NULL,
  `order_id` bigint(20) UNSIGNED NOT NULL,
  `tax_id` bigint(20) UNSIGNED NOT NULL
) ENGINE=InnoDB DEFAULT CHARSET=utf8mb4 COLLATE=utf8mb4_unicode_ci;

--
-- Dumping data for table `order_taxes`
--

INSERT INTO `order_taxes` (`id`, `order_id`, `tax_id`) VALUES
(1, 1, 3),
(2, 1, 4),
(3, 2, 3),
(4, 2, 4),
(5, 3, 3),
(6, 3, 4),
(7, 4, 3),
(8, 4, 4),
(16, 7, 3),
(17, 7, 4),
(19, 8, 3),
(20, 8, 4),
(25, 10, 3),
(26, 10, 4),
(31, 9, 3),
(32, 9, 4),
(34, 11, 3),
(35, 11, 4),
(37, 12, 3),
(38, 12, 4),
(40, 13, 3),
(41, 13, 4),
(43, 14, 3),
(44, 14, 4),
(46, 16, 3),
(47, 16, 4),
(49, 17, 3),
(50, 17, 4),
(52, 18, 3),
(53, 18, 4),
(55, 19, 3),
(56, 19, 4),
(58, 20, 3),
(59, 20, 4),
(61, 21, 3),
(62, 21, 4),
(64, 22, 3),
(65, 22, 4),
(67, 24, 3),
(68, 24, 4),
(70, 23, 3),
(71, 23, 4),
(73, 25, 3),
(74, 25, 4),
(76, 26, 3),
(77, 26, 4),
(79, 27, 3),
(80, 27, 4),
(82, 28, 3),
(83, 28, 4),
(85, 29, 3),
(86, 29, 4),
(88, 30, 3),
(89, 30, 4),
(91, 31, 3),
(92, 31, 4),
(94, 32, 3),
(95, 32, 4),
(97, 33, 3),
(98, 33, 4),
(100, 34, 3),
(101, 34, 4),
(103, 35, 3),
(104, 35, 4),
(106, 36, 3),
(107, 36, 4),
(109, 37, 3),
(110, 37, 4),
(112, 38, 3),
(113, 38, 4),
(115, 39, 3),
(116, 39, 4),
(118, 40, 3),
(119, 40, 4),
(121, 42, 3),
(122, 42, 4),
(124, 44, 3),
(125, 44, 4),
(127, 45, 3),
(128, 45, 4),
(130, 46, 3),
(131, 46, 4),
(133, 47, 3),
(134, 47, 4),
(139, 49, 3),
(140, 49, 4),
(142, 50, 3),
(143, 50, 4),
(145, 51, 3),
(146, 51, 4),
(148, 52, 3),
(149, 52, 4),
(154, 5, 3),
(155, 5, 4),
(166, 54, 3),
(167, 54, 4),
(172, 58, 3),
(173, 58, 4),
(175, 61, 3),
(176, 61, 4),
(178, 63, 3),
(179, 63, 4),
(187, 66, 3),
(188, 66, 4),
(190, 67, 3),
(191, 67, 4),
(196, 68, 3),
(197, 68, 4),
(199, 70, 3),
(200, 70, 4),
(202, 71, 3),
(203, 71, 4),
(205, 72, 3),
(206, 72, 4),
(208, 73, 3),
(209, 73, 4),
(214, 74, 3),
(215, 74, 4),
(223, 75, 3),
(224, 75, 4),
(226, 76, 3),
(227, 76, 4),
(229, 77, 3),
(230, 77, 4),
(232, 78, 3),
(233, 78, 4),
(235, 79, 3),
(236, 79, 4),
(238, 80, 3),
(239, 80, 4),
(241, 81, 3),
(242, 81, 4),
(244, 82, 3),
(245, 82, 4),
(247, 83, 3),
(248, 83, 4),
(250, 84, 3),
(251, 84, 4),
(253, 85, 3),
(254, 85, 4),
(256, 86, 3),
(257, 86, 4),
(259, 87, 3),
(260, 87, 4),
(262, 88, 3),
(263, 88, 4),
(268, 91, 3),
(269, 91, 4),
(271, 92, 3),
(272, 92, 4),
(274, 94, 3),
(275, 94, 4),
(277, 95, 3),
(278, 95, 4),
(280, 96, 3),
(281, 96, 4),
(283, 97, 3),
(284, 97, 4),
(286, 98, 3),
(287, 98, 4),
(289, 99, 3),
(290, 99, 4),
(292, 100, 3),
(293, 100, 4),
(295, 102, 3),
(296, 102, 4),
(298, 103, 3),
(299, 103, 4),
(301, 104, 3),
(302, 104, 4),
(304, 105, 3),
(305, 105, 4),
(307, 107, 3),
(308, 107, 4),
(310, 108, 3),
(311, 108, 4),
(313, 109, 3),
(314, 109, 4),
(316, 110, 3),
(317, 110, 4),
(319, 111, 3),
(320, 111, 4),
(322, 114, 3),
(323, 114, 4),
(331, 118, 3),
(332, 118, 4),
(337, 125, 3),
(338, 125, 4),
(355, 132, 3),
(356, 132, 4),
(358, 133, 3),
(359, 133, 4),
(361, 135, 3),
(362, 135, 4),
(364, 136, 3),
(365, 136, 4),
(391, 145, 3),
(392, 145, 4),
(397, 151, 3),
(398, 151, 4),
(400, 152, 3),
(401, 152, 4),
(403, 153, 3),
(404, 153, 4),
(409, 156, 3),
(410, 156, 4),
(412, 157, 3),
(413, 157, 4),
(415, 158, 3),
(416, 158, 4),
(418, 159, 3),
(419, 159, 4),
(421, 160, 3),
(422, 160, 4),
(424, 161, 3),
(425, 161, 4),
(427, 162, 3),
(428, 162, 4),
(433, 165, 3),
(434, 165, 4),
(436, 166, 3),
(437, 166, 4),
(439, 167, 3),
(440, 167, 4),
(442, 168, 3),
(443, 168, 4),
(445, 169, 3),
(446, 169, 4),
(448, 170, 3),
(449, 170, 4),
(478, 180, 3),
(479, 180, 4),
(487, 130, 3),
(488, 130, 4),
(589, 218, 3),
(590, 218, 4),
(592, 219, 3),
(593, 219, 4),
(595, 220, 3),
(596, 220, 4),
(598, 221, 3),
(599, 221, 4),
(604, 224, 3),
(605, 224, 4),
(641, 235, 8),
(642, 235, 9),
(644, 236, 8),
(645, 236, 9),
(647, 237, 8),
(648, 237, 9),
(650, 238, 8),
(651, 238, 9),
(653, 239, 8),
(654, 239, 9),
(656, 240, 8),
(657, 240, 9),
(659, 241, 8),
(660, 241, 9),
(662, 242, 8),
(663, 242, 9),
(665, 244, 8),
(666, 244, 9),
(668, 245, 8),
(669, 245, 9),
(671, 243, 8),
(672, 243, 9),
(674, 246, 8),
(675, 246, 9),
(677, 247, 8),
(678, 247, 9),
(680, 248, 8),
(681, 248, 9),
(683, 249, 8),
(684, 249, 9),
(686, 250, 8),
(687, 250, 9),
(689, 251, 8),
(690, 251, 9),
(692, 252, 8),
(693, 252, 9),
(698, 253, 8),
(699, 253, 9),
(701, 254, 8),
(702, 254, 9),
(704, 255, 8),
(705, 255, 9),
(707, 256, 8),
(708, 256, 9),
(710, 257, 8),
(711, 257, 9),
(712, 258, 3),
(713, 258, 4),
(715, 259, 3),
(716, 259, 4),
(719, 261, 8),
(720, 261, 9),
(721, 263, 3),
(722, 263, 4),
(723, 264, 8),
(724, 264, 9),
(725, 265, 8),
(726, 265, 9),
(727, 266, 8),
(728, 266, 9),
(729, 267, 8),
(730, 267, 9),
(731, 268, 8),
(732, 268, 9),
(733, 269, 8),
(734, 269, 9),
(735, 270, 8),
(736, 270, 9),
(737, 271, 8),
(738, 271, 9),
(739, 272, 8),
(740, 272, 9),
(741, 273, 8),
(742, 273, 9),
(743, 274, 8),
(744, 274, 9),
(745, 275, 8),
(746, 275, 9),
(747, 277, 8),
(748, 277, 9),
(749, 278, 8),
(750, 278, 9),
(751, 279, 8),
(752, 279, 9),
(753, 280, 8),
(754, 280, 9),
(755, 281, 8),
(756, 281, 9),
(757, 282, 8),
(758, 282, 9),
(759, 283, 8),
(760, 283, 9),
(761, 284, 8),
(762, 284, 9),
(763, 285, 8),
(764, 285, 9),
(765, 286, 8),
(766, 286, 9),
(767, 287, 8),
(768, 287, 9),
(769, 288, 8),
(770, 288, 9),
(771, 290, 8),
(772, 290, 9),
(775, 289, 8),
(776, 289, 9),
(777, 292, 8),
(778, 292, 9),
(779, 291, 8),
(780, 291, 9),
(781, 293, 8),
(782, 293, 9),
(783, 294, 8),
(784, 294, 9),
(785, 295, 3),
(786, 295, 4),
(787, 296, 8),
(788, 296, 9),
(789, 297, 3),
(790, 297, 4),
(791, 298, 8),
(792, 298, 9),
(793, 299, 8),
(794, 299, 9),
(795, 300, 8),
(796, 300, 9),
(797, 301, 8),
(798, 301, 9),
(799, 302, 8),
(800, 302, 9),
(801, 303, 8),
(802, 303, 9),
(803, 304, 8),
(804, 304, 9),
(805, 305, 8),
(806, 305, 9),
(807, 306, 8),
(808, 306, 9),
(809, 307, 8),
(810, 307, 9),
(811, 308, 8),
(812, 308, 9),
(813, 309, 8),
(814, 309, 9),
(815, 311, 8),
(816, 311, 9),
(817, 310, 8),
(818, 310, 9),
(819, 312, 8),
(820, 312, 9),
(821, 313, 8),
(822, 313, 9),
(825, 314, 8),
(826, 314, 9),
(827, 315, 8),
(828, 315, 9),
(829, 316, 8),
(830, 316, 9),
(831, 317, 8),
(832, 317, 9),
(833, 318, 8),
(834, 318, 9),
(835, 319, 8),
(836, 319, 9),
(837, 320, 8),
(838, 320, 9),
(839, 321, 8),
(840, 321, 9),
(841, 322, 8),
(842, 322, 9),
(843, 323, 8),
(844, 323, 9),
(845, 324, 8),
(846, 324, 9),
(847, 325, 8),
(848, 325, 9),
(849, 326, 8),
(850, 326, 9),
(851, 327, 8),
(852, 327, 9),
(853, 329, 8),
(854, 329, 9),
(855, 330, 8),
(856, 330, 9),
(857, 331, 8),
(858, 331, 9),
(859, 332, 8),
(860, 332, 9),
(861, 333, 8),
(862, 333, 9),
(863, 334, 8),
(864, 334, 9),
(865, 335, 8),
(866, 335, 9),
(867, 336, 8),
(868, 336, 9);

-- --------------------------------------------------------

--
-- Table structure for table `packages`
--

CREATE TABLE `packages` (
  `id` bigint(20) UNSIGNED NOT NULL,
  `package_name` varchar(191) NOT NULL,
  `price` decimal(16,2) NOT NULL,
  `created_at` timestamp NULL DEFAULT NULL,
  `updated_at` timestamp NULL DEFAULT NULL,
  `currency_id` bigint(20) UNSIGNED DEFAULT NULL,
  `description` varchar(191) DEFAULT NULL,
  `annual_price` decimal(16,2) DEFAULT NULL,
  `monthly_price` decimal(16,2) DEFAULT NULL,
  `monthly_status` varchar(191) DEFAULT '1',
  `annual_status` varchar(191) DEFAULT '1',
  `stripe_annual_plan_id` varchar(191) DEFAULT NULL,
  `stripe_monthly_plan_id` varchar(191) DEFAULT NULL,
  `razorpay_annual_plan_id` varchar(191) DEFAULT NULL,
  `razorpay_monthly_plan_id` varchar(191) DEFAULT NULL,
  `flutterwave_annual_plan_id` varchar(191) DEFAULT NULL,
  `flutterwave_monthly_plan_id` varchar(191) DEFAULT NULL,
  `paystack_annual_plan_id` varchar(191) DEFAULT NULL,
  `paystack_monthly_plan_id` varchar(191) DEFAULT NULL,
  `stripe_lifetime_plan_id` varchar(191) DEFAULT NULL,
  `razorpay_lifetime_plan_id` varchar(191) DEFAULT NULL,
  `billing_cycle` tinyint(3) UNSIGNED DEFAULT NULL,
  `sort_order` int(10) UNSIGNED DEFAULT NULL,
  `is_private` tinyint(1) NOT NULL DEFAULT 0,
  `is_free` tinyint(1) NOT NULL DEFAULT 0,
  `is_recommended` tinyint(1) NOT NULL DEFAULT 0,
  `package_type` varchar(191) NOT NULL DEFAULT 'standard',
  `trial_status` tinyint(1) DEFAULT NULL,
  `trial_days` int(11) DEFAULT NULL,
  `trial_notification_before_days` int(11) DEFAULT NULL,
  `trial_message` varchar(191) DEFAULT NULL,
  `additional_features` longtext DEFAULT NULL,
  `branch_limit` int(11) DEFAULT NULL
) ENGINE=InnoDB DEFAULT CHARSET=utf8mb4 COLLATE=utf8mb4_unicode_ci;

--
-- Dumping data for table `packages`
--

INSERT INTO `packages` (`id`, `package_name`, `price`, `created_at`, `updated_at`, `currency_id`, `description`, `annual_price`, `monthly_price`, `monthly_status`, `annual_status`, `stripe_annual_plan_id`, `stripe_monthly_plan_id`, `razorpay_annual_plan_id`, `razorpay_monthly_plan_id`, `flutterwave_annual_plan_id`, `flutterwave_monthly_plan_id`, `paystack_annual_plan_id`, `paystack_monthly_plan_id`, `stripe_lifetime_plan_id`, `razorpay_lifetime_plan_id`, `billing_cycle`, `sort_order`, `is_private`, `is_free`, `is_recommended`, `package_type`, `trial_status`, `trial_days`, `trial_notification_before_days`, `trial_message`, `additional_features`, `branch_limit`) VALUES
(1, 'Default', 0.00, '2025-08-01 09:37:47', '2025-08-01 09:37:47', 1, 'Its a default package and cannot be deleted', NULL, NULL, '0', '0', NULL, NULL, NULL, NULL, NULL, NULL, NULL, NULL, NULL, NULL, 12, 1, 0, 1, 0, 'default', NULL, NULL, NULL, NULL, NULL, NULL),
(2, 'Subscription Package', 0.00, '2025-08-01 09:37:48', '2025-08-01 09:37:48', 1, 'This is a subscription package', 100.00, 10.00, '1', '1', NULL, NULL, NULL, NULL, NULL, NULL, NULL, NULL, NULL, NULL, 10, 2, 0, 0, 1, 'standard', NULL, NULL, NULL, NULL, NULL, NULL),
(3, 'Life Time', 199.00, '2025-08-01 09:37:48', '2025-08-01 09:37:48', 1, 'This is a lifetime access package', NULL, NULL, '0', '0', NULL, NULL, NULL, NULL, NULL, NULL, NULL, NULL, NULL, NULL, 0, 3, 0, 0, 1, 'lifetime', NULL, NULL, NULL, NULL, '[\"Change Branch\",\"Export Report\",\"Table Reservation\",\"Payment Gateway Integration\",\"Theme Setting\"]', NULL),
(4, 'Private Package', 0.00, '2025-08-01 09:37:50', '2025-08-01 09:37:50', 1, 'This is a private package', 50.00, 5.00, '1', '1', NULL, NULL, NULL, NULL, NULL, NULL, NULL, NULL, NULL, NULL, 12, 4, 1, 0, 0, 'standard', NULL, NULL, NULL, NULL, NULL, NULL),
(5, 'Trial Package', 0.00, '2025-08-01 09:37:51', '2025-08-01 09:37:51', 1, 'This is a trial package', NULL, NULL, '0', '0', NULL, NULL, NULL, NULL, NULL, NULL, NULL, NULL, NULL, NULL, 0, NULL, 0, 1, 0, 'trial', 1, 30, 5, '30 Days Free Trial', '[\"Change Branch\",\"Export Report\",\"Table Reservation\",\"Payment Gateway Integration\",\"Theme Setting\"]', NULL),
(7, 'PSK Monthly Plan', 0.00, '2025-02-12 10:56:23', '2025-02-28 09:31:13', 2, 'Special monthly price for PSK customer.', NULL, 4000.00, '1', '0', NULL, NULL, NULL, 'plan_Q154rTZwzNplpd', NULL, NULL, NULL, NULL, NULL, NULL, NULL, 9, 1, 0, 0, 'standard', NULL, NULL, NULL, NULL, '[\"Theme Setting\",\"Export Report\",\"Table Reservation\",\"Payment Gateway Integration\"]', 2),
(9, 'Essential', 0.00, '2025-02-28 07:48:25', '2025-02-28 09:30:08', 2, 'Get advanced features designed specifically for restaurants. Upgrade when you want to, and cancel anytime.', 7499.00, 799.00, '1', '1', NULL, NULL, 'plan_Q156Y1edz65c24', 'plan_Q1559TCjGnJw4Z', NULL, NULL, NULL, NULL, NULL, NULL, NULL, 4, 0, 0, 0, 'standard', NULL, NULL, NULL, NULL, '[\"Payment Gateway Integration\"]', NULL),
(10, 'Plus', 0.00, '2025-02-28 07:54:12', '2025-02-28 09:32:24', 2, 'Get advanced features designed specifically for restaurants. Upgrade when you want to, and cancel anytime.', 9999.00, 999.00, '1', '1', NULL, NULL, 'plan_Q154Sxybr7tQxo', 'plan_Q1526Shjajl0E4', NULL, NULL, NULL, NULL, NULL, NULL, NULL, 3, 0, 0, 1, 'standard', NULL, NULL, NULL, NULL, '[\"Export Report\",\"Table Reservation\",\"Payment Gateway Integration\",\"Change Branch\",\"Theme Setting\"]', 2),
(11, 'Free', 0.00, '2025-02-28 07:59:59', '2025-02-28 07:59:59', 2, 'Sell in person, online, over the phone, or out in the field. No setup fees or monthly fees — for small popup shops.', NULL, 0.00, '1', '0', NULL, NULL, NULL, 'gb', NULL, NULL, NULL, NULL, NULL, NULL, NULL, 1, 0, 0, 0, 'standard', NULL, NULL, NULL, NULL, '[\"Theme Setting\"]', NULL);

-- --------------------------------------------------------

--
-- Table structure for table `package_modules`
--

CREATE TABLE `package_modules` (
  `id` bigint(20) UNSIGNED NOT NULL,
  `package_id` bigint(20) UNSIGNED DEFAULT NULL,
  `module_id` bigint(20) UNSIGNED DEFAULT NULL,
  `created_at` timestamp NULL DEFAULT NULL,
  `updated_at` timestamp NULL DEFAULT NULL
) ENGINE=InnoDB DEFAULT CHARSET=utf8mb4 COLLATE=utf8mb4_unicode_ci;

--
-- Dumping data for table `package_modules`
--

INSERT INTO `package_modules` (`id`, `package_id`, `module_id`, `created_at`, `updated_at`) VALUES
(1, 1, 1, NULL, NULL),
(2, 1, 2, NULL, NULL),
(3, 1, 3, NULL, NULL),
(4, 1, 4, NULL, NULL),
(5, 1, 5, NULL, NULL),
(6, 1, 6, NULL, NULL),
(7, 1, 7, NULL, NULL),
(8, 1, 8, NULL, NULL),
(9, 1, 9, NULL, NULL),
(10, 1, 10, NULL, NULL),
(11, 1, 11, NULL, NULL),
(12, 1, 12, NULL, NULL),
(13, 1, 13, NULL, NULL),
(14, 1, 14, NULL, NULL),
(15, 1, 15, NULL, NULL),
(16, 1, 16, NULL, NULL),
(17, 2, 1, NULL, NULL),
(18, 2, 2, NULL, NULL),
(19, 2, 3, NULL, NULL),
(20, 2, 4, NULL, NULL),
(21, 2, 5, NULL, NULL),
(22, 2, 6, NULL, NULL),
(23, 2, 7, NULL, NULL),
(24, 2, 8, NULL, NULL),
(25, 2, 9, NULL, NULL),
(26, 2, 10, NULL, NULL),
(27, 2, 11, NULL, NULL),
(28, 2, 12, NULL, NULL),
(29, 2, 13, NULL, NULL),
(30, 2, 14, NULL, NULL),
(31, 2, 15, NULL, NULL),
(32, 2, 16, NULL, NULL),
(33, 3, 1, NULL, NULL),
(34, 3, 2, NULL, NULL),
(35, 3, 3, NULL, NULL),
(36, 3, 4, NULL, NULL),
(37, 3, 5, NULL, NULL),
(38, 3, 6, NULL, NULL),
(39, 3, 7, NULL, NULL),
(40, 3, 8, NULL, NULL),
(41, 3, 9, NULL, NULL),
(42, 3, 10, NULL, NULL),
(43, 3, 11, NULL, NULL),
(44, 3, 12, NULL, NULL),
(45, 3, 13, NULL, NULL),
(46, 3, 14, NULL, NULL),
(47, 3, 15, NULL, NULL),
(48, 3, 16, NULL, NULL),
(49, 4, 1, NULL, NULL),
(50, 4, 2, NULL, NULL),
(51, 4, 3, NULL, NULL),
(52, 4, 4, NULL, NULL),
(53, 4, 5, NULL, NULL),
(54, 4, 6, NULL, NULL),
(55, 4, 7, NULL, NULL),
(56, 4, 8, NULL, NULL),
(57, 4, 9, NULL, NULL),
(58, 4, 10, NULL, NULL),
(59, 4, 11, NULL, NULL),
(60, 4, 12, NULL, NULL),
(61, 4, 13, NULL, NULL),
(62, 4, 14, NULL, NULL),
(63, 4, 15, NULL, NULL),
(64, 4, 16, NULL, NULL),
(65, 5, 1, NULL, NULL),
(66, 5, 2, NULL, NULL),
(67, 5, 3, NULL, NULL),
(68, 5, 4, NULL, NULL),
(69, 5, 5, NULL, NULL),
(70, 5, 6, NULL, NULL),
(71, 5, 7, NULL, NULL),
(72, 5, 8, NULL, NULL),
(73, 5, 9, NULL, NULL),
(74, 5, 10, NULL, NULL),
(75, 5, 11, NULL, NULL),
(76, 5, 12, NULL, NULL),
(77, 5, 13, NULL, NULL),
(78, 5, 14, NULL, NULL),
(79, 5, 15, NULL, NULL),
(80, 5, 16, NULL, NULL),
(91, 7, 1, NULL, NULL),
(92, 7, 2, NULL, NULL),
(93, 7, 3, NULL, NULL),
(94, 7, 4, NULL, NULL),
(95, 7, 5, NULL, NULL),
(96, 7, 6, NULL, NULL),
(97, 7, 7, NULL, NULL),
(98, 7, 8, NULL, NULL),
(99, 7, 9, NULL, NULL),
(100, 7, 10, NULL, NULL),
(101, 7, 11, NULL, NULL),
(102, 7, 12, NULL, NULL),
(103, 7, 13, NULL, NULL),
(104, 7, 14, NULL, NULL),
(105, 7, 15, NULL, NULL),
(121, 9, 1, NULL, NULL),
(122, 9, 2, NULL, NULL),
(123, 9, 3, NULL, NULL),
(124, 9, 7, NULL, NULL),
(125, 9, 8, NULL, NULL),
(126, 9, 9, NULL, NULL),
(127, 9, 11, NULL, NULL),
(128, 9, 12, NULL, NULL),
(129, 9, 13, NULL, NULL),
(130, 10, 1, NULL, NULL),
(131, 10, 2, NULL, NULL),
(132, 10, 3, NULL, NULL),
(133, 10, 4, NULL, NULL),
(134, 10, 5, NULL, NULL),
(135, 10, 6, NULL, NULL),
(136, 10, 7, NULL, NULL),
(137, 10, 8, NULL, NULL),
(138, 10, 9, NULL, NULL),
(139, 10, 10, NULL, NULL),
(140, 10, 11, NULL, NULL),
(141, 10, 12, NULL, NULL),
(142, 10, 13, NULL, NULL),
(143, 10, 14, NULL, NULL),
(144, 10, 15, NULL, NULL),
(145, 11, 1, NULL, NULL),
(146, 11, 2, NULL, NULL),
(147, 11, 3, NULL, NULL),
(148, 11, 8, NULL, NULL),
(149, 11, 9, NULL, NULL),
(150, 11, 11, NULL, NULL),
(151, 11, 13, NULL, NULL);

-- --------------------------------------------------------

--
-- Table structure for table `password_reset_tokens`
--

CREATE TABLE `password_reset_tokens` (
  `email` varchar(191) NOT NULL,
  `token` varchar(191) NOT NULL,
  `created_at` timestamp NULL DEFAULT NULL
) ENGINE=InnoDB DEFAULT CHARSET=utf8mb4 COLLATE=utf8mb4_unicode_ci;

--
-- Dumping data for table `password_reset_tokens`
--

INSERT INTO `password_reset_tokens` (`email`, `token`, `created_at`) VALUES
('AJAYIECIHM@GMAIL.COM', '$2y$12$bc4s3hRUs2b1B0HMNDUOvuJTCgvsJnA.nSGxsS7oTMTE2xnS4XwRS', '2025-07-29 18:32:01'),
('gsuryaiecihm@gmail.com', '$2y$12$fCYCl9KnR7xe2hmnUM2nM.nSoF2vCLzGNZ35rRkYyJWLIp.wUUf2W', '2025-06-11 10:05:27'),
('JAYPHOJDAR277@GMAIL.COM', '$2y$12$90jEmABnwZA/NOhTi0Wx8ujIqZ5NWDWLJGyV90rWFqXfFgCVenx06', '2025-06-17 14:30:50'),
('PALARIYAAMIT50@GMAIL.COM', '$2y$12$R9LSdf25kOP3kY/f4NUN.ezgWTCsrVCXx.W24AwGtmCYWqIcetdKy', '2025-05-08 12:03:56');

-- --------------------------------------------------------

--
-- Table structure for table `payfast_payments`
--

CREATE TABLE `payfast_payments` (
  `id` bigint(20) UNSIGNED NOT NULL,
  `payfast_payment_id` varchar(191) DEFAULT NULL,
  `order_id` bigint(20) UNSIGNED NOT NULL,
  `amount` decimal(10,2) NOT NULL,
  `payment_status` enum('pending','completed','failed') NOT NULL DEFAULT 'pending',
  `payment_date` timestamp NULL DEFAULT NULL,
  `payment_error_response` longtext CHARACTER SET utf8mb4 COLLATE utf8mb4_bin DEFAULT NULL CHECK (json_valid(`payment_error_response`)),
  `created_at` timestamp NULL DEFAULT NULL,
  `updated_at` timestamp NULL DEFAULT NULL
) ENGINE=InnoDB DEFAULT CHARSET=utf8mb4 COLLATE=utf8mb4_unicode_ci;

-- --------------------------------------------------------

--
-- Table structure for table `payments`
--

CREATE TABLE `payments` (
  `id` bigint(20) UNSIGNED NOT NULL,
  `branch_id` bigint(20) UNSIGNED DEFAULT NULL,
  `order_id` bigint(20) UNSIGNED NOT NULL,
  `payment_method` enum('cash','upi','card','due','stripe','razorpay','flutterwave','paypal','payfast','others') NOT NULL DEFAULT 'cash',
  `amount` decimal(16,2) NOT NULL,
  `balance` decimal(16,2) DEFAULT 0.00,
  `transaction_id` varchar(191) DEFAULT NULL,
  `created_at` timestamp NULL DEFAULT NULL,
  `updated_at` timestamp NULL DEFAULT NULL
) ENGINE=InnoDB DEFAULT CHARSET=utf8mb4 COLLATE=utf8mb4_unicode_ci;

--
-- Dumping data for table `payments`
--

INSERT INTO `payments` (`id`, `branch_id`, `order_id`, `payment_method`, `amount`, `balance`, `transaction_id`, `created_at`, `updated_at`) VALUES
(1, 3, 1, 'cash', 367.50, 0.00, NULL, '2025-01-12 16:27:42', '2025-01-12 16:27:42'),
(2, 3, 2, 'cash', 598.50, 0.00, NULL, '2025-01-12 16:29:17', '2025-01-12 16:29:17'),
(3, 3, 3, 'upi', 122.75, 0.00, NULL, '2025-01-13 18:06:23', '2025-01-13 18:06:23'),
(4, 3, 3, 'cash', 603.75, 0.00, NULL, '2025-01-13 18:06:23', '2025-01-13 18:06:23'),
(5, 3, 3, 'due', 481.00, 0.00, NULL, '2025-01-13 18:06:23', '2025-01-13 18:06:23'),
(6, 3, 9, 'cash', 609.50, 0.00, NULL, '2025-01-14 12:25:01', '2025-01-14 12:25:01'),
(7, 3, 9, 'cash', 609.50, 0.00, NULL, '2025-01-14 12:25:10', '2025-01-14 12:25:10'),
(8, 3, 9, 'cash', 304.75, 0.00, NULL, '2025-01-14 12:28:49', '2025-01-14 12:28:49'),
(9, 3, 9, 'cash', 304.75, 0.00, NULL, '2025-01-14 12:28:49', '2025-01-14 12:28:49'),
(10, 3, 10, 'cash', 1000.00, 0.00, NULL, '2025-01-14 12:29:30', '2025-01-14 12:29:30'),
(11, 3, 10, 'cash', 345.00, 0.00, NULL, '2025-01-14 12:29:30', '2025-01-14 12:29:30'),
(13, 3, 10, 'cash', 667.00, 0.00, NULL, '2025-01-14 12:31:40', '2025-01-14 12:31:40'),
(14, 3, 10, 'cash', 540.50, 0.00, NULL, '2025-01-14 12:31:40', '2025-01-14 12:31:40'),
(15, 3, 10, 'cash', 138.00, 0.00, NULL, '2025-01-14 12:31:40', '2025-01-14 12:31:40'),
(16, 3, 5, 'cash', 494.00, 0.00, NULL, '2025-01-14 12:36:18', '2025-01-14 12:36:18'),
(21, 3, 5, 'due', 0.50, 0.00, NULL, '2025-01-14 12:47:12', '2025-01-14 12:47:12'),
(22, 3, 82, 'card', 281.75, 0.00, NULL, '2025-01-26 06:14:52', '2025-01-26 06:14:52'),
(24, 3, 91, 'card', 285.25, 0.00, NULL, '2025-01-29 04:37:21', '2025-01-29 04:37:21'),
(25, 3, 95, 'cash', 862.50, 0.00, NULL, '2025-01-30 11:34:02', '2025-01-30 11:34:02'),
(26, 3, 125, 'cash', 92.00, 0.00, NULL, '2025-02-06 04:39:24', '2025-02-06 04:39:24'),
(38, 3, 132, 'card', 207.00, 0.00, NULL, '2025-02-06 06:12:35', '2025-02-06 06:12:35'),
(39, 3, 133, 'card', 138.00, 0.00, NULL, '2025-02-06 06:14:02', '2025-02-06 06:14:02'),
(40, 3, 135, 'card', 28.75, 0.00, NULL, '2025-02-06 06:36:55', '2025-02-06 06:36:55'),
(41, 3, 136, 'card', 28.75, 0.00, NULL, '2025-02-06 06:39:18', '2025-02-06 06:39:18'),
(51, 8, 149, 'card', 300.00, 0.00, NULL, '2025-02-07 11:19:32', '2025-02-07 11:19:32'),
(52, 3, 151, 'cash', 240.00, 0.00, NULL, '2025-02-07 12:46:19', '2025-02-07 12:46:19'),
(54, 3, 151, 'cash', 24.50, 0.00, NULL, '2025-02-07 14:28:06', '2025-02-07 14:28:06'),
(55, 3, 152, 'cash', 782.00, 218.00, NULL, '2025-02-08 11:47:41', '2025-02-08 11:47:41'),
(56, 3, 153, 'card', 569.25, 0.00, NULL, '2025-02-08 11:48:58', '2025-02-08 11:48:58'),
(59, 3, 130, 'cash', 10.00, 0.00, NULL, '2025-02-16 16:30:24', '2025-02-16 16:30:24'),
(61, 3, 130, 'cash', 60.00, 0.00, NULL, '2025-02-16 16:30:45', '2025-02-16 16:30:45'),
(63, 3, 130, 'cash', 6.00, 0.00, NULL, '2025-02-16 16:31:02', '2025-02-16 16:31:02'),
(64, 3, 130, 'due', 16.00, 0.00, NULL, '2025-02-16 16:31:02', '2025-02-16 16:31:02'),
(98, 3, 218, 'due', 132.25, 0.00, NULL, '2025-05-07 12:22:52', '2025-05-07 12:22:52'),
(99, 3, 219, 'due', 3.75, 0.00, NULL, '2025-05-07 12:29:05', '2025-05-07 12:29:05'),
(100, 3, 220, 'due', 221.00, 0.00, NULL, '2025-05-07 12:29:42', '2025-05-07 12:29:42'),
(101, 3, 221, 'due', 247.00, 0.00, NULL, '2025-05-07 12:30:38', '2025-05-07 12:30:38'),
(102, 3, 224, 'due', 174.25, 0.00, NULL, '2025-05-08 05:10:18', '2025-05-08 05:10:18'),
(110, 7, 235, 'cash', 142.50, 0.00, NULL, '2025-05-14 12:49:51', '2025-05-14 12:49:51'),
(111, 7, 237, 'upi', 3671.15, 0.00, NULL, '2025-05-14 16:33:00', '2025-05-14 16:33:00'),
(112, 7, 238, 'cash', 444.55, 0.00, NULL, '2025-05-16 10:42:57', '2025-05-16 10:42:57'),
(113, 7, 239, 'cash', 785.40, 0.00, NULL, '2025-05-16 14:06:05', '2025-05-16 14:06:05'),
(114, 7, 240, 'cash', 12249.00, 0.00, NULL, '2025-05-18 17:24:42', '2025-05-18 17:24:42'),
(116, 7, 240, 'upi', 2000.05, 0.00, NULL, '2025-05-18 17:25:06', '2025-05-18 17:25:06'),
(117, 7, 241, 'cash', 2897.00, 0.00, NULL, '2025-05-19 09:01:46', '2025-05-19 09:01:46'),
(119, 7, 241, 'cash', 0.50, 1.50, NULL, '2025-05-19 09:04:50', '2025-05-19 09:04:50'),
(120, 7, 242, 'upi', 2034.05, 0.00, NULL, '2025-05-19 16:35:19', '2025-05-19 16:35:19'),
(121, 7, 244, 'upi', 722.50, 0.00, NULL, '2025-05-24 15:30:07', '2025-05-24 15:30:07'),
(122, 7, 245, 'cash', 1443.30, 0.70, NULL, '2025-05-24 16:30:24', '2025-05-24 16:30:24'),
(123, 7, 243, 'cash', 3146.70, 0.30, NULL, '2025-05-24 16:31:09', '2025-05-24 16:31:09'),
(124, 7, 246, 'upi', 2566.15, 0.00, NULL, '2025-05-28 16:58:03', '2025-05-28 16:58:03'),
(125, 7, 247, 'cash', 237.50, 0.50, NULL, '2025-06-01 09:43:46', '2025-06-01 09:43:46'),
(126, 7, 249, 'cash', 331.50, 0.50, NULL, '2025-06-04 10:50:01', '2025-06-04 10:50:01'),
(127, 7, 248, 'cash', 255.00, 0.00, NULL, '2025-06-04 10:50:32', '2025-06-04 10:50:32'),
(128, 7, 250, 'card', 2671.55, 0.00, NULL, '2025-06-06 17:08:22', '2025-06-06 17:08:22'),
(129, 7, 252, 'cash', 1545.30, 0.70, NULL, '2025-06-07 07:58:37', '2025-06-07 07:58:37'),
(130, 7, 253, 'card', 4065.05, 0.00, NULL, '2025-06-07 09:52:10', '2025-06-07 09:52:10'),
(131, 7, 254, 'cash', 1508.75, 0.25, NULL, '2025-06-07 16:46:21', '2025-06-07 16:46:21'),
(132, 7, 255, 'cash', 504.05, 0.95, NULL, '2025-06-08 08:59:49', '2025-06-08 08:59:49'),
(133, 7, 256, 'cash', 952.00, 0.00, NULL, '2025-06-08 09:53:13', '2025-06-08 09:53:13'),
(134, 7, 257, 'cash', 935.00, 0.00, NULL, '2025-06-08 10:46:33', '2025-06-08 10:46:33'),
(135, 7, 261, 'upi', 1145.80, 0.00, NULL, '2025-06-09 16:27:25', '2025-06-09 16:27:25'),
(136, 7, 264, 'upi', 266.86, 0.00, NULL, '2025-06-12 16:54:57', '2025-06-12 16:54:57'),
(137, 7, 265, 'cash', 4523.40, 0.00, NULL, '2025-06-12 20:48:48', '2025-06-12 20:48:48'),
(138, 7, 266, 'cash', 833.28, 0.00, NULL, '2025-06-13 20:18:52', '2025-06-13 20:18:52'),
(139, 7, 267, 'upi', 671.16, 0.00, NULL, '2025-06-15 20:40:23', '2025-06-15 20:40:23'),
(140, 7, 268, 'cash', 2661.96, 0.00, NULL, '2025-06-15 21:30:47', '2025-06-15 21:30:47'),
(141, 7, 269, 'card', 2732.52, 0.00, NULL, '2025-06-15 23:48:00', '2025-06-15 23:48:00'),
(142, 7, 270, 'cash', 756.00, 0.00, NULL, '2025-06-18 22:17:14', '2025-06-18 22:17:14'),
(143, 7, 271, 'cash', 714.00, 0.00, NULL, '2025-06-20 12:34:02', '2025-06-20 12:34:02'),
(144, 7, 272, 'cash', 693.00, 0.00, NULL, '2025-06-20 14:09:43', '2025-06-20 14:09:43'),
(145, 7, 273, 'upi', 7985.04, 0.00, NULL, '2025-06-21 14:52:09', '2025-06-21 14:52:09'),
(146, 7, 274, 'card', 692.16, 0.00, NULL, '2025-06-21 22:01:23', '2025-06-21 22:01:23'),
(147, 7, 275, 'upi', 924.00, 0.00, NULL, '2025-06-22 13:44:29', '2025-06-22 13:44:29'),
(148, 7, 277, 'card', 2867.76, 0.00, NULL, '2025-06-26 19:48:47', '2025-06-26 19:48:47'),
(149, 7, 278, 'upi', 126.00, 0.00, NULL, '2025-06-27 13:59:48', '2025-06-27 13:59:48'),
(150, 7, 279, 'cash', 1026.38, 0.00, NULL, '2025-06-27 21:50:39', '2025-06-27 21:50:39'),
(151, 7, 281, 'cash', 658.56, 0.00, NULL, '2025-06-28 22:09:45', '2025-06-28 22:09:45'),
(152, 7, 280, 'cash', 1990.80, 0.00, NULL, '2025-06-28 22:10:11', '2025-06-28 22:10:11'),
(153, 7, 282, 'cash', 6112.68, 0.00, NULL, '2025-06-29 15:56:52', '2025-06-29 15:56:52'),
(154, 7, 283, 'cash', 687.12, 0.00, NULL, '2025-07-01 14:21:57', '2025-07-01 14:21:57'),
(155, 7, 284, 'upi', 18900.00, 0.00, NULL, '2025-07-03 17:39:40', '2025-07-03 17:39:40'),
(156, 7, 285, 'card', 1973.16, 0.00, NULL, '2025-07-03 18:15:36', '2025-07-03 18:15:36'),
(157, 7, 286, 'cash', 20160.00, 0.00, NULL, '2025-07-03 18:21:00', '2025-07-03 18:21:00'),
(158, 7, 287, 'cash', 697.20, 0.00, NULL, '2025-07-04 22:15:50', '2025-07-04 22:15:50'),
(159, 7, 288, 'card', 2627.52, 0.00, NULL, '2025-07-04 22:16:28', '2025-07-04 22:16:28'),
(160, 7, 289, 'card', 6645.24, 0.00, NULL, '2025-07-04 22:17:07', '2025-07-04 22:17:07'),
(161, 7, 290, 'cash', 4334.40, 0.00, NULL, '2025-07-04 22:17:47', '2025-07-04 22:17:47'),
(162, 7, 292, 'card', 1368.20, 0.00, NULL, '2025-07-06 21:41:03', '2025-07-06 21:41:03'),
(163, 7, 291, 'card', 22935.36, 0.00, NULL, '2025-07-06 23:02:32', '2025-07-06 23:02:32'),
(164, 7, 294, 'cash', 13099.80, 0.00, NULL, '2025-07-06 23:57:35', '2025-07-06 23:57:35'),
(166, 7, 296, 'cash', 767.76, 0.00, NULL, '2025-07-08 15:14:21', '2025-07-08 15:14:21'),
(168, 7, 298, 'cash', 167.16, 0.00, NULL, '2025-07-11 13:39:25', '2025-07-11 13:39:25'),
(169, 7, 299, 'cash', 2835.84, 0.00, NULL, '2025-07-13 22:06:12', '2025-07-13 22:06:12'),
(170, 7, 300, 'cash', 1671.60, 0.00, NULL, '2025-07-15 13:42:38', '2025-07-15 13:42:38'),
(171, 7, 301, 'cash', 1340.64, 0.00, NULL, '2025-07-16 13:37:47', '2025-07-16 13:37:47'),
(172, 7, 302, 'cash', 6720.00, 0.00, NULL, '2025-07-16 14:58:13', '2025-07-16 14:58:13'),
(173, 7, 303, 'cash', 1566.60, 0.00, NULL, '2025-07-16 15:22:34', '2025-07-16 15:22:34'),
(174, 7, 304, 'card', 8001.70, 0.00, NULL, '2025-07-16 21:52:46', '2025-07-16 21:52:46'),
(175, 7, 305, 'card', 8123.60, 0.00, NULL, '2025-07-18 07:44:45', '2025-07-18 07:44:45'),
(176, 7, 306, 'upi', 472.50, 0.00, NULL, '2025-07-18 18:10:41', '2025-07-18 18:10:41'),
(177, 7, 307, 'card', 7962.60, 0.00, NULL, '2025-07-18 21:50:05', '2025-07-18 21:50:05'),
(178, 7, 308, 'cash', 6494.88, 0.00, NULL, '2025-07-19 17:01:15', '2025-07-19 17:01:15'),
(179, 7, 309, 'card', 8010.90, 0.00, NULL, '2025-07-19 22:24:46', '2025-07-19 22:25:18'),
(180, 7, 311, 'cash', 1070.16, 0.00, NULL, '2025-07-20 21:26:26', '2025-07-20 21:26:26'),
(181, 7, 310, 'cash', 4287.36, 0.00, NULL, '2025-07-20 22:08:21', '2025-07-20 22:08:21'),
(182, 7, 312, 'card', 18219.45, 0.00, NULL, '2025-07-20 22:42:40', '2025-07-20 22:42:40'),
(183, 7, 313, 'cash', 734.16, 0.00, NULL, '2025-07-22 15:57:31', '2025-07-22 15:57:31'),
(184, 7, 314, 'cash', 860.00, 0.00, NULL, '2025-07-22 17:04:15', '2025-07-22 17:04:15'),
(185, 7, 314, 'cash', 0.20, 0.00, NULL, '2025-07-22 17:04:15', '2025-07-22 17:04:31'),
(186, 7, 315, 'card', 7724.55, 0.00, NULL, '2025-07-24 21:40:47', '2025-07-24 21:40:47'),
(187, 7, 316, 'upi', 656.25, 0.00, NULL, '2025-07-25 14:08:14', '2025-07-25 14:08:14'),
(188, 7, 317, 'upi', 9485.28, 0.00, NULL, '2025-07-25 22:36:34', '2025-07-25 22:36:34'),
(189, 7, 318, 'card', 7968.35, 0.00, NULL, '2025-07-26 23:38:01', '2025-07-26 23:38:01'),
(190, 7, 319, 'upi', 4958.10, 0.00, NULL, '2025-07-27 18:04:11', '2025-07-27 18:04:11'),
(191, 7, 320, 'card', 7923.50, 0.00, NULL, '2025-07-27 22:44:56', '2025-07-27 22:44:56'),
(192, 7, 321, 'cash', 483.00, 0.00, NULL, '2025-07-29 14:41:52', '2025-07-29 14:41:52'),
(193, 7, 321, 'cash', 483.00, 0.00, NULL, '2025-07-29 14:41:52', '2025-07-29 14:41:52'),
(194, 7, 322, 'card', 99540.00, 0.00, NULL, '2025-07-29 16:56:59', '2025-07-29 16:56:59'),
(195, 7, 323, 'card', 4959.36, 0.00, NULL, '2025-07-30 17:10:37', '2025-07-30 17:10:37'),
(196, 7, 324, 'card', 2368.80, 0.00, NULL, '2025-07-30 22:40:35', '2025-07-30 22:40:35'),
(197, 7, 325, 'cash', 1226.61, 0.00, NULL, '2025-08-02 18:54:49', '2025-08-02 18:54:49'),
(198, 7, 326, 'card', 1225.40, 0.00, NULL, '2025-08-03 15:35:37', '2025-08-03 15:35:37'),
(199, 7, 327, 'upi', 1466.64, 0.00, NULL, '2025-08-03 16:20:38', '2025-08-03 16:20:38'),
(200, 7, 329, 'upi', 1202.04, 0.00, NULL, '2025-08-05 14:05:32', '2025-08-05 14:05:32'),
(201, 7, 330, 'cash', 59976.00, 0.00, NULL, '2025-08-05 19:33:51', '2025-08-05 19:33:51'),
(202, 7, 331, 'card', 608.16, 0.00, NULL, '2025-08-06 15:27:46', '2025-08-06 15:27:46'),
(203, 7, 332, 'upi', 918.75, 0.00, NULL, '2025-08-06 18:21:54', '2025-08-06 18:21:54'),
(204, 7, 333, 'cash', 157.50, 0.00, NULL, '2025-08-07 20:23:52', '2025-08-07 20:23:52'),
(205, 7, 334, 'upi', 1218.00, 0.00, NULL, '2025-08-08 22:28:55', '2025-08-08 22:28:55'),
(206, 7, 335, 'card', 31468.50, 0.00, NULL, '2025-08-10 14:18:34', '2025-08-10 14:18:34'),
(207, 7, 336, 'cash', 1426.32, 0.00, NULL, '2025-08-10 16:23:02', '2025-08-10 16:23:02');

-- --------------------------------------------------------

--
-- Table structure for table `payment_gateway_credentials`
--

CREATE TABLE `payment_gateway_credentials` (
  `id` bigint(20) UNSIGNED NOT NULL,
  `restaurant_id` bigint(20) UNSIGNED DEFAULT NULL,
  `razorpay_key` text DEFAULT NULL,
  `razorpay_secret` text DEFAULT NULL,
  `razorpay_status` tinyint(1) NOT NULL DEFAULT 0,
  `stripe_key` text DEFAULT NULL,
  `stripe_secret` text DEFAULT NULL,
  `stripe_status` tinyint(1) NOT NULL DEFAULT 0,
  `created_at` timestamp NULL DEFAULT NULL,
  `updated_at` timestamp NULL DEFAULT NULL,
  `is_dine_in_payment_enabled` tinyint(1) NOT NULL DEFAULT 0,
  `is_delivery_payment_enabled` tinyint(1) NOT NULL DEFAULT 0,
  `is_pickup_payment_enabled` tinyint(1) NOT NULL DEFAULT 0,
  `is_cash_payment_enabled` tinyint(1) NOT NULL DEFAULT 0,
  `is_qr_payment_enabled` tinyint(1) NOT NULL DEFAULT 0,
  `is_offline_payment_enabled` tinyint(1) NOT NULL DEFAULT 0,
  `offline_payment_detail` varchar(191) DEFAULT NULL,
  `qr_code_image` varchar(191) DEFAULT NULL,
  `flutterwave_status` tinyint(1) NOT NULL DEFAULT 0,
  `flutterwave_mode` enum('test','live') NOT NULL DEFAULT 'test',
  `test_flutterwave_key` varchar(191) DEFAULT NULL,
  `test_flutterwave_secret` varchar(191) DEFAULT NULL,
  `test_flutterwave_hash` varchar(191) DEFAULT NULL,
  `live_flutterwave_key` varchar(191) DEFAULT NULL,
  `live_flutterwave_secret` varchar(191) DEFAULT NULL,
  `live_flutterwave_hash` varchar(191) DEFAULT NULL,
  `flutterwave_webhook_secret_hash` varchar(191) DEFAULT NULL,
  `paypal_client_id` varchar(191) DEFAULT NULL,
  `paypal_secret` varchar(191) DEFAULT NULL,
  `paypal_status` tinyint(1) NOT NULL DEFAULT 0,
  `paypal_mode` enum('sandbox','live') NOT NULL DEFAULT 'sandbox',
  `sandbox_paypal_client_id` varchar(191) DEFAULT NULL,
  `sandbox_paypal_secret` varchar(191) DEFAULT NULL,
  `payfast_merchant_id` varchar(191) DEFAULT NULL,
  `payfast_merchant_key` varchar(191) DEFAULT NULL,
  `payfast_passphrase` varchar(191) DEFAULT NULL,
  `payfast_mode` enum('sandbox','live') NOT NULL DEFAULT 'sandbox',
  `payfast_status` tinyint(1) NOT NULL DEFAULT 0,
  `test_payfast_merchant_id` varchar(191) DEFAULT NULL,
  `test_payfast_merchant_key` varchar(191) DEFAULT NULL,
  `test_payfast_passphrase` varchar(191) DEFAULT NULL,
  `paystack_key` varchar(191) DEFAULT NULL,
  `paystack_secret` varchar(191) DEFAULT NULL,
  `paystack_merchant_email` varchar(191) DEFAULT NULL,
  `paystack_status` tinyint(1) NOT NULL DEFAULT 0,
  `paystack_mode` enum('sandbox','live') NOT NULL DEFAULT 'sandbox',
  `test_paystack_key` varchar(191) DEFAULT NULL,
  `test_paystack_secret` varchar(191) DEFAULT NULL,
  `test_paystack_merchant_email` varchar(191) DEFAULT NULL,
  `paystack_payment_url` varchar(191) DEFAULT 'https://api.paystack.co'
) ENGINE=InnoDB DEFAULT CHARSET=utf8mb4 COLLATE=utf8mb4_unicode_ci;

--
-- Dumping data for table `payment_gateway_credentials`
--

INSERT INTO `payment_gateway_credentials` (`id`, `restaurant_id`, `razorpay_key`, `razorpay_secret`, `razorpay_status`, `stripe_key`, `stripe_secret`, `stripe_status`, `created_at`, `updated_at`, `is_dine_in_payment_enabled`, `is_delivery_payment_enabled`, `is_pickup_payment_enabled`, `is_cash_payment_enabled`, `is_qr_payment_enabled`, `is_offline_payment_enabled`, `offline_payment_detail`, `qr_code_image`, `flutterwave_status`, `flutterwave_mode`, `test_flutterwave_key`, `test_flutterwave_secret`, `test_flutterwave_hash`, `live_flutterwave_key`, `live_flutterwave_secret`, `live_flutterwave_hash`, `flutterwave_webhook_secret_hash`, `paypal_client_id`, `paypal_secret`, `paypal_status`, `paypal_mode`, `sandbox_paypal_client_id`, `sandbox_paypal_secret`, `payfast_merchant_id`, `payfast_merchant_key`, `payfast_passphrase`, `payfast_mode`, `payfast_status`, `test_payfast_merchant_id`, `test_payfast_merchant_key`, `test_payfast_passphrase`, `paystack_key`, `paystack_secret`, `paystack_merchant_email`, `paystack_status`, `paystack_mode`, `test_paystack_key`, `test_paystack_secret`, `test_paystack_merchant_email`, `paystack_payment_url`) VALUES
(1, 1, NULL, NULL, 0, NULL, NULL, 0, '2025-08-01 09:37:53', '2025-08-01 09:37:53', 0, 0, 0, 0, 0, 0, NULL, NULL, 0, 'test', NULL, NULL, NULL, NULL, NULL, NULL, NULL, NULL, NULL, 0, 'sandbox', NULL, NULL, NULL, NULL, NULL, 'sandbox', 0, NULL, NULL, NULL, NULL, NULL, NULL, 0, 'sandbox', NULL, NULL, NULL, 'https://api.paystack.co'),
(2, 1, NULL, NULL, 0, NULL, NULL, 0, '2025-08-01 09:38:00', '2025-08-01 09:38:00', 0, 0, 0, 0, 0, 0, NULL, NULL, 0, 'test', NULL, NULL, NULL, NULL, NULL, NULL, NULL, NULL, NULL, 0, 'sandbox', NULL, NULL, NULL, NULL, NULL, 'sandbox', 0, NULL, NULL, NULL, NULL, NULL, NULL, 0, 'sandbox', NULL, NULL, NULL, 'https://api.paystack.co'),
(3, 2, 'eyJpdiI6IkprdTRhQURmNmRpUEdWNW1qNllYcEE9PSIsInZhbHVlIjoibHVJUWNhenYxTmplVW1xTXZCUXpmVGI2dGVST3pMSWI3bkdvSmo3V2ZOOD0iLCJtYWMiOiI1YjA1YmZhMTNmNzFmODFlMjY1ZWNmZTIxMWQxY2Y5OWQwMjczZDc4MmQwNTFmN2VlZWM3YWQzMWYzMzU5OWYwIiwidGFnIjoiIn0=', 'eyJpdiI6InR6Y0dVdms1Y1BuZjFvUWp3U3VuZGc9PSIsInZhbHVlIjoia2FGbmsycVpCMklIczdYN25oRzBpRndML3hzWGs1VHJZaDl5QWk4Wi9qWT0iLCJtYWMiOiJkZmFhMGViYjIzNDhkNDk2OGViMGMwYzllMTU2NTUwMjJiZTBkMmE0OWU3Y2RkZTMwZWEyZmFiOGQzZWVkYTRmIiwidGFnIjoiIn0=', 1, NULL, NULL, 0, '2025-01-11 01:44:35', '2025-02-10 10:25:03', 0, 0, 0, 0, 1, 0, NULL, 'f9412d50c0fbef7648bab021b5c850e0.png', 0, 'test', NULL, NULL, NULL, NULL, NULL, NULL, NULL, NULL, NULL, 0, 'sandbox', NULL, NULL, NULL, NULL, NULL, 'sandbox', 0, NULL, NULL, NULL, NULL, NULL, NULL, 0, 'sandbox', NULL, NULL, NULL, 'https://api.paystack.co'),
(4, 2, NULL, NULL, 0, NULL, NULL, 0, '2025-01-11 01:45:24', '2025-01-11 01:45:24', 0, 0, 0, 0, 0, 0, NULL, NULL, 0, 'test', NULL, NULL, NULL, NULL, NULL, NULL, NULL, NULL, NULL, 0, 'sandbox', NULL, NULL, NULL, NULL, NULL, 'sandbox', 0, NULL, NULL, NULL, NULL, NULL, NULL, 0, 'sandbox', NULL, NULL, NULL, 'https://api.paystack.co'),
(7, 6, 'eyJpdiI6IkVsMVBiZlp1NWFTbU5TOXRtbUVpNVE9PSIsInZhbHVlIjoiWlNrQVJ4TFNYOHI0ZURjS1Q0bkVqQjJFaFpLVkNoV1pEdEdDUHpKYUZIND0iLCJtYWMiOiIzYzRiNTIxZWU4YzQzY2IxNjI0M2FkNWI1MjFiNTNkNzNiY2UzZjZjZGE2MWYyMDAwYjQzMjdjYTUyZjhlMGYzIiwidGFnIjoiIn0=', 'eyJpdiI6InZ0dkIzWW9SNFI5MVc2Zm85VHJEZWc9PSIsInZhbHVlIjoiUkt4S1NGdXJ4aGp3cTNOb0dkVjJVRzNnRFlkRFhDOW9kSXk0S0tZNzIxRT0iLCJtYWMiOiI1ODgzMjEwMjM5ZWI0NWQ4MmU2OTBkYWYzOWU1MGQ4NzhkZDc4ZTdlODU0M2RkNDMxOTI0OGI0MmExM2U3ZWEwIiwidGFnIjoiIn0=', 1, NULL, NULL, 0, '2025-01-14 08:40:57', '2025-02-06 07:41:09', 1, 1, 1, 0, 0, 0, NULL, NULL, 0, 'test', NULL, NULL, NULL, NULL, NULL, NULL, NULL, NULL, NULL, 0, 'sandbox', NULL, NULL, NULL, NULL, NULL, 'sandbox', 0, NULL, NULL, NULL, NULL, NULL, NULL, 0, 'sandbox', NULL, NULL, NULL, 'https://api.paystack.co'),
(8, 7, NULL, NULL, 0, NULL, NULL, 0, '2025-02-07 05:34:12', '2025-02-07 05:34:12', 0, 0, 0, 0, 0, 0, NULL, NULL, 0, 'test', NULL, NULL, NULL, NULL, NULL, NULL, NULL, NULL, NULL, 0, 'sandbox', NULL, NULL, NULL, NULL, NULL, 'sandbox', 0, NULL, NULL, NULL, NULL, NULL, NULL, 0, 'sandbox', NULL, NULL, NULL, 'https://api.paystack.co'),
(9, 8, NULL, NULL, 0, NULL, NULL, 0, '2025-02-12 05:05:50', '2025-02-12 05:05:50', 0, 0, 0, 0, 0, 0, NULL, NULL, 0, 'test', NULL, NULL, NULL, NULL, NULL, NULL, NULL, NULL, NULL, 0, 'sandbox', NULL, NULL, NULL, NULL, NULL, 'sandbox', 0, NULL, NULL, NULL, NULL, NULL, NULL, 0, 'sandbox', NULL, NULL, NULL, 'https://api.paystack.co'),
(10, 9, NULL, NULL, 0, NULL, NULL, 0, '2025-05-18 02:16:48', '2025-05-18 02:16:48', 0, 0, 0, 0, 0, 0, NULL, NULL, 0, 'test', NULL, NULL, NULL, NULL, NULL, NULL, NULL, NULL, NULL, 0, 'sandbox', NULL, NULL, NULL, NULL, NULL, 'sandbox', 0, NULL, NULL, NULL, NULL, NULL, NULL, 0, 'sandbox', NULL, NULL, NULL, 'https://api.paystack.co');

-- --------------------------------------------------------

--
-- Table structure for table `paypal_payments`
--

CREATE TABLE `paypal_payments` (
  `id` bigint(20) UNSIGNED NOT NULL,
  `paypal_payment_id` varchar(191) DEFAULT NULL,
  `order_id` bigint(20) UNSIGNED NOT NULL,
  `amount` decimal(10,2) NOT NULL,
  `payment_status` enum('pending','completed','failed') NOT NULL DEFAULT 'pending',
  `payment_date` timestamp NULL DEFAULT NULL,
  `payment_error_response` longtext CHARACTER SET utf8mb4 COLLATE utf8mb4_bin DEFAULT NULL CHECK (json_valid(`payment_error_response`)),
  `created_at` timestamp NULL DEFAULT NULL,
  `updated_at` timestamp NULL DEFAULT NULL
) ENGINE=InnoDB DEFAULT CHARSET=utf8mb4 COLLATE=utf8mb4_unicode_ci;

-- --------------------------------------------------------

--
-- Table structure for table `paystack_payments`
--

CREATE TABLE `paystack_payments` (
  `id` bigint(20) UNSIGNED NOT NULL,
  `paystack_payment_id` varchar(191) DEFAULT NULL,
  `order_id` bigint(20) UNSIGNED NOT NULL,
  `amount` decimal(10,2) NOT NULL,
  `payment_status` enum('pending','completed','failed') NOT NULL DEFAULT 'pending',
  `payment_date` timestamp NULL DEFAULT NULL,
  `payment_error_response` longtext CHARACTER SET utf8mb4 COLLATE utf8mb4_bin DEFAULT NULL CHECK (json_valid(`payment_error_response`)),
  `created_at` timestamp NULL DEFAULT NULL,
  `updated_at` timestamp NULL DEFAULT NULL
) ENGINE=InnoDB DEFAULT CHARSET=utf8mb4 COLLATE=utf8mb4_unicode_ci;

-- --------------------------------------------------------

--
-- Table structure for table `permissions`
--

CREATE TABLE `permissions` (
  `id` bigint(20) UNSIGNED NOT NULL,
  `name` varchar(191) NOT NULL,
  `guard_name` varchar(191) NOT NULL,
  `module_id` bigint(20) UNSIGNED NOT NULL,
  `created_at` timestamp NULL DEFAULT NULL,
  `updated_at` timestamp NULL DEFAULT NULL
) ENGINE=InnoDB DEFAULT CHARSET=utf8mb4 COLLATE=utf8mb4_unicode_ci;

--
-- Dumping data for table `permissions`
--

INSERT INTO `permissions` (`id`, `name`, `guard_name`, `module_id`, `created_at`, `updated_at`) VALUES
(1, 'Create Menu', 'web', 1, NULL, NULL),
(2, 'Show Menu', 'web', 1, NULL, NULL),
(3, 'Update Menu', 'web', 1, NULL, NULL),
(4, 'Delete Menu', 'web', 1, NULL, NULL),
(5, 'Create Menu Item', 'web', 2, NULL, NULL),
(6, 'Show Menu Item', 'web', 2, NULL, NULL),
(7, 'Update Menu Item', 'web', 2, NULL, NULL),
(8, 'Delete Menu Item', 'web', 2, NULL, NULL),
(9, 'Create Item Category', 'web', 3, NULL, NULL),
(10, 'Show Item Category', 'web', 3, NULL, NULL),
(11, 'Update Item Category', 'web', 3, NULL, NULL),
(12, 'Delete Item Category', 'web', 3, NULL, NULL),
(13, 'Create Area', 'web', 4, NULL, NULL),
(14, 'Show Area', 'web', 4, NULL, NULL),
(15, 'Update Area', 'web', 4, NULL, NULL),
(16, 'Delete Area', 'web', 4, NULL, NULL),
(17, 'Create Table', 'web', 5, NULL, NULL),
(18, 'Show Table', 'web', 5, NULL, NULL),
(19, 'Update Table', 'web', 5, NULL, NULL),
(20, 'Delete Table', 'web', 5, NULL, NULL),
(21, 'Create Reservation', 'web', 6, NULL, NULL),
(22, 'Show Reservation', 'web', 6, NULL, NULL),
(23, 'Update Reservation', 'web', 6, NULL, NULL),
(24, 'Delete Reservation', 'web', 6, NULL, NULL),
(25, 'Manage KOT', 'web', 7, NULL, NULL),
(26, 'Create Order', 'web', 8, NULL, NULL),
(27, 'Show Order', 'web', 8, NULL, NULL),
(28, 'Update Order', 'web', 8, NULL, NULL),
(29, 'Delete Order', 'web', 8, NULL, NULL),
(30, 'Create Customer', 'web', 9, NULL, NULL),
(31, 'Show Customer', 'web', 9, NULL, NULL),
(32, 'Update Customer', 'web', 9, NULL, NULL),
(33, 'Delete Customer', 'web', 9, NULL, NULL),
(34, 'Create Staff Member', 'web', 10, NULL, NULL),
(35, 'Show Staff Member', 'web', 10, NULL, NULL),
(36, 'Update Staff Member', 'web', 10, NULL, NULL),
(37, 'Delete Staff Member', 'web', 10, NULL, NULL),
(38, 'Create Delivery Executive', 'web', 14, NULL, NULL),
(39, 'Show Delivery Executive', 'web', 14, NULL, NULL),
(40, 'Update Delivery Executive', 'web', 14, NULL, NULL),
(41, 'Delete Delivery Executive', 'web', 14, NULL, NULL),
(42, 'Show Payments', 'web', 11, NULL, NULL),
(43, 'Show Reports', 'web', 12, NULL, NULL),
(44, 'Manage Settings', 'web', 13, NULL, NULL),
(45, 'Manage Waiter Request', 'web', 15, NULL, NULL),
(46, 'Create Expense', 'web', 16, NULL, NULL),
(47, 'Show Expense', 'web', 16, NULL, NULL),
(48, 'Update Expense', 'web', 16, NULL, NULL),
(49, 'Delete Expense', 'web', 16, NULL, NULL),
(50, 'Create Expense Category', 'web', 16, NULL, NULL),
(51, 'Show Expense Category', 'web', 16, NULL, NULL),
(52, 'Update Expense Category', 'web', 16, NULL, NULL),
(53, 'Delete Expense Category', 'web', 16, NULL, NULL);

-- --------------------------------------------------------

--
-- Table structure for table `personal_access_tokens`
--

CREATE TABLE `personal_access_tokens` (
  `id` bigint(20) UNSIGNED NOT NULL,
  `tokenable_type` varchar(191) NOT NULL,
  `tokenable_id` bigint(20) UNSIGNED NOT NULL,
  `name` varchar(191) NOT NULL,
  `token` varchar(64) NOT NULL,
  `abilities` text DEFAULT NULL,
  `last_used_at` timestamp NULL DEFAULT NULL,
  `expires_at` timestamp NULL DEFAULT NULL,
  `created_at` timestamp NULL DEFAULT NULL,
  `updated_at` timestamp NULL DEFAULT NULL
) ENGINE=InnoDB DEFAULT CHARSET=utf8mb4 COLLATE=utf8mb4_unicode_ci;

-- --------------------------------------------------------

--
-- Table structure for table `predefined_amounts`
--

CREATE TABLE `predefined_amounts` (
  `id` bigint(20) UNSIGNED NOT NULL,
  `restaurant_id` bigint(20) UNSIGNED NOT NULL,
  `amount` decimal(10,2) NOT NULL,
  `created_at` timestamp NULL DEFAULT NULL,
  `updated_at` timestamp NULL DEFAULT NULL
) ENGINE=InnoDB DEFAULT CHARSET=utf8mb4 COLLATE=utf8mb4_unicode_ci;

--
-- Dumping data for table `predefined_amounts`
--

INSERT INTO `predefined_amounts` (`id`, `restaurant_id`, `amount`, `created_at`, `updated_at`) VALUES
(1, 1, 50.00, '2025-08-01 09:37:54', '2025-08-01 09:37:54'),
(2, 1, 100.00, '2025-08-01 09:37:54', '2025-08-01 09:37:54'),
(3, 1, 500.00, '2025-08-01 09:37:54', '2025-08-01 09:37:54'),
(4, 1, 1000.00, '2025-08-01 09:37:54', '2025-08-01 09:37:54'),
(5, 6, 50.00, '2025-08-10 11:05:21', '2025-08-10 11:05:21'),
(6, 6, 100.00, '2025-08-10 11:05:22', '2025-08-10 11:05:22'),
(7, 6, 500.00, '2025-08-10 11:05:22', '2025-08-10 11:05:22'),
(8, 6, 1000.00, '2025-08-10 11:05:22', '2025-08-10 11:05:22');

-- --------------------------------------------------------

--
-- Table structure for table `printers`
--

CREATE TABLE `printers` (
  `id` bigint(20) UNSIGNED NOT NULL,
  `restaurant_id` bigint(20) UNSIGNED DEFAULT NULL,
  `branch_id` bigint(20) UNSIGNED DEFAULT NULL,
  `name` varchar(191) NOT NULL,
  `printing_choice` varchar(191) DEFAULT NULL,
  `kots` text DEFAULT NULL,
  `orders` text DEFAULT NULL,
  `print_format` varchar(191) DEFAULT NULL,
  `invoice_qr_code` int(11) DEFAULT NULL,
  `open_cash_drawer` enum('yes','no') DEFAULT NULL,
  `ipv4_address` varchar(191) DEFAULT NULL,
  `thermal_or_nonthermal` varchar(191) DEFAULT NULL,
  `share_name` varchar(191) DEFAULT NULL,
  `type` enum('network','windows','linux','default') DEFAULT NULL,
  `profile` enum('default','simple','SP2000','TEP-200M','P822D') DEFAULT NULL,
  `is_active` tinyint(1) NOT NULL DEFAULT 1,
  `is_default` tinyint(1) NOT NULL DEFAULT 0,
  `char_per_line` int(11) DEFAULT NULL,
  `ip_address` varchar(191) DEFAULT NULL,
  `port` int(11) DEFAULT NULL,
  `path` varchar(191) DEFAULT NULL,
  `printer_name` varchar(191) DEFAULT NULL,
  `created_at` timestamp NULL DEFAULT NULL,
  `updated_at` timestamp NULL DEFAULT NULL
) ENGINE=InnoDB DEFAULT CHARSET=utf8mb4 COLLATE=utf8mb4_unicode_ci;

--
-- Dumping data for table `printers`
--

INSERT INTO `printers` (`id`, `restaurant_id`, `branch_id`, `name`, `printing_choice`, `kots`, `orders`, `print_format`, `invoice_qr_code`, `open_cash_drawer`, `ipv4_address`, `thermal_or_nonthermal`, `share_name`, `type`, `profile`, `is_active`, `is_default`, `char_per_line`, `ip_address`, `port`, `path`, `printer_name`, `created_at`, `updated_at`) VALUES
(1, 1, 1, 'Default Thermal Printer', 'browserPopupPrint', '[1]', '[1]', NULL, NULL, NULL, NULL, NULL, NULL, NULL, NULL, 1, 1, NULL, NULL, NULL, NULL, NULL, '2025-08-01 09:37:57', '2025-08-01 09:37:57'),
(2, 1, 2, 'Default Thermal Printer', 'browserPopupPrint', '[2]', '[2]', NULL, NULL, NULL, NULL, NULL, NULL, NULL, NULL, 1, 1, NULL, NULL, NULL, NULL, NULL, '2025-08-01 09:37:58', '2025-08-01 09:37:58'),
(3, 2, 3, 'Default Thermal Printer', 'browserPopupPrint', '[3]', '[3]', NULL, NULL, NULL, NULL, NULL, NULL, NULL, NULL, 1, 1, NULL, NULL, NULL, NULL, NULL, '2025-08-02 02:03:06', '2025-08-02 02:03:06'),
(4, 6, 7, 'Default Thermal Printer', 'browserPopupPrint', '[7]', '[7]', NULL, NULL, NULL, NULL, NULL, NULL, NULL, NULL, 1, 1, NULL, NULL, 9100, NULL, NULL, '2025-08-02 07:01:24', '2025-08-10 11:35:48'),
(5, 7, 8, 'Default Thermal Printer', 'browserPopupPrint', '[8]', '[8]', NULL, NULL, NULL, NULL, NULL, NULL, NULL, NULL, 1, 1, NULL, NULL, NULL, NULL, NULL, '2025-08-02 07:01:24', '2025-08-02 07:01:24'),
(6, 8, 9, 'Default Thermal Printer', 'browserPopupPrint', '[9]', '[9]', NULL, NULL, NULL, NULL, NULL, NULL, NULL, NULL, 1, 1, NULL, NULL, NULL, NULL, NULL, '2025-08-02 07:01:24', '2025-08-02 07:01:24'),
(7, 9, 10, 'Default Thermal Printer', 'browserPopupPrint', '[10]', '[10]', NULL, NULL, NULL, NULL, NULL, NULL, NULL, NULL, 1, 1, NULL, NULL, NULL, NULL, NULL, '2025-08-02 07:01:24', '2025-08-02 07:01:24');

-- --------------------------------------------------------

--
-- Table structure for table `print_jobs`
--

CREATE TABLE `print_jobs` (
  `id` bigint(20) UNSIGNED NOT NULL,
  `printer_id` bigint(20) UNSIGNED DEFAULT NULL,
  `restaurant_id` bigint(20) UNSIGNED DEFAULT NULL,
  `branch_id` bigint(20) UNSIGNED DEFAULT NULL,
  `status` varchar(191) NOT NULL DEFAULT 'pending',
  `response_printer` varchar(191) DEFAULT NULL,
  `payload` longtext NOT NULL,
  `printed_at` timestamp NULL DEFAULT NULL,
  `created_at` timestamp NULL DEFAULT NULL,
  `updated_at` timestamp NULL DEFAULT NULL
) ENGINE=InnoDB DEFAULT CHARSET=utf8mb4 COLLATE=utf8mb4_unicode_ci;

-- --------------------------------------------------------

--
-- Table structure for table `pusher_settings`
--

CREATE TABLE `pusher_settings` (
  `id` bigint(20) UNSIGNED NOT NULL,
  `beamer_status` tinyint(1) NOT NULL DEFAULT 0,
  `instance_id` varchar(191) DEFAULT NULL,
  `beam_secret` varchar(191) DEFAULT NULL,
  `created_at` timestamp NULL DEFAULT NULL,
  `updated_at` timestamp NULL DEFAULT NULL,
  `pusher_broadcast` tinyint(1) NOT NULL DEFAULT 0,
  `pusher_app_id` varchar(191) DEFAULT NULL,
  `pusher_key` varchar(191) DEFAULT NULL,
  `pusher_secret` varchar(191) DEFAULT NULL,
  `pusher_cluster` varchar(191) DEFAULT NULL
) ENGINE=InnoDB DEFAULT CHARSET=utf8mb4 COLLATE=utf8mb4_unicode_ci;

--
-- Dumping data for table `pusher_settings`
--

INSERT INTO `pusher_settings` (`id`, `beamer_status`, `instance_id`, `beam_secret`, `created_at`, `updated_at`, `pusher_broadcast`, `pusher_app_id`, `pusher_key`, `pusher_secret`, `pusher_cluster`) VALUES
(1, 0, NULL, NULL, '2025-08-01 09:35:24', '2025-08-01 09:35:24', 0, NULL, NULL, NULL, NULL),
(2, 0, NULL, NULL, '2025-08-01 09:38:00', '2025-08-01 09:38:00', 0, NULL, NULL, NULL, NULL);

-- --------------------------------------------------------

--
-- Table structure for table `razorpay_payments`
--

CREATE TABLE `razorpay_payments` (
  `id` bigint(20) UNSIGNED NOT NULL,
  `order_id` bigint(20) UNSIGNED NOT NULL,
  `payment_date` datetime DEFAULT NULL,
  `amount` decimal(16,2) DEFAULT NULL,
  `payment_status` enum('pending','requested','declined','completed') NOT NULL DEFAULT 'pending',
  `payment_error_response` text DEFAULT NULL,
  `razorpay_order_id` varchar(191) DEFAULT NULL,
  `razorpay_payment_id` varchar(191) DEFAULT NULL,
  `razorpay_signature` varchar(191) DEFAULT NULL,
  `created_at` timestamp NULL DEFAULT NULL,
  `updated_at` timestamp NULL DEFAULT NULL
) ENGINE=InnoDB DEFAULT CHARSET=utf8mb4 COLLATE=utf8mb4_unicode_ci;

--
-- Dumping data for table `razorpay_payments`
--

INSERT INTO `razorpay_payments` (`id`, `order_id`, `payment_date`, `amount`, `payment_status`, `payment_error_response`, `razorpay_order_id`, `razorpay_payment_id`, `razorpay_signature`, `created_at`, `updated_at`) VALUES
(1, 156, NULL, 516.00, 'pending', NULL, 'order_PtyKeuO3o2boF9', NULL, NULL, '2025-02-10 10:18:59', '2025-02-10 10:18:59'),
(2, 156, NULL, 516.00, 'pending', NULL, 'order_PtyKfKY6oZne8q', NULL, NULL, '2025-02-10 10:19:00', '2025-02-10 10:19:00');

-- --------------------------------------------------------

--
-- Table structure for table `receipt_settings`
--

CREATE TABLE `receipt_settings` (
  `id` bigint(20) UNSIGNED NOT NULL,
  `restaurant_id` bigint(20) UNSIGNED DEFAULT NULL,
  `show_customer_name` tinyint(1) NOT NULL DEFAULT 0,
  `show_customer_address` tinyint(1) NOT NULL DEFAULT 0,
  `show_table_number` tinyint(1) NOT NULL DEFAULT 0,
  `payment_qr_code` varchar(191) DEFAULT NULL,
  `show_payment_qr_code` tinyint(1) NOT NULL DEFAULT 0,
  `show_waiter` tinyint(1) NOT NULL DEFAULT 0,
  `show_total_guest` tinyint(1) NOT NULL DEFAULT 0,
  `show_restaurant_logo` tinyint(1) NOT NULL DEFAULT 0,
  `show_tax` tinyint(1) NOT NULL DEFAULT 0,
  `show_payment_details` tinyint(1) NOT NULL DEFAULT 1,
  `created_at` timestamp NULL DEFAULT NULL,
  `updated_at` timestamp NULL DEFAULT NULL
) ENGINE=InnoDB DEFAULT CHARSET=utf8mb4 COLLATE=utf8mb4_unicode_ci;

--
-- Dumping data for table `receipt_settings`
--

INSERT INTO `receipt_settings` (`id`, `restaurant_id`, `show_customer_name`, `show_customer_address`, `show_table_number`, `payment_qr_code`, `show_payment_qr_code`, `show_waiter`, `show_total_guest`, `show_restaurant_logo`, `show_tax`, `show_payment_details`, `created_at`, `updated_at`) VALUES
(1, 1, 0, 0, 0, NULL, 0, 0, 0, 0, 0, 1, '2025-08-01 09:37:54', '2025-08-01 09:37:54'),
(2, 2, 0, 0, 0, NULL, 0, 0, 0, 0, 0, 1, '2025-01-14 08:10:32', '2025-01-14 08:10:32'),
(3, 6, 1, 0, 1, NULL, 0, 1, 1, 0, 1, 1, '2025-01-14 08:10:32', '2025-02-07 10:43:42'),
(4, 7, 0, 0, 0, NULL, 0, 0, 0, 0, 0, 1, '2025-02-07 11:04:12', '2025-02-07 11:04:12'),
(5, 8, 0, 0, 0, NULL, 0, 0, 0, 0, 0, 1, '2025-02-12 10:35:51', '2025-02-12 10:35:51'),
(6, 9, 0, 0, 0, NULL, 0, 0, 0, 0, 0, 1, '2025-05-18 07:46:48', '2025-05-18 07:46:48');

-- --------------------------------------------------------

--
-- Table structure for table `reservations`
--

CREATE TABLE `reservations` (
  `id` bigint(20) UNSIGNED NOT NULL,
  `branch_id` bigint(20) UNSIGNED DEFAULT NULL,
  `table_id` bigint(20) UNSIGNED DEFAULT NULL,
  `customer_id` bigint(20) UNSIGNED DEFAULT NULL,
  `reservation_date_time` datetime NOT NULL,
  `party_size` int(11) NOT NULL,
  `special_requests` text DEFAULT NULL,
  `reservation_status` enum('Pending','Confirmed','Checked_In','Cancelled','No_Show') NOT NULL DEFAULT 'Confirmed',
  `reservation_slot_type` enum('Breakfast','Lunch','Dinner') NOT NULL,
  `created_at` timestamp NULL DEFAULT NULL,
  `updated_at` timestamp NULL DEFAULT NULL
) ENGINE=InnoDB DEFAULT CHARSET=utf8mb4 COLLATE=utf8mb4_unicode_ci;

--
-- Dumping data for table `reservations`
--

INSERT INTO `reservations` (`id`, `branch_id`, `table_id`, `customer_id`, `reservation_date_time`, `party_size`, `special_requests`, `reservation_status`, `reservation_slot_type`, `created_at`, `updated_at`) VALUES
(1, 3, 1, NULL, '2025-01-14 18:00:00', 2, NULL, 'Confirmed', 'Dinner', '2025-01-14 10:38:51', '2025-01-14 10:55:10'),
(2, 3, 2, 3, '2025-01-15 12:00:00', 1, NULL, 'Confirmed', 'Lunch', '2025-01-14 10:52:35', '2025-01-14 10:52:45'),
(3, 3, 6, NULL, '2025-01-14 11:00:00', 1, NULL, 'Pending', 'Breakfast', '2025-01-14 10:55:47', '2025-01-14 12:04:19'),
(4, 3, NULL, 9, '2025-02-06 08:00:00', 2, NULL, 'Checked_In', 'Breakfast', '2025-02-05 16:42:08', '2025-02-07 09:52:38'),
(5, 7, NULL, NULL, '2025-02-07 16:00:00', 2, NULL, 'Pending', 'Lunch', '2025-02-06 06:05:50', '2025-02-06 06:06:20'),
(6, 7, NULL, NULL, '2025-02-07 15:00:00', 1, NULL, 'Confirmed', 'Lunch', '2025-02-06 19:06:15', '2025-02-06 19:06:15'),
(7, 3, NULL, 15, '2025-02-21 14:00:00', 2, 'Birthday celebration', 'Confirmed', 'Lunch', '2025-02-07 09:51:58', '2025-02-07 09:51:58'),
(8, 3, 2, 16, '2025-02-07 19:00:00', 2, NULL, 'Checked_In', 'Dinner', '2025-02-07 11:45:31', '2025-02-07 11:46:47'),
(9, 7, NULL, NULL, '2025-02-24 20:00:00', 7, 'R.G GUEST ', 'Confirmed', 'Dinner', '2025-02-22 13:32:40', '2025-02-22 13:32:40');

-- --------------------------------------------------------

--
-- Table structure for table `reservation_settings`
--

CREATE TABLE `reservation_settings` (
  `id` bigint(20) UNSIGNED NOT NULL,
  `branch_id` bigint(20) UNSIGNED DEFAULT NULL,
  `day_of_week` enum('Monday','Tuesday','Wednesday','Thursday','Friday','Saturday','Sunday') NOT NULL,
  `time_slot_start` time NOT NULL,
  `time_slot_end` time NOT NULL,
  `time_slot_difference` int(11) NOT NULL,
  `slot_type` enum('Breakfast','Lunch','Dinner') NOT NULL,
  `available` tinyint(1) NOT NULL DEFAULT 1,
  `created_at` timestamp NULL DEFAULT NULL,
  `updated_at` timestamp NULL DEFAULT NULL
) ENGINE=InnoDB DEFAULT CHARSET=utf8mb4 COLLATE=utf8mb4_unicode_ci;

--
-- Dumping data for table `reservation_settings`
--

INSERT INTO `reservation_settings` (`id`, `branch_id`, `day_of_week`, `time_slot_start`, `time_slot_end`, `time_slot_difference`, `slot_type`, `available`, `created_at`, `updated_at`) VALUES
(1, 1, 'Monday', '08:00:00', '11:00:00', 30, 'Breakfast', 1, '2025-08-01 09:37:56', '2025-08-01 09:37:56'),
(2, 1, 'Monday', '12:00:00', '17:00:00', 60, 'Lunch', 1, '2025-08-01 09:37:56', '2025-08-01 09:37:56'),
(3, 1, 'Monday', '18:00:00', '22:00:00', 60, 'Dinner', 1, '2025-08-01 09:37:56', '2025-08-01 09:37:56'),
(4, 1, 'Tuesday', '08:00:00', '11:00:00', 30, 'Breakfast', 1, '2025-08-01 09:37:56', '2025-08-01 09:37:56'),
(5, 1, 'Tuesday', '12:00:00', '17:00:00', 60, 'Lunch', 1, '2025-08-01 09:37:56', '2025-08-01 09:37:56'),
(6, 1, 'Tuesday', '18:00:00', '22:00:00', 60, 'Dinner', 1, '2025-08-01 09:37:56', '2025-08-01 09:37:56'),
(7, 1, 'Wednesday', '08:00:00', '11:00:00', 30, 'Breakfast', 1, '2025-08-01 09:37:56', '2025-08-01 09:37:56'),
(8, 1, 'Wednesday', '12:00:00', '17:00:00', 60, 'Lunch', 1, '2025-08-01 09:37:56', '2025-08-01 09:37:56'),
(9, 1, 'Wednesday', '18:00:00', '22:00:00', 60, 'Dinner', 1, '2025-08-01 09:37:56', '2025-08-01 09:37:56'),
(10, 1, 'Thursday', '08:00:00', '11:00:00', 30, 'Breakfast', 1, '2025-08-01 09:37:56', '2025-08-01 09:37:56'),
(11, 1, 'Thursday', '12:00:00', '17:00:00', 60, 'Lunch', 1, '2025-08-01 09:37:56', '2025-08-01 09:37:56'),
(12, 1, 'Thursday', '18:00:00', '22:00:00', 60, 'Dinner', 1, '2025-08-01 09:37:56', '2025-08-01 09:37:56'),
(13, 1, 'Friday', '08:00:00', '11:00:00', 30, 'Breakfast', 1, '2025-08-01 09:37:56', '2025-08-01 09:37:56'),
(14, 1, 'Friday', '12:00:00', '17:00:00', 60, 'Lunch', 1, '2025-08-01 09:37:56', '2025-08-01 09:37:56'),
(15, 1, 'Friday', '18:00:00', '22:00:00', 60, 'Dinner', 1, '2025-08-01 09:37:56', '2025-08-01 09:37:56'),
(16, 1, 'Saturday', '08:00:00', '11:00:00', 30, 'Breakfast', 1, '2025-08-01 09:37:56', '2025-08-01 09:37:56'),
(17, 1, 'Saturday', '12:00:00', '17:00:00', 60, 'Lunch', 1, '2025-08-01 09:37:56', '2025-08-01 09:37:56'),
(18, 1, 'Saturday', '18:00:00', '22:00:00', 60, 'Dinner', 1, '2025-08-01 09:37:56', '2025-08-01 09:37:56'),
(19, 1, 'Sunday', '08:00:00', '11:00:00', 30, 'Breakfast', 1, '2025-08-01 09:37:56', '2025-08-01 09:37:56'),
(20, 1, 'Sunday', '12:00:00', '17:00:00', 60, 'Lunch', 1, '2025-08-01 09:37:56', '2025-08-01 09:37:56'),
(21, 1, 'Sunday', '18:00:00', '22:00:00', 60, 'Dinner', 1, '2025-08-01 09:37:56', '2025-08-01 09:37:56'),
(22, 2, 'Monday', '08:00:00', '11:00:00', 30, 'Breakfast', 1, '2025-08-01 09:37:58', '2025-08-01 09:37:58'),
(23, 2, 'Monday', '12:00:00', '17:00:00', 60, 'Lunch', 1, '2025-08-01 09:37:58', '2025-08-01 09:37:58'),
(24, 2, 'Monday', '18:00:00', '22:00:00', 60, 'Dinner', 1, '2025-08-01 09:37:58', '2025-08-01 09:37:58'),
(25, 2, 'Tuesday', '08:00:00', '11:00:00', 30, 'Breakfast', 1, '2025-08-01 09:37:58', '2025-08-01 09:37:58'),
(26, 2, 'Tuesday', '12:00:00', '17:00:00', 60, 'Lunch', 1, '2025-08-01 09:37:58', '2025-08-01 09:37:58'),
(27, 2, 'Tuesday', '18:00:00', '22:00:00', 60, 'Dinner', 1, '2025-08-01 09:37:58', '2025-08-01 09:37:58'),
(28, 2, 'Wednesday', '08:00:00', '11:00:00', 30, 'Breakfast', 1, '2025-08-01 09:37:58', '2025-08-01 09:37:58'),
(29, 2, 'Wednesday', '12:00:00', '17:00:00', 60, 'Lunch', 1, '2025-08-01 09:37:58', '2025-08-01 09:37:58'),
(30, 2, 'Wednesday', '18:00:00', '22:00:00', 60, 'Dinner', 1, '2025-08-01 09:37:58', '2025-08-01 09:37:58'),
(31, 2, 'Thursday', '08:00:00', '11:00:00', 30, 'Breakfast', 1, '2025-08-01 09:37:58', '2025-08-01 09:37:58'),
(32, 2, 'Thursday', '12:00:00', '17:00:00', 60, 'Lunch', 1, '2025-08-01 09:37:58', '2025-08-01 09:37:58'),
(33, 2, 'Thursday', '18:00:00', '22:00:00', 60, 'Dinner', 1, '2025-08-01 09:37:58', '2025-08-01 09:37:58'),
(34, 2, 'Friday', '08:00:00', '11:00:00', 30, 'Breakfast', 1, '2025-08-01 09:37:58', '2025-08-01 09:37:58'),
(35, 2, 'Friday', '12:00:00', '17:00:00', 60, 'Lunch', 1, '2025-08-01 09:37:58', '2025-08-01 09:37:58'),
(36, 2, 'Friday', '18:00:00', '22:00:00', 60, 'Dinner', 1, '2025-08-01 09:37:58', '2025-08-01 09:37:58'),
(37, 2, 'Saturday', '08:00:00', '11:00:00', 30, 'Breakfast', 1, '2025-08-01 09:37:58', '2025-08-01 09:37:58'),
(38, 2, 'Saturday', '12:00:00', '17:00:00', 60, 'Lunch', 1, '2025-08-01 09:37:58', '2025-08-01 09:37:58'),
(39, 2, 'Saturday', '18:00:00', '22:00:00', 60, 'Dinner', 1, '2025-08-01 09:37:58', '2025-08-01 09:37:58'),
(40, 2, 'Sunday', '08:00:00', '11:00:00', 30, 'Breakfast', 1, '2025-08-01 09:37:58', '2025-08-01 09:37:58'),
(41, 2, 'Sunday', '12:00:00', '17:00:00', 60, 'Lunch', 1, '2025-08-01 09:37:58', '2025-08-01 09:37:58'),
(42, 2, 'Sunday', '18:00:00', '22:00:00', 60, 'Dinner', 1, '2025-08-01 09:37:58', '2025-08-01 09:37:58'),
(43, 1, 'Monday', '08:00:00', '11:00:00', 30, 'Breakfast', 1, '2025-08-01 09:38:02', '2025-08-01 09:38:02'),
(44, 1, 'Monday', '12:00:00', '17:00:00', 60, 'Lunch', 1, '2025-08-01 09:38:02', '2025-08-01 09:38:02'),
(45, 1, 'Monday', '18:00:00', '22:00:00', 60, 'Dinner', 1, '2025-08-01 09:38:02', '2025-08-01 09:38:02'),
(46, 1, 'Tuesday', '08:00:00', '11:00:00', 30, 'Breakfast', 1, '2025-08-01 09:38:02', '2025-08-01 09:38:02'),
(47, 1, 'Tuesday', '12:00:00', '17:00:00', 60, 'Lunch', 1, '2025-08-01 09:38:02', '2025-08-01 09:38:02'),
(48, 1, 'Tuesday', '18:00:00', '22:00:00', 60, 'Dinner', 1, '2025-08-01 09:38:02', '2025-08-01 09:38:02'),
(49, 1, 'Wednesday', '08:00:00', '11:00:00', 30, 'Breakfast', 1, '2025-08-01 09:38:02', '2025-08-01 09:38:02'),
(50, 1, 'Wednesday', '12:00:00', '17:00:00', 60, 'Lunch', 1, '2025-08-01 09:38:02', '2025-08-01 09:38:02'),
(51, 1, 'Wednesday', '18:00:00', '22:00:00', 60, 'Dinner', 1, '2025-08-01 09:38:02', '2025-08-01 09:38:02'),
(52, 1, 'Thursday', '08:00:00', '11:00:00', 30, 'Breakfast', 1, '2025-08-01 09:38:02', '2025-08-01 09:38:02'),
(53, 1, 'Thursday', '12:00:00', '17:00:00', 60, 'Lunch', 1, '2025-08-01 09:38:02', '2025-08-01 09:38:02'),
(54, 1, 'Thursday', '18:00:00', '22:00:00', 60, 'Dinner', 1, '2025-08-01 09:38:02', '2025-08-01 09:38:02'),
(55, 1, 'Friday', '08:00:00', '11:00:00', 30, 'Breakfast', 1, '2025-08-01 09:38:02', '2025-08-01 09:38:02'),
(56, 1, 'Friday', '12:00:00', '17:00:00', 60, 'Lunch', 1, '2025-08-01 09:38:02', '2025-08-01 09:38:02'),
(57, 1, 'Friday', '18:00:00', '22:00:00', 60, 'Dinner', 1, '2025-08-01 09:38:02', '2025-08-01 09:38:02'),
(58, 1, 'Saturday', '08:00:00', '11:00:00', 30, 'Breakfast', 1, '2025-08-01 09:38:02', '2025-08-01 09:38:02'),
(59, 1, 'Saturday', '12:00:00', '17:00:00', 60, 'Lunch', 1, '2025-08-01 09:38:02', '2025-08-01 09:38:02'),
(60, 1, 'Saturday', '18:00:00', '22:00:00', 60, 'Dinner', 1, '2025-08-01 09:38:02', '2025-08-01 09:38:02'),
(61, 1, 'Sunday', '08:00:00', '11:00:00', 30, 'Breakfast', 1, '2025-08-01 09:38:03', '2025-08-01 09:38:03'),
(62, 1, 'Sunday', '12:00:00', '17:00:00', 60, 'Lunch', 1, '2025-08-01 09:38:03', '2025-08-01 09:38:03'),
(63, 1, 'Sunday', '18:00:00', '22:00:00', 60, 'Dinner', 1, '2025-08-01 09:38:03', '2025-08-01 09:38:03'),
(106, 7, 'Monday', '08:00:00', '11:00:00', 30, 'Breakfast', 0, '2025-01-14 14:10:57', '2025-02-06 08:06:28'),
(107, 7, 'Monday', '12:00:00', '17:00:00', 60, 'Lunch', 1, '2025-01-14 14:10:57', '2025-02-06 08:06:28'),
(108, 7, 'Monday', '17:00:00', '21:00:00', 60, 'Dinner', 1, '2025-01-14 14:10:57', '2025-02-06 08:06:28'),
(109, 7, 'Tuesday', '08:00:00', '11:00:00', 30, 'Breakfast', 1, '2025-01-14 14:10:57', '2025-01-14 14:10:57'),
(110, 7, 'Tuesday', '12:00:00', '17:00:00', 60, 'Lunch', 1, '2025-01-14 14:10:57', '2025-01-14 14:10:57'),
(111, 7, 'Tuesday', '18:00:00', '22:00:00', 60, 'Dinner', 1, '2025-01-14 14:10:57', '2025-01-14 14:10:57'),
(112, 7, 'Wednesday', '08:00:00', '11:00:00', 30, 'Breakfast', 1, '2025-01-14 14:10:57', '2025-01-14 14:10:57'),
(113, 7, 'Wednesday', '12:00:00', '17:00:00', 60, 'Lunch', 1, '2025-01-14 14:10:57', '2025-01-14 14:10:57'),
(114, 7, 'Wednesday', '18:00:00', '22:00:00', 60, 'Dinner', 1, '2025-01-14 14:10:57', '2025-01-14 14:10:57'),
(115, 7, 'Thursday', '08:00:00', '11:00:00', 30, 'Breakfast', 1, '2025-01-14 14:10:57', '2025-01-14 14:10:57'),
(116, 7, 'Thursday', '12:00:00', '17:00:00', 60, 'Lunch', 1, '2025-01-14 14:10:57', '2025-01-14 14:10:57'),
(117, 7, 'Thursday', '18:00:00', '22:00:00', 60, 'Dinner', 1, '2025-01-14 14:10:57', '2025-01-14 14:10:57'),
(118, 7, 'Friday', '08:00:00', '11:00:00', 30, 'Breakfast', 1, '2025-01-14 14:10:57', '2025-01-14 14:10:57'),
(119, 7, 'Friday', '12:00:00', '17:00:00', 60, 'Lunch', 1, '2025-01-14 14:10:57', '2025-01-14 14:10:57'),
(120, 7, 'Friday', '18:00:00', '22:00:00', 60, 'Dinner', 1, '2025-01-14 14:10:57', '2025-01-14 14:10:57'),
(121, 7, 'Saturday', '08:00:00', '11:00:00', 30, 'Breakfast', 1, '2025-01-14 14:10:57', '2025-01-14 14:10:57'),
(122, 7, 'Saturday', '12:00:00', '17:00:00', 60, 'Lunch', 1, '2025-01-14 14:10:57', '2025-01-14 14:10:57'),
(123, 7, 'Saturday', '18:00:00', '22:00:00', 60, 'Dinner', 1, '2025-01-14 14:10:57', '2025-01-14 14:10:57'),
(124, 7, 'Sunday', '08:00:00', '11:00:00', 30, 'Breakfast', 1, '2025-01-14 14:10:57', '2025-01-14 14:10:57'),
(125, 7, 'Sunday', '12:00:00', '17:00:00', 60, 'Lunch', 1, '2025-01-14 14:10:57', '2025-01-14 14:10:57'),
(126, 7, 'Sunday', '18:00:00', '22:00:00', 60, 'Dinner', 1, '2025-01-14 14:10:57', '2025-01-14 14:10:57'),
(127, 8, 'Monday', '08:00:00', '11:00:00', 30, 'Breakfast', 1, '2025-02-07 11:04:12', '2025-02-07 11:04:12'),
(128, 8, 'Monday', '12:00:00', '17:00:00', 60, 'Lunch', 1, '2025-02-07 11:04:12', '2025-02-07 11:04:12'),
(129, 8, 'Monday', '18:00:00', '22:00:00', 60, 'Dinner', 1, '2025-02-07 11:04:12', '2025-02-07 11:04:12'),
(130, 8, 'Tuesday', '08:00:00', '11:00:00', 30, 'Breakfast', 1, '2025-02-07 11:04:12', '2025-02-07 11:04:12'),
(131, 8, 'Tuesday', '12:00:00', '17:00:00', 60, 'Lunch', 1, '2025-02-07 11:04:12', '2025-02-07 11:04:12'),
(132, 8, 'Tuesday', '18:00:00', '22:00:00', 60, 'Dinner', 1, '2025-02-07 11:04:12', '2025-02-07 11:04:12'),
(133, 8, 'Wednesday', '08:00:00', '11:00:00', 30, 'Breakfast', 1, '2025-02-07 11:04:12', '2025-02-07 11:04:12'),
(134, 8, 'Wednesday', '12:00:00', '17:00:00', 60, 'Lunch', 1, '2025-02-07 11:04:12', '2025-02-07 11:04:12'),
(135, 8, 'Wednesday', '18:00:00', '22:00:00', 60, 'Dinner', 1, '2025-02-07 11:04:12', '2025-02-07 11:04:12'),
(136, 8, 'Thursday', '08:00:00', '11:00:00', 30, 'Breakfast', 1, '2025-02-07 11:04:12', '2025-02-07 11:04:12'),
(137, 8, 'Thursday', '12:00:00', '17:00:00', 60, 'Lunch', 1, '2025-02-07 11:04:12', '2025-02-07 11:04:12'),
(138, 8, 'Thursday', '18:00:00', '22:00:00', 60, 'Dinner', 1, '2025-02-07 11:04:12', '2025-02-07 11:04:12'),
(139, 8, 'Friday', '08:00:00', '11:00:00', 30, 'Breakfast', 1, '2025-02-07 11:04:12', '2025-02-07 11:04:12'),
(140, 8, 'Friday', '12:00:00', '17:00:00', 60, 'Lunch', 1, '2025-02-07 11:04:12', '2025-02-07 11:04:12'),
(141, 8, 'Friday', '18:00:00', '22:00:00', 60, 'Dinner', 1, '2025-02-07 11:04:12', '2025-02-07 11:04:12'),
(142, 8, 'Saturday', '08:00:00', '11:00:00', 30, 'Breakfast', 1, '2025-02-07 11:04:12', '2025-02-07 11:04:12'),
(143, 8, 'Saturday', '12:00:00', '17:00:00', 60, 'Lunch', 1, '2025-02-07 11:04:12', '2025-02-07 11:04:12'),
(144, 8, 'Saturday', '18:00:00', '22:00:00', 60, 'Dinner', 1, '2025-02-07 11:04:12', '2025-02-07 11:04:12'),
(145, 8, 'Sunday', '08:00:00', '11:00:00', 30, 'Breakfast', 1, '2025-02-07 11:04:12', '2025-02-07 11:04:12'),
(146, 8, 'Sunday', '12:00:00', '17:00:00', 60, 'Lunch', 1, '2025-02-07 11:04:12', '2025-02-07 11:04:12'),
(147, 8, 'Sunday', '18:00:00', '22:00:00', 60, 'Dinner', 1, '2025-02-07 11:04:12', '2025-02-07 11:04:12'),
(148, 9, 'Monday', '08:00:00', '11:00:00', 30, 'Breakfast', 1, '2025-02-12 10:35:51', '2025-02-12 10:35:51'),
(149, 9, 'Monday', '12:00:00', '17:00:00', 60, 'Lunch', 1, '2025-02-12 10:35:51', '2025-02-12 10:35:51'),
(150, 9, 'Monday', '18:00:00', '22:00:00', 60, 'Dinner', 1, '2025-02-12 10:35:51', '2025-02-12 10:35:51'),
(151, 9, 'Tuesday', '08:00:00', '11:00:00', 30, 'Breakfast', 1, '2025-02-12 10:35:51', '2025-02-12 10:35:51'),
(152, 9, 'Tuesday', '12:00:00', '17:00:00', 60, 'Lunch', 1, '2025-02-12 10:35:51', '2025-02-12 10:35:51'),
(153, 9, 'Tuesday', '18:00:00', '22:00:00', 60, 'Dinner', 1, '2025-02-12 10:35:51', '2025-02-12 10:35:51'),
(154, 9, 'Wednesday', '08:00:00', '11:00:00', 30, 'Breakfast', 1, '2025-02-12 10:35:51', '2025-02-12 10:35:51'),
(155, 9, 'Wednesday', '12:00:00', '17:00:00', 60, 'Lunch', 1, '2025-02-12 10:35:51', '2025-02-12 10:35:51'),
(156, 9, 'Wednesday', '18:00:00', '22:00:00', 60, 'Dinner', 1, '2025-02-12 10:35:51', '2025-02-12 10:35:51'),
(157, 9, 'Thursday', '08:00:00', '11:00:00', 30, 'Breakfast', 1, '2025-02-12 10:35:51', '2025-02-12 10:35:51'),
(158, 9, 'Thursday', '12:00:00', '17:00:00', 60, 'Lunch', 1, '2025-02-12 10:35:51', '2025-02-12 10:35:51'),
(159, 9, 'Thursday', '18:00:00', '22:00:00', 60, 'Dinner', 1, '2025-02-12 10:35:51', '2025-02-12 10:35:51'),
(160, 9, 'Friday', '08:00:00', '11:00:00', 30, 'Breakfast', 1, '2025-02-12 10:35:51', '2025-02-12 10:35:51'),
(161, 9, 'Friday', '12:00:00', '17:00:00', 60, 'Lunch', 1, '2025-02-12 10:35:51', '2025-02-12 10:35:51'),
(162, 9, 'Friday', '18:00:00', '22:00:00', 60, 'Dinner', 1, '2025-02-12 10:35:51', '2025-02-12 10:35:51'),
(163, 9, 'Saturday', '08:00:00', '11:00:00', 30, 'Breakfast', 1, '2025-02-12 10:35:51', '2025-02-12 10:35:51'),
(164, 9, 'Saturday', '12:00:00', '17:00:00', 60, 'Lunch', 1, '2025-02-12 10:35:51', '2025-02-12 10:35:51'),
(165, 9, 'Saturday', '18:00:00', '22:00:00', 60, 'Dinner', 1, '2025-02-12 10:35:51', '2025-02-12 10:35:51'),
(166, 9, 'Sunday', '08:00:00', '11:00:00', 30, 'Breakfast', 1, '2025-02-12 10:35:51', '2025-02-12 10:35:51'),
(167, 9, 'Sunday', '12:00:00', '17:00:00', 60, 'Lunch', 1, '2025-02-12 10:35:51', '2025-02-12 10:35:51'),
(168, 9, 'Sunday', '18:00:00', '22:00:00', 60, 'Dinner', 1, '2025-02-12 10:35:51', '2025-02-12 10:35:51'),
(169, 10, 'Monday', '08:00:00', '11:00:00', 30, 'Breakfast', 1, '2025-05-18 07:46:49', '2025-05-18 07:46:49'),
(170, 10, 'Monday', '12:00:00', '17:00:00', 60, 'Lunch', 1, '2025-05-18 07:46:49', '2025-05-18 07:46:49'),
(171, 10, 'Monday', '18:00:00', '22:00:00', 60, 'Dinner', 1, '2025-05-18 07:46:49', '2025-05-18 07:46:49'),
(172, 10, 'Tuesday', '08:00:00', '11:00:00', 30, 'Breakfast', 1, '2025-05-18 07:46:49', '2025-05-18 07:46:49'),
(173, 10, 'Tuesday', '12:00:00', '17:00:00', 60, 'Lunch', 1, '2025-05-18 07:46:49', '2025-05-18 07:46:49'),
(174, 10, 'Tuesday', '18:00:00', '22:00:00', 60, 'Dinner', 1, '2025-05-18 07:46:49', '2025-05-18 07:46:49'),
(175, 10, 'Wednesday', '08:00:00', '11:00:00', 30, 'Breakfast', 1, '2025-05-18 07:46:49', '2025-05-18 07:46:49'),
(176, 10, 'Wednesday', '12:00:00', '17:00:00', 60, 'Lunch', 1, '2025-05-18 07:46:49', '2025-05-18 07:46:49'),
(177, 10, 'Wednesday', '18:00:00', '22:00:00', 60, 'Dinner', 1, '2025-05-18 07:46:49', '2025-05-18 07:46:49'),
(178, 10, 'Thursday', '08:00:00', '11:00:00', 30, 'Breakfast', 1, '2025-05-18 07:46:49', '2025-05-18 07:46:49'),
(179, 10, 'Thursday', '12:00:00', '17:00:00', 60, 'Lunch', 1, '2025-05-18 07:46:49', '2025-05-18 07:46:49'),
(180, 10, 'Thursday', '18:00:00', '22:00:00', 60, 'Dinner', 1, '2025-05-18 07:46:49', '2025-05-18 07:46:49'),
(181, 10, 'Friday', '08:00:00', '11:00:00', 30, 'Breakfast', 1, '2025-05-18 07:46:49', '2025-05-18 07:46:49'),
(182, 10, 'Friday', '12:00:00', '17:00:00', 60, 'Lunch', 1, '2025-05-18 07:46:49', '2025-05-18 07:46:49'),
(183, 10, 'Friday', '18:00:00', '22:00:00', 60, 'Dinner', 1, '2025-05-18 07:46:49', '2025-05-18 07:46:49'),
(184, 10, 'Saturday', '08:00:00', '11:00:00', 30, 'Breakfast', 1, '2025-05-18 07:46:49', '2025-05-18 07:46:49'),
(185, 10, 'Saturday', '12:00:00', '17:00:00', 60, 'Lunch', 1, '2025-05-18 07:46:49', '2025-05-18 07:46:49'),
(186, 10, 'Saturday', '18:00:00', '22:00:00', 60, 'Dinner', 1, '2025-05-18 07:46:49', '2025-05-18 07:46:49'),
(187, 10, 'Sunday', '08:00:00', '11:00:00', 30, 'Breakfast', 1, '2025-05-18 07:46:49', '2025-05-18 07:46:49'),
(188, 10, 'Sunday', '12:00:00', '17:00:00', 60, 'Lunch', 1, '2025-05-18 07:46:49', '2025-05-18 07:46:49'),
(189, 10, 'Sunday', '18:00:00', '22:00:00', 60, 'Dinner', 1, '2025-05-18 07:46:49', '2025-05-18 07:46:49');

-- --------------------------------------------------------

--
-- Table structure for table `restaurants`
--

CREATE TABLE `restaurants` (
  `id` bigint(20) UNSIGNED NOT NULL,
  `name` varchar(191) NOT NULL,
  `hash` varchar(191) DEFAULT NULL,
  `address` varchar(191) DEFAULT NULL,
  `phone_number` varchar(191) DEFAULT NULL,
  `phone_code` varchar(191) DEFAULT NULL,
  `email` varchar(191) DEFAULT NULL,
  `timezone` varchar(191) NOT NULL,
  `theme_hex` varchar(191) NOT NULL,
  `theme_rgb` varchar(191) NOT NULL,
  `logo` varchar(191) DEFAULT NULL,
  `country_id` bigint(20) UNSIGNED NOT NULL,
  `hide_new_orders` tinyint(1) NOT NULL DEFAULT 0,
  `hide_new_reservations` tinyint(1) NOT NULL DEFAULT 0,
  `hide_new_waiter_request` tinyint(1) NOT NULL DEFAULT 0,
  `currency_id` bigint(20) UNSIGNED DEFAULT NULL,
  `license_type` enum('free','paid') NOT NULL DEFAULT 'free',
  `is_active` tinyint(1) NOT NULL DEFAULT 1,
  `created_at` timestamp NULL DEFAULT NULL,
  `updated_at` timestamp NULL DEFAULT NULL,
  `customer_login_required` tinyint(1) NOT NULL DEFAULT 0,
  `about_us` longtext DEFAULT NULL,
  `allow_customer_delivery_orders` tinyint(1) NOT NULL DEFAULT 1,
  `allow_customer_pickup_orders` tinyint(1) NOT NULL DEFAULT 1,
  `allow_customer_orders` tinyint(1) NOT NULL DEFAULT 1,
  `allow_dine_in_orders` tinyint(1) NOT NULL DEFAULT 1,
  `package_id` bigint(20) UNSIGNED DEFAULT NULL,
  `package_type` varchar(191) DEFAULT NULL,
  `status` enum('active','inactive','license_expired') NOT NULL DEFAULT 'active',
  `license_expire_on` datetime DEFAULT NULL,
  `trial_ends_at` datetime DEFAULT NULL,
  `license_updated_at` datetime DEFAULT NULL,
  `subscription_updated_at` datetime DEFAULT NULL,
  `stripe_id` varchar(191) DEFAULT NULL,
  `pm_type` varchar(191) DEFAULT NULL,
  `pm_last_four` varchar(4) DEFAULT NULL,
  `is_waiter_request_enabled` tinyint(1) NOT NULL DEFAULT 1,
  `default_table_reservation_status` varchar(191) NOT NULL DEFAULT 'Confirmed',
  `approval_status` enum('Pending','Approved','Rejected') NOT NULL DEFAULT 'Approved',
  `rejection_reason` text DEFAULT NULL,
  `facebook_link` varchar(255) DEFAULT NULL,
  `instagram_link` varchar(255) DEFAULT NULL,
  `twitter_link` varchar(255) DEFAULT NULL,
  `yelp_link` varchar(255) DEFAULT NULL,
  `table_required` tinyint(1) NOT NULL DEFAULT 0,
  `show_logo_text` tinyint(1) NOT NULL DEFAULT 1,
  `meta_keyword` text DEFAULT NULL,
  `meta_description` longtext DEFAULT NULL,
  `upload_fav_icon_android_chrome_192` varchar(191) DEFAULT NULL,
  `upload_fav_icon_android_chrome_512` varchar(191) DEFAULT NULL,
  `upload_fav_icon_apple_touch_icon` varchar(191) DEFAULT NULL,
  `upload_favicon_16` varchar(191) DEFAULT NULL,
  `upload_favicon_32` varchar(191) DEFAULT NULL,
  `favicon` varchar(191) DEFAULT NULL,
  `is_waiter_request_enabled_on_desktop` tinyint(1) NOT NULL DEFAULT 1,
  `is_waiter_request_enabled_on_mobile` tinyint(1) NOT NULL DEFAULT 1,
  `is_waiter_request_enabled_open_by_qr` tinyint(1) NOT NULL DEFAULT 0,
  `webmanifest` varchar(191) DEFAULT NULL,
  `enable_tip_shop` tinyint(1) NOT NULL DEFAULT 1,
  `enable_tip_pos` tinyint(1) NOT NULL DEFAULT 1,
  `is_pwa_install_alert_show` tinyint(1) NOT NULL DEFAULT 0,
  `auto_confirm_orders` tinyint(1) NOT NULL DEFAULT 0,
  `tax_mode` enum('order','item') NOT NULL DEFAULT 'order',
  `tax_inclusive` tinyint(1) NOT NULL DEFAULT 0,
  `customer_site_language` varchar(191) DEFAULT NULL
) ENGINE=InnoDB DEFAULT CHARSET=utf8mb4 COLLATE=utf8mb4_unicode_ci;

--
-- Dumping data for table `restaurants`
--

INSERT INTO `restaurants` (`id`, `name`, `hash`, `address`, `phone_number`, `phone_code`, `email`, `timezone`, `theme_hex`, `theme_rgb`, `logo`, `country_id`, `hide_new_orders`, `hide_new_reservations`, `hide_new_waiter_request`, `currency_id`, `license_type`, `is_active`, `created_at`, `updated_at`, `customer_login_required`, `about_us`, `allow_customer_delivery_orders`, `allow_customer_pickup_orders`, `allow_customer_orders`, `allow_dine_in_orders`, `package_id`, `package_type`, `status`, `license_expire_on`, `trial_ends_at`, `license_updated_at`, `subscription_updated_at`, `stripe_id`, `pm_type`, `pm_last_four`, `is_waiter_request_enabled`, `default_table_reservation_status`, `approval_status`, `rejection_reason`, `facebook_link`, `instagram_link`, `twitter_link`, `yelp_link`, `table_required`, `show_logo_text`, `meta_keyword`, `meta_description`, `upload_fav_icon_android_chrome_192`, `upload_fav_icon_android_chrome_512`, `upload_fav_icon_apple_touch_icon`, `upload_favicon_16`, `upload_favicon_32`, `favicon`, `is_waiter_request_enabled_on_desktop`, `is_waiter_request_enabled_on_mobile`, `is_waiter_request_enabled_open_by_qr`, `webmanifest`, `enable_tip_shop`, `enable_tip_pos`, `is_pwa_install_alert_show`, `auto_confirm_orders`, `tax_mode`, `tax_inclusive`, `customer_site_language`) VALUES
(1, 'Demo Restaurant', 'demo-restaurant', '191 Julianne Lodge Apt. 388\nSouth Jayce, KY 75488-4974', '+14796235600', NULL, 'demo.restaurant@example.com', 'America/New_York', '#A78BFA', '167, 139, 250', NULL, 236, 0, 0, 0, 1, 'free', 1, '2025-08-01 09:37:53', '2025-08-01 09:37:54', 0, '<p class=\"text-lg text-gray-600 mb-6\">\n          Welcome to our restaurant, where great food and good vibes come together! We\'re a local, family-owned spot that loves bringing people together over delicious meals and unforgettable moments. Whether you\'re here for a quick bite, a family dinner, or a celebration, we\'re all about making your time with us special.\n        </p>\n        <p class=\"text-lg text-gray-600 mb-6\">\n          Our menu is packed with dishes made from fresh, quality ingredients because we believe food should taste as\n          good as it makes you feel. From our signature dishes to seasonal specials, there\'s always something to excite\n          your taste buds.\n        </p>\n        <p class=\"text-lg text-gray-600 mb-6\">\n          But we\'re not just about the food—we\'re about community. We love seeing familiar faces and welcoming new ones.\n          Our team is a fun, friendly bunch dedicated to serving you with a smile and making sure every visit feels like\n          coming home.\n        </p>\n        <p class=\"text-lg text-gray-600\">\n          So, come on in, grab a seat, and let us take care of the rest. We can\'t wait to share our love of food with\n          you!\n        </p>\n        <p class=\"text-lg text-gray-800 font-semibold mt-6\">See you soon! 🍽️✨</p>', 1, 1, 1, 1, 5, 'trial', 'active', '2025-08-31 15:07:54', '2025-08-31 15:07:54', '2025-08-01 15:07:54', '2025-08-01 15:07:54', NULL, NULL, NULL, 1, 'Confirmed', 'Approved', NULL, 'https://www.facebook.com/', 'https://www.instagram.com/', 'https://www.twitter.com/', NULL, 0, 1, NULL, NULL, NULL, NULL, NULL, NULL, NULL, NULL, 1, 1, 0, NULL, 1, 1, 0, 0, 'order', 0, 'en'),
(2, 'Restro Sistem', 'restro-sistem', 'RUBY GENERAL HOSPITAL, Anandapur Main Road, Golpark, Sector I, Kasba, Kolkata, West Bengal, India', '7856985478', '91', 'sushovan.mitra@gmail.com', 'Asia/Kolkata', '#E11D48', '225, 29, 72', NULL, 103, 0, 0, 0, 5, 'free', 1, '2025-01-11 01:44:35', '2025-08-10 09:56:32', 0, '<p class=\"text-lg text-gray-600 mb-6\">\n          Welcome to our restaurant, where great food and good vibes come together! We\'re a local, family-owned spot that loves bringing people together over delicious meals and unforgettable moments. Whether you\'re here for a quick bite, a family dinner, or a celebration, we\'re all about making your time with us special.\n        </p>\n        <p class=\"text-lg text-gray-600 mb-6\">\n          Our menu is packed with dishes made from fresh, quality ingredients because we believe food should taste as\n          good as it makes you feel. From our signature dishes to seasonal specials, there\'s always something to excite\n          your taste buds.\n        </p>\n        <p class=\"text-lg text-gray-600 mb-6\">\n          But we\'re not just about the food—we\'re about community. We love seeing familiar faces and welcoming new ones.\n          Our team is a fun, friendly bunch dedicated to serving you with a smile and making sure every visit feels like\n          coming home.\n        </p>\n        <p class=\"text-lg text-gray-600\">\n          So, come on in, grab a seat, and let us take care of the rest. We can\'t wait to share our love of food with\n          you!\n        </p>\n        <p class=\"text-lg text-gray-800 font-semibold mt-6\">See you soon! 🍽️✨</p>', 1, 1, 1, 1, 5, 'free', 'active', '2025-03-17 00:00:00', '2025-03-17 00:00:00', '2025-02-12 00:00:00', '2025-01-11 12:44:36', NULL, NULL, NULL, 1, 'Pending', 'Approved', NULL, NULL, NULL, NULL, NULL, 0, 1, NULL, NULL, NULL, NULL, NULL, NULL, NULL, NULL, 1, 1, 0, NULL, 1, 1, 0, 0, 'order', 0, NULL),
(6, 'The Zest - PSK', 'the-zest-psk', '14, District Centre, Vikas Marg, Laxmi Nagar, New Delhi, Delhi, 110092', '8130660060', '91', 'zest@gmail.com', 'Asia/Kolkata', '#7C3AED', '124, 58, 237', '6e923b62a44e12b9335427d6ae6f9d4a.png', 103, 0, 0, 0, 21, 'free', 1, '2025-01-14 08:40:57', '2025-08-10 11:29:21', 0, NULL, 0, 0, 0, 1, 7, 'monthly', 'active', '2026-07-01 00:00:00', NULL, '2025-01-21 00:00:00', '2025-01-14 14:10:57', NULL, NULL, NULL, 1, 'Confirmed', 'Approved', NULL, NULL, NULL, NULL, NULL, 0, 1, NULL, NULL, NULL, NULL, NULL, NULL, NULL, NULL, 1, 1, 0, NULL, 1, 1, 0, 0, 'order', 0, NULL),
(7, 'Bihar Museum Patna', 'bihar-museum-patna', 'Jawaharlal Nehru Marg, Bailey Rd, Patna, Bihar 800001', NULL, '91', 'ranjan@kormoan.in', 'Asia/Kolkata', '#685b8b', '104, 91, 139', NULL, 103, 0, 0, 0, 26, 'free', 1, '2025-02-07 05:34:12', '2025-08-10 09:57:56', 0, NULL, 0, 1, 1, 0, 5, 'trial', 'active', '2025-03-09 11:04:12', '2025-03-09 11:04:12', '2025-02-07 11:04:12', '2025-02-07 11:04:12', NULL, NULL, NULL, 1, 'Confirmed', 'Approved', NULL, 'https://www.facebook.com', 'https://www.facebook.com', 'https://www.facebook.com', NULL, 0, 1, NULL, NULL, NULL, NULL, NULL, NULL, NULL, NULL, 1, 1, 0, NULL, 1, 1, 0, 0, 'order', 0, NULL),
(8, 'Kitchen & Bar', 'kitchen-bar', 'Ashram, New Delhi', NULL, '91', 'kitchenbar@gmail.com', 'Asia/Kolkata', '#685b8b', '104, 91, 139', NULL, 103, 0, 0, 0, 30, 'free', 1, '2025-02-12 05:05:50', '2025-08-10 09:58:20', 0, NULL, 1, 1, 1, 1, 7, 'monthly', 'active', '2025-03-12 11:24:57', NULL, '2025-02-12 11:25:01', '2025-02-12 11:25:01', NULL, NULL, NULL, 1, 'Confirmed', 'Approved', NULL, 'https://facebook.com', 'https://instagram.com', 'https://ftwitter.com', NULL, 0, 1, NULL, NULL, NULL, NULL, NULL, NULL, NULL, NULL, 1, 1, 0, NULL, 1, 1, 0, 0, 'order', 0, NULL),
(9, 'il piatto', 'il-piatto', '4 harcourt', NULL, '91', 'bigco62@gmail.com', 'Europe/London', '#685b8b', '104, 91, 139', NULL, 235, 0, 0, 0, 34, 'free', 1, '2025-05-18 02:16:48', '2025-08-10 09:58:42', 0, '<p class=\"text-lg text-gray-600 mb-6\">\n          Welcome to our restaurant, where great food and good vibes come together! We\'re a local, family-owned spot that loves bringing people together over delicious meals and unforgettable moments. Whether you\'re here for a quick bite, a family dinner, or a celebration, we\'re all about making your time with us special.\n        </p>\n        <p class=\"text-lg text-gray-600 mb-6\">\n          Our menu is packed with dishes made from fresh, quality ingredients because we believe food should taste as\n          good as it makes you feel. From our signature dishes to seasonal specials, there\'s always something to excite\n          your taste buds.\n        </p>\n        <p class=\"text-lg text-gray-600 mb-6\">\n          But we\'re not just about the food—we\'re about community. We love seeing familiar faces and welcoming new ones.\n          Our team is a fun, friendly bunch dedicated to serving you with a smile and making sure every visit feels like\n          coming home.\n        </p>\n        <p class=\"text-lg text-gray-600\">\n          So, come on in, grab a seat, and let us take care of the rest. We can\'t wait to share our love of food with\n          you!\n        </p>\n        <p class=\"text-lg text-gray-800 font-semibold mt-6\">See you soon! 🍽️✨</p>', 1, 1, 1, 1, 5, 'trial', 'active', '2025-06-17 07:46:48', '2025-06-17 07:46:48', '2025-05-18 07:46:48', '2025-05-18 07:46:48', NULL, NULL, NULL, 1, 'Confirmed', 'Approved', NULL, NULL, NULL, NULL, NULL, 0, 1, NULL, NULL, NULL, NULL, NULL, NULL, NULL, NULL, 1, 1, 0, NULL, 1, 1, 0, 0, 'order', 0, NULL);

-- --------------------------------------------------------

--
-- Table structure for table `restaurant_charges`
--

CREATE TABLE `restaurant_charges` (
  `id` bigint(20) UNSIGNED NOT NULL,
  `restaurant_id` bigint(20) UNSIGNED DEFAULT NULL,
  `charge_name` varchar(191) NOT NULL,
  `charge_type` enum('percent','fixed') NOT NULL DEFAULT 'fixed',
  `charge_value` decimal(16,2) DEFAULT NULL,
  `order_types` longtext CHARACTER SET utf8mb4 COLLATE utf8mb4_bin NOT NULL COMMENT 'Supported order types: DineIn, Delivery, PickUp' CHECK (json_valid(`order_types`)),
  `is_enabled` tinyint(1) NOT NULL DEFAULT 1,
  `created_at` timestamp NULL DEFAULT NULL,
  `updated_at` timestamp NULL DEFAULT NULL
) ENGINE=InnoDB DEFAULT CHARSET=utf8mb4 COLLATE=utf8mb4_unicode_ci;

--
-- Dumping data for table `restaurant_charges`
--

INSERT INTO `restaurant_charges` (`id`, `restaurant_id`, `charge_name`, `charge_type`, `charge_value`, `order_types`, `is_enabled`, `created_at`, `updated_at`) VALUES
(1, 6, 'Service Charge', 'percent', 10.00, '[\"dine_in\"]', 1, '2025-06-11 08:27:36', '2025-06-11 08:34:43'),
(2, 2, 'Service Charge', 'percent', 10.00, '[\"dine_in\"]', 1, '2025-06-11 08:35:16', '2025-06-11 08:38:07'),
(4, 6, 'Packaging Charges', 'fixed', 30.00, '[\"pickup\",\"delivery\"]', 1, '2025-06-11 18:23:23', '2025-06-11 18:23:23');

-- --------------------------------------------------------

--
-- Table structure for table `restaurant_payments`
--

CREATE TABLE `restaurant_payments` (
  `id` bigint(20) UNSIGNED NOT NULL,
  `restaurant_id` bigint(20) UNSIGNED NOT NULL,
  `amount` decimal(16,2) NOT NULL,
  `status` enum('pending','paid','failed') NOT NULL DEFAULT 'pending',
  `payment_source` enum('official_site','app_sumo') NOT NULL DEFAULT 'official_site',
  `razorpay_order_id` varchar(191) DEFAULT NULL,
  `razorpay_payment_id` varchar(191) DEFAULT NULL,
  `razorpay_signature` varchar(191) DEFAULT NULL,
  `transaction_id` varchar(191) DEFAULT NULL,
  `payment_date_time` varchar(191) DEFAULT NULL,
  `created_at` timestamp NULL DEFAULT NULL,
  `updated_at` timestamp NULL DEFAULT NULL,
  `stripe_payment_intent` varchar(191) DEFAULT NULL,
  `stripe_session_id` text DEFAULT NULL,
  `package_id` bigint(20) UNSIGNED DEFAULT NULL,
  `package_type` varchar(191) DEFAULT NULL,
  `currency_id` varchar(191) DEFAULT NULL,
  `flutterwave_transaction_id` varchar(191) DEFAULT NULL,
  `flutterwave_payment_ref` varchar(191) DEFAULT NULL,
  `paypal_payment_id` varchar(191) DEFAULT NULL
) ENGINE=InnoDB DEFAULT CHARSET=utf8mb4 COLLATE=utf8mb4_unicode_ci;

-- --------------------------------------------------------

--
-- Table structure for table `restaurant_taxes`
--

CREATE TABLE `restaurant_taxes` (
  `id` bigint(20) UNSIGNED NOT NULL,
  `restaurant_id` bigint(20) UNSIGNED NOT NULL,
  `tax_id` varchar(191) DEFAULT NULL,
  `tax_name` varchar(191) DEFAULT NULL,
  `created_at` timestamp NULL DEFAULT NULL,
  `updated_at` timestamp NULL DEFAULT NULL
) ENGINE=InnoDB DEFAULT CHARSET=utf8mb4 COLLATE=utf8mb4_unicode_ci;

--
-- Dumping data for table `restaurant_taxes`
--

INSERT INTO `restaurant_taxes` (`id`, `restaurant_id`, `tax_id`, `tax_name`, `created_at`, `updated_at`) VALUES
(1, 6, '07ABLCS2846K1ZU', 'GSTIN', NULL, '2025-02-06 07:55:02'),
(2, 6, '13324003000440', 'FSSAI', '2025-02-06 08:04:42', '2025-02-06 08:04:42');

-- --------------------------------------------------------

--
-- Table structure for table `roles`
--

CREATE TABLE `roles` (
  `id` bigint(20) UNSIGNED NOT NULL,
  `name` varchar(191) NOT NULL,
  `display_name` varchar(191) DEFAULT NULL,
  `guard_name` varchar(191) NOT NULL,
  `created_at` timestamp NULL DEFAULT NULL,
  `updated_at` timestamp NULL DEFAULT NULL,
  `restaurant_id` bigint(20) UNSIGNED DEFAULT NULL
) ENGINE=InnoDB DEFAULT CHARSET=utf8mb4 COLLATE=utf8mb4_unicode_ci;

--
-- Dumping data for table `roles`
--

INSERT INTO `roles` (`id`, `name`, `display_name`, `guard_name`, `created_at`, `updated_at`, `restaurant_id`) VALUES
(1, 'Super Admin', NULL, 'web', '2025-01-09 20:25:09', '2025-01-09 20:25:09', NULL),
(2, 'Admin', NULL, 'web', '2025-01-09 20:25:09', '2025-01-09 20:25:09', NULL),
(3, 'Branch Head', NULL, 'web', '2025-01-09 20:25:09', '2025-01-09 20:25:09', NULL),
(4, 'Waiter', NULL, 'web', '2025-01-09 20:25:09', '2025-01-09 20:25:09', NULL),
(5, 'Chef', NULL, 'web', '2025-01-09 20:25:09', '2025-01-09 20:25:09', NULL),
(6, 'Admin_1', 'Admin', 'web', '2025-01-21 12:20:34', '2025-01-21 12:20:34', 1),
(7, 'Branch Head_1', 'Branch Head', 'web', '2025-01-21 12:20:34', '2025-01-21 12:20:34', 1),
(8, 'Waiter_1', 'Waiter', 'web', '2025-01-21 12:20:34', '2025-01-21 12:20:34', 1),
(9, 'Chef_1', 'Chef', 'web', '2025-01-21 12:20:34', '2025-01-21 12:20:34', 1),
(10, 'Admin_2', 'Admin', 'web', '2025-01-21 12:20:34', '2025-01-21 12:20:34', 2),
(11, 'Branch Head_2', 'Branch Head', 'web', '2025-01-21 12:20:34', '2025-01-21 12:20:34', 2),
(12, 'Waiter_2', 'Waiter', 'web', '2025-01-21 12:20:34', '2025-01-21 12:20:34', 2),
(13, 'Chef_2', 'Chef', 'web', '2025-01-21 12:20:34', '2025-01-21 12:20:34', 2),
(14, 'Admin_6', 'Admin', 'web', '2025-01-21 12:20:34', '2025-01-21 12:20:34', 6),
(15, 'Branch Head_6', 'Branch Head', 'web', '2025-01-21 12:20:34', '2025-01-21 12:20:34', 6),
(16, 'Waiter_6', 'Waiter', 'web', '2025-01-21 12:20:34', '2025-01-21 12:20:34', 6),
(17, 'Chef_6', 'Chef', 'web', '2025-01-21 12:20:34', '2025-01-21 12:20:34', 6),
(18, 'Admin_7', 'Admin', 'web', '2025-02-07 05:34:12', '2025-02-07 05:34:12', 7),
(19, 'Branch Head_7', 'Branch Head', 'web', '2025-02-07 05:34:12', '2025-02-07 05:34:12', 7),
(20, 'Waiter_7', 'Waiter', 'web', '2025-02-07 05:34:12', '2025-02-07 05:34:12', 7),
(21, 'Chef_7', 'Chef', 'web', '2025-02-07 05:34:12', '2025-02-07 05:34:12', 7),
(22, 'Admin_8', 'Admin', 'web', '2025-02-12 05:05:51', '2025-02-12 05:05:51', 8),
(23, 'Branch Head_8', 'Branch Head', 'web', '2025-02-12 05:05:51', '2025-02-12 05:05:51', 8),
(24, 'Waiter_8', 'Waiter', 'web', '2025-02-12 05:05:51', '2025-02-12 05:05:51', 8),
(25, 'Chef_8', 'Chef', 'web', '2025-02-12 05:05:51', '2025-02-12 05:05:51', 8),
(26, 'Admin_9', 'Admin', 'web', '2025-05-18 02:16:49', '2025-05-18 02:16:49', 9),
(27, 'Branch Head_9', 'Branch Head', 'web', '2025-05-18 02:16:49', '2025-05-18 02:16:49', 9),
(28, 'Waiter_9', 'Waiter', 'web', '2025-05-18 02:16:49', '2025-05-18 02:16:49', 9),
(29, 'Chef_9', 'Chef', 'web', '2025-05-18 02:16:49', '2025-05-18 02:16:49', 9);

-- --------------------------------------------------------

--
-- Table structure for table `role_has_permissions`
--

CREATE TABLE `role_has_permissions` (
  `permission_id` bigint(20) UNSIGNED NOT NULL,
  `role_id` bigint(20) UNSIGNED NOT NULL
) ENGINE=InnoDB DEFAULT CHARSET=utf8mb4 COLLATE=utf8mb4_unicode_ci;

--
-- Dumping data for table `role_has_permissions`
--

INSERT INTO `role_has_permissions` (`permission_id`, `role_id`) VALUES
(1, 2),
(1, 3),
(1, 6),
(1, 7),
(1, 10),
(1, 11),
(1, 14),
(1, 15),
(1, 18),
(1, 19),
(1, 22),
(1, 23),
(1, 26),
(1, 27),
(2, 2),
(2, 3),
(2, 4),
(2, 5),
(2, 6),
(2, 7),
(2, 10),
(2, 11),
(2, 12),
(2, 14),
(2, 15),
(2, 18),
(2, 19),
(2, 22),
(2, 23),
(2, 26),
(2, 27),
(3, 2),
(3, 3),
(3, 6),
(3, 7),
(3, 10),
(3, 11),
(3, 14),
(3, 15),
(3, 18),
(3, 19),
(3, 22),
(3, 23),
(3, 26),
(3, 27),
(4, 2),
(4, 3),
(4, 6),
(4, 7),
(4, 10),
(4, 11),
(4, 14),
(4, 15),
(4, 18),
(4, 19),
(4, 22),
(4, 23),
(4, 26),
(4, 27),
(5, 2),
(5, 3),
(5, 6),
(5, 7),
(5, 10),
(5, 11),
(5, 14),
(5, 15),
(5, 18),
(5, 19),
(5, 22),
(5, 23),
(5, 26),
(5, 27),
(6, 2),
(6, 3),
(6, 4),
(6, 5),
(6, 6),
(6, 7),
(6, 10),
(6, 11),
(6, 12),
(6, 14),
(6, 15),
(6, 18),
(6, 19),
(6, 22),
(6, 23),
(6, 26),
(6, 27),
(7, 2),
(7, 3),
(7, 6),
(7, 7),
(7, 10),
(7, 11),
(7, 14),
(7, 15),
(7, 18),
(7, 19),
(7, 22),
(7, 23),
(7, 26),
(7, 27),
(8, 2),
(8, 3),
(8, 6),
(8, 7),
(8, 10),
(8, 11),
(8, 14),
(8, 15),
(8, 18),
(8, 19),
(8, 22),
(8, 23),
(8, 26),
(8, 27),
(9, 2),
(9, 3),
(9, 6),
(9, 7),
(9, 10),
(9, 11),
(9, 14),
(9, 15),
(9, 18),
(9, 19),
(9, 22),
(9, 23),
(9, 26),
(9, 27),
(10, 2),
(10, 3),
(10, 4),
(10, 6),
(10, 7),
(10, 10),
(10, 11),
(10, 12),
(10, 14),
(10, 15),
(10, 18),
(10, 19),
(10, 22),
(10, 23),
(10, 26),
(10, 27),
(11, 2),
(11, 3),
(11, 6),
(11, 7),
(11, 10),
(11, 11),
(11, 14),
(11, 15),
(11, 18),
(11, 19),
(11, 22),
(11, 23),
(11, 26),
(11, 27),
(12, 2),
(12, 3),
(12, 6),
(12, 7),
(12, 10),
(12, 11),
(12, 14),
(12, 15),
(12, 18),
(12, 19),
(12, 22),
(12, 23),
(12, 26),
(12, 27),
(13, 2),
(13, 3),
(13, 6),
(13, 7),
(13, 10),
(13, 11),
(13, 14),
(13, 15),
(13, 18),
(13, 19),
(13, 22),
(13, 23),
(13, 26),
(13, 27),
(14, 2),
(14, 3),
(14, 4),
(14, 6),
(14, 7),
(14, 10),
(14, 11),
(14, 12),
(14, 14),
(14, 15),
(14, 18),
(14, 19),
(14, 22),
(14, 23),
(14, 26),
(14, 27),
(15, 2),
(15, 3),
(15, 6),
(15, 7),
(15, 10),
(15, 11),
(15, 14),
(15, 15),
(15, 18),
(15, 19),
(15, 22),
(15, 23),
(15, 26),
(15, 27),
(16, 2),
(16, 3),
(16, 6),
(16, 7),
(16, 10),
(16, 11),
(16, 14),
(16, 15),
(16, 18),
(16, 19),
(16, 22),
(16, 23),
(16, 26),
(16, 27),
(17, 2),
(17, 3),
(17, 6),
(17, 7),
(17, 10),
(17, 11),
(17, 14),
(17, 15),
(17, 16),
(17, 18),
(17, 19),
(17, 22),
(17, 23),
(17, 26),
(17, 27),
(18, 2),
(18, 3),
(18, 4),
(18, 6),
(18, 7),
(18, 10),
(18, 11),
(18, 12),
(18, 14),
(18, 15),
(18, 16),
(18, 18),
(18, 19),
(18, 22),
(18, 23),
(18, 26),
(18, 27),
(19, 2),
(19, 3),
(19, 6),
(19, 7),
(19, 10),
(19, 11),
(19, 14),
(19, 15),
(19, 16),
(19, 18),
(19, 19),
(19, 22),
(19, 23),
(19, 26),
(19, 27),
(20, 2),
(20, 3),
(20, 6),
(20, 7),
(20, 10),
(20, 11),
(20, 14),
(20, 15),
(20, 18),
(20, 19),
(20, 22),
(20, 23),
(20, 26),
(20, 27),
(21, 2),
(21, 3),
(21, 6),
(21, 7),
(21, 10),
(21, 11),
(21, 14),
(21, 15),
(21, 16),
(21, 18),
(21, 19),
(21, 22),
(21, 23),
(21, 26),
(21, 27),
(22, 2),
(22, 3),
(22, 4),
(22, 6),
(22, 7),
(22, 10),
(22, 11),
(22, 12),
(22, 14),
(22, 15),
(22, 16),
(22, 18),
(22, 19),
(22, 22),
(22, 23),
(22, 26),
(22, 27),
(23, 2),
(23, 3),
(23, 6),
(23, 7),
(23, 10),
(23, 11),
(23, 12),
(23, 14),
(23, 15),
(23, 16),
(23, 18),
(23, 19),
(23, 22),
(23, 23),
(23, 26),
(23, 27),
(24, 2),
(24, 3),
(24, 6),
(24, 7),
(24, 10),
(24, 11),
(24, 14),
(24, 15),
(24, 18),
(24, 19),
(24, 22),
(24, 23),
(24, 26),
(24, 27),
(25, 2),
(25, 3),
(25, 5),
(25, 6),
(25, 7),
(25, 10),
(25, 11),
(25, 13),
(25, 14),
(25, 15),
(25, 16),
(25, 18),
(25, 19),
(25, 22),
(25, 23),
(25, 26),
(25, 27),
(26, 2),
(26, 3),
(26, 4),
(26, 6),
(26, 7),
(26, 10),
(26, 11),
(26, 14),
(26, 15),
(26, 16),
(26, 18),
(26, 19),
(26, 22),
(26, 23),
(26, 26),
(26, 27),
(27, 2),
(27, 3),
(27, 4),
(27, 6),
(27, 7),
(27, 10),
(27, 11),
(27, 12),
(27, 14),
(27, 15),
(27, 16),
(27, 18),
(27, 19),
(27, 22),
(27, 23),
(27, 26),
(27, 27),
(28, 2),
(28, 3),
(28, 4),
(28, 6),
(28, 7),
(28, 10),
(28, 11),
(28, 12),
(28, 14),
(28, 15),
(28, 16),
(28, 18),
(28, 19),
(28, 22),
(28, 23),
(28, 26),
(28, 27),
(29, 2),
(29, 3),
(29, 4),
(29, 6),
(29, 7),
(29, 10),
(29, 11),
(29, 14),
(29, 15),
(29, 18),
(29, 19),
(29, 22),
(29, 23),
(29, 26),
(29, 27),
(30, 2),
(30, 3),
(30, 4),
(30, 6),
(30, 7),
(30, 10),
(30, 11),
(30, 14),
(30, 15),
(30, 16),
(30, 18),
(30, 19),
(30, 22),
(30, 23),
(30, 26),
(30, 27),
(31, 2),
(31, 3),
(31, 4),
(31, 6),
(31, 7),
(31, 10),
(31, 11),
(31, 14),
(31, 15),
(31, 18),
(31, 19),
(31, 22),
(31, 23),
(31, 26),
(31, 27),
(32, 2),
(32, 3),
(32, 6),
(32, 7),
(32, 10),
(32, 11),
(32, 14),
(32, 15),
(32, 18),
(32, 19),
(32, 22),
(32, 23),
(32, 26),
(32, 27),
(33, 2),
(33, 3),
(33, 6),
(33, 7),
(33, 10),
(33, 11),
(33, 14),
(33, 15),
(33, 18),
(33, 19),
(33, 22),
(33, 23),
(33, 26),
(33, 27),
(34, 2),
(34, 3),
(34, 6),
(34, 7),
(34, 10),
(34, 11),
(34, 14),
(34, 15),
(34, 18),
(34, 19),
(34, 22),
(34, 23),
(34, 26),
(34, 27),
(35, 2),
(35, 3),
(35, 6),
(35, 7),
(35, 10),
(35, 11),
(35, 14),
(35, 15),
(35, 18),
(35, 19),
(35, 22),
(35, 23),
(35, 26),
(35, 27),
(36, 2),
(36, 3),
(36, 6),
(36, 7),
(36, 10),
(36, 11),
(36, 14),
(36, 15),
(36, 18),
(36, 19),
(36, 22),
(36, 23),
(36, 26),
(36, 27),
(37, 2),
(37, 3),
(37, 6),
(37, 7),
(37, 10),
(37, 11),
(37, 14),
(37, 15),
(37, 18),
(37, 19),
(37, 22),
(37, 23),
(37, 26),
(37, 27),
(38, 2),
(38, 3),
(38, 6),
(38, 7),
(38, 10),
(38, 11),
(38, 14),
(38, 15),
(38, 18),
(38, 19),
(38, 22),
(38, 23),
(38, 26),
(38, 27),
(39, 2),
(39, 3),
(39, 6),
(39, 7),
(39, 10),
(39, 11),
(39, 14),
(39, 15),
(39, 18),
(39, 19),
(39, 22),
(39, 23),
(39, 26),
(39, 27),
(40, 2),
(40, 3),
(40, 6),
(40, 7),
(40, 10),
(40, 11),
(40, 14),
(40, 15),
(40, 18),
(40, 19),
(40, 22),
(40, 23),
(40, 26),
(40, 27),
(41, 2),
(41, 3),
(41, 6),
(41, 7),
(41, 10),
(41, 11),
(41, 14),
(41, 15),
(41, 17),
(41, 18),
(41, 19),
(41, 22),
(41, 23),
(41, 26),
(41, 27),
(42, 2),
(42, 3),
(42, 6),
(42, 7),
(42, 10),
(42, 11),
(42, 14),
(42, 15),
(42, 17),
(42, 18),
(42, 19),
(42, 22),
(42, 23),
(42, 26),
(42, 27),
(43, 2),
(43, 3),
(43, 6),
(43, 7),
(43, 10),
(43, 11),
(43, 14),
(43, 15),
(43, 18),
(43, 19),
(43, 22),
(43, 23),
(43, 26),
(43, 27),
(44, 2),
(44, 3),
(44, 4),
(44, 6),
(44, 7),
(44, 10),
(44, 11),
(44, 12),
(44, 14),
(44, 15),
(44, 16),
(44, 18),
(44, 19),
(44, 22),
(44, 23),
(44, 26),
(44, 27),
(45, 6),
(45, 7),
(45, 10),
(45, 11),
(45, 14),
(45, 15),
(45, 18),
(45, 19),
(45, 22),
(45, 23),
(45, 26),
(45, 27),
(46, 6),
(46, 7),
(46, 10),
(46, 11),
(46, 14),
(46, 15),
(46, 18),
(46, 19),
(46, 22),
(46, 23),
(46, 26),
(46, 27),
(47, 6),
(47, 7),
(47, 10),
(47, 11),
(47, 14),
(47, 15),
(47, 18),
(47, 19),
(47, 22),
(47, 23),
(47, 26),
(47, 27),
(48, 6),
(48, 7),
(48, 10),
(48, 11),
(48, 14),
(48, 15),
(48, 18),
(48, 19),
(48, 22),
(48, 23),
(48, 26),
(48, 27),
(49, 6),
(49, 7),
(49, 10),
(49, 11),
(49, 14),
(49, 15),
(49, 18),
(49, 19),
(49, 22),
(49, 23),
(49, 26),
(49, 27),
(50, 6),
(50, 7),
(50, 10),
(50, 11),
(50, 14),
(50, 15),
(50, 18),
(50, 19),
(50, 22),
(50, 23),
(50, 26),
(50, 27),
(51, 6),
(51, 7),
(51, 10),
(51, 11),
(51, 14),
(51, 15),
(51, 18),
(51, 19),
(51, 22),
(51, 23),
(51, 26),
(51, 27),
(52, 6),
(52, 7),
(52, 10),
(52, 11),
(52, 14),
(52, 15),
(52, 18),
(52, 19),
(52, 22),
(52, 23),
(52, 26),
(52, 27),
(53, 6),
(53, 7),
(53, 10),
(53, 11),
(53, 14),
(53, 15),
(53, 18),
(53, 19),
(53, 22),
(53, 23),
(53, 26),
(53, 27);

-- --------------------------------------------------------

--
-- Table structure for table `sessions`
--

CREATE TABLE `sessions` (
  `id` varchar(191) NOT NULL,
  `user_id` bigint(20) UNSIGNED DEFAULT NULL,
  `ip_address` varchar(45) DEFAULT NULL,
  `user_agent` text DEFAULT NULL,
  `payload` longtext NOT NULL,
  `last_activity` int(11) NOT NULL
) ENGINE=InnoDB DEFAULT CHARSET=utf8mb4 COLLATE=utf8mb4_unicode_ci;

--
-- Dumping data for table `sessions`
--

INSERT INTO `sessions` (`id`, `user_id`, `ip_address`, `user_agent`, `payload`, `last_activity`) VALUES
('0EEDXYzmLW2WPWxLGAbE3fBeLCtMdATHrm7aTd8Y', 26, '106.219.157.255', 'Mozilla/5.0 (Windows NT 10.0; Win64; x64) AppleWebKit/537.36 (KHTML, like Gecko) Chrome/138.0.0.0 Safari/537.36', 'YToxOTp7czo2OiJfdG9rZW4iO3M6NDA6Inp5akwzR1dlaE9zb21ZZUhoZFBRaVFzUk5jRTVGWkU5UzE0ZnlaclAiO3M6MzoidXJsIjthOjE6e3M6ODoiaW50ZW5kZWQiO3M6MzU6Imh0dHBzOi8vcmVzdHJvLnNpc3RlbS5hcHAvZGFzaGJvYXJkIjt9czo2OiJfZmxhc2giO2E6Mjp7czozOiJvbGQiO2E6MDp7fXM6MzoibmV3IjthOjA6e319czoyMDoiY2hlY2tfbWlncmF0ZV9zdGF0dXMiO3M6NDoiR29vZCI7czo0OiJ1c2VyIjtPOjE1OiJBcHBcTW9kZWxzXFVzZXIiOjMzOntzOjEzOiIAKgBjb25uZWN0aW9uIjtzOjU6Im15c3FsIjtzOjg6IgAqAHRhYmxlIjtzOjU6InVzZXJzIjtzOjEzOiIAKgBwcmltYXJ5S2V5IjtzOjI6ImlkIjtzOjEwOiIAKgBrZXlUeXBlIjtzOjM6ImludCI7czoxMjoiaW5jcmVtZW50aW5nIjtiOjE7czo3OiIAKgB3aXRoIjthOjA6e31zOjEyOiIAKgB3aXRoQ291bnQiO2E6MDp7fXM6MTk6InByZXZlbnRzTGF6eUxvYWRpbmciO2I6MDtzOjEwOiIAKgBwZXJQYWdlIjtpOjE1O3M6NjoiZXhpc3RzIjtiOjE7czoxODoid2FzUmVjZW50bHlDcmVhdGVkIjtiOjA7czoyODoiACoAZXNjYXBlV2hlbkNhc3RpbmdUb1N0cmluZyI7YjowO3M6MTM6IgAqAGF0dHJpYnV0ZXMiO2E6MjA6e3M6MjoiaWQiO2k6MjY7czoxMzoicmVzdGF1cmFudF9pZCI7aTo2O3M6OToiYnJhbmNoX2lkIjtpOjc7czoxNToiY3VycmVudF90ZWFtX2lkIjtOO3M6OToic3RyaXBlX2lkIjtOO3M6NDoibmFtZSI7czoyNDoiU3VyeWEgUHJha2FzaCAoIE1hbmFnZXIpIjtzOjU6ImVtYWlsIjtzOjIyOiJnc3VyeWFpZWNpaG1AZ21haWwuY29tIjtzOjE3OiJlbWFpbF92ZXJpZmllZF9hdCI7TjtzOjg6InBhc3N3b3JkIjtzOjYwOiIkMnkkMTIkS2pya3BmcmdZZ3c4LkdUZmxYcE1jLjhTZzlTelVMWXdTRGhxVHBOYU9zZmJoYS5IR0NkcHEiO3M6MTc6InR3b19mYWN0b3Jfc2VjcmV0IjtOO3M6MjU6InR3b19mYWN0b3JfcmVjb3ZlcnlfY29kZXMiO047czoyMzoidHdvX2ZhY3Rvcl9jb25maXJtZWRfYXQiO047czoxNDoicmVtZW1iZXJfdG9rZW4iO3M6NjA6IjI5VGtaQlI4WExoT2lRa25SUTV6elJPZ0tpV3VoYjdDeGhMYWxuRWYzeXFnODJMbGVQTFh3SHZ4Z3E0RSI7czoxODoicHJvZmlsZV9waG90b19wYXRoIjtOO3M6MTA6ImNyZWF0ZWRfYXQiO3M6MTk6IjIwMjUtMDUtMDggMTE6MjQ6MzciO3M6MTA6InVwZGF0ZWRfYXQiO3M6MTk6IjIwMjUtMDYtMjYgMjE6NTk6MjEiO3M6NjoibG9jYWxlIjtzOjI6ImVuIjtzOjc6InBtX3R5cGUiO047czoxMjoicG1fbGFzdF9mb3VyIjtOO3M6MTM6InRyaWFsX2VuZHNfYXQiO047fXM6MTE6IgAqAG9yaWdpbmFsIjthOjIwOntzOjI6ImlkIjtpOjI2O3M6MTM6InJlc3RhdXJhbnRfaWQiO2k6NjtzOjk6ImJyYW5jaF9pZCI7aTo3O3M6MTU6ImN1cnJlbnRfdGVhbV9pZCI7TjtzOjk6InN0cmlwZV9pZCI7TjtzOjQ6Im5hbWUiO3M6MjQ6IlN1cnlhIFByYWthc2ggKCBNYW5hZ2VyKSI7czo1OiJlbWFpbCI7czoyMjoiZ3N1cnlhaWVjaWhtQGdtYWlsLmNvbSI7czoxNzoiZW1haWxfdmVyaWZpZWRfYXQiO047czo4OiJwYXNzd29yZCI7czo2MDoiJDJ5JDEyJEtqcmtwZnJnWWd3OC5HVGZsWHBNYy44U2c5U3pVTFl3U0RocVRwTmFPc2ZiaGEuSEdDZHBxIjtzOjE3OiJ0d29fZmFjdG9yX3NlY3JldCI7TjtzOjI1OiJ0d29fZmFjdG9yX3JlY292ZXJ5X2NvZGVzIjtOO3M6MjM6InR3b19mYWN0b3JfY29uZmlybWVkX2F0IjtOO3M6MTQ6InJlbWVtYmVyX3Rva2VuIjtzOjYwOiIyOVRrWkJSOFhMaE9pUWtuUlE1enpST2dLaVd1aGI3Q3hoTGFsbkVmM3lxZzgyTGxlUExYd0h2eGdxNEUiO3M6MTg6InByb2ZpbGVfcGhvdG9fcGF0aCI7TjtzOjEwOiJjcmVhdGVkX2F0IjtzOjE5OiIyMDI1LTA1LTA4IDExOjI0OjM3IjtzOjEwOiJ1cGRhdGVkX2F0IjtzOjE5OiIyMDI1LTA2LTI2IDIxOjU5OjIxIjtzOjY6ImxvY2FsZSI7czoyOiJlbiI7czo3OiJwbV90eXBlIjtOO3M6MTI6InBtX2xhc3RfZm91ciI7TjtzOjEzOiJ0cmlhbF9lbmRzX2F0IjtOO31zOjEwOiIAKgBjaGFuZ2VzIjthOjA6e31zOjg6IgAqAGNhc3RzIjthOjQ6e3M6MTc6ImVtYWlsX3ZlcmlmaWVkX2F0IjtzOjg6ImRhdGV0aW1lIjtzOjg6InBhc3N3b3JkIjtzOjY6Imhhc2hlZCI7czoxMzoicmVzdGF1cmFudF9pZCI7czo3OiJpbnRlZ2VyIjtzOjk6ImJyYW5jaF9pZCI7czo3OiJpbnRlZ2VyIjt9czoxNzoiACoAY2xhc3NDYXN0Q2FjaGUiO2E6MDp7fXM6MjE6IgAqAGF0dHJpYnV0ZUNhc3RDYWNoZSI7YTowOnt9czoxMzoiACoAZGF0ZUZvcm1hdCI7TjtzOjEwOiIAKgBhcHBlbmRzIjthOjE6e2k6MDtzOjE3OiJwcm9maWxlX3Bob3RvX3VybCI7fXM6MTk6IgAqAGRpc3BhdGNoZXNFdmVudHMiO2E6MDp7fXM6MTQ6IgAqAG9ic2VydmFibGVzIjthOjA6e31zOjEyOiIAKgByZWxhdGlvbnMiO2E6Mjp7czo1OiJyb2xlcyI7TzozOToiSWxsdW1pbmF0ZVxEYXRhYmFzZVxFbG9xdWVudFxDb2xsZWN0aW9uIjoyOntzOjg6IgAqAGl0ZW1zIjthOjE6e2k6MDtPOjI5OiJTcGF0aWVcUGVybWlzc2lvblxNb2RlbHNcUm9sZSI6MzA6e3M6MTM6IgAqAGNvbm5lY3Rpb24iO3M6NToibXlzcWwiO3M6ODoiACoAdGFibGUiO3M6NToicm9sZXMiO3M6MTM6IgAqAHByaW1hcnlLZXkiO3M6MjoiaWQiO3M6MTA6IgAqAGtleVR5cGUiO3M6MzoiaW50IjtzOjEyOiJpbmNyZW1lbnRpbmciO2I6MTtzOjc6IgAqAHdpdGgiO2E6MDp7fXM6MTI6IgAqAHdpdGhDb3VudCI7YTowOnt9czoxOToicHJldmVudHNMYXp5TG9hZGluZyI7YjowO3M6MTA6IgAqAHBlclBhZ2UiO2k6MTU7czo2OiJleGlzdHMiO2I6MTtzOjE4OiJ3YXNSZWNlbnRseUNyZWF0ZWQiO2I6MDtzOjI4OiIAKgBlc2NhcGVXaGVuQ2FzdGluZ1RvU3RyaW5nIjtiOjA7czoxMzoiACoAYXR0cmlidXRlcyI7YTo3OntzOjI6ImlkIjtpOjE1O3M6MTM6InJlc3RhdXJhbnRfaWQiO2k6NjtzOjQ6Im5hbWUiO3M6MTM6IkJyYW5jaCBIZWFkXzYiO3M6MTI6ImRpc3BsYXlfbmFtZSI7czoxMToiQnJhbmNoIEhlYWQiO3M6MTA6Imd1YXJkX25hbWUiO3M6Mzoid2ViIjtzOjEwOiJjcmVhdGVkX2F0IjtzOjE5OiIyMDI1LTAxLTIxIDE3OjUwOjM0IjtzOjEwOiJ1cGRhdGVkX2F0IjtzOjE5OiIyMDI1LTAxLTIxIDE3OjUwOjM0Ijt9czoxMToiACoAb3JpZ2luYWwiO2E6MTA6e3M6MjoiaWQiO2k6MTU7czoxMzoicmVzdGF1cmFudF9pZCI7aTo2O3M6NDoibmFtZSI7czoxMzoiQnJhbmNoIEhlYWRfNiI7czoxMjoiZGlzcGxheV9uYW1lIjtzOjExOiJCcmFuY2ggSGVhZCI7czoxMDoiZ3VhcmRfbmFtZSI7czozOiJ3ZWIiO3M6MTA6ImNyZWF0ZWRfYXQiO3M6MTk6IjIwMjUtMDEtMjEgMTc6NTA6MzQiO3M6MTA6InVwZGF0ZWRfYXQiO3M6MTk6IjIwMjUtMDEtMjEgMTc6NTA6MzQiO3M6MTQ6InBpdm90X21vZGVsX2lkIjtpOjI2O3M6MTM6InBpdm90X3JvbGVfaWQiO2k6MTU7czoxNjoicGl2b3RfbW9kZWxfdHlwZSI7czoxNToiQXBwXE1vZGVsc1xVc2VyIjt9czoxMDoiACoAY2hhbmdlcyI7YTowOnt9czo4OiIAKgBjYXN0cyI7YTowOnt9czoxNzoiACoAY2xhc3NDYXN0Q2FjaGUiO2E6MDp7fXM6MjE6IgAqAGF0dHJpYnV0ZUNhc3RDYWNoZSI7YTowOnt9czoxMzoiACoAZGF0ZUZvcm1hdCI7TjtzOjEwOiIAKgBhcHBlbmRzIjthOjA6e31zOjE5OiIAKgBkaXNwYXRjaGVzRXZlbnRzIjthOjA6e31zOjE0OiIAKgBvYnNlcnZhYmxlcyI7YTowOnt9czoxMjoiACoAcmVsYXRpb25zIjthOjE6e3M6NToicGl2b3QiO086NDk6IklsbHVtaW5hdGVcRGF0YWJhc2VcRWxvcXVlbnRcUmVsYXRpb25zXE1vcnBoUGl2b3QiOjM2OntzOjEzOiIAKgBjb25uZWN0aW9uIjtzOjU6Im15c3FsIjtzOjg6IgAqAHRhYmxlIjtzOjE1OiJtb2RlbF9oYXNfcm9sZXMiO3M6MTM6IgAqAHByaW1hcnlLZXkiO3M6MjoiaWQiO3M6MTA6IgAqAGtleVR5cGUiO3M6MzoiaW50IjtzOjEyOiJpbmNyZW1lbnRpbmciO2I6MDtzOjc6IgAqAHdpdGgiO2E6MDp7fXM6MTI6IgAqAHdpdGhDb3VudCI7YTowOnt9czoxOToicHJldmVudHNMYXp5TG9hZGluZyI7YjowO3M6MTA6IgAqAHBlclBhZ2UiO2k6MTU7czo2OiJleGlzdHMiO2I6MTtzOjE4OiJ3YXNSZWNlbnRseUNyZWF0ZWQiO2I6MDtzOjI4OiIAKgBlc2NhcGVXaGVuQ2FzdGluZ1RvU3RyaW5nIjtiOjA7czoxMzoiACoAYXR0cmlidXRlcyI7YTozOntzOjEwOiJtb2RlbF90eXBlIjtzOjE1OiJBcHBcTW9kZWxzXFVzZXIiO3M6ODoibW9kZWxfaWQiO2k6MjY7czo3OiJyb2xlX2lkIjtpOjE1O31zOjExOiIAKgBvcmlnaW5hbCI7YTozOntzOjEwOiJtb2RlbF90eXBlIjtzOjE1OiJBcHBcTW9kZWxzXFVzZXIiO3M6ODoibW9kZWxfaWQiO2k6MjY7czo3OiJyb2xlX2lkIjtpOjE1O31zOjEwOiIAKgBjaGFuZ2VzIjthOjA6e31zOjg6IgAqAGNhc3RzIjthOjA6e31zOjE3OiIAKgBjbGFzc0Nhc3RDYWNoZSI7YTowOnt9czoyMToiACoAYXR0cmlidXRlQ2FzdENhY2hlIjthOjA6e31zOjEzOiIAKgBkYXRlRm9ybWF0IjtOO3M6MTA6IgAqAGFwcGVuZHMiO2E6MDp7fXM6MTk6IgAqAGRpc3BhdGNoZXNFdmVudHMiO2E6MDp7fXM6MTQ6IgAqAG9ic2VydmFibGVzIjthOjA6e31zOjEyOiIAKgByZWxhdGlvbnMiO2E6MDp7fXM6MTA6IgAqAHRvdWNoZXMiO2E6MDp7fXM6MTA6InRpbWVzdGFtcHMiO2I6MDtzOjEzOiJ1c2VzVW5pcXVlSWRzIjtiOjA7czo5OiIAKgBoaWRkZW4iO2E6MDp7fXM6MTA6IgAqAHZpc2libGUiO2E6MDp7fXM6MTE6IgAqAGZpbGxhYmxlIjthOjA6e31zOjEwOiIAKgBndWFyZGVkIjthOjA6e31zOjExOiJwaXZvdFBhcmVudCI7TzoxNToiQXBwXE1vZGVsc1xVc2VyIjozMzp7czoxMzoiACoAY29ubmVjdGlvbiI7czo1OiJteXNxbCI7czo4OiIAKgB0YWJsZSI7czo1OiJ1c2VycyI7czoxMzoiACoAcHJpbWFyeUtleSI7czoyOiJpZCI7czoxMDoiACoAa2V5VHlwZSI7czozOiJpbnQiO3M6MTI6ImluY3JlbWVudGluZyI7YjoxO3M6NzoiACoAd2l0aCI7YTowOnt9czoxMjoiACoAd2l0aENvdW50IjthOjA6e31zOjE5OiJwcmV2ZW50c0xhenlMb2FkaW5nIjtiOjA7czoxMDoiACoAcGVyUGFnZSI7aToxNTtzOjY6ImV4aXN0cyI7YjowO3M6MTg6Indhc1JlY2VudGx5Q3JlYXRlZCI7YjowO3M6Mjg6IgAqAGVzY2FwZVdoZW5DYXN0aW5nVG9TdHJpbmciO2I6MDtzOjEzOiIAKgBhdHRyaWJ1dGVzIjthOjA6e31zOjExOiIAKgBvcmlnaW5hbCI7YTowOnt9czoxMDoiACoAY2hhbmdlcyI7YTowOnt9czo4OiIAKgBjYXN0cyI7YTo0OntzOjE3OiJlbWFpbF92ZXJpZmllZF9hdCI7czo4OiJkYXRldGltZSI7czo4OiJwYXNzd29yZCI7czo2OiJoYXNoZWQiO3M6MTM6InJlc3RhdXJhbnRfaWQiO3M6NzoiaW50ZWdlciI7czo5OiJicmFuY2hfaWQiO3M6NzoiaW50ZWdlciI7fXM6MTc6IgAqAGNsYXNzQ2FzdENhY2hlIjthOjA6e31zOjIxOiIAKgBhdHRyaWJ1dGVDYXN0Q2FjaGUiO2E6MDp7fXM6MTM6IgAqAGRhdGVGb3JtYXQiO047czoxMDoiACoAYXBwZW5kcyI7YToxOntpOjA7czoxNzoicHJvZmlsZV9waG90b191cmwiO31zOjE5OiIAKgBkaXNwYXRjaGVzRXZlbnRzIjthOjA6e31zOjE0OiIAKgBvYnNlcnZhYmxlcyI7YTowOnt9czoxMjoiACoAcmVsYXRpb25zIjthOjA6e31zOjEwOiIAKgB0b3VjaGVzIjthOjA6e31zOjEwOiJ0aW1lc3RhbXBzIjtiOjE7czoxMzoidXNlc1VuaXF1ZUlkcyI7YjowO3M6OToiACoAaGlkZGVuIjthOjQ6e2k6MDtzOjg6InBhc3N3b3JkIjtpOjE7czoxNDoicmVtZW1iZXJfdG9rZW4iO2k6MjtzOjI1OiJ0d29fZmFjdG9yX3JlY292ZXJ5X2NvZGVzIjtpOjM7czoxNzoidHdvX2ZhY3Rvcl9zZWNyZXQiO31zOjEwOiIAKgB2aXNpYmxlIjthOjA6e31zOjExOiIAKgBmaWxsYWJsZSI7YTo2OntpOjA7czo0OiJuYW1lIjtpOjE7czo1OiJlbWFpbCI7aToyO3M6ODoicGFzc3dvcmQiO2k6MztzOjk6ImJyYW5jaF9pZCI7aTo0O3M6MTM6InJlc3RhdXJhbnRfaWQiO2k6NTtzOjY6ImxvY2FsZSI7fXM6MTA6IgAqAGd1YXJkZWQiO2E6MTp7aTowO3M6MToiKiI7fXM6MTk6IgAqAGF1dGhQYXNzd29yZE5hbWUiO3M6ODoicGFzc3dvcmQiO3M6MjA6IgAqAHJlbWVtYmVyVG9rZW5OYW1lIjtzOjE0OiJyZW1lbWJlcl90b2tlbiI7czoxNDoiACoAYWNjZXNzVG9rZW4iO047fXM6MTI6InBpdm90UmVsYXRlZCI7TzoyOToiU3BhdGllXFBlcm1pc3Npb25cTW9kZWxzXFJvbGUiOjMwOntzOjEzOiIAKgBjb25uZWN0aW9uIjtzOjU6Im15c3FsIjtzOjg6IgAqAHRhYmxlIjtzOjU6InJvbGVzIjtzOjEzOiIAKgBwcmltYXJ5S2V5IjtzOjI6ImlkIjtzOjEwOiIAKgBrZXlUeXBlIjtzOjM6ImludCI7czoxMjoiaW5jcmVtZW50aW5nIjtiOjE7czo3OiIAKgB3aXRoIjthOjA6e31zOjEyOiIAKgB3aXRoQ291bnQiO2E6MDp7fXM6MTk6InByZXZlbnRzTGF6eUxvYWRpbmciO2I6MDtzOjEwOiIAKgBwZXJQYWdlIjtpOjE1O3M6NjoiZXhpc3RzIjtiOjA7czoxODoid2FzUmVjZW50bHlDcmVhdGVkIjtiOjA7czoyODoiACoAZXNjYXBlV2hlbkNhc3RpbmdUb1N0cmluZyI7YjowO3M6MTM6IgAqAGF0dHJpYnV0ZXMiO2E6MTp7czoxMDoiZ3VhcmRfbmFtZSI7czozOiJ3ZWIiO31zOjExOiIAKgBvcmlnaW5hbCI7YTowOnt9czoxMDoiACoAY2hhbmdlcyI7YTowOnt9czo4OiIAKgBjYXN0cyI7YTowOnt9czoxNzoiACoAY2xhc3NDYXN0Q2FjaGUiO2E6MDp7fXM6MjE6IgAqAGF0dHJpYnV0ZUNhc3RDYWNoZSI7YTowOnt9czoxMzoiACoAZGF0ZUZvcm1hdCI7TjtzOjEwOiIAKgBhcHBlbmRzIjthOjA6e31zOjE5OiIAKgBkaXNwYXRjaGVzRXZlbnRzIjthOjA6e31zOjE0OiIAKgBvYnNlcnZhYmxlcyI7YTowOnt9czoxMjoiACoAcmVsYXRpb25zIjthOjA6e31zOjEwOiIAKgB0b3VjaGVzIjthOjA6e31zOjEwOiJ0aW1lc3RhbXBzIjtiOjE7czoxMzoidXNlc1VuaXF1ZUlkcyI7YjowO3M6OToiACoAaGlkZGVuIjthOjA6e31zOjEwOiIAKgB2aXNpYmxlIjthOjA6e31zOjExOiIAKgBmaWxsYWJsZSI7YTowOnt9czoxMDoiACoAZ3VhcmRlZCI7YToxOntpOjA7czoyOiJpZCI7fX1zOjEzOiIAKgBmb3JlaWduS2V5IjtzOjg6Im1vZGVsX2lkIjtzOjEzOiIAKgByZWxhdGVkS2V5IjtzOjc6InJvbGVfaWQiO3M6MTI6IgAqAG1vcnBoVHlwZSI7czoxMDoibW9kZWxfdHlwZSI7czoxMzoiACoAbW9ycGhDbGFzcyI7czoxNToiQXBwXE1vZGVsc1xVc2VyIjt9fXM6MTA6IgAqAHRvdWNoZXMiO2E6MDp7fXM6MTA6InRpbWVzdGFtcHMiO2I6MTtzOjEzOiJ1c2VzVW5pcXVlSWRzIjtiOjA7czo5OiIAKgBoaWRkZW4iO2E6MDp7fXM6MTA6IgAqAHZpc2libGUiO2E6MDp7fXM6MTE6IgAqAGZpbGxhYmxlIjthOjA6e31zOjEwOiIAKgBndWFyZGVkIjthOjE6e2k6MDtzOjI6ImlkIjt9fX1zOjI4OiIAKgBlc2NhcGVXaGVuQ2FzdGluZ1RvU3RyaW5nIjtiOjA7fXM6MTA6InJlc3RhdXJhbnQiO086MjE6IkFwcFxNb2RlbHNcUmVzdGF1cmFudCI6MzY6e3M6MTM6IgAqAGNvbm5lY3Rpb24iO3M6NToibXlzcWwiO3M6ODoiACoAdGFibGUiO3M6MTE6InJlc3RhdXJhbnRzIjtzOjEzOiIAKgBwcmltYXJ5S2V5IjtzOjI6ImlkIjtzOjEwOiIAKgBrZXlUeXBlIjtzOjM6ImludCI7czoxMjoiaW5jcmVtZW50aW5nIjtiOjE7czo3OiIAKgB3aXRoIjthOjA6e31zOjEyOiIAKgB3aXRoQ291bnQiO2E6MDp7fXM6MTk6InByZXZlbnRzTGF6eUxvYWRpbmciO2I6MDtzOjEwOiIAKgBwZXJQYWdlIjtpOjE1O3M6NjoiZXhpc3RzIjtiOjE7czoxODoid2FzUmVjZW50bHlDcmVhdGVkIjtiOjA7czoyODoiACoAZXNjYXBlV2hlbkNhc3RpbmdUb1N0cmluZyI7YjowO3M6MTM6IgAqAGF0dHJpYnV0ZXMiO2E6NjE6e3M6MjoiaWQiO2k6NjtzOjQ6Im5hbWUiO3M6MTQ6IlRoZSBaZXN0IC0gUFNLIjtzOjQ6Imhhc2giO3M6MTI6InRoZS16ZXN0LXBzayI7czo3OiJhZGRyZXNzIjtzOjcwOiIxNCwgRGlzdHJpY3QgQ2VudHJlLCBWaWthcyBNYXJnLCBMYXhtaSBOYWdhciwgTmV3IERlbGhpLCBEZWxoaSwgMTEwMDkyIjtzOjEyOiJwaG9uZV9udW1iZXIiO2k6ODEzMDY2MDA2MDtzOjU6ImVtYWlsIjtzOjE0OiJ6ZXN0QGdtYWlsLmNvbSI7czo4OiJ0aW1lem9uZSI7czoxMjoiQXNpYS9Lb2xrYXRhIjtzOjk6InRoZW1lX2hleCI7czo3OiIjN0MzQUVEIjtzOjk6InRoZW1lX3JnYiI7czoxMjoiMTI0LCA1OCwgMjM3IjtzOjQ6ImxvZ28iO047czoxMDoiY291bnRyeV9pZCI7aToxMDM7czoxNToiaGlkZV9uZXdfb3JkZXJzIjtpOjA7czoyMToiaGlkZV9uZXdfcmVzZXJ2YXRpb25zIjtpOjA7czoyMzoiaGlkZV9uZXdfd2FpdGVyX3JlcXVlc3QiO2k6MDtzOjExOiJjdXJyZW5jeV9pZCI7aToyMTtzOjEyOiJsaWNlbnNlX3R5cGUiO3M6NDoiZnJlZSI7czo5OiJpc19hY3RpdmUiO2k6MTtzOjEwOiJjcmVhdGVkX2F0IjtzOjE5OiIyMDI1LTAxLTE0IDE0OjEwOjU3IjtzOjEwOiJ1cGRhdGVkX2F0IjtzOjE5OiIyMDI1LTA2LTEyIDIyOjI5OjAzIjtzOjIzOiJjdXN0b21lcl9sb2dpbl9yZXF1aXJlZCI7aTowO3M6ODoiYWJvdXRfdXMiO047czozMDoiYWxsb3dfY3VzdG9tZXJfZGVsaXZlcnlfb3JkZXJzIjtpOjA7czoyODoiYWxsb3dfY3VzdG9tZXJfcGlja3VwX29yZGVycyI7aTowO3M6MjE6ImFsbG93X2N1c3RvbWVyX29yZGVycyI7aTowO3M6MjA6ImFsbG93X2RpbmVfaW5fb3JkZXJzIjtpOjE7czoxMDoicGFja2FnZV9pZCI7aTo3O3M6MTI6InBhY2thZ2VfdHlwZSI7czo3OiJtb250aGx5IjtzOjY6InN0YXR1cyI7czo2OiJhY3RpdmUiO3M6MTc6ImxpY2Vuc2VfZXhwaXJlX29uIjtzOjE5OiIyMDI2LTA3LTAxIDAwOjAwOjAwIjtzOjEzOiJ0cmlhbF9lbmRzX2F0IjtOO3M6MTg6ImxpY2Vuc2VfdXBkYXRlZF9hdCI7czoxOToiMjAyNS0wMS0yMSAwMDowMDowMCI7czoyMzoic3Vic2NyaXB0aW9uX3VwZGF0ZWRfYXQiO3M6MTk6IjIwMjUtMDEtMTQgMTQ6MTA6NTciO3M6OToic3RyaXBlX2lkIjtOO3M6NzoicG1fdHlwZSI7TjtzOjEyOiJwbV9sYXN0X2ZvdXIiO047czoyNToiaXNfd2FpdGVyX3JlcXVlc3RfZW5hYmxlZCI7aToxO3M6MzI6ImRlZmF1bHRfdGFibGVfcmVzZXJ2YXRpb25fc3RhdHVzIjtzOjk6IkNvbmZpcm1lZCI7czoxNToiYXBwcm92YWxfc3RhdHVzIjtzOjg6IkFwcHJvdmVkIjtzOjE2OiJyZWplY3Rpb25fcmVhc29uIjtOO3M6MTM6ImZhY2Vib29rX2xpbmsiO047czoxNDoiaW5zdGFncmFtX2xpbmsiO047czoxMjoidHdpdHRlcl9saW5rIjtOO3M6OToieWVscF9saW5rIjtOO3M6MTQ6InRhYmxlX3JlcXVpcmVkIjtpOjA7czoxNDoic2hvd19sb2dvX3RleHQiO2k6MTtzOjEyOiJtZXRhX2tleXdvcmQiO047czoxNjoibWV0YV9kZXNjcmlwdGlvbiI7TjtzOjM0OiJ1cGxvYWRfZmF2X2ljb25fYW5kcm9pZF9jaHJvbWVfMTkyIjtOO3M6MzQ6InVwbG9hZF9mYXZfaWNvbl9hbmRyb2lkX2Nocm9tZV81MTIiO047czozMjoidXBsb2FkX2Zhdl9pY29uX2FwcGxlX3RvdWNoX2ljb24iO047czoxNzoidXBsb2FkX2Zhdmljb25fMTYiO047czoxNzoidXBsb2FkX2Zhdmljb25fMzIiO047czo3OiJmYXZpY29uIjtOO3M6MzY6ImlzX3dhaXRlcl9yZXF1ZXN0X2VuYWJsZWRfb25fZGVza3RvcCI7aToxO3M6MzU6ImlzX3dhaXRlcl9yZXF1ZXN0X2VuYWJsZWRfb25fbW9iaWxlIjtpOjE7czozNjoiaXNfd2FpdGVyX3JlcXVlc3RfZW5hYmxlZF9vcGVuX2J5X3FyIjtpOjA7czoxMToid2VibWFuaWZlc3QiO047czoxNToiZW5hYmxlX3RpcF9zaG9wIjtpOjE7czoxNDoiZW5hYmxlX3RpcF9wb3MiO2k6MTtzOjI1OiJpc19wd2FfaW5zdGFsbF9hbGVydF9zaG93IjtpOjA7czoxOToiYXV0b19jb25maXJtX29yZGVycyI7aTowO31zOjExOiIAKgBvcmlnaW5hbCI7YTo2MTp7czoyOiJpZCI7aTo2O3M6NDoibmFtZSI7czoxNDoiVGhlIFplc3QgLSBQU0siO3M6NDoiaGFzaCI7czoxMjoidGhlLXplc3QtcHNrIjtzOjc6ImFkZHJlc3MiO3M6NzA6IjE0LCBEaXN0cmljdCBDZW50cmUsIFZpa2FzIE1hcmcsIExheG1pIE5hZ2FyLCBOZXcgRGVsaGksIERlbGhpLCAxMTAwOTIiO3M6MTI6InBob25lX251bWJlciI7czoxMDoiODEzMDY2MDA2MCI7czo1OiJlbWFpbCI7czoxNDoiemVzdEBnbWFpbC5jb20iO3M6ODoidGltZXpvbmUiO3M6MTI6IkFzaWEvS29sa2F0YSI7czo5OiJ0aGVtZV9oZXgiO3M6NzoiIzdDM0FFRCI7czo5OiJ0aGVtZV9yZ2IiO3M6MTI6IjEyNCwgNTgsIDIzNyI7czo0OiJsb2dvIjtOO3M6MTA6ImNvdW50cnlfaWQiO2k6MTAzO3M6MTU6ImhpZGVfbmV3X29yZGVycyI7aTowO3M6MjE6ImhpZGVfbmV3X3Jlc2VydmF0aW9ucyI7aTowO3M6MjM6ImhpZGVfbmV3X3dhaXRlcl9yZXF1ZXN0IjtpOjA7czoxMToiY3VycmVuY3lfaWQiO2k6MjE7czoxMjoibGljZW5zZV90eXBlIjtzOjQ6ImZyZWUiO3M6OToiaXNfYWN0aXZlIjtpOjE7czoxMDoiY3JlYXRlZF9hdCI7czoxOToiMjAyNS0wMS0xNCAxNDoxMDo1NyI7czoxMDoidXBkYXRlZF9hdCI7czoxOToiMjAyNS0wNi0xMiAyMjoyOTowMyI7czoyMzoiY3VzdG9tZXJfbG9naW5fcmVxdWlyZWQiO2k6MDtzOjg6ImFib3V0X3VzIjtOO3M6MzA6ImFsbG93X2N1c3RvbWVyX2RlbGl2ZXJ5X29yZGVycyI7aTowO3M6Mjg6ImFsbG93X2N1c3RvbWVyX3BpY2t1cF9vcmRlcnMiO2k6MDtzOjIxOiJhbGxvd19jdXN0b21lcl9vcmRlcnMiO2k6MDtzOjIwOiJhbGxvd19kaW5lX2luX29yZGVycyI7aToxO3M6MTA6InBhY2thZ2VfaWQiO2k6NztzOjEyOiJwYWNrYWdlX3R5cGUiO3M6NzoibW9udGhseSI7czo2OiJzdGF0dXMiO3M6NjoiYWN0aXZlIjtzOjE3OiJsaWNlbnNlX2V4cGlyZV9vbiI7czoxOToiMjAyNi0wNy0wMSAwMDowMDowMCI7czoxMzoidHJpYWxfZW5kc19hdCI7TjtzOjE4OiJsaWNlbnNlX3VwZGF0ZWRfYXQiO3M6MTk6IjIwMjUtMDEtMjEgMDA6MDA6MDAiO3M6MjM6InN1YnNjcmlwdGlvbl91cGRhdGVkX2F0IjtzOjE5OiIyMDI1LTAxLTE0IDE0OjEwOjU3IjtzOjk6InN0cmlwZV9pZCI7TjtzOjc6InBtX3R5cGUiO047czoxMjoicG1fbGFzdF9mb3VyIjtOO3M6MjU6ImlzX3dhaXRlcl9yZXF1ZXN0X2VuYWJsZWQiO2k6MTtzOjMyOiJkZWZhdWx0X3RhYmxlX3Jlc2VydmF0aW9uX3N0YXR1cyI7czo5OiJDb25maXJtZWQiO3M6MTU6ImFwcHJvdmFsX3N0YXR1cyI7czo4OiJBcHByb3ZlZCI7czoxNjoicmVqZWN0aW9uX3JlYXNvbiI7TjtzOjEzOiJmYWNlYm9va19saW5rIjtOO3M6MTQ6Imluc3RhZ3JhbV9saW5rIjtOO3M6MTI6InR3aXR0ZXJfbGluayI7TjtzOjk6InllbHBfbGluayI7TjtzOjE0OiJ0YWJsZV9yZXF1aXJlZCI7aTowO3M6MTQ6InNob3dfbG9nb190ZXh0IjtpOjE7czoxMjoibWV0YV9rZXl3b3JkIjtOO3M6MTY6Im1ldGFfZGVzY3JpcHRpb24iO047czozNDoidXBsb2FkX2Zhdl9pY29uX2FuZHJvaWRfY2hyb21lXzE5MiI7TjtzOjM0OiJ1cGxvYWRfZmF2X2ljb25fYW5kcm9pZF9jaHJvbWVfNTEyIjtOO3M6MzI6InVwbG9hZF9mYXZfaWNvbl9hcHBsZV90b3VjaF9pY29uIjtOO3M6MTc6InVwbG9hZF9mYXZpY29uXzE2IjtOO3M6MTc6InVwbG9hZF9mYXZpY29uXzMyIjtOO3M6NzoiZmF2aWNvbiI7TjtzOjM2OiJpc193YWl0ZXJfcmVxdWVzdF9lbmFibGVkX29uX2Rlc2t0b3AiO2k6MTtzOjM1OiJpc193YWl0ZXJfcmVxdWVzdF9lbmFibGVkX29uX21vYmlsZSI7aToxO3M6MzY6ImlzX3dhaXRlcl9yZXF1ZXN0X2VuYWJsZWRfb3Blbl9ieV9xciI7aTowO3M6MTE6IndlYm1hbmlmZXN0IjtOO3M6MTU6ImVuYWJsZV90aXBfc2hvcCI7aToxO3M6MTQ6ImVuYWJsZV90aXBfcG9zIjtpOjE7czoyNToiaXNfcHdhX2luc3RhbGxfYWxlcnRfc2hvdyI7aTowO3M6MTk6ImF1dG9fY29uZmlybV9vcmRlcnMiO2k6MDt9czoxMDoiACoAY2hhbmdlcyI7YTowOnt9czo4OiIAKgBjYXN0cyI7YTo2OntzOjE3OiJsaWNlbnNlX2V4cGlyZV9vbiI7czo4OiJkYXRldGltZSI7czoxNToidHJpYWxfZXhwaXJlX29uIjtzOjg6ImRhdGV0aW1lIjtzOjE4OiJsaWNlbnNlX3VwZGF0ZWRfYXQiO3M6ODoiZGF0ZXRpbWUiO3M6MjM6InN1YnNjcmlwdGlvbl91cGRhdGVkX2F0IjtzOjg6ImRhdGV0aW1lIjtzOjEwOiJjcmVhdGVkX2F0IjtzOjg6ImRhdGV0aW1lIjtzOjEwOiJ1cGRhdGVkX2F0IjtzOjg6ImRhdGV0aW1lIjt9czoxNzoiACoAY2xhc3NDYXN0Q2FjaGUiO2E6MDp7fXM6MjE6IgAqAGF0dHJpYnV0ZUNhc3RDYWNoZSI7YTowOnt9czoxMzoiACoAZGF0ZUZvcm1hdCI7TjtzOjEwOiIAKgBhcHBlbmRzIjthOjE6e2k6MDtzOjg6ImxvZ29fdXJsIjt9czoxOToiACoAZGlzcGF0Y2hlc0V2ZW50cyI7YTowOnt9czoxNDoiACoAb2JzZXJ2YWJsZXMiO2E6MDp7fXM6MTI6IgAqAHJlbGF0aW9ucyI7YTowOnt9czoxMDoiACoAdG91Y2hlcyI7YTowOnt9czoxMDoidGltZXN0YW1wcyI7YjoxO3M6MTM6InVzZXNVbmlxdWVJZHMiO2I6MDtzOjk6IgAqAGhpZGRlbiI7YTowOnt9czoxMDoiACoAdmlzaWJsZSI7YTowOnt9czoxMToiACoAZmlsbGFibGUiO2E6MDp7fXM6MTA6IgAqAGd1YXJkZWQiO2E6MTp7aTowO3M6MjoiaWQiO31zOjE3OiJjdXN0b21lcklwQWRkcmVzcyI7TjtzOjI0OiJlc3RpbWF0aW9uQmlsbGluZ0FkZHJlc3MiO2E6MDp7fXM6MTM6ImNvbGxlY3RUYXhJZHMiO2I6MDtzOjg6ImNvdXBvbklkIjtOO3M6MTU6InByb21vdGlvbkNvZGVJZCI7TjtzOjE5OiJhbGxvd1Byb21vdGlvbkNvZGVzIjtiOjA7fX1zOjEwOiIAKgB0b3VjaGVzIjthOjA6e31zOjEwOiJ0aW1lc3RhbXBzIjtiOjE7czoxMzoidXNlc1VuaXF1ZUlkcyI7YjowO3M6OToiACoAaGlkZGVuIjthOjQ6e2k6MDtzOjg6InBhc3N3b3JkIjtpOjE7czoxNDoicmVtZW1iZXJfdG9rZW4iO2k6MjtzOjI1OiJ0d29fZmFjdG9yX3JlY292ZXJ5X2NvZGVzIjtpOjM7czoxNzoidHdvX2ZhY3Rvcl9zZWNyZXQiO31zOjEwOiIAKgB2aXNpYmxlIjthOjA6e31zOjExOiIAKgBmaWxsYWJsZSI7YTo2OntpOjA7czo0OiJuYW1lIjtpOjE7czo1OiJlbWFpbCI7aToyO3M6ODoicGFzc3dvcmQiO2k6MztzOjk6ImJyYW5jaF9pZCI7aTo0O3M6MTM6InJlc3RhdXJhbnRfaWQiO2k6NTtzOjY6ImxvY2FsZSI7fXM6MTA6IgAqAGd1YXJkZWQiO2E6MTp7aTowO3M6MToiKiI7fXM6MTk6IgAqAGF1dGhQYXNzd29yZE5hbWUiO3M6ODoicGFzc3dvcmQiO3M6MjA6IgAqAHJlbWVtYmVyVG9rZW5OYW1lIjtzOjE0OiJyZW1lbWJlcl90b2tlbiI7czoxNDoiACoAYWNjZXNzVG9rZW4iO047fXM6OToiX3ByZXZpb3VzIjthOjE6e3M6MzoidXJsIjtzOjMyOiJodHRwczovL3Jlc3Ryby5zaXN0ZW0uYXBwL29yZGVycyI7fXM6NTA6ImxvZ2luX3dlYl81OWJhMzZhZGRjMmIyZjk0MDE1ODBmMDE0YzdmNThlYTRlMzA5ODlkIjtpOjI2O3M6MTA6InJlc3RhdXJhbnQiO086MjE6IkFwcFxNb2RlbHNcUmVzdGF1cmFudCI6MzY6e3M6MTM6IgAqAGNvbm5lY3Rpb24iO3M6NToibXlzcWwiO3M6ODoiACoAdGFibGUiO3M6MTE6InJlc3RhdXJhbnRzIjtzOjEzOiIAKgBwcmltYXJ5S2V5IjtzOjI6ImlkIjtzOjEwOiIAKgBrZXlUeXBlIjtzOjM6ImludCI7czoxMjoiaW5jcmVtZW50aW5nIjtiOjE7czo3OiIAKgB3aXRoIjthOjA6e31zOjEyOiIAKgB3aXRoQ291bnQiO2E6MDp7fXM6MTk6InByZXZlbnRzTGF6eUxvYWRpbmciO2I6MDtzOjEwOiIAKgBwZXJQYWdlIjtpOjE1O3M6NjoiZXhpc3RzIjtiOjE7czoxODoid2FzUmVjZW50bHlDcmVhdGVkIjtiOjA7czoyODoiACoAZXNjYXBlV2hlbkNhc3RpbmdUb1N0cmluZyI7YjowO3M6MTM6IgAqAGF0dHJpYnV0ZXMiO2E6NjE6e3M6MjoiaWQiO2k6NjtzOjQ6Im5hbWUiO3M6MTQ6IlRoZSBaZXN0IC0gUFNLIjtzOjQ6Imhhc2giO3M6MTI6InRoZS16ZXN0LXBzayI7czo3OiJhZGRyZXNzIjtzOjcwOiIxNCwgRGlzdHJpY3QgQ2VudHJlLCBWaWthcyBNYXJnLCBMYXhtaSBOYWdhciwgTmV3IERlbGhpLCBEZWxoaSwgMTEwMDkyIjtzOjEyOiJwaG9uZV9udW1iZXIiO2k6ODEzMDY2MDA2MDtzOjU6ImVtYWlsIjtzOjE0OiJ6ZXN0QGdtYWlsLmNvbSI7czo4OiJ0aW1lem9uZSI7czoxMjoiQXNpYS9Lb2xrYXRhIjtzOjk6InRoZW1lX2hleCI7czo3OiIjN0MzQUVEIjtzOjk6InRoZW1lX3JnYiI7czoxMjoiMTI0LCA1OCwgMjM3IjtzOjQ6ImxvZ28iO047czoxMDoiY291bnRyeV9pZCI7aToxMDM7czoxNToiaGlkZV9uZXdfb3JkZXJzIjtpOjA7czoyMToiaGlkZV9uZXdfcmVzZXJ2YXRpb25zIjtpOjA7czoyMzoiaGlkZV9uZXdfd2FpdGVyX3JlcXVlc3QiO2k6MDtzOjExOiJjdXJyZW5jeV9pZCI7aToyMTtzOjEyOiJsaWNlbnNlX3R5cGUiO3M6NDoiZnJlZSI7czo5OiJpc19hY3RpdmUiO2k6MTtzOjEwOiJjcmVhdGVkX2F0IjtzOjE5OiIyMDI1LTAxLTE0IDE0OjEwOjU3IjtzOjEwOiJ1cGRhdGVkX2F0IjtzOjE5OiIyMDI1LTA2LTEyIDIyOjI5OjAzIjtzOjIzOiJjdXN0b21lcl9sb2dpbl9yZXF1aXJlZCI7aTowO3M6ODoiYWJvdXRfdXMiO047czozMDoiYWxsb3dfY3VzdG9tZXJfZGVsaXZlcnlfb3JkZXJzIjtpOjA7czoyODoiYWxsb3dfY3VzdG9tZXJfcGlja3VwX29yZGVycyI7aTowO3M6MjE6ImFsbG93X2N1c3RvbWVyX29yZGVycyI7aTowO3M6MjA6ImFsbG93X2RpbmVfaW5fb3JkZXJzIjtpOjE7czoxMDoicGFja2FnZV9pZCI7aTo3O3M6MTI6InBhY2thZ2VfdHlwZSI7czo3OiJtb250aGx5IjtzOjY6InN0YXR1cyI7czo2OiJhY3RpdmUiO3M6MTc6ImxpY2Vuc2VfZXhwaXJlX29uIjtzOjE5OiIyMDI2LTA3LTAxIDAwOjAwOjAwIjtzOjEzOiJ0cmlhbF9lbmRzX2F0IjtOO3M6MTg6ImxpY2Vuc2VfdXBkYXRlZF9hdCI7czoxOToiMjAyNS0wMS0yMSAwMDowMDowMCI7czoyMzoic3Vic2NyaXB0aW9uX3VwZGF0ZWRfYXQiO3M6MTk6IjIwMjUtMDEtMTQgMTQ6MTA6NTciO3M6OToic3RyaXBlX2lkIjtOO3M6NzoicG1fdHlwZSI7TjtzOjEyOiJwbV9sYXN0X2ZvdXIiO047czoyNToiaXNfd2FpdGVyX3JlcXVlc3RfZW5hYmxlZCI7aToxO3M6MzI6ImRlZmF1bHRfdGFibGVfcmVzZXJ2YXRpb25fc3RhdHVzIjtzOjk6IkNvbmZpcm1lZCI7czoxNToiYXBwcm92YWxfc3RhdHVzIjtzOjg6IkFwcHJvdmVkIjtzOjE2OiJyZWplY3Rpb25fcmVhc29uIjtOO3M6MTM6ImZhY2Vib29rX2xpbmsiO047czoxNDoiaW5zdGFncmFtX2xpbmsiO047czoxMjoidHdpdHRlcl9saW5rIjtOO3M6OToieWVscF9saW5rIjtOO3M6MTQ6InRhYmxlX3JlcXVpcmVkIjtpOjA7czoxNDoic2hvd19sb2dvX3RleHQiO2k6MTtzOjEyOiJtZXRhX2tleXdvcmQiO047czoxNjoibWV0YV9kZXNjcmlwdGlvbiI7TjtzOjM0OiJ1cGxvYWRfZmF2X2ljb25fYW5kcm9pZF9jaHJvbWVfMTkyIjtOO3M6MzQ6InVwbG9hZF9mYXZfaWNvbl9hbmRyb2lkX2Nocm9tZV81MTIiO047czozMjoidXBsb2FkX2Zhdl9pY29uX2FwcGxlX3RvdWNoX2ljb24iO047czoxNzoidXBsb2FkX2Zhdmljb25fMTYiO047czoxNzoidXBsb2FkX2Zhdmljb25fMzIiO047czo3OiJmYXZpY29uIjtOO3M6MzY6ImlzX3dhaXRlcl9yZXF1ZXN0X2VuYWJsZWRfb25fZGVza3RvcCI7aToxO3M6MzU6ImlzX3dhaXRlcl9yZXF1ZXN0X2VuYWJsZWRfb25fbW9iaWxlIjtpOjE7czozNjoiaXNfd2FpdGVyX3JlcXVlc3RfZW5hYmxlZF9vcGVuX2J5X3FyIjtpOjA7czoxMToid2VibWFuaWZlc3QiO047czoxNToiZW5hYmxlX3RpcF9zaG9wIjtpOjE7czoxNDoiZW5hYmxlX3RpcF9wb3MiO2k6MTtzOjI1OiJpc19wd2FfaW5zdGFsbF9hbGVydF9zaG93IjtpOjA7czoxOToiYXV0b19jb25maXJtX29yZGVycyI7aTowO31zOjExOiIAKgBvcmlnaW5hbCI7YTo2MTp7czoyOiJpZCI7aTo2O3M6NDoibmFtZSI7czoxNDoiVGhlIFplc3QgLSBQU0siO3M6NDoiaGFzaCI7czoxMjoidGhlLXplc3QtcHNrIjtzOjc6ImFkZHJlc3MiO3M6NzA6IjE0LCBEaXN0cmljdCBDZW50cmUsIFZpa2FzIE1hcmcsIExheG1pIE5hZ2FyLCBOZXcgRGVsaGksIERlbGhpLCAxMTAwOTIiO3M6MTI6InBob25lX251bWJlciI7czoxMDoiODEzMDY2MDA2MCI7czo1OiJlbWFpbCI7czoxNDoiemVzdEBnbWFpbC5jb20iO3M6ODoidGltZXpvbmUiO3M6MTI6IkFzaWEvS29sa2F0YSI7czo5OiJ0aGVtZV9oZXgiO3M6NzoiIzdDM0FFRCI7czo5OiJ0aGVtZV9yZ2IiO3M6MTI6IjEyNCwgNTgsIDIzNyI7czo0OiJsb2dvIjtOO3M6MTA6ImNvdW50cnlfaWQiO2k6MTAzO3M6MTU6ImhpZGVfbmV3X29yZGVycyI7aTowO3M6MjE6ImhpZGVfbmV3X3Jlc2VydmF0aW9ucyI7aTowO3M6MjM6ImhpZGVfbmV3X3dhaXRlcl9yZXF1ZXN0IjtpOjA7czoxMToiY3VycmVuY3lfaWQiO2k6MjE7czoxMjoibGljZW5zZV90eXBlIjtzOjQ6ImZyZWUiO3M6OToiaXNfYWN0aXZlIjtpOjE7czoxMDoiY3JlYXRlZF9hdCI7czoxOToiMjAyNS0wMS0xNCAxNDoxMDo1NyI7czoxMDoidXBkYXRlZF9hdCI7czoxOToiMjAyNS0wNi0xMiAyMjoyOTowMyI7czoyMzoiY3VzdG9tZXJfbG9naW5fcmVxdWlyZWQiO2k6MDtzOjg6ImFib3V0X3VzIjtOO3M6MzA6ImFsbG93X2N1c3RvbWVyX2RlbGl2ZXJ5X29yZGVycyI7aTowO3M6Mjg6ImFsbG93X2N1c3RvbWVyX3BpY2t1cF9vcmRlcnMiO2k6MDtzOjIxOiJhbGxvd19jdXN0b21lcl9vcmRlcnMiO2k6MDtzOjIwOiJhbGxvd19kaW5lX2luX29yZGVycyI7aToxO3M6MTA6InBhY2thZ2VfaWQiO2k6NztzOjEyOiJwYWNrYWdlX3R5cGUiO3M6NzoibW9udGhseSI7czo2OiJzdGF0dXMiO3M6NjoiYWN0aXZlIjtzOjE3OiJsaWNlbnNlX2V4cGlyZV9vbiI7czoxOToiMjAyNi0wNy0wMSAwMDowMDowMCI7czoxMzoidHJpYWxfZW5kc19hdCI7TjtzOjE4OiJsaWNlbnNlX3VwZGF0ZWRfYXQiO3M6MTk6IjIwMjUtMDEtMjEgMDA6MDA6MDAiO3M6MjM6InN1YnNjcmlwdGlvbl91cGRhdGVkX2F0IjtzOjE5OiIyMDI1LTAxLTE0IDE0OjEwOjU3IjtzOjk6InN0cmlwZV9pZCI7TjtzOjc6InBtX3R5cGUiO047czoxMjoicG1fbGFzdF9mb3VyIjtOO3M6MjU6ImlzX3dhaXRlcl9yZXF1ZXN0X2VuYWJsZWQiO2k6MTtzOjMyOiJkZWZhdWx0X3RhYmxlX3Jlc2VydmF0aW9uX3N0YXR1cyI7czo5OiJDb25maXJtZWQiO3M6MTU6ImFwcHJvdmFsX3N0YXR1cyI7czo4OiJBcHByb3ZlZCI7czoxNjoicmVqZWN0aW9uX3JlYXNvbiI7TjtzOjEzOiJmYWNlYm9va19saW5rIjtOO3M6MTQ6Imluc3RhZ3JhbV9saW5rIjtOO3M6MTI6InR3aXR0ZXJfbGluayI7TjtzOjk6InllbHBfbGluayI7TjtzOjE0OiJ0YWJsZV9yZXF1aXJlZCI7aTowO3M6MTQ6InNob3dfbG9nb190ZXh0IjtpOjE7czoxMjoibWV0YV9rZXl3b3JkIjtOO3M6MTY6Im1ldGFfZGVzY3JpcHRpb24iO047czozNDoidXBsb2FkX2Zhdl9pY29uX2FuZHJvaWRfY2hyb21lXzE5MiI7TjtzOjM0OiJ1cGxvYWRfZmF2X2ljb25fYW5kcm9pZF9jaHJvbWVfNTEyIjtOO3M6MzI6InVwbG9hZF9mYXZfaWNvbl9hcHBsZV90b3VjaF9pY29uIjtOO3M6MTc6InVwbG9hZF9mYXZpY29uXzE2IjtOO3M6MTc6InVwbG9hZF9mYXZpY29uXzMyIjtOO3M6NzoiZmF2aWNvbiI7TjtzOjM2OiJpc193YWl0ZXJfcmVxdWVzdF9lbmFibGVkX29uX2Rlc2t0b3AiO2k6MTtzOjM1OiJpc193YWl0ZXJfcmVxdWVzdF9lbmFibGVkX29uX21vYmlsZSI7aToxO3M6MzY6ImlzX3dhaXRlcl9yZXF1ZXN0X2VuYWJsZWRfb3Blbl9ieV9xciI7aTowO3M6MTE6IndlYm1hbmlmZXN0IjtOO3M6MTU6ImVuYWJsZV90aXBfc2hvcCI7aToxO3M6MTQ6ImVuYWJsZV90aXBfcG9zIjtpOjE7czoyNToiaXNfcHdhX2luc3RhbGxfYWxlcnRfc2hvdyI7aTowO3M6MTk6ImF1dG9fY29uZmlybV9vcmRlcnMiO2k6MDt9czoxMDoiACoAY2hhbmdlcyI7YTowOnt9czo4OiIAKgBjYXN0cyI7YTo2OntzOjE3OiJsaWNlbnNlX2V4cGlyZV9vbiI7czo4OiJkYXRldGltZSI7czoxNToidHJpYWxfZXhwaXJlX29uIjtzOjg6ImRhdGV0aW1lIjtzOjE4OiJsaWNlbnNlX3VwZGF0ZWRfYXQiO3M6ODoiZGF0ZXRpbWUiO3M6MjM6InN1YnNjcmlwdGlvbl91cGRhdGVkX2F0IjtzOjg6ImRhdGV0aW1lIjtzOjEwOiJjcmVhdGVkX2F0IjtzOjg6ImRhdGV0aW1lIjtzOjEwOiJ1cGRhdGVkX2F0IjtzOjg6ImRhdGV0aW1lIjt9czoxNzoiACoAY2xhc3NDYXN0Q2FjaGUiO2E6MDp7fXM6MjE6IgAqAGF0dHJpYnV0ZUNhc3RDYWNoZSI7YTowOnt9czoxMzoiACoAZGF0ZUZvcm1hdCI7TjtzOjEwOiIAKgBhcHBlbmRzIjthOjE6e2k6MDtzOjg6ImxvZ29fdXJsIjt9czoxOToiACoAZGlzcGF0Y2hlc0V2ZW50cyI7YTowOnt9czoxNDoiACoAb2JzZXJ2YWJsZXMiO2E6MDp7fXM6MTI6IgAqAHJlbGF0aW9ucyI7YTozOntzOjg6ImN1cnJlbmN5IjtPOjE5OiJBcHBcTW9kZWxzXEN1cnJlbmN5IjozMDp7czoxMzoiACoAY29ubmVjdGlvbiI7czo1OiJteXNxbCI7czo4OiIAKgB0YWJsZSI7czoxMDoiY3VycmVuY2llcyI7czoxMzoiACoAcHJpbWFyeUtleSI7czoyOiJpZCI7czoxMDoiACoAa2V5VHlwZSI7czozOiJpbnQiO3M6MTI6ImluY3JlbWVudGluZyI7YjoxO3M6NzoiACoAd2l0aCI7YTowOnt9czoxMjoiACoAd2l0aENvdW50IjthOjA6e31zOjE5OiJwcmV2ZW50c0xhenlMb2FkaW5nIjtiOjA7czoxMDoiACoAcGVyUGFnZSI7aToxNTtzOjY6ImV4aXN0cyI7YjoxO3M6MTg6Indhc1JlY2VudGx5Q3JlYXRlZCI7YjowO3M6Mjg6IgAqAGVzY2FwZVdoZW5DYXN0aW5nVG9TdHJpbmciO2I6MDtzOjEzOiIAKgBhdHRyaWJ1dGVzIjthOjEyOntzOjI6ImlkIjtpOjIxO3M6MTM6InJlc3RhdXJhbnRfaWQiO2k6NjtzOjEzOiJjdXJyZW5jeV9uYW1lIjtzOjU6IlJ1cGVlIjtzOjEzOiJjdXJyZW5jeV9jb2RlIjtzOjM6IklOUiI7czoxNToiY3VycmVuY3lfc3ltYm9sIjtzOjM6IuKCuSI7czoxNzoiY3VycmVuY3lfcG9zaXRpb24iO3M6NDoibGVmdCI7czoxMzoibm9fb2ZfZGVjaW1hbCI7aToyO3M6MTg6InRob3VzYW5kX3NlcGFyYXRvciI7czoxOiIsIjtzOjE3OiJkZWNpbWFsX3NlcGFyYXRvciI7czoxOiIuIjtzOjEzOiJleGNoYW5nZV9yYXRlIjtOO3M6OToidXNkX3ByaWNlIjtOO3M6MTc6ImlzX2NyeXB0b2N1cnJlbmN5IjtzOjI6Im5vIjt9czoxMToiACoAb3JpZ2luYWwiO2E6MTI6e3M6MjoiaWQiO2k6MjE7czoxMzoicmVzdGF1cmFudF9pZCI7aTo2O3M6MTM6ImN1cnJlbmN5X25hbWUiO3M6NToiUnVwZWUiO3M6MTM6ImN1cnJlbmN5X2NvZGUiO3M6MzoiSU5SIjtzOjE1OiJjdXJyZW5jeV9zeW1ib2wiO3M6Mzoi4oK5IjtzOjE3OiJjdXJyZW5jeV9wb3NpdGlvbiI7czo0OiJsZWZ0IjtzOjEzOiJub19vZl9kZWNpbWFsIjtpOjI7czoxODoidGhvdXNhbmRfc2VwYXJhdG9yIjtzOjE6IiwiO3M6MTc6ImRlY2ltYWxfc2VwYXJhdG9yIjtzOjE6Ii4iO3M6MTM6ImV4Y2hhbmdlX3JhdGUiO047czo5OiJ1c2RfcHJpY2UiO047czoxNzoiaXNfY3J5cHRvY3VycmVuY3kiO3M6Mjoibm8iO31zOjEwOiIAKgBjaGFuZ2VzIjthOjA6e31zOjg6IgAqAGNhc3RzIjthOjA6e31zOjE3OiIAKgBjbGFzc0Nhc3RDYWNoZSI7YTowOnt9czoyMToiACoAYXR0cmlidXRlQ2FzdENhY2hlIjthOjA6e31zOjEzOiIAKgBkYXRlRm9ybWF0IjtOO3M6MTA6IgAqAGFwcGVuZHMiO2E6MDp7fXM6MTk6IgAqAGRpc3BhdGNoZXNFdmVudHMiO2E6MDp7fXM6MTQ6IgAqAG9ic2VydmFibGVzIjthOjA6e31zOjEyOiIAKgByZWxhdGlvbnMiO2E6MTp7czoxMDoicmVzdGF1cmFudCI7TzoyMToiQXBwXE1vZGVsc1xSZXN0YXVyYW50IjozNjp7czoxMzoiACoAY29ubmVjdGlvbiI7czo1OiJteXNxbCI7czo4OiIAKgB0YWJsZSI7czoxMToicmVzdGF1cmFudHMiO3M6MTM6IgAqAHByaW1hcnlLZXkiO3M6MjoiaWQiO3M6MTA6IgAqAGtleVR5cGUiO3M6MzoiaW50IjtzOjEyOiJpbmNyZW1lbnRpbmciO2I6MTtzOjc6IgAqAHdpdGgiO2E6MDp7fXM6MTI6IgAqAHdpdGhDb3VudCI7YTowOnt9czoxOToicHJldmVudHNMYXp5TG9hZGluZyI7YjowO3M6MTA6IgAqAHBlclBhZ2UiO2k6MTU7czo2OiJleGlzdHMiO2I6MTtzOjE4OiJ3YXNSZWNlbnRseUNyZWF0ZWQiO2I6MDtzOjI4OiIAKgBlc2NhcGVXaGVuQ2FzdGluZ1RvU3RyaW5nIjtiOjA7czoxMzoiACoAYXR0cmlidXRlcyI7YTo2MTp7czoyOiJpZCI7aTo2O3M6NDoibmFtZSI7czoxNDoiVGhlIFplc3QgLSBQU0siO3M6NDoiaGFzaCI7czoxMjoidGhlLXplc3QtcHNrIjtzOjc6ImFkZHJlc3MiO3M6NzA6IjE0LCBEaXN0cmljdCBDZW50cmUsIFZpa2FzIE1hcmcsIExheG1pIE5hZ2FyLCBOZXcgRGVsaGksIERlbGhpLCAxMTAwOTIiO3M6MTI6InBob25lX251bWJlciI7aTo4MTMwNjYwMDYwO3M6NToiZW1haWwiO3M6MTQ6Inplc3RAZ21haWwuY29tIjtzOjg6InRpbWV6b25lIjtzOjEyOiJBc2lhL0tvbGthdGEiO3M6OToidGhlbWVfaGV4IjtzOjc6IiM3QzNBRUQiO3M6OToidGhlbWVfcmdiIjtzOjEyOiIxMjQsIDU4LCAyMzciO3M6NDoibG9nbyI7TjtzOjEwOiJjb3VudHJ5X2lkIjtpOjEwMztzOjE1OiJoaWRlX25ld19vcmRlcnMiO2k6MDtzOjIxOiJoaWRlX25ld19yZXNlcnZhdGlvbnMiO2k6MDtzOjIzOiJoaWRlX25ld193YWl0ZXJfcmVxdWVzdCI7aTowO3M6MTE6ImN1cnJlbmN5X2lkIjtpOjIxO3M6MTI6ImxpY2Vuc2VfdHlwZSI7czo0OiJmcmVlIjtzOjk6ImlzX2FjdGl2ZSI7aToxO3M6MTA6ImNyZWF0ZWRfYXQiO3M6MTk6IjIwMjUtMDEtMTQgMTQ6MTA6NTciO3M6MTA6InVwZGF0ZWRfYXQiO3M6MTk6IjIwMjUtMDYtMTIgMjI6Mjk6MDMiO3M6MjM6ImN1c3RvbWVyX2xvZ2luX3JlcXVpcmVkIjtpOjA7czo4OiJhYm91dF91cyI7TjtzOjMwOiJhbGxvd19jdXN0b21lcl9kZWxpdmVyeV9vcmRlcnMiO2k6MDtzOjI4OiJhbGxvd19jdXN0b21lcl9waWNrdXBfb3JkZXJzIjtpOjA7czoyMToiYWxsb3dfY3VzdG9tZXJfb3JkZXJzIjtpOjA7czoyMDoiYWxsb3dfZGluZV9pbl9vcmRlcnMiO2k6MTtzOjEwOiJwYWNrYWdlX2lkIjtpOjc7czoxMjoicGFja2FnZV90eXBlIjtzOjc6Im1vbnRobHkiO3M6Njoic3RhdHVzIjtzOjY6ImFjdGl2ZSI7czoxNzoibGljZW5zZV9leHBpcmVfb24iO3M6MTk6IjIwMjYtMDctMDEgMDA6MDA6MDAiO3M6MTM6InRyaWFsX2VuZHNfYXQiO047czoxODoibGljZW5zZV91cGRhdGVkX2F0IjtzOjE5OiIyMDI1LTAxLTIxIDAwOjAwOjAwIjtzOjIzOiJzdWJzY3JpcHRpb25fdXBkYXRlZF9hdCI7czoxOToiMjAyNS0wMS0xNCAxNDoxMDo1NyI7czo5OiJzdHJpcGVfaWQiO047czo3OiJwbV90eXBlIjtOO3M6MTI6InBtX2xhc3RfZm91ciI7TjtzOjI1OiJpc193YWl0ZXJfcmVxdWVzdF9lbmFibGVkIjtpOjE7czozMjoiZGVmYXVsdF90YWJsZV9yZXNlcnZhdGlvbl9zdGF0dXMiO3M6OToiQ29uZmlybWVkIjtzOjE1OiJhcHByb3ZhbF9zdGF0dXMiO3M6ODoiQXBwcm92ZWQiO3M6MTY6InJlamVjdGlvbl9yZWFzb24iO047czoxMzoiZmFjZWJvb2tfbGluayI7TjtzOjE0OiJpbnN0YWdyYW1fbGluayI7TjtzOjEyOiJ0d2l0dGVyX2xpbmsiO047czo5OiJ5ZWxwX2xpbmsiO047czoxNDoidGFibGVfcmVxdWlyZWQiO2k6MDtzOjE0OiJzaG93X2xvZ29fdGV4dCI7aToxO3M6MTI6Im1ldGFfa2V5d29yZCI7TjtzOjE2OiJtZXRhX2Rlc2NyaXB0aW9uIjtOO3M6MzQ6InVwbG9hZF9mYXZfaWNvbl9hbmRyb2lkX2Nocm9tZV8xOTIiO047czozNDoidXBsb2FkX2Zhdl9pY29uX2FuZHJvaWRfY2hyb21lXzUxMiI7TjtzOjMyOiJ1cGxvYWRfZmF2X2ljb25fYXBwbGVfdG91Y2hfaWNvbiI7TjtzOjE3OiJ1cGxvYWRfZmF2aWNvbl8xNiI7TjtzOjE3OiJ1cGxvYWRfZmF2aWNvbl8zMiI7TjtzOjc6ImZhdmljb24iO047czozNjoiaXNfd2FpdGVyX3JlcXVlc3RfZW5hYmxlZF9vbl9kZXNrdG9wIjtpOjE7czozNToiaXNfd2FpdGVyX3JlcXVlc3RfZW5hYmxlZF9vbl9tb2JpbGUiO2k6MTtzOjM2OiJpc193YWl0ZXJfcmVxdWVzdF9lbmFibGVkX29wZW5fYnlfcXIiO2k6MDtzOjExOiJ3ZWJtYW5pZmVzdCI7TjtzOjE1OiJlbmFibGVfdGlwX3Nob3AiO2k6MTtzOjE0OiJlbmFibGVfdGlwX3BvcyI7aToxO3M6MjU6ImlzX3B3YV9pbnN0YWxsX2FsZXJ0X3Nob3ciO2k6MDtzOjE5OiJhdXRvX2NvbmZpcm1fb3JkZXJzIjtpOjA7fXM6MTE6IgAqAG9yaWdpbmFsIjthOjYxOntzOjI6ImlkIjtpOjY7czo0OiJuYW1lIjtzOjE0OiJUaGUgWmVzdCAtIFBTSyI7czo0OiJoYXNoIjtzOjEyOiJ0aGUtemVzdC1wc2siO3M6NzoiYWRkcmVzcyI7czo3MDoiMTQsIERpc3RyaWN0IENlbnRyZSwgVmlrYXMgTWFyZywgTGF4bWkgTmFnYXIsIE5ldyBEZWxoaSwgRGVsaGksIDExMDA5MiI7czoxMjoicGhvbmVfbnVtYmVyIjtzOjEwOiI4MTMwNjYwMDYwIjtzOjU6ImVtYWlsIjtzOjE0OiJ6ZXN0QGdtYWlsLmNvbSI7czo4OiJ0aW1lem9uZSI7czoxMjoiQXNpYS9Lb2xrYXRhIjtzOjk6InRoZW1lX2hleCI7czo3OiIjN0MzQUVEIjtzOjk6InRoZW1lX3JnYiI7czoxMjoiMTI0LCA1OCwgMjM3IjtzOjQ6ImxvZ28iO047czoxMDoiY291bnRyeV9pZCI7aToxMDM7czoxNToiaGlkZV9uZXdfb3JkZXJzIjtpOjA7czoyMToiaGlkZV9uZXdfcmVzZXJ2YXRpb25zIjtpOjA7czoyMzoiaGlkZV9uZXdfd2FpdGVyX3JlcXVlc3QiO2k6MDtzOjExOiJjdXJyZW5jeV9pZCI7aToyMTtzOjEyOiJsaWNlbnNlX3R5cGUiO3M6NDoiZnJlZSI7czo5OiJpc19hY3RpdmUiO2k6MTtzOjEwOiJjcmVhdGVkX2F0IjtzOjE5OiIyMDI1LTAxLTE0IDE0OjEwOjU3IjtzOjEwOiJ1cGRhdGVkX2F0IjtzOjE5OiIyMDI1LTA2LTEyIDIyOjI5OjAzIjtzOjIzOiJjdXN0b21lcl9sb2dpbl9yZXF1aXJlZCI7aTowO3M6ODoiYWJvdXRfdXMiO047czozMDoiYWxsb3dfY3VzdG9tZXJfZGVsaXZlcnlfb3JkZXJzIjtpOjA7czoyODoiYWxsb3dfY3VzdG9tZXJfcGlja3VwX29yZGVycyI7aTowO3M6MjE6ImFsbG93X2N1c3RvbWVyX29yZGVycyI7aTowO3M6MjA6ImFsbG93X2RpbmVfaW5fb3JkZXJzIjtpOjE7czoxMDoicGFja2FnZV9pZCI7aTo3O3M6MTI6InBhY2thZ2VfdHlwZSI7czo3OiJtb250aGx5IjtzOjY6InN0YXR1cyI7czo2OiJhY3RpdmUiO3M6MTc6ImxpY2Vuc2VfZXhwaXJlX29uIjtzOjE5OiIyMDI2LTA3LTAxIDAwOjAwOjAwIjtzOjEzOiJ0cmlhbF9lbmRzX2F0IjtOO3M6MTg6ImxpY2Vuc2VfdXBkYXRlZF9hdCI7czoxOToiMjAyNS0wMS0yMSAwMDowMDowMCI7czoyMzoic3Vic2NyaXB0aW9uX3VwZGF0ZWRfYXQiO3M6MTk6IjIwMjUtMDEtMTQgMTQ6MTA6NTciO3M6OToic3RyaXBlX2lkIjtOO3M6NzoicG1fdHlwZSI7TjtzOjEyOiJwbV9sYXN0X2ZvdXIiO047czoyNToiaXNfd2FpdGVyX3JlcXVlc3RfZW5hYmxlZCI7aToxO3M6MzI6ImRlZmF1bHRfdGFibGVfcmVzZXJ2YXRpb25fc3RhdHVzIjtzOjk6IkNvbmZpcm1lZCI7czoxNToiYXBwcm92YWxfc3RhdHVzIjtzOjg6IkFwcHJvdmVkIjtzOjE2OiJyZWplY3Rpb25fcmVhc29uIjtOO3M6MTM6ImZhY2Vib29rX2xpbmsiO047czoxNDoiaW5zdGFncmFtX2xpbmsiO047czoxMjoidHdpdHRlcl9saW5rIjtOO3M6OToieWVscF9saW5rIjtOO3M6MTQ6InRhYmxlX3JlcXVpcmVkIjtpOjA7czoxNDoic2hvd19sb2dvX3RleHQiO2k6MTtzOjEyOiJtZXRhX2tleXdvcmQiO047czoxNjoibWV0YV9kZXNjcmlwdGlvbiI7TjtzOjM0OiJ1cGxvYWRfZmF2X2ljb25fYW5kcm9pZF9jaHJvbWVfMTkyIjtOO3M6MzQ6InVwbG9hZF9mYXZfaWNvbl9hbmRyb2lkX2Nocm9tZV81MTIiO047czozMjoidXBsb2FkX2Zhdl9pY29uX2FwcGxlX3RvdWNoX2ljb24iO047czoxNzoidXBsb2FkX2Zhdmljb25fMTYiO047czoxNzoidXBsb2FkX2Zhdmljb25fMzIiO047czo3OiJmYXZpY29uIjtOO3M6MzY6ImlzX3dhaXRlcl9yZXF1ZXN0X2VuYWJsZWRfb25fZGVza3RvcCI7aToxO3M6MzU6ImlzX3dhaXRlcl9yZXF1ZXN0X2VuYWJsZWRfb25fbW9iaWxlIjtpOjE7czozNjoiaXNfd2FpdGVyX3JlcXVlc3RfZW5hYmxlZF9vcGVuX2J5X3FyIjtpOjA7czoxMToid2VibWFuaWZlc3QiO047czoxNToiZW5hYmxlX3RpcF9zaG9wIjtpOjE7czoxNDoiZW5hYmxlX3RpcF9wb3MiO2k6MTtzOjI1OiJpc19wd2FfaW5zdGFsbF9hbGVydF9zaG93IjtpOjA7czoxOToiYXV0b19jb25maXJtX29yZGVycyI7aTowO31zOjEwOiIAKgBjaGFuZ2VzIjthOjA6e31zOjg6IgAqAGNhc3RzIjthOjY6e3M6MTc6ImxpY2Vuc2VfZXhwaXJlX29uIjtzOjg6ImRhdGV0aW1lIjtzOjE1OiJ0cmlhbF9leHBpcmVfb24iO3M6ODoiZGF0ZXRpbWUiO3M6MTg6ImxpY2Vuc2VfdXBkYXRlZF9hdCI7czo4OiJkYXRldGltZSI7czoyMzoic3Vic2NyaXB0aW9uX3VwZGF0ZWRfYXQiO3M6ODoiZGF0ZXRpbWUiO3M6MTA6ImNyZWF0ZWRfYXQiO3M6ODoiZGF0ZXRpbWUiO3M6MTA6InVwZGF0ZWRfYXQiO3M6ODoiZGF0ZXRpbWUiO31zOjE3OiIAKgBjbGFzc0Nhc3RDYWNoZSI7YTowOnt9czoyMToiACoAYXR0cmlidXRlQ2FzdENhY2hlIjthOjA6e31zOjEzOiIAKgBkYXRlRm9ybWF0IjtOO3M6MTA6IgAqAGFwcGVuZHMiO2E6MTp7aTowO3M6ODoibG9nb191cmwiO31zOjE5OiIAKgBkaXNwYXRjaGVzRXZlbnRzIjthOjA6e31zOjE0OiIAKgBvYnNlcnZhYmxlcyI7YTowOnt9czoxMjoiACoAcmVsYXRpb25zIjthOjE6e3M6ODoiY3VycmVuY3kiO086MTk6IkFwcFxNb2RlbHNcQ3VycmVuY3kiOjMwOntzOjEzOiIAKgBjb25uZWN0aW9uIjtzOjU6Im15c3FsIjtzOjg6IgAqAHRhYmxlIjtzOjEwOiJjdXJyZW5jaWVzIjtzOjEzOiIAKgBwcmltYXJ5S2V5IjtzOjI6ImlkIjtzOjEwOiIAKgBrZXlUeXBlIjtzOjM6ImludCI7czoxMjoiaW5jcmVtZW50aW5nIjtiOjE7czo3OiIAKgB3aXRoIjthOjA6e31zOjEyOiIAKgB3aXRoQ291bnQiO2E6MDp7fXM6MTk6InByZXZlbnRzTGF6eUxvYWRpbmciO2I6MDtzOjEwOiIAKgBwZXJQYWdlIjtpOjE1O3M6NjoiZXhpc3RzIjtiOjE7czoxODoid2FzUmVjZW50bHlDcmVhdGVkIjtiOjA7czoyODoiACoAZXNjYXBlV2hlbkNhc3RpbmdUb1N0cmluZyI7YjowO3M6MTM6IgAqAGF0dHJpYnV0ZXMiO2E6MTI6e3M6MjoiaWQiO2k6MjE7czoxMzoicmVzdGF1cmFudF9pZCI7aTo2O3M6MTM6ImN1cnJlbmN5X25hbWUiO3M6NToiUnVwZWUiO3M6MTM6ImN1cnJlbmN5X2NvZGUiO3M6MzoiSU5SIjtzOjE1OiJjdXJyZW5jeV9zeW1ib2wiO3M6Mzoi4oK5IjtzOjE3OiJjdXJyZW5jeV9wb3NpdGlvbiI7czo0OiJsZWZ0IjtzOjEzOiJub19vZl9kZWNpbWFsIjtpOjI7czoxODoidGhvdXNhbmRfc2VwYXJhdG9yIjtzOjE6IiwiO3M6MTc6ImRlY2ltYWxfc2VwYXJhdG9yIjtzOjE6Ii4iO3M6MTM6ImV4Y2hhbmdlX3JhdGUiO047czo5OiJ1c2RfcHJpY2UiO047czoxNzoiaXNfY3J5cHRvY3VycmVuY3kiO3M6Mjoibm8iO31zOjExOiIAKgBvcmlnaW5hbCI7YToxMjp7czoyOiJpZCI7aToyMTtzOjEzOiJyZXN0YXVyYW50X2lkIjtpOjY7czoxMzoiY3VycmVuY3lfbmFtZSI7czo1OiJSdXBlZSI7czoxMzoiY3VycmVuY3lfY29kZSI7czozOiJJTlIiO3M6MTU6ImN1cnJlbmN5X3N5bWJvbCI7czozOiLigrkiO3M6MTc6ImN1cnJlbmN5X3Bvc2l0aW9uIjtzOjQ6ImxlZnQiO3M6MTM6Im5vX29mX2RlY2ltYWwiO2k6MjtzOjE4OiJ0aG91c2FuZF9zZXBhcmF0b3IiO3M6MToiLCI7czoxNzoiZGVjaW1hbF9zZXBhcmF0b3IiO3M6MToiLiI7czoxMzoiZXhjaGFuZ2VfcmF0ZSI7TjtzOjk6InVzZF9wcmljZSI7TjtzOjE3OiJpc19jcnlwdG9jdXJyZW5jeSI7czoyOiJubyI7fXM6MTA6IgAqAGNoYW5nZXMiO2E6MDp7fXM6ODoiACoAY2FzdHMiO2E6MDp7fXM6MTc6IgAqAGNsYXNzQ2FzdENhY2hlIjthOjA6e31zOjIxOiIAKgBhdHRyaWJ1dGVDYXN0Q2FjaGUiO2E6MDp7fXM6MTM6IgAqAGRhdGVGb3JtYXQiO047czoxMDoiACoAYXBwZW5kcyI7YTowOnt9czoxOToiACoAZGlzcGF0Y2hlc0V2ZW50cyI7YTowOnt9czoxNDoiACoAb2JzZXJ2YWJsZXMiO2E6MDp7fXM6MTI6IgAqAHJlbGF0aW9ucyI7YTowOnt9czoxMDoiACoAdG91Y2hlcyI7YTowOnt9czoxMDoidGltZXN0YW1wcyI7YjowO3M6MTM6InVzZXNVbmlxdWVJZHMiO2I6MDtzOjk6IgAqAGhpZGRlbiI7YTowOnt9czoxMDoiACoAdmlzaWJsZSI7YTowOnt9czoxMToiACoAZmlsbGFibGUiO2E6MDp7fXM6MTA6IgAqAGd1YXJkZWQiO2E6MTp7aTowO3M6MToiKiI7fX19czoxMDoiACoAdG91Y2hlcyI7YTowOnt9czoxMDoidGltZXN0YW1wcyI7YjoxO3M6MTM6InVzZXNVbmlxdWVJZHMiO2I6MDtzOjk6IgAqAGhpZGRlbiI7YTowOnt9czoxMDoiACoAdmlzaWJsZSI7YTowOnt9czoxMToiACoAZmlsbGFibGUiO2E6MDp7fXM6MTA6IgAqAGd1YXJkZWQiO2E6MTp7aTowO3M6MjoiaWQiO31zOjE3OiJjdXN0b21lcklwQWRkcmVzcyI7TjtzOjI0OiJlc3RpbWF0aW9uQmlsbGluZ0FkZHJlc3MiO2E6MDp7fXM6MTM6ImNvbGxlY3RUYXhJZHMiO2I6MDtzOjg6ImNvdXBvbklkIjtOO3M6MTU6InByb21vdGlvbkNvZGVJZCI7TjtzOjE5OiJhbGxvd1Byb21vdGlvbkNvZGVzIjtiOjA7fX1zOjEwOiIAKgB0b3VjaGVzIjthOjA6e31zOjEwOiJ0aW1lc3RhbXBzIjtiOjA7czoxMzoidXNlc1VuaXF1ZUlkcyI7YjowO3M6OToiACoAaGlkZGVuIjthOjA6e31zOjEwOiIAKgB2aXNpYmxlIjthOjA6e31zOjExOiIAKgBmaWxsYWJsZSI7YTowOnt9czoxMDoiACoAZ3VhcmRlZCI7YToxOntpOjA7czoxOiIqIjt9fXM6NzoicGFja2FnZSI7TzoxODoiQXBwXE1vZGVsc1xQYWNrYWdlIjozMDp7czoxMzoiACoAY29ubmVjdGlvbiI7czo1OiJteXNxbCI7czo4OiIAKgB0YWJsZSI7czo4OiJwYWNrYWdlcyI7czoxMzoiACoAcHJpbWFyeUtleSI7czoyOiJpZCI7czoxMDoiACoAa2V5VHlwZSI7czozOiJpbnQiO3M6MTI6ImluY3JlbWVudGluZyI7YjoxO3M6NzoiACoAd2l0aCI7YTowOnt9czoxMjoiACoAd2l0aENvdW50IjthOjA6e31zOjE5OiJwcmV2ZW50c0xhenlMb2FkaW5nIjtiOjA7czoxMDoiACoAcGVyUGFnZSI7aToxNTtzOjY6ImV4aXN0cyI7YjoxO3M6MTg6Indhc1JlY2VudGx5Q3JlYXRlZCI7YjowO3M6Mjg6IgAqAGVzY2FwZVdoZW5DYXN0aW5nVG9TdHJpbmciO2I6MDtzOjEzOiIAKgBhdHRyaWJ1dGVzIjthOjMzOntzOjI6ImlkIjtpOjc7czoxMToiY3VycmVuY3lfaWQiO2k6MjtzOjEyOiJwYWNrYWdlX25hbWUiO3M6MTY6IlBTSyBNb250aGx5IFBsYW4iO3M6NToicHJpY2UiO2Q6MDtzOjExOiJkZXNjcmlwdGlvbiI7czozOToiU3BlY2lhbCBtb250aGx5IHByaWNlIGZvciBQU0sgY3VzdG9tZXIuIjtzOjEyOiJhbm51YWxfcHJpY2UiO047czoxMzoibW9udGhseV9wcmljZSI7ZDo0MDAwO3M6MTQ6Im1vbnRobHlfc3RhdHVzIjtpOjE7czoxMzoiYW5udWFsX3N0YXR1cyI7aTowO3M6MjE6InN0cmlwZV9hbm51YWxfcGxhbl9pZCI7TjtzOjIyOiJzdHJpcGVfbW9udGhseV9wbGFuX2lkIjtOO3M6MjM6InJhem9ycGF5X2FubnVhbF9wbGFuX2lkIjtOO3M6MjQ6InJhem9ycGF5X21vbnRobHlfcGxhbl9pZCI7czoxOToicGxhbl9RMTU0clRad3pOcGxwZCI7czoyNjoiZmx1dHRlcndhdmVfYW5udWFsX3BsYW5faWQiO047czoyNzoiZmx1dHRlcndhdmVfbW9udGhseV9wbGFuX2lkIjtOO3M6MjM6InBheXN0YWNrX2FubnVhbF9wbGFuX2lkIjtOO3M6MjQ6InBheXN0YWNrX21vbnRobHlfcGxhbl9pZCI7TjtzOjIzOiJzdHJpcGVfbGlmZXRpbWVfcGxhbl9pZCI7TjtzOjI1OiJyYXpvcnBheV9saWZldGltZV9wbGFuX2lkIjtOO3M6MTM6ImJpbGxpbmdfY3ljbGUiO047czoxMDoic29ydF9vcmRlciI7aTo5O3M6MTA6ImlzX3ByaXZhdGUiO2k6MTtzOjc6ImlzX2ZyZWUiO2k6MDtzOjE0OiJpc19yZWNvbW1lbmRlZCI7aTowO3M6MTI6InBhY2thZ2VfdHlwZSI7czo4OiJzdGFuZGFyZCI7czoxMjoidHJpYWxfc3RhdHVzIjtOO3M6MTA6InRyaWFsX2RheXMiO047czozMDoidHJpYWxfbm90aWZpY2F0aW9uX2JlZm9yZV9kYXlzIjtOO3M6MTM6InRyaWFsX21lc3NhZ2UiO047czoxMDoidXBkYXRlZF9hdCI7czoxOToiMjAyNS0wMi0yOCAwOTozMToxMyI7czoxOToiYWRkaXRpb25hbF9mZWF0dXJlcyI7czo4MzoiWyJUaGVtZSBTZXR0aW5nIiwiRXhwb3J0IFJlcG9ydCIsIlRhYmxlIFJlc2VydmF0aW9uIiwiUGF5bWVudCBHYXRld2F5IEludGVncmF0aW9uIl0iO3M6MTA6ImNyZWF0ZWRfYXQiO3M6MTk6IjIwMjUtMDItMTIgMTA6NTY6MjMiO3M6MTI6ImJyYW5jaF9saW1pdCI7aToyO31zOjExOiIAKgBvcmlnaW5hbCI7YTozMzp7czoyOiJpZCI7aTo3O3M6MTE6ImN1cnJlbmN5X2lkIjtpOjI7czoxMjoicGFja2FnZV9uYW1lIjtzOjE2OiJQU0sgTW9udGhseSBQbGFuIjtzOjU6InByaWNlIjtkOjA7czoxMToiZGVzY3JpcHRpb24iO3M6Mzk6IlNwZWNpYWwgbW9udGhseSBwcmljZSBmb3IgUFNLIGN1c3RvbWVyLiI7czoxMjoiYW5udWFsX3ByaWNlIjtOO3M6MTM6Im1vbnRobHlfcHJpY2UiO2Q6NDAwMDtzOjE0OiJtb250aGx5X3N0YXR1cyI7czoxOiIxIjtzOjEzOiJhbm51YWxfc3RhdHVzIjtzOjE6IjAiO3M6MjE6InN0cmlwZV9hbm51YWxfcGxhbl9pZCI7TjtzOjIyOiJzdHJpcGVfbW9udGhseV9wbGFuX2lkIjtOO3M6MjM6InJhem9ycGF5X2FubnVhbF9wbGFuX2lkIjtOO3M6MjQ6InJhem9ycGF5X21vbnRobHlfcGxhbl9pZCI7czoxOToicGxhbl9RMTU0clRad3pOcGxwZCI7czoyNjoiZmx1dHRlcndhdmVfYW5udWFsX3BsYW5faWQiO047czoyNzoiZmx1dHRlcndhdmVfbW9udGhseV9wbGFuX2lkIjtOO3M6MjM6InBheXN0YWNrX2FubnVhbF9wbGFuX2lkIjtOO3M6MjQ6InBheXN0YWNrX21vbnRobHlfcGxhbl9pZCI7TjtzOjIzOiJzdHJpcGVfbGlmZXRpbWVfcGxhbl9pZCI7TjtzOjI1OiJyYXpvcnBheV9saWZldGltZV9wbGFuX2lkIjtOO3M6MTM6ImJpbGxpbmdfY3ljbGUiO047czoxMDoic29ydF9vcmRlciI7aTo5O3M6MTA6ImlzX3ByaXZhdGUiO2k6MTtzOjc6ImlzX2ZyZWUiO2k6MDtzOjE0OiJpc19yZWNvbW1lbmRlZCI7aTowO3M6MTI6InBhY2thZ2VfdHlwZSI7czo4OiJzdGFuZGFyZCI7czoxMjoidHJpYWxfc3RhdHVzIjtOO3M6MTA6InRyaWFsX2RheXMiO047czozMDoidHJpYWxfbm90aWZpY2F0aW9uX2JlZm9yZV9kYXlzIjtOO3M6MTM6InRyaWFsX21lc3NhZ2UiO047czoxMDoidXBkYXRlZF9hdCI7czoxOToiMjAyNS0wMi0yOCAwOTozMToxMyI7czoxOToiYWRkaXRpb25hbF9mZWF0dXJlcyI7czo4MzoiWyJUaGVtZSBTZXR0aW5nIiwiRXhwb3J0IFJlcG9ydCIsIlRhYmxlIFJlc2VydmF0aW9uIiwiUGF5bWVudCBHYXRld2F5IEludGVncmF0aW9uIl0iO3M6MTA6ImNyZWF0ZWRfYXQiO3M6MTk6IjIwMjUtMDItMTIgMTA6NTY6MjMiO3M6MTI6ImJyYW5jaF9saW1pdCI7aToyO31zOjEwOiIAKgBjaGFuZ2VzIjthOjA6e31zOjg6IgAqAGNhc3RzIjthOjM6e3M6MTI6InBhY2thZ2VfdHlwZSI7czoyMToiQXBwXEVudW1zXFBhY2thZ2VUeXBlIjtzOjEwOiJ0cmlhbF9kYXlzIjtzOjc6ImludGVnZXIiO3M6MzA6InRyaWFsX25vdGlmaWNhdGlvbl9iZWZvcmVfZGF5cyI7czo3OiJpbnRlZ2VyIjt9czoxNzoiACoAY2xhc3NDYXN0Q2FjaGUiO2E6MDp7fXM6MjE6IgAqAGF0dHJpYnV0ZUNhc3RDYWNoZSI7YTowOnt9czoxMzoiACoAZGF0ZUZvcm1hdCI7TjtzOjEwOiIAKgBhcHBlbmRzIjthOjA6e31zOjE5OiIAKgBkaXNwYXRjaGVzRXZlbnRzIjthOjA6e31zOjE0OiIAKgBvYnNlcnZhYmxlcyI7YTowOnt9czoxMjoiACoAcmVsYXRpb25zIjthOjA6e31zOjEwOiIAKgB0b3VjaGVzIjthOjA6e31zOjEwOiJ0aW1lc3RhbXBzIjtiOjE7czoxMzoidXNlc1VuaXF1ZUlkcyI7YjowO3M6OToiACoAaGlkZGVuIjthOjA6e31zOjEwOiIAKgB2aXNpYmxlIjthOjA6e31zOjExOiIAKgBmaWxsYWJsZSI7YTowOnt9czoxMDoiACoAZ3VhcmRlZCI7YToxOntpOjA7czoyOiJpZCI7fX1zOjE0OiJyZWNlaXB0U2V0dGluZyI7TzoyNToiQXBwXE1vZGVsc1xSZWNlaXB0U2V0dGluZyI6MzA6e3M6MTM6IgAqAGNvbm5lY3Rpb24iO3M6NToibXlzcWwiO3M6ODoiACoAdGFibGUiO3M6MTY6InJlY2VpcHRfc2V0dGluZ3MiO3M6MTM6IgAqAHByaW1hcnlLZXkiO3M6MjoiaWQiO3M6MTA6IgAqAGtleVR5cGUiO3M6MzoiaW50IjtzOjEyOiJpbmNyZW1lbnRpbmciO2I6MTtzOjc6IgAqAHdpdGgiO2E6MDp7fXM6MTI6IgAqAHdpdGhDb3VudCI7YTowOnt9czoxOToicHJldmVudHNMYXp5TG9hZGluZyI7YjowO3M6MTA6IgAqAHBlclBhZ2UiO2k6MTU7czo2OiJleGlzdHMiO2I6MTtzOjE4OiJ3YXNSZWNlbnRseUNyZWF0ZWQiO2I6MDtzOjI4OiIAKgBlc2NhcGVXaGVuQ2FzdGluZ1RvU3RyaW5nIjtiOjA7czoxMzoiACoAYXR0cmlidXRlcyI7YToxNDp7czoyOiJpZCI7aTozO3M6MTM6InJlc3RhdXJhbnRfaWQiO2k6NjtzOjE4OiJzaG93X2N1c3RvbWVyX25hbWUiO2k6MTtzOjIxOiJzaG93X2N1c3RvbWVyX2FkZHJlc3MiO2k6MDtzOjE3OiJzaG93X3RhYmxlX251bWJlciI7aToxO3M6MTU6InBheW1lbnRfcXJfY29kZSI7TjtzOjIwOiJzaG93X3BheW1lbnRfcXJfY29kZSI7aTowO3M6MTE6InNob3dfd2FpdGVyIjtpOjE7czoxNjoic2hvd190b3RhbF9ndWVzdCI7aToxO3M6MjA6InNob3dfcmVzdGF1cmFudF9sb2dvIjtpOjA7czo4OiJzaG93X3RheCI7aToxO3M6MjA6InNob3dfcGF5bWVudF9kZXRhaWxzIjtpOjE7czoxMDoiY3JlYXRlZF9hdCI7czoxOToiMjAyNS0wMS0xNCAwODoxMDozMiI7czoxMDoidXBkYXRlZF9hdCI7czoxOToiMjAyNS0wMi0wNyAxMDo0Mzo0MiI7fXM6MTE6IgAqAG9yaWdpbmFsIjthOjE0OntzOjI6ImlkIjtpOjM7czoxMzoicmVzdGF1cmFudF9pZCI7aTo2O3M6MTg6InNob3dfY3VzdG9tZXJfbmFtZSI7aToxO3M6MjE6InNob3dfY3VzdG9tZXJfYWRkcmVzcyI7aTowO3M6MTc6InNob3dfdGFibGVfbnVtYmVyIjtpOjE7czoxNToicGF5bWVudF9xcl9jb2RlIjtOO3M6MjA6InNob3dfcGF5bWVudF9xcl9jb2RlIjtpOjA7czoxMToic2hvd193YWl0ZXIiO2k6MTtzOjE2OiJzaG93X3RvdGFsX2d1ZXN0IjtpOjE7czoyMDoic2hvd19yZXN0YXVyYW50X2xvZ28iO2k6MDtzOjg6InNob3dfdGF4IjtpOjE7czoyMDoic2hvd19wYXltZW50X2RldGFpbHMiO2k6MTtzOjEwOiJjcmVhdGVkX2F0IjtzOjE5OiIyMDI1LTAxLTE0IDA4OjEwOjMyIjtzOjEwOiJ1cGRhdGVkX2F0IjtzOjE5OiIyMDI1LTAyLTA3IDEwOjQzOjQyIjt9czoxMDoiACoAY2hhbmdlcyI7YTowOnt9czo4OiIAKgBjYXN0cyI7YTowOnt9czoxNzoiACoAY2xhc3NDYXN0Q2FjaGUiO2E6MDp7fXM6MjE6IgAqAGF0dHJpYnV0ZUNhc3RDYWNoZSI7YTowOnt9czoxMzoiACoAZGF0ZUZvcm1hdCI7TjtzOjEwOiIAKgBhcHBlbmRzIjthOjE6e2k6MDtzOjE5OiJwYXltZW50X3FyX2NvZGVfdXJsIjt9czoxOToiACoAZGlzcGF0Y2hlc0V2ZW50cyI7YTowOnt9czoxNDoiACoAb2JzZXJ2YWJsZXMiO2E6MDp7fXM6MTI6IgAqAHJlbGF0aW9ucyI7YTowOnt9czoxMDoiACoAdG91Y2hlcyI7YTowOnt9czoxMDoidGltZXN0YW1wcyI7YjoxO3M6MTM6InVzZXNVbmlxdWVJZHMiO2I6MDtzOjk6IgAqAGhpZGRlbiI7YTowOnt9czoxMDoiACoAdmlzaWJsZSI7YTowOnt9czoxMToiACoAZmlsbGFibGUiO2E6MDp7fXM6MTA6IgAqAGd1YXJkZWQiO2E6MTp7aTowO3M6MjoiaWQiO319fXM6MTA6IgAqAHRvdWNoZXMiO2E6MDp7fXM6MTA6InRpbWVzdGFtcHMiO2I6MTtzOjEzOiJ1c2VzVW5pcXVlSWRzIjtiOjA7czo5OiIAKgBoaWRkZW4iO2E6MDp7fXM6MTA6IgAqAHZpc2libGUiO2E6MDp7fXM6MTE6IgAqAGZpbGxhYmxlIjthOjA6e31zOjEwOiIAKgBndWFyZGVkIjthOjE6e2k6MDtzOjI6ImlkIjt9czoxNzoiY3VzdG9tZXJJcEFkZHJlc3MiO047czoyNDoiZXN0aW1hdGlvbkJpbGxpbmdBZGRyZXNzIjthOjA6e31zOjEzOiJjb2xsZWN0VGF4SWRzIjtiOjA7czo4OiJjb3Vwb25JZCI7TjtzOjE1OiJwcm9tb3Rpb25Db2RlSWQiO047czoxOToiYWxsb3dQcm9tb3Rpb25Db2RlcyI7YjowO31zOjY6ImJyYW5jaCI7TzoxNzoiQXBwXE1vZGVsc1xCcmFuY2giOjMwOntzOjEzOiIAKgBjb25uZWN0aW9uIjtzOjU6Im15c3FsIjtzOjg6IgAqAHRhYmxlIjtzOjg6ImJyYW5jaGVzIjtzOjEzOiIAKgBwcmltYXJ5S2V5IjtzOjI6ImlkIjtzOjEwOiIAKgBrZXlUeXBlIjtzOjM6ImludCI7czoxMjoiaW5jcmVtZW50aW5nIjtiOjE7czo3OiIAKgB3aXRoIjthOjA6e31zOjEyOiIAKgB3aXRoQ291bnQiO2E6MDp7fXM6MTk6InByZXZlbnRzTGF6eUxvYWRpbmciO2I6MDtzOjEwOiIAKgBwZXJQYWdlIjtpOjE1O3M6NjoiZXhpc3RzIjtiOjE7czoxODoid2FzUmVjZW50bHlDcmVhdGVkIjtiOjA7czoyODoiACoAZXNjYXBlV2hlbkNhc3RpbmdUb1N0cmluZyI7YjowO3M6MTM6IgAqAGF0dHJpYnV0ZXMiO2E6ODp7czoyOiJpZCI7aTo3O3M6MTM6InJlc3RhdXJhbnRfaWQiO2k6NjtzOjQ6Im5hbWUiO3M6MTc6IlBTSyAtIExheG1pIE5hZ2FyIjtzOjc6ImFkZHJlc3MiO3M6NzA6IjE0LCBEaXN0cmljdCBDZW50cmUsIFZpa2FzIE1hcmcsIExheG1pIE5hZ2FyLCBOZXcgRGVsaGksIERlbGhpLCAxMTAwOTIiO3M6MzoibG5nIjtzOjEwOiI3NS43ODc1MDAwIjtzOjM6ImxhdCI7czoxMDoiMjYuOTEyNTAwMCI7czoxMDoiY3JlYXRlZF9hdCI7czoxOToiMjAyNS0wMS0xNCAxNDoxMDo1NyI7czoxMDoidXBkYXRlZF9hdCI7czoxOToiMjAyNS0wNi0xMSAwODo0OTo1NiI7fXM6MTE6IgAqAG9yaWdpbmFsIjthOjg6e3M6MjoiaWQiO2k6NztzOjEzOiJyZXN0YXVyYW50X2lkIjtpOjY7czo0OiJuYW1lIjtzOjE3OiJQU0sgLSBMYXhtaSBOYWdhciI7czo3OiJhZGRyZXNzIjtzOjcwOiIxNCwgRGlzdHJpY3QgQ2VudHJlLCBWaWthcyBNYXJnLCBMYXhtaSBOYWdhciwgTmV3IERlbGhpLCBEZWxoaSwgMTEwMDkyIjtzOjM6ImxuZyI7czoxMDoiNzUuNzg3NTAwMCI7czozOiJsYXQiO3M6MTA6IjI2LjkxMjUwMDAiO3M6MTA6ImNyZWF0ZWRfYXQiO3M6MTk6IjIwMjUtMDEtMTQgMTQ6MTA6NTciO3M6MTA6InVwZGF0ZWRfYXQiO3M6MTk6IjIwMjUtMDYtMTEgMDg6NDk6NTYiO31zOjEwOiIAKgBjaGFuZ2VzIjthOjA6e31zOjg6IgAqAGNhc3RzIjthOjI6e3M6MzoibGF0IjtzOjU6ImZsb2F0IjtzOjM6ImxuZyI7czo1OiJmbG9hdCI7fXM6MTc6IgAqAGNsYXNzQ2FzdENhY2hlIjthOjA6e31zOjIxOiIAKgBhdHRyaWJ1dGVDYXN0Q2FjaGUiO2E6MDp7fXM6MTM6IgAqAGRhdGVGb3JtYXQiO047czoxMDoiACoAYXBwZW5kcyI7YTowOnt9czoxOToiACoAZGlzcGF0Y2hlc0V2ZW50cyI7YTowOnt9czoxNDoiACoAb2JzZXJ2YWJsZXMiO2E6MDp7fXM6MTI6IgAqAHJlbGF0aW9ucyI7YTowOnt9czoxMDoiACoAdG91Y2hlcyI7YTowOnt9czoxMDoidGltZXN0YW1wcyI7YjoxO3M6MTM6InVzZXNVbmlxdWVJZHMiO2I6MDtzOjk6IgAqAGhpZGRlbiI7YTowOnt9czoxMDoiACoAdmlzaWJsZSI7YTowOnt9czoxMToiACoAZmlsbGFibGUiO2E6MDp7fXM6MTA6IgAqAGd1YXJkZWQiO2E6MTp7aTowO3M6MjoiaWQiO319czoxNzoicGFzc3dvcmRfaGFzaF93ZWIiO3M6NjA6IiQyeSQxMiRLanJrcGZyZ1lndzguR1RmbFhwTWMuOFNnOVN6VUxZd1NEaHFUcE5hT3NmYmhhLkhHQ2RwcSI7czo4OiJ0aW1lem9uZSI7czoxMjoiQXNpYS9Lb2xrYXRhIjtzOjE2OiJyb2xlX3Blcm1pc3Npb25zIjthOjUzOntpOjA7czoxMToiQ3JlYXRlIE1lbnUiO2k6MTtzOjk6IlNob3cgTWVudSI7aToyO3M6MTE6IlVwZGF0ZSBNZW51IjtpOjM7czoxMToiRGVsZXRlIE1lbnUiO2k6NDtzOjE2OiJDcmVhdGUgTWVudSBJdGVtIjtpOjU7czoxNDoiU2hvdyBNZW51IEl0ZW0iO2k6NjtzOjE2OiJVcGRhdGUgTWVudSBJdGVtIjtpOjc7czoxNjoiRGVsZXRlIE1lbnUgSXRlbSI7aTo4O3M6MjA6IkNyZWF0ZSBJdGVtIENhdGVnb3J5IjtpOjk7czoxODoiU2hvdyBJdGVtIENhdGVnb3J5IjtpOjEwO3M6MjA6IlVwZGF0ZSBJdGVtIENhdGVnb3J5IjtpOjExO3M6MjA6IkRlbGV0ZSBJdGVtIENhdGVnb3J5IjtpOjEyO3M6MTE6IkNyZWF0ZSBBcmVhIjtpOjEzO3M6OToiU2hvdyBBcmVhIjtpOjE0O3M6MTE6IlVwZGF0ZSBBcmVhIjtpOjE1O3M6MTE6IkRlbGV0ZSBBcmVhIjtpOjE2O3M6MTI6IkNyZWF0ZSBUYWJsZSI7aToxNztzOjEwOiJTaG93IFRhYmxlIjtpOjE4O3M6MTI6IlVwZGF0ZSBUYWJsZSI7aToxOTtzOjEyOiJEZWxldGUgVGFibGUiO2k6MjA7czoxODoiQ3JlYXRlIFJlc2VydmF0aW9uIjtpOjIxO3M6MTY6IlNob3cgUmVzZXJ2YXRpb24iO2k6MjI7czoxODoiVXBkYXRlIFJlc2VydmF0aW9uIjtpOjIzO3M6MTg6IkRlbGV0ZSBSZXNlcnZhdGlvbiI7aToyNDtzOjEwOiJNYW5hZ2UgS09UIjtpOjI1O3M6MTI6IkNyZWF0ZSBPcmRlciI7aToyNjtzOjEwOiJTaG93IE9yZGVyIjtpOjI3O3M6MTI6IlVwZGF0ZSBPcmRlciI7aToyODtzOjEyOiJEZWxldGUgT3JkZXIiO2k6Mjk7czoxMzoiU2hvdyBDdXN0b21lciI7aTozMDtzOjE1OiJVcGRhdGUgQ3VzdG9tZXIiO2k6MzE7czoxNToiRGVsZXRlIEN1c3RvbWVyIjtpOjMyO3M6MTk6IkNyZWF0ZSBTdGFmZiBNZW1iZXIiO2k6MzM7czoxNzoiU2hvdyBTdGFmZiBNZW1iZXIiO2k6MzQ7czoxOToiVXBkYXRlIFN0YWZmIE1lbWJlciI7aTozNTtzOjE5OiJEZWxldGUgU3RhZmYgTWVtYmVyIjtpOjM2O3M6MjU6IkNyZWF0ZSBEZWxpdmVyeSBFeGVjdXRpdmUiO2k6Mzc7czoyMzoiU2hvdyBEZWxpdmVyeSBFeGVjdXRpdmUiO2k6Mzg7czoyNToiVXBkYXRlIERlbGl2ZXJ5IEV4ZWN1dGl2ZSI7aTozOTtzOjI1OiJEZWxldGUgRGVsaXZlcnkgRXhlY3V0aXZlIjtpOjQwO3M6MTM6IlNob3cgUGF5bWVudHMiO2k6NDE7czoxMjoiU2hvdyBSZXBvcnRzIjtpOjQyO3M6MTU6Ik1hbmFnZSBTZXR0aW5ncyI7aTo0MztzOjIxOiJNYW5hZ2UgV2FpdGVyIFJlcXVlc3QiO2k6NDQ7czoxNToiQ3JlYXRlIEN1c3RvbWVyIjtpOjQ1O3M6MTQ6IkNyZWF0ZSBFeHBlbnNlIjtpOjQ2O3M6MTI6IlNob3cgRXhwZW5zZSI7aTo0NztzOjE0OiJVcGRhdGUgRXhwZW5zZSI7aTo0ODtzOjE0OiJEZWxldGUgRXhwZW5zZSI7aTo0OTtzOjIzOiJDcmVhdGUgRXhwZW5zZSBDYXRlZ29yeSI7aTo1MDtzOjIxOiJTaG93IEV4cGVuc2UgQ2F0ZWdvcnkiO2k6NTE7czoyMzoiVXBkYXRlIEV4cGVuc2UgQ2F0ZWdvcnkiO2k6NTI7czoyMzoiRGVsZXRlIEV4cGVuc2UgQ2F0ZWdvcnkiO31zOjI1OiJjdXJyZW5jeV9mb3JtYXRfc2V0dGluZzIxIjtPOjE5OiJBcHBcTW9kZWxzXEN1cnJlbmN5IjozMDp7czoxMzoiACoAY29ubmVjdGlvbiI7czo1OiJteXNxbCI7czo4OiIAKgB0YWJsZSI7czoxMDoiY3VycmVuY2llcyI7czoxMzoiACoAcHJpbWFyeUtleSI7czoyOiJpZCI7czoxMDoiACoAa2V5VHlwZSI7czozOiJpbnQiO3M6MTI6ImluY3JlbWVudGluZyI7YjoxO3M6NzoiACoAd2l0aCI7YTowOnt9czoxMjoiACoAd2l0aENvdW50IjthOjA6e31zOjE5OiJwcmV2ZW50c0xhenlMb2FkaW5nIjtiOjA7czoxMDoiACoAcGVyUGFnZSI7aToxNTtzOjY6ImV4aXN0cyI7YjoxO3M6MTg6Indhc1JlY2VudGx5Q3JlYXRlZCI7YjowO3M6Mjg6IgAqAGVzY2FwZVdoZW5DYXN0aW5nVG9TdHJpbmciO2I6MDtzOjEzOiIAKgBhdHRyaWJ1dGVzIjthOjEyOntzOjI6ImlkIjtpOjIxO3M6MTM6InJlc3RhdXJhbnRfaWQiO2k6NjtzOjEzOiJjdXJyZW5jeV9uYW1lIjtzOjU6IlJ1cGVlIjtzOjEzOiJjdXJyZW5jeV9jb2RlIjtzOjM6IklOUiI7czoxNToiY3VycmVuY3lfc3ltYm9sIjtzOjM6IuKCuSI7czoxNzoiY3VycmVuY3lfcG9zaXRpb24iO3M6NDoibGVmdCI7czoxMzoibm9fb2ZfZGVjaW1hbCI7aToyO3M6MTg6InRob3VzYW5kX3NlcGFyYXRvciI7czoxOiIsIjtzOjE3OiJkZWNpbWFsX3NlcGFyYXRvciI7czoxOiIuIjtzOjEzOiJleGNoYW5nZV9yYXRlIjtOO3M6OToidXNkX3ByaWNlIjtOO3M6MTc6ImlzX2NyeXB0b2N1cnJlbmN5IjtzOjI6Im5vIjt9czoxMToiACoAb3JpZ2luYWwiO2E6MTI6e3M6MjoiaWQiO2k6MjE7czoxMzoicmVzdGF1cmFudF9pZCI7aTo2O3M6MTM6ImN1cnJlbmN5X25hbWUiO3M6NToiUnVwZWUiO3M6MTM6ImN1cnJlbmN5X2NvZGUiO3M6MzoiSU5SIjtzOjE1OiJjdXJyZW5jeV9zeW1ib2wiO3M6Mzoi4oK5IjtzOjE3OiJjdXJyZW5jeV9wb3NpdGlvbiI7czo0OiJsZWZ0IjtzOjEzOiJub19vZl9kZWNpbWFsIjtpOjI7czoxODoidGhvdXNhbmRfc2VwYXJhdG9yIjtzOjE6IiwiO3M6MTc6ImRlY2ltYWxfc2VwYXJhdG9yIjtzOjE6Ii4iO3M6MTM6ImV4Y2hhbmdlX3JhdGUiO047czo5OiJ1c2RfcHJpY2UiO047czoxNzoiaXNfY3J5cHRvY3VycmVuY3kiO3M6Mjoibm8iO31zOjEwOiIAKgBjaGFuZ2VzIjthOjA6e31zOjg6IgAqAGNhc3RzIjthOjA6e31zOjE3OiIAKgBjbGFzc0Nhc3RDYWNoZSI7YTowOnt9czoyMToiACoAYXR0cmlidXRlQ2FzdENhY2hlIjthOjA6e31zOjEzOiIAKgBkYXRlRm9ybWF0IjtOO3M6MTA6IgAqAGFwcGVuZHMiO2E6MDp7fXM6MTk6IgAqAGRpc3BhdGNoZXNFdmVudHMiO2E6MDp7fXM6MTQ6IgAqAG9ic2VydmFibGVzIjthOjA6e31zOjEyOiIAKgByZWxhdGlvbnMiO2E6MTp7czoxMDoicmVzdGF1cmFudCI7TzoyMToiQXBwXE1vZGVsc1xSZXN0YXVyYW50IjozNjp7czoxMzoiACoAY29ubmVjdGlvbiI7czo1OiJteXNxbCI7czo4OiIAKgB0YWJsZSI7czoxMToicmVzdGF1cmFudHMiO3M6MTM6IgAqAHByaW1hcnlLZXkiO3M6MjoiaWQiO3M6MTA6IgAqAGtleVR5cGUiO3M6MzoiaW50IjtzOjEyOiJpbmNyZW1lbnRpbmciO2I6MTtzOjc6IgAqAHdpdGgiO2E6MDp7fXM6MTI6IgAqAHdpdGhDb3VudCI7YTowOnt9czoxOToicHJldmVudHNMYXp5TG9hZGluZyI7YjowO3M6MTA6IgAqAHBlclBhZ2UiO2k6MTU7czo2OiJleGlzdHMiO2I6MTtzOjE4OiJ3YXNSZWNlbnRseUNyZWF0ZWQiO2I6MDtzOjI4OiIAKgBlc2NhcGVXaGVuQ2FzdGluZ1RvU3RyaW5nIjtiOjA7czoxMzoiACoAYXR0cmlidXRlcyI7YTo2MTp7czoyOiJpZCI7aTo2O3M6NDoibmFtZSI7czoxNDoiVGhlIFplc3QgLSBQU0siO3M6NDoiaGFzaCI7czoxMjoidGhlLXplc3QtcHNrIjtzOjc6ImFkZHJlc3MiO3M6NzA6IjE0LCBEaXN0cmljdCBDZW50cmUsIFZpa2FzIE1hcmcsIExheG1pIE5hZ2FyLCBOZXcgRGVsaGksIERlbGhpLCAxMTAwOTIiO3M6MTI6InBob25lX251bWJlciI7aTo4MTMwNjYwMDYwO3M6NToiZW1haWwiO3M6MTQ6Inplc3RAZ21haWwuY29tIjtzOjg6InRpbWV6b25lIjtzOjEyOiJBc2lhL0tvbGthdGEiO3M6OToidGhlbWVfaGV4IjtzOjc6IiM3QzNBRUQiO3M6OToidGhlbWVfcmdiIjtzOjEyOiIxMjQsIDU4LCAyMzciO3M6NDoibG9nbyI7TjtzOjEwOiJjb3VudHJ5X2lkIjtpOjEwMztzOjE1OiJoaWRlX25ld19vcmRlcnMiO2k6MDtzOjIxOiJoaWRlX25ld19yZXNlcnZhdGlvbnMiO2k6MDtzOjIzOiJoaWRlX25ld193YWl0ZXJfcmVxdWVzdCI7aTowO3M6MTE6ImN1cnJlbmN5X2lkIjtpOjIxO3M6MTI6ImxpY2Vuc2VfdHlwZSI7czo0OiJmcmVlIjtzOjk6ImlzX2FjdGl2ZSI7aToxO3M6MTA6ImNyZWF0ZWRfYXQiO3M6MTk6IjIwMjUtMDEtMTQgMTQ6MTA6NTciO3M6MTA6InVwZGF0ZWRfYXQiO3M6MTk6IjIwMjUtMDYtMTIgMjI6Mjk6MDMiO3M6MjM6ImN1c3RvbWVyX2xvZ2luX3JlcXVpcmVkIjtpOjA7czo4OiJhYm91dF91cyI7TjtzOjMwOiJhbGxvd19jdXN0b21lcl9kZWxpdmVyeV9vcmRlcnMiO2k6MDtzOjI4OiJhbGxvd19jdXN0b21lcl9waWNrdXBfb3JkZXJzIjtpOjA7czoyMToiYWxsb3dfY3VzdG9tZXJfb3JkZXJzIjtpOjA7czoyMDoiYWxsb3dfZGluZV9pbl9vcmRlcnMiO2k6MTtzOjEwOiJwYWNrYWdlX2lkIjtpOjc7czoxMjoicGFja2FnZV90eXBlIjtzOjc6Im1vbnRobHkiO3M6Njoic3RhdHVzIjtzOjY6ImFjdGl2ZSI7czoxNzoibGljZW5zZV9leHBpcmVfb24iO3M6MTk6IjIwMjYtMDctMDEgMDA6MDA6MDAiO3M6MTM6InRyaWFsX2VuZHNfYXQiO047czoxODoibGljZW5zZV91cGRhdGVkX2F0IjtzOjE5OiIyMDI1LTAxLTIxIDAwOjAwOjAwIjtzOjIzOiJzdWJzY3JpcHRpb25fdXBkYXRlZF9hdCI7czoxOToiMjAyNS0wMS0xNCAxNDoxMDo1NyI7czo5OiJzdHJpcGVfaWQiO047czo3OiJwbV90eXBlIjtOO3M6MTI6InBtX2xhc3RfZm91ciI7TjtzOjI1OiJpc193YWl0ZXJfcmVxdWVzdF9lbmFibGVkIjtpOjE7czozMjoiZGVmYXVsdF90YWJsZV9yZXNlcnZhdGlvbl9zdGF0dXMiO3M6OToiQ29uZmlybWVkIjtzOjE1OiJhcHByb3ZhbF9zdGF0dXMiO3M6ODoiQXBwcm92ZWQiO3M6MTY6InJlamVjdGlvbl9yZWFzb24iO047czoxMzoiZmFjZWJvb2tfbGluayI7TjtzOjE0OiJpbnN0YWdyYW1fbGluayI7TjtzOjEyOiJ0d2l0dGVyX2xpbmsiO047czo5OiJ5ZWxwX2xpbmsiO047czoxNDoidGFibGVfcmVxdWlyZWQiO2k6MDtzOjE0OiJzaG93X2xvZ29fdGV4dCI7aToxO3M6MTI6Im1ldGFfa2V5d29yZCI7TjtzOjE2OiJtZXRhX2Rlc2NyaXB0aW9uIjtOO3M6MzQ6InVwbG9hZF9mYXZfaWNvbl9hbmRyb2lkX2Nocm9tZV8xOTIiO047czozNDoidXBsb2FkX2Zhdl9pY29uX2FuZHJvaWRfY2hyb21lXzUxMiI7TjtzOjMyOiJ1cGxvYWRfZmF2X2ljb25fYXBwbGVfdG91Y2hfaWNvbiI7TjtzOjE3OiJ1cGxvYWRfZmF2aWNvbl8xNiI7TjtzOjE3OiJ1cGxvYWRfZmF2aWNvbl8zMiI7TjtzOjc6ImZhdmljb24iO047czozNjoiaXNfd2FpdGVyX3JlcXVlc3RfZW5hYmxlZF9vbl9kZXNrdG9wIjtpOjE7czozNToiaXNfd2FpdGVyX3JlcXVlc3RfZW5hYmxlZF9vbl9tb2JpbGUiO2k6MTtzOjM2OiJpc193YWl0ZXJfcmVxdWVzdF9lbmFibGVkX29wZW5fYnlfcXIiO2k6MDtzOjExOiJ3ZWJtYW5pZmVzdCI7TjtzOjE1OiJlbmFibGVfdGlwX3Nob3AiO2k6MTtzOjE0OiJlbmFibGVfdGlwX3BvcyI7aToxO3M6MjU6ImlzX3B3YV9pbnN0YWxsX2FsZXJ0X3Nob3ciO2k6MDtzOjE5OiJhdXRvX2NvbmZpcm1fb3JkZXJzIjtpOjA7fXM6MTE6IgAqAG9yaWdpbmFsIjthOjYxOntzOjI6ImlkIjtpOjY7czo0OiJuYW1lIjtzOjE0OiJUaGUgWmVzdCAtIFBTSyI7czo0OiJoYXNoIjtzOjEyOiJ0aGUtemVzdC1wc2siO3M6NzoiYWRkcmVzcyI7czo3MDoiMTQsIERpc3RyaWN0IENlbnRyZSwgVmlrYXMgTWFyZywgTGF4bWkgTmFnYXIsIE5ldyBEZWxoaSwgRGVsaGksIDExMDA5MiI7czoxMjoicGhvbmVfbnVtYmVyIjtzOjEwOiI4MTMwNjYwMDYwIjtzOjU6ImVtYWlsIjtzOjE0OiJ6ZXN0QGdtYWlsLmNvbSI7czo4OiJ0aW1lem9uZSI7czoxMjoiQXNpYS9Lb2xrYXRhIjtzOjk6InRoZW1lX2hleCI7czo3OiIjN0MzQUVEIjtzOjk6InRoZW1lX3JnYiI7czoxMjoiMTI0LCA1OCwgMjM3IjtzOjQ6ImxvZ28iO047czoxMDoiY291bnRyeV9pZCI7aToxMDM7czoxNToiaGlkZV9uZXdfb3JkZXJzIjtpOjA7czoyMToiaGlkZV9uZXdfcmVzZXJ2YXRpb25zIjtpOjA7czoyMzoiaGlkZV9uZXdfd2FpdGVyX3JlcXVlc3QiO2k6MDtzOjExOiJjdXJyZW5jeV9pZCI7aToyMTtzOjEyOiJsaWNlbnNlX3R5cGUiO3M6NDoiZnJlZSI7czo5OiJpc19hY3RpdmUiO2k6MTtzOjEwOiJjcmVhdGVkX2F0IjtzOjE5OiIyMDI1LTAxLTE0IDE0OjEwOjU3IjtzOjEwOiJ1cGRhdGVkX2F0IjtzOjE5OiIyMDI1LTA2LTEyIDIyOjI5OjAzIjtzOjIzOiJjdXN0b21lcl9sb2dpbl9yZXF1aXJlZCI7aTowO3M6ODoiYWJvdXRfdXMiO047czozMDoiYWxsb3dfY3VzdG9tZXJfZGVsaXZlcnlfb3JkZXJzIjtpOjA7czoyODoiYWxsb3dfY3VzdG9tZXJfcGlja3VwX29yZGVycyI7aTowO3M6MjE6ImFsbG93X2N1c3RvbWVyX29yZGVycyI7aTowO3M6MjA6ImFsbG93X2RpbmVfaW5fb3JkZXJzIjtpOjE7czoxMDoicGFja2FnZV9pZCI7aTo3O3M6MTI6InBhY2thZ2VfdHlwZSI7czo3OiJtb250aGx5IjtzOjY6InN0YXR1cyI7czo2OiJhY3RpdmUiO3M6MTc6ImxpY2Vuc2VfZXhwaXJlX29uIjtzOjE5OiIyMDI2LTA3LTAxIDAwOjAwOjAwIjtzOjEzOiJ0cmlhbF9lbmRzX2F0IjtOO3M6MTg6ImxpY2Vuc2VfdXBkYXRlZF9hdCI7czoxOToiMjAyNS0wMS0yMSAwMDowMDowMCI7czoyMzoic3Vic2NyaXB0aW9uX3VwZGF0ZWRfYXQiO3M6MTk6IjIwMjUtMDEtMTQgMTQ6MTA6NTciO3M6OToic3RyaXBlX2lkIjtOO3M6NzoicG1fdHlwZSI7TjtzOjEyOiJwbV9sYXN0X2ZvdXIiO047czoyNToiaXNfd2FpdGVyX3JlcXVlc3RfZW5hYmxlZCI7aToxO3M6MzI6ImRlZmF1bHRfdGFibGVfcmVzZXJ2YXRpb25fc3RhdHVzIjtzOjk6IkNvbmZpcm1lZCI7czoxNToiYXBwcm92YWxfc3RhdHVzIjtzOjg6IkFwcHJvdmVkIjtzOjE2OiJyZWplY3Rpb25fcmVhc29uIjtOO3M6MTM6ImZhY2Vib29rX2xpbmsiO047czoxNDoiaW5zdGFncmFtX2xpbmsiO047czoxMjoidHdpdHRlcl9saW5rIjtOO3M6OToieWVscF9saW5rIjtOO3M6MTQ6InRhYmxlX3JlcXVpcmVkIjtpOjA7czoxNDoic2hvd19sb2dvX3RleHQiO2k6MTtzOjEyOiJtZXRhX2tleXdvcmQiO047czoxNjoibWV0YV9kZXNjcmlwdGlvbiI7TjtzOjM0OiJ1cGxvYWRfZmF2X2ljb25fYW5kcm9pZF9jaHJvbWVfMTkyIjtOO3M6MzQ6InVwbG9hZF9mYXZfaWNvbl9hbmRyb2lkX2Nocm9tZV81MTIiO047czozMjoidXBsb2FkX2Zhdl9pY29uX2FwcGxlX3RvdWNoX2ljb24iO047czoxNzoidXBsb2FkX2Zhdmljb25fMTYiO047czoxNzoidXBsb2FkX2Zhdmljb25fMzIiO047czo3OiJmYXZpY29uIjtOO3M6MzY6ImlzX3dhaXRlcl9yZXF1ZXN0X2VuYWJsZWRfb25fZGVza3RvcCI7aToxO3M6MzU6ImlzX3dhaXRlcl9yZXF1ZXN0X2VuYWJsZWRfb25fbW9iaWxlIjtpOjE7czozNjoiaXNfd2FpdGVyX3JlcXVlc3RfZW5hYmxlZF9vcGVuX2J5X3FyIjtpOjA7czoxMToid2VibWFuaWZlc3QiO047czoxNToiZW5hYmxlX3RpcF9zaG9wIjtpOjE7czoxNDoiZW5hYmxlX3RpcF9wb3MiO2k6MTtzOjI1OiJpc19wd2FfaW5zdGFsbF9hbGVydF9zaG93IjtpOjA7czoxOToiYXV0b19jb25maXJtX29yZGVycyI7aTowO31zOjEwOiIAKgBjaGFuZ2VzIjthOjA6e31zOjg6IgAqAGNhc3RzIjthOjY6e3M6MTc6ImxpY2Vuc2VfZXhwaXJlX29uIjtzOjg6ImRhdGV0aW1lIjtzOjE1OiJ0cmlhbF9leHBpcmVfb24iO3M6ODoiZGF0ZXRpbWUiO3M6MTg6ImxpY2Vuc2VfdXBkYXRlZF9hdCI7czo4OiJkYXRldGltZSI7czoyMzoic3Vic2NyaXB0aW9uX3VwZGF0ZWRfYXQiO3M6ODoiZGF0ZXRpbWUiO3M6MTA6ImNyZWF0ZWRfYXQiO3M6ODoiZGF0ZXRpbWUiO3M6MTA6InVwZGF0ZWRfYXQiO3M6ODoiZGF0ZXRpbWUiO31zOjE3OiIAKgBjbGFzc0Nhc3RDYWNoZSI7YTowOnt9czoyMToiACoAYXR0cmlidXRlQ2FzdENhY2hlIjthOjA6e31zOjEzOiIAKgBkYXRlRm9ybWF0IjtOO3M6MTA6IgAqAGFwcGVuZHMiO2E6MTp7aTowO3M6ODoibG9nb191cmwiO31zOjE5OiIAKgBkaXNwYXRjaGVzRXZlbnRzIjthOjA6e31zOjE0OiIAKgBvYnNlcnZhYmxlcyI7YTowOnt9czoxMjoiACoAcmVsYXRpb25zIjthOjA6e31zOjEwOiIAKgB0b3VjaGVzIjthOjA6e31zOjEwOiJ0aW1lc3RhbXBzIjtiOjE7czoxMzoidXNlc1VuaXF1ZUlkcyI7YjowO3M6OToiACoAaGlkZGVuIjthOjA6e31zOjEwOiIAKgB2aXNpYmxlIjthOjA6e31zOjExOiIAKgBmaWxsYWJsZSI7YTowOnt9czoxMDoiACoAZ3VhcmRlZCI7YToxOntpOjA7czoyOiJpZCI7fXM6MTc6ImN1c3RvbWVySXBBZGRyZXNzIjtOO3M6MjQ6ImVzdGltYXRpb25CaWxsaW5nQWRkcmVzcyI7YTowOnt9czoxMzoiY29sbGVjdFRheElkcyI7YjowO3M6ODoiY291cG9uSWQiO047czoxNToicHJvbW90aW9uQ29kZUlkIjtOO3M6MTk6ImFsbG93UHJvbW90aW9uQ29kZXMiO2I6MDt9fXM6MTA6IgAqAHRvdWNoZXMiO2E6MDp7fXM6MTA6InRpbWVzdGFtcHMiO2I6MDtzOjEzOiJ1c2VzVW5pcXVlSWRzIjtiOjA7czo5OiIAKgBoaWRkZW4iO2E6MDp7fXM6MTA6IgAqAHZpc2libGUiO2E6MDp7fXM6MTE6IgAqAGZpbGxhYmxlIjthOjA6e31zOjEwOiIAKgBndWFyZGVkIjthOjE6e2k6MDtzOjE6IioiO319czo4OiJjdXJyZW5jeSI7czozOiLigrkiO3M6NToiaXNSdGwiO2I6MDtzOjE3OiJ0b2RheV9vcmRlcl9jb3VudCI7aToxO3M6Mjg6ImFjdGl2ZV93YWl0ZXJfcmVxdWVzdHNfY291bnQiO2k6MDtzOjE0OiJwdXNoZXJTZXR0aW5ncyI7TzoyNDoiQXBwXE1vZGVsc1xQdXNoZXJTZXR0aW5nIjozMDp7czoxMzoiACoAY29ubmVjdGlvbiI7czo1OiJteXNxbCI7czo4OiIAKgB0YWJsZSI7czoxNToicHVzaGVyX3NldHRpbmdzIjtzOjEzOiIAKgBwcmltYXJ5S2V5IjtzOjI6ImlkIjtzOjEwOiIAKgBrZXlUeXBlIjtzOjM6ImludCI7czoxMjoiaW5jcmVtZW50aW5nIjtiOjE7czo3OiIAKgB3aXRoIjthOjA6e31zOjEyOiIAKgB3aXRoQ291bnQiO2E6MDp7fXM6MTk6InByZXZlbnRzTGF6eUxvYWRpbmciO2I6MDtzOjEwOiIAKgBwZXJQYWdlIjtpOjE1O3M6NjoiZXhpc3RzIjtiOjE7czoxODoid2FzUmVjZW50bHlDcmVhdGVkIjtiOjA7czoyODoiACoAZXNjYXBlV2hlbkNhc3RpbmdUb1N0cmluZyI7YjowO3M6MTM6IgAqAGF0dHJpYnV0ZXMiO2E6Njp7czoyOiJpZCI7aToxO3M6MTM6ImJlYW1lcl9zdGF0dXMiO2k6MDtzOjExOiJpbnN0YW5jZV9pZCI7TjtzOjExOiJiZWFtX3NlY3JldCI7TjtzOjEwOiJjcmVhdGVkX2F0IjtzOjE5OiIyMDI1LTAxLTEwIDAxOjU0OjM0IjtzOjEwOiJ1cGRhdGVkX2F0IjtzOjE5OiIyMDI1LTAxLTEwIDAxOjU0OjM0Ijt9czoxMToiACoAb3JpZ2luYWwiO2E6Njp7czoyOiJpZCI7aToxO3M6MTM6ImJlYW1lcl9zdGF0dXMiO2k6MDtzOjExOiJpbnN0YW5jZV9pZCI7TjtzOjExOiJiZWFtX3NlY3JldCI7TjtzOjEwOiJjcmVhdGVkX2F0IjtzOjE5OiIyMDI1LTAxLTEwIDAxOjU0OjM0IjtzOjEwOiJ1cGRhdGVkX2F0IjtzOjE5OiIyMDI1LTAxLTEwIDAxOjU0OjM0Ijt9czoxMDoiACoAY2hhbmdlcyI7YTowOnt9czo4OiIAKgBjYXN0cyI7YTowOnt9czoxNzoiACoAY2xhc3NDYXN0Q2FjaGUiO2E6MDp7fXM6MjE6IgAqAGF0dHJpYnV0ZUNhc3RDYWNoZSI7YTowOnt9czoxMzoiACoAZGF0ZUZvcm1hdCI7TjtzOjEwOiIAKgBhcHBlbmRzIjthOjA6e31zOjE5OiIAKgBkaXNwYXRjaGVzRXZlbnRzIjthOjA6e31zOjE0OiIAKgBvYnNlcnZhYmxlcyI7YTowOnt9czoxMjoiACoAcmVsYXRpb25zIjthOjA6e31zOjEwOiIAKgB0b3VjaGVzIjthOjA6e31zOjEwOiJ0aW1lc3RhbXBzIjtiOjE7czoxMzoidXNlc1VuaXF1ZUlkcyI7YjowO3M6OToiACoAaGlkZGVuIjthOjA6e31zOjEwOiIAKgB2aXNpYmxlIjthOjA6e31zOjExOiIAKgBmaWxsYWJsZSI7YTowOnt9czoxMDoiACoAZ3VhcmRlZCI7YToxOntpOjA7czoyOiJpZCI7fX1zOjIzOiJjdXJyZW5jeV9mb3JtYXRfc2V0dGluZyI7cjo1OTg7fQ==', 1754827383);
INSERT INTO `sessions` (`id`, `user_id`, `ip_address`, `user_agent`, `payload`, `last_activity`) VALUES
('9UuXwuiw74ZPDQdDOwL6epCRwCmdm7sYlyVuaB9O', 12, '127.0.0.1', 'Mozilla/5.0 (Windows NT 10.0; Win64; x64) AppleWebKit/537.36 (KHTML, like Gecko) Chrome/139.0.0.0 Safari/537.36 Edg/139.0.0.0', 'YToyMzp7czo2OiJfdG9rZW4iO3M6NDA6ImE0VHU4aW5xc2RNaFdWVHJ0cXVGOXJ1bkhQN1owU0o5QldJNkF3d3giO3M6NjoiX2ZsYXNoIjthOjI6e3M6Mzoib2xkIjthOjA6e31zOjM6Im5ldyI7YTowOnt9fXM6MjA6ImNoZWNrX21pZ3JhdGVfc3RhdHVzIjtzOjQ6Ikdvb2QiO3M6NDoidXNlciI7TzoxNToiQXBwXE1vZGVsc1xVc2VyIjozNjp7czoxMzoiACoAY29ubmVjdGlvbiI7czo1OiJteXNxbCI7czo4OiIAKgB0YWJsZSI7czo1OiJ1c2VycyI7czoxMzoiACoAcHJpbWFyeUtleSI7czoyOiJpZCI7czoxMDoiACoAa2V5VHlwZSI7czozOiJpbnQiO3M6MTI6ImluY3JlbWVudGluZyI7YjoxO3M6NzoiACoAd2l0aCI7YTowOnt9czoxMjoiACoAd2l0aENvdW50IjthOjA6e31zOjE5OiJwcmV2ZW50c0xhenlMb2FkaW5nIjtiOjA7czoxMDoiACoAcGVyUGFnZSI7aToxNTtzOjY6ImV4aXN0cyI7YjoxO3M6MTg6Indhc1JlY2VudGx5Q3JlYXRlZCI7YjowO3M6Mjg6IgAqAGVzY2FwZVdoZW5DYXN0aW5nVG9TdHJpbmciO2I6MDtzOjEzOiIAKgBhdHRyaWJ1dGVzIjthOjIyOntzOjI6ImlkIjtpOjEyO3M6MTM6InJlc3RhdXJhbnRfaWQiO2k6NjtzOjk6ImJyYW5jaF9pZCI7aTo3O3M6NDoibmFtZSI7czo5OiJTdGFmZiBPbmUiO3M6NToiZW1haWwiO3M6MTQ6Inplc3RAZ21haWwuY29tIjtzOjEyOiJwaG9uZV9udW1iZXIiO047czoxMDoicGhvbmVfY29kZSI7TjtzOjE3OiJlbWFpbF92ZXJpZmllZF9hdCI7TjtzOjg6InBhc3N3b3JkIjtzOjYwOiIkMnkkMTIkZ0hra1REdHI1R1FEVzJuMlpmZ1BmdTVkTXRKaW50NzdmR3d6QW92VmpKUXR6T3BONkJnNDYiO3M6MTc6InR3b19mYWN0b3Jfc2VjcmV0IjtzOjIyODoiZXlKcGRpSTZJa1l3V0RGVE5IbGlieTlNVTBwMlYzTnZNRXBDV2tFOVBTSXNJblpoYkhWbElqb2lObWxLV0hCU2NsUkpTM0UzVm5OdU1tcHpNekpGZWtkRWFFNUlOblIwU21wQmRXaHdZVzVDYlZwT1ZUMGlMQ0p0WVdNaU9pSTBNR1U1WTJJMFpUZGxaVGhpWm1FNU0yUmlNRE01T0RZeFkyWXpZekJqWWpnM01HSm1Zakl4TWpnNU5qTmpaVEk1T0RCak9XTTBNems1WkRrNFpXUTVJaXdpZEdGbklqb2lJbjA9IjtzOjI1OiJ0d29fZmFjdG9yX3JlY292ZXJ5X2NvZGVzIjtzOjU0NDoiZXlKcGRpSTZJbEZ6SzNGclFqazBlSE53V210bUswdDNTV1JTTjJjOVBTSXNJblpoYkhWbElqb2lNMEpVTlhVcksxaHljamMwYTJGcE0wZHlSVkZaTVdGS2FqWllURkYwZVRKMk5VSTJaVFF2WWxGRFUzTXdORWx2WWxobmFsUk1UemxsYWxkd2QycGlkR0o0Wm1GclZWSktWRzlJTXk5SkwwdHRXbGg2VlVsaFpEQm5ZVUUxU3pVMk5WWlVaMmhOWVRGUFVtOWliRVJCYTNCVk5qaHJOSFk1Vms1RlUxUmxSSFJIYWpkQlFWY3JTbmxsWWxoaWNVbFdhMU5hTDFkYVlsZHVkRFp2U1ZwbGJsVlhaM1k1ZGtoa2R6RlViVU42YW1kSVowNUZjMFkzZFZwaVNHZG9kRGRyYXpkRWMyZE9lR05ET0dSaGJrZHlhVXR3WkdWb1FYbERUbUpXWW13MVYzWktZVVpaYUd3d2NuRTVUWE5vZFVkTlNXY3lhVWxNTUdvMk1WazJhazh5VW1WcVJHRlhhU3RuWVdWemEzQk1ZV3BEVlVsV1RtYzlQU0lzSW0xaFl5STZJakppTldNeU9EWTJaV1EwWWpWbVl6YzFaR0pqWVdGa05UY3dNbVpoTkRnMFlqVmtOR0V4T0RsaU16QXdPRGM0WXpJME1qVTFOR1pqTVRWbE9UUTFaakFpTENKMFlXY2lPaUlpZlE9PSI7czoyMzoidHdvX2ZhY3Rvcl9jb25maXJtZWRfYXQiO047czoxNDoicmVtZW1iZXJfdG9rZW4iO3M6NjA6IlRJbmtYTmVPTmMyRTNGOGVlMWJhT0FnNlppUldHNE5GaVRSeVVVN0g2am5qMTlXZEFrUjBPcVAzbjY5QyI7czoxNToiY3VycmVudF90ZWFtX2lkIjtOO3M6MTg6InByb2ZpbGVfcGhvdG9fcGF0aCI7TjtzOjEwOiJjcmVhdGVkX2F0IjtzOjE5OiIyMDI1LTAxLTE0IDE0OjEwOjU4IjtzOjEwOiJ1cGRhdGVkX2F0IjtzOjE5OiIyMDI1LTA2LTI2IDIxOjU5OjIxIjtzOjY6ImxvY2FsZSI7czoyOiJlbiI7czo5OiJzdHJpcGVfaWQiO047czo3OiJwbV90eXBlIjtOO3M6MTI6InBtX2xhc3RfZm91ciI7TjtzOjEzOiJ0cmlhbF9lbmRzX2F0IjtOO31zOjExOiIAKgBvcmlnaW5hbCI7YToyMjp7czoyOiJpZCI7aToxMjtzOjEzOiJyZXN0YXVyYW50X2lkIjtpOjY7czo5OiJicmFuY2hfaWQiO2k6NztzOjQ6Im5hbWUiO3M6OToiU3RhZmYgT25lIjtzOjU6ImVtYWlsIjtzOjE0OiJ6ZXN0QGdtYWlsLmNvbSI7czoxMjoicGhvbmVfbnVtYmVyIjtOO3M6MTA6InBob25lX2NvZGUiO047czoxNzoiZW1haWxfdmVyaWZpZWRfYXQiO047czo4OiJwYXNzd29yZCI7czo2MDoiJDJ5JDEyJGdIa2tURHRyNUdRRFcybjJaZmdQZnU1ZE10SmludDc3Zkd3ekFvdlZqSlF0ek9wTjZCZzQ2IjtzOjE3OiJ0d29fZmFjdG9yX3NlY3JldCI7czoyMjg6ImV5SnBkaUk2SWtZd1dERlROSGxpYnk5TVUwcDJWM052TUVwQ1drRTlQU0lzSW5aaGJIVmxJam9pTm1sS1dIQlNjbFJKUzNFM1ZuTnVNbXB6TXpKRmVrZEVhRTVJTm5SMFNtcEJkV2h3WVc1Q2JWcE9WVDBpTENKdFlXTWlPaUkwTUdVNVkySTBaVGRsWlRoaVptRTVNMlJpTURNNU9EWXhZMll6WXpCallqZzNNR0ptWWpJeE1qZzVOak5qWlRJNU9EQmpPV00wTXprNVpEazRaV1E1SWl3aWRHRm5Jam9pSW4wPSI7czoyNToidHdvX2ZhY3Rvcl9yZWNvdmVyeV9jb2RlcyI7czo1NDQ6ImV5SnBkaUk2SWxGekszRnJRamswZUhOd1dtdG1LMHQzU1dSU04yYzlQU0lzSW5aaGJIVmxJam9pTTBKVU5YVXJLMWh5Y2pjMGEyRnBNMGR5UlZGWk1XRkthalpZVEZGMGVUSjJOVUkyWlRRdllsRkRVM013TkVsdllsaG5hbFJNVHpsbGFsZHdkMnBpZEdKNFptRnJWVkpLVkc5SU15OUpMMHR0V2xoNlZVbGhaREJuWVVFMVN6VTJOVlpVWjJoTllURlBVbTlpYkVSQmEzQlZOamhyTkhZNVZrNUZVMVJsUkhSSGFqZEJRVmNyU25sbFlsaGljVWxXYTFOYUwxZGFZbGR1ZERadlNWcGxibFZYWjNZNWRraGtkekZVYlVONmFtZElaMDVGYzBZM2RWcGlTR2RvZERkcmF6ZEVjMmRPZUdORE9HUmhia2R5YVV0d1pHVm9RWGxEVG1KV1ltdzFWM1pLWVVaWmFHd3djbkU1VFhOb2RVZE5TV2N5YVVsTU1HbzJNVmsyYWs4eVVtVnFSR0ZYYVN0bllXVnphM0JNWVdwRFZVbFdUbWM5UFNJc0ltMWhZeUk2SWpKaU5XTXlPRFkyWldRMFlqVm1ZemMxWkdKallXRmtOVGN3TW1aaE5EZzBZalZrTkdFeE9EbGlNekF3T0RjNFl6STBNalUxTkdaak1UVmxPVFExWmpBaUxDSjBZV2NpT2lJaWZRPT0iO3M6MjM6InR3b19mYWN0b3JfY29uZmlybWVkX2F0IjtOO3M6MTQ6InJlbWVtYmVyX3Rva2VuIjtzOjYwOiJUSW5rWE5lT05jMkUzRjhlZTFiYU9BZzZaaVJXRzRORmlUUnlVVTdINmpuajE5V2RBa1IwT3FQM242OUMiO3M6MTU6ImN1cnJlbnRfdGVhbV9pZCI7TjtzOjE4OiJwcm9maWxlX3Bob3RvX3BhdGgiO047czoxMDoiY3JlYXRlZF9hdCI7czoxOToiMjAyNS0wMS0xNCAxNDoxMDo1OCI7czoxMDoidXBkYXRlZF9hdCI7czoxOToiMjAyNS0wNi0yNiAyMTo1OToyMSI7czo2OiJsb2NhbGUiO3M6MjoiZW4iO3M6OToic3RyaXBlX2lkIjtOO3M6NzoicG1fdHlwZSI7TjtzOjEyOiJwbV9sYXN0X2ZvdXIiO047czoxMzoidHJpYWxfZW5kc19hdCI7Tjt9czoxMDoiACoAY2hhbmdlcyI7YTowOnt9czoxMToiACoAcHJldmlvdXMiO2E6MDp7fXM6ODoiACoAY2FzdHMiO2E6NDp7czoxNzoiZW1haWxfdmVyaWZpZWRfYXQiO3M6ODoiZGF0ZXRpbWUiO3M6ODoicGFzc3dvcmQiO3M6NjoiaGFzaGVkIjtzOjEzOiJyZXN0YXVyYW50X2lkIjtzOjc6ImludGVnZXIiO3M6OToiYnJhbmNoX2lkIjtzOjc6ImludGVnZXIiO31zOjE3OiIAKgBjbGFzc0Nhc3RDYWNoZSI7YTowOnt9czoyMToiACoAYXR0cmlidXRlQ2FzdENhY2hlIjthOjA6e31zOjEzOiIAKgBkYXRlRm9ybWF0IjtOO3M6MTA6IgAqAGFwcGVuZHMiO2E6MTp7aTowO3M6MTc6InByb2ZpbGVfcGhvdG9fdXJsIjt9czoxOToiACoAZGlzcGF0Y2hlc0V2ZW50cyI7YTowOnt9czoxNDoiACoAb2JzZXJ2YWJsZXMiO2E6MDp7fXM6MTI6IgAqAHJlbGF0aW9ucyI7YTozOntzOjU6InJvbGVzIjtPOjM5OiJJbGx1bWluYXRlXERhdGFiYXNlXEVsb3F1ZW50XENvbGxlY3Rpb24iOjI6e3M6ODoiACoAaXRlbXMiO2E6MTp7aTowO086Mjk6IlNwYXRpZVxQZXJtaXNzaW9uXE1vZGVsc1xSb2xlIjozMzp7czoxMzoiACoAY29ubmVjdGlvbiI7czo1OiJteXNxbCI7czo4OiIAKgB0YWJsZSI7czo1OiJyb2xlcyI7czoxMzoiACoAcHJpbWFyeUtleSI7czoyOiJpZCI7czoxMDoiACoAa2V5VHlwZSI7czozOiJpbnQiO3M6MTI6ImluY3JlbWVudGluZyI7YjoxO3M6NzoiACoAd2l0aCI7YTowOnt9czoxMjoiACoAd2l0aENvdW50IjthOjA6e31zOjE5OiJwcmV2ZW50c0xhenlMb2FkaW5nIjtiOjA7czoxMDoiACoAcGVyUGFnZSI7aToxNTtzOjY6ImV4aXN0cyI7YjoxO3M6MTg6Indhc1JlY2VudGx5Q3JlYXRlZCI7YjowO3M6Mjg6IgAqAGVzY2FwZVdoZW5DYXN0aW5nVG9TdHJpbmciO2I6MDtzOjEzOiIAKgBhdHRyaWJ1dGVzIjthOjc6e3M6MjoiaWQiO2k6MTQ7czo0OiJuYW1lIjtzOjc6IkFkbWluXzYiO3M6MTI6ImRpc3BsYXlfbmFtZSI7czo1OiJBZG1pbiI7czoxMDoiZ3VhcmRfbmFtZSI7czozOiJ3ZWIiO3M6MTA6ImNyZWF0ZWRfYXQiO3M6MTk6IjIwMjUtMDEtMjEgMTc6NTA6MzQiO3M6MTA6InVwZGF0ZWRfYXQiO3M6MTk6IjIwMjUtMDEtMjEgMTc6NTA6MzQiO3M6MTM6InJlc3RhdXJhbnRfaWQiO2k6Njt9czoxMToiACoAb3JpZ2luYWwiO2E6MTA6e3M6MjoiaWQiO2k6MTQ7czo0OiJuYW1lIjtzOjc6IkFkbWluXzYiO3M6MTI6ImRpc3BsYXlfbmFtZSI7czo1OiJBZG1pbiI7czoxMDoiZ3VhcmRfbmFtZSI7czozOiJ3ZWIiO3M6MTA6ImNyZWF0ZWRfYXQiO3M6MTk6IjIwMjUtMDEtMjEgMTc6NTA6MzQiO3M6MTA6InVwZGF0ZWRfYXQiO3M6MTk6IjIwMjUtMDEtMjEgMTc6NTA6MzQiO3M6MTM6InJlc3RhdXJhbnRfaWQiO2k6NjtzOjE0OiJwaXZvdF9tb2RlbF9pZCI7aToxMjtzOjEzOiJwaXZvdF9yb2xlX2lkIjtpOjE0O3M6MTY6InBpdm90X21vZGVsX3R5cGUiO3M6MTU6IkFwcFxNb2RlbHNcVXNlciI7fXM6MTA6IgAqAGNoYW5nZXMiO2E6MDp7fXM6MTE6IgAqAHByZXZpb3VzIjthOjA6e31zOjg6IgAqAGNhc3RzIjthOjA6e31zOjE3OiIAKgBjbGFzc0Nhc3RDYWNoZSI7YTowOnt9czoyMToiACoAYXR0cmlidXRlQ2FzdENhY2hlIjthOjA6e31zOjEzOiIAKgBkYXRlRm9ybWF0IjtOO3M6MTA6IgAqAGFwcGVuZHMiO2E6MDp7fXM6MTk6IgAqAGRpc3BhdGNoZXNFdmVudHMiO2E6MDp7fXM6MTQ6IgAqAG9ic2VydmFibGVzIjthOjA6e31zOjEyOiIAKgByZWxhdGlvbnMiO2E6MTp7czo1OiJwaXZvdCI7Tzo0OToiSWxsdW1pbmF0ZVxEYXRhYmFzZVxFbG9xdWVudFxSZWxhdGlvbnNcTW9ycGhQaXZvdCI6Mzk6e3M6MTM6IgAqAGNvbm5lY3Rpb24iO3M6NToibXlzcWwiO3M6ODoiACoAdGFibGUiO3M6MTU6Im1vZGVsX2hhc19yb2xlcyI7czoxMzoiACoAcHJpbWFyeUtleSI7czoyOiJpZCI7czoxMDoiACoAa2V5VHlwZSI7czozOiJpbnQiO3M6MTI6ImluY3JlbWVudGluZyI7YjowO3M6NzoiACoAd2l0aCI7YTowOnt9czoxMjoiACoAd2l0aENvdW50IjthOjA6e31zOjE5OiJwcmV2ZW50c0xhenlMb2FkaW5nIjtiOjA7czoxMDoiACoAcGVyUGFnZSI7aToxNTtzOjY6ImV4aXN0cyI7YjoxO3M6MTg6Indhc1JlY2VudGx5Q3JlYXRlZCI7YjowO3M6Mjg6IgAqAGVzY2FwZVdoZW5DYXN0aW5nVG9TdHJpbmciO2I6MDtzOjEzOiIAKgBhdHRyaWJ1dGVzIjthOjM6e3M6MTA6Im1vZGVsX3R5cGUiO3M6MTU6IkFwcFxNb2RlbHNcVXNlciI7czo4OiJtb2RlbF9pZCI7aToxMjtzOjc6InJvbGVfaWQiO2k6MTQ7fXM6MTE6IgAqAG9yaWdpbmFsIjthOjM6e3M6MTA6Im1vZGVsX3R5cGUiO3M6MTU6IkFwcFxNb2RlbHNcVXNlciI7czo4OiJtb2RlbF9pZCI7aToxMjtzOjc6InJvbGVfaWQiO2k6MTQ7fXM6MTA6IgAqAGNoYW5nZXMiO2E6MDp7fXM6MTE6IgAqAHByZXZpb3VzIjthOjA6e31zOjg6IgAqAGNhc3RzIjthOjA6e31zOjE3OiIAKgBjbGFzc0Nhc3RDYWNoZSI7YTowOnt9czoyMToiACoAYXR0cmlidXRlQ2FzdENhY2hlIjthOjA6e31zOjEzOiIAKgBkYXRlRm9ybWF0IjtOO3M6MTA6IgAqAGFwcGVuZHMiO2E6MDp7fXM6MTk6IgAqAGRpc3BhdGNoZXNFdmVudHMiO2E6MDp7fXM6MTQ6IgAqAG9ic2VydmFibGVzIjthOjA6e31zOjEyOiIAKgByZWxhdGlvbnMiO2E6MDp7fXM6MTA6IgAqAHRvdWNoZXMiO2E6MDp7fXM6Mjc6IgAqAHJlbGF0aW9uQXV0b2xvYWRDYWxsYmFjayI7TjtzOjI2OiIAKgByZWxhdGlvbkF1dG9sb2FkQ29udGV4dCI7TjtzOjEwOiJ0aW1lc3RhbXBzIjtiOjA7czoxMzoidXNlc1VuaXF1ZUlkcyI7YjowO3M6OToiACoAaGlkZGVuIjthOjA6e31zOjEwOiIAKgB2aXNpYmxlIjthOjA6e31zOjExOiIAKgBmaWxsYWJsZSI7YTowOnt9czoxMDoiACoAZ3VhcmRlZCI7YTowOnt9czoxMToicGl2b3RQYXJlbnQiO086MTU6IkFwcFxNb2RlbHNcVXNlciI6MzY6e3M6MTM6IgAqAGNvbm5lY3Rpb24iO3M6NToibXlzcWwiO3M6ODoiACoAdGFibGUiO3M6NToidXNlcnMiO3M6MTM6IgAqAHByaW1hcnlLZXkiO3M6MjoiaWQiO3M6MTA6IgAqAGtleVR5cGUiO3M6MzoiaW50IjtzOjEyOiJpbmNyZW1lbnRpbmciO2I6MTtzOjc6IgAqAHdpdGgiO2E6MDp7fXM6MTI6IgAqAHdpdGhDb3VudCI7YTowOnt9czoxOToicHJldmVudHNMYXp5TG9hZGluZyI7YjowO3M6MTA6IgAqAHBlclBhZ2UiO2k6MTU7czo2OiJleGlzdHMiO2I6MDtzOjE4OiJ3YXNSZWNlbnRseUNyZWF0ZWQiO2I6MDtzOjI4OiIAKgBlc2NhcGVXaGVuQ2FzdGluZ1RvU3RyaW5nIjtiOjA7czoxMzoiACoAYXR0cmlidXRlcyI7YTowOnt9czoxMToiACoAb3JpZ2luYWwiO2E6MDp7fXM6MTA6IgAqAGNoYW5nZXMiO2E6MDp7fXM6MTE6IgAqAHByZXZpb3VzIjthOjA6e31zOjg6IgAqAGNhc3RzIjthOjQ6e3M6MTc6ImVtYWlsX3ZlcmlmaWVkX2F0IjtzOjg6ImRhdGV0aW1lIjtzOjg6InBhc3N3b3JkIjtzOjY6Imhhc2hlZCI7czoxMzoicmVzdGF1cmFudF9pZCI7czo3OiJpbnRlZ2VyIjtzOjk6ImJyYW5jaF9pZCI7czo3OiJpbnRlZ2VyIjt9czoxNzoiACoAY2xhc3NDYXN0Q2FjaGUiO2E6MDp7fXM6MjE6IgAqAGF0dHJpYnV0ZUNhc3RDYWNoZSI7YTowOnt9czoxMzoiACoAZGF0ZUZvcm1hdCI7TjtzOjEwOiIAKgBhcHBlbmRzIjthOjE6e2k6MDtzOjE3OiJwcm9maWxlX3Bob3RvX3VybCI7fXM6MTk6IgAqAGRpc3BhdGNoZXNFdmVudHMiO2E6MDp7fXM6MTQ6IgAqAG9ic2VydmFibGVzIjthOjA6e31zOjEyOiIAKgByZWxhdGlvbnMiO2E6MDp7fXM6MTA6IgAqAHRvdWNoZXMiO2E6MDp7fXM6Mjc6IgAqAHJlbGF0aW9uQXV0b2xvYWRDYWxsYmFjayI7TjtzOjI2OiIAKgByZWxhdGlvbkF1dG9sb2FkQ29udGV4dCI7TjtzOjEwOiJ0aW1lc3RhbXBzIjtiOjE7czoxMzoidXNlc1VuaXF1ZUlkcyI7YjowO3M6OToiACoAaGlkZGVuIjthOjQ6e2k6MDtzOjg6InBhc3N3b3JkIjtpOjE7czoxNDoicmVtZW1iZXJfdG9rZW4iO2k6MjtzOjI1OiJ0d29fZmFjdG9yX3JlY292ZXJ5X2NvZGVzIjtpOjM7czoxNzoidHdvX2ZhY3Rvcl9zZWNyZXQiO31zOjEwOiIAKgB2aXNpYmxlIjthOjA6e31zOjExOiIAKgBmaWxsYWJsZSI7YTo4OntpOjA7czo0OiJuYW1lIjtpOjE7czo1OiJlbWFpbCI7aToyO3M6ODoicGFzc3dvcmQiO2k6MztzOjk6ImJyYW5jaF9pZCI7aTo0O3M6MTM6InJlc3RhdXJhbnRfaWQiO2k6NTtzOjY6ImxvY2FsZSI7aTo2O3M6MTI6InBob25lX251bWJlciI7aTo3O3M6MTA6InBob25lX2NvZGUiO31zOjEwOiIAKgBndWFyZGVkIjthOjE6e2k6MDtzOjE6IioiO31zOjE5OiIAKgBhdXRoUGFzc3dvcmROYW1lIjtzOjg6InBhc3N3b3JkIjtzOjIwOiIAKgByZW1lbWJlclRva2VuTmFtZSI7czoxNDoicmVtZW1iZXJfdG9rZW4iO3M6MTQ6IgAqAGFjY2Vzc1Rva2VuIjtOO31zOjEyOiJwaXZvdFJlbGF0ZWQiO086Mjk6IlNwYXRpZVxQZXJtaXNzaW9uXE1vZGVsc1xSb2xlIjozMzp7czoxMzoiACoAY29ubmVjdGlvbiI7czo1OiJteXNxbCI7czo4OiIAKgB0YWJsZSI7czo1OiJyb2xlcyI7czoxMzoiACoAcHJpbWFyeUtleSI7czoyOiJpZCI7czoxMDoiACoAa2V5VHlwZSI7czozOiJpbnQiO3M6MTI6ImluY3JlbWVudGluZyI7YjoxO3M6NzoiACoAd2l0aCI7YTowOnt9czoxMjoiACoAd2l0aENvdW50IjthOjA6e31zOjE5OiJwcmV2ZW50c0xhenlMb2FkaW5nIjtiOjA7czoxMDoiACoAcGVyUGFnZSI7aToxNTtzOjY6ImV4aXN0cyI7YjowO3M6MTg6Indhc1JlY2VudGx5Q3JlYXRlZCI7YjowO3M6Mjg6IgAqAGVzY2FwZVdoZW5DYXN0aW5nVG9TdHJpbmciO2I6MDtzOjEzOiIAKgBhdHRyaWJ1dGVzIjthOjE6e3M6MTA6Imd1YXJkX25hbWUiO3M6Mzoid2ViIjt9czoxMToiACoAb3JpZ2luYWwiO2E6MDp7fXM6MTA6IgAqAGNoYW5nZXMiO2E6MDp7fXM6MTE6IgAqAHByZXZpb3VzIjthOjA6e31zOjg6IgAqAGNhc3RzIjthOjA6e31zOjE3OiIAKgBjbGFzc0Nhc3RDYWNoZSI7YTowOnt9czoyMToiACoAYXR0cmlidXRlQ2FzdENhY2hlIjthOjA6e31zOjEzOiIAKgBkYXRlRm9ybWF0IjtOO3M6MTA6IgAqAGFwcGVuZHMiO2E6MDp7fXM6MTk6IgAqAGRpc3BhdGNoZXNFdmVudHMiO2E6MDp7fXM6MTQ6IgAqAG9ic2VydmFibGVzIjthOjA6e31zOjEyOiIAKgByZWxhdGlvbnMiO2E6MDp7fXM6MTA6IgAqAHRvdWNoZXMiO2E6MDp7fXM6Mjc6IgAqAHJlbGF0aW9uQXV0b2xvYWRDYWxsYmFjayI7TjtzOjI2OiIAKgByZWxhdGlvbkF1dG9sb2FkQ29udGV4dCI7TjtzOjEwOiJ0aW1lc3RhbXBzIjtiOjE7czoxMzoidXNlc1VuaXF1ZUlkcyI7YjowO3M6OToiACoAaGlkZGVuIjthOjA6e31zOjEwOiIAKgB2aXNpYmxlIjthOjA6e31zOjExOiIAKgBmaWxsYWJsZSI7YTowOnt9czoxMDoiACoAZ3VhcmRlZCI7YToxOntpOjA7czoyOiJpZCI7fX1zOjEzOiIAKgBmb3JlaWduS2V5IjtzOjg6Im1vZGVsX2lkIjtzOjEzOiIAKgByZWxhdGVkS2V5IjtzOjc6InJvbGVfaWQiO3M6MTI6IgAqAG1vcnBoVHlwZSI7czoxMDoibW9kZWxfdHlwZSI7czoxMzoiACoAbW9ycGhDbGFzcyI7czoxNToiQXBwXE1vZGVsc1xVc2VyIjt9fXM6MTA6IgAqAHRvdWNoZXMiO2E6MDp7fXM6Mjc6IgAqAHJlbGF0aW9uQXV0b2xvYWRDYWxsYmFjayI7TjtzOjI2OiIAKgByZWxhdGlvbkF1dG9sb2FkQ29udGV4dCI7TjtzOjEwOiJ0aW1lc3RhbXBzIjtiOjE7czoxMzoidXNlc1VuaXF1ZUlkcyI7YjowO3M6OToiACoAaGlkZGVuIjthOjA6e31zOjEwOiIAKgB2aXNpYmxlIjthOjA6e31zOjExOiIAKgBmaWxsYWJsZSI7YTowOnt9czoxMDoiACoAZ3VhcmRlZCI7YToxOntpOjA7czoyOiJpZCI7fX19czoyODoiACoAZXNjYXBlV2hlbkNhc3RpbmdUb1N0cmluZyI7YjowO31zOjEwOiJyZXN0YXVyYW50IjtPOjIxOiJBcHBcTW9kZWxzXFJlc3RhdXJhbnQiOjM5OntzOjEzOiIAKgBjb25uZWN0aW9uIjtzOjU6Im15c3FsIjtzOjg6IgAqAHRhYmxlIjtzOjExOiJyZXN0YXVyYW50cyI7czoxMzoiACoAcHJpbWFyeUtleSI7czoyOiJpZCI7czoxMDoiACoAa2V5VHlwZSI7czozOiJpbnQiO3M6MTI6ImluY3JlbWVudGluZyI7YjoxO3M6NzoiACoAd2l0aCI7YTowOnt9czoxMjoiACoAd2l0aENvdW50IjthOjA6e31zOjE5OiJwcmV2ZW50c0xhenlMb2FkaW5nIjtiOjA7czoxMDoiACoAcGVyUGFnZSI7aToxNTtzOjY6ImV4aXN0cyI7YjoxO3M6MTg6Indhc1JlY2VudGx5Q3JlYXRlZCI7YjowO3M6Mjg6IgAqAGVzY2FwZVdoZW5DYXN0aW5nVG9TdHJpbmciO2I6MDtzOjEzOiIAKgBhdHRyaWJ1dGVzIjthOjY1OntzOjI6ImlkIjtpOjY7czo0OiJuYW1lIjtzOjE0OiJUaGUgWmVzdCAtIFBTSyI7czo0OiJoYXNoIjtzOjEyOiJ0aGUtemVzdC1wc2siO3M6NzoiYWRkcmVzcyI7czo3MDoiMTQsIERpc3RyaWN0IENlbnRyZSwgVmlrYXMgTWFyZywgTGF4bWkgTmFnYXIsIE5ldyBEZWxoaSwgRGVsaGksIDExMDA5MiI7czoxMjoicGhvbmVfbnVtYmVyIjtpOjgxMzA2NjAwNjA7czoxMDoicGhvbmVfY29kZSI7aTo5MTtzOjU6ImVtYWlsIjtzOjE0OiJ6ZXN0QGdtYWlsLmNvbSI7czo4OiJ0aW1lem9uZSI7czoxMjoiQXNpYS9Lb2xrYXRhIjtzOjk6InRoZW1lX2hleCI7czo3OiIjN0MzQUVEIjtzOjk6InRoZW1lX3JnYiI7czoxMjoiMTI0LCA1OCwgMjM3IjtzOjQ6ImxvZ28iO047czoxMDoiY291bnRyeV9pZCI7aToxMDM7czoxNToiaGlkZV9uZXdfb3JkZXJzIjtpOjA7czoyMToiaGlkZV9uZXdfcmVzZXJ2YXRpb25zIjtpOjA7czoyMzoiaGlkZV9uZXdfd2FpdGVyX3JlcXVlc3QiO2k6MDtzOjExOiJjdXJyZW5jeV9pZCI7aToyMTtzOjEyOiJsaWNlbnNlX3R5cGUiO3M6NDoiZnJlZSI7czo5OiJpc19hY3RpdmUiO2k6MTtzOjEwOiJjcmVhdGVkX2F0IjtzOjE5OiIyMDI1LTAxLTE0IDE0OjEwOjU3IjtzOjEwOiJ1cGRhdGVkX2F0IjtzOjE5OiIyMDI1LTA4LTEwIDE1OjI3OjI5IjtzOjIzOiJjdXN0b21lcl9sb2dpbl9yZXF1aXJlZCI7aTowO3M6ODoiYWJvdXRfdXMiO047czozMDoiYWxsb3dfY3VzdG9tZXJfZGVsaXZlcnlfb3JkZXJzIjtpOjA7czoyODoiYWxsb3dfY3VzdG9tZXJfcGlja3VwX29yZGVycyI7aTowO3M6MjE6ImFsbG93X2N1c3RvbWVyX29yZGVycyI7aTowO3M6MjA6ImFsbG93X2RpbmVfaW5fb3JkZXJzIjtpOjE7czoxMDoicGFja2FnZV9pZCI7aTo3O3M6MTI6InBhY2thZ2VfdHlwZSI7czo3OiJtb250aGx5IjtzOjY6InN0YXR1cyI7czo2OiJhY3RpdmUiO3M6MTc6ImxpY2Vuc2VfZXhwaXJlX29uIjtzOjE5OiIyMDI2LTA3LTAxIDAwOjAwOjAwIjtzOjEzOiJ0cmlhbF9lbmRzX2F0IjtOO3M6MTg6ImxpY2Vuc2VfdXBkYXRlZF9hdCI7czoxOToiMjAyNS0wMS0yMSAwMDowMDowMCI7czoyMzoic3Vic2NyaXB0aW9uX3VwZGF0ZWRfYXQiO3M6MTk6IjIwMjUtMDEtMTQgMTQ6MTA6NTciO3M6OToic3RyaXBlX2lkIjtOO3M6NzoicG1fdHlwZSI7TjtzOjEyOiJwbV9sYXN0X2ZvdXIiO047czoyNToiaXNfd2FpdGVyX3JlcXVlc3RfZW5hYmxlZCI7aToxO3M6MzI6ImRlZmF1bHRfdGFibGVfcmVzZXJ2YXRpb25fc3RhdHVzIjtzOjk6IkNvbmZpcm1lZCI7czoxNToiYXBwcm92YWxfc3RhdHVzIjtzOjg6IkFwcHJvdmVkIjtzOjE2OiJyZWplY3Rpb25fcmVhc29uIjtOO3M6MTM6ImZhY2Vib29rX2xpbmsiO047czoxNDoiaW5zdGFncmFtX2xpbmsiO047czoxMjoidHdpdHRlcl9saW5rIjtOO3M6OToieWVscF9saW5rIjtOO3M6MTQ6InRhYmxlX3JlcXVpcmVkIjtpOjA7czoxNDoic2hvd19sb2dvX3RleHQiO2k6MTtzOjEyOiJtZXRhX2tleXdvcmQiO047czoxNjoibWV0YV9kZXNjcmlwdGlvbiI7TjtzOjM0OiJ1cGxvYWRfZmF2X2ljb25fYW5kcm9pZF9jaHJvbWVfMTkyIjtOO3M6MzQ6InVwbG9hZF9mYXZfaWNvbl9hbmRyb2lkX2Nocm9tZV81MTIiO047czozMjoidXBsb2FkX2Zhdl9pY29uX2FwcGxlX3RvdWNoX2ljb24iO047czoxNzoidXBsb2FkX2Zhdmljb25fMTYiO047czoxNzoidXBsb2FkX2Zhdmljb25fMzIiO047czo3OiJmYXZpY29uIjtOO3M6MzY6ImlzX3dhaXRlcl9yZXF1ZXN0X2VuYWJsZWRfb25fZGVza3RvcCI7aToxO3M6MzU6ImlzX3dhaXRlcl9yZXF1ZXN0X2VuYWJsZWRfb25fbW9iaWxlIjtpOjE7czozNjoiaXNfd2FpdGVyX3JlcXVlc3RfZW5hYmxlZF9vcGVuX2J5X3FyIjtpOjA7czoxMToid2VibWFuaWZlc3QiO047czoxNToiZW5hYmxlX3RpcF9zaG9wIjtpOjE7czoxNDoiZW5hYmxlX3RpcF9wb3MiO2k6MTtzOjI1OiJpc19wd2FfaW5zdGFsbF9hbGVydF9zaG93IjtpOjA7czoxOToiYXV0b19jb25maXJtX29yZGVycyI7aTowO3M6ODoidGF4X21vZGUiO3M6NToib3JkZXIiO3M6MTM6InRheF9pbmNsdXNpdmUiO2k6MDtzOjIyOiJjdXN0b21lcl9zaXRlX2xhbmd1YWdlIjtOO31zOjExOiIAKgBvcmlnaW5hbCI7YTo2NTp7czoyOiJpZCI7aTo2O3M6NDoibmFtZSI7czoxNDoiVGhlIFplc3QgLSBQU0siO3M6NDoiaGFzaCI7czoxMjoidGhlLXplc3QtcHNrIjtzOjc6ImFkZHJlc3MiO3M6NzA6IjE0LCBEaXN0cmljdCBDZW50cmUsIFZpa2FzIE1hcmcsIExheG1pIE5hZ2FyLCBOZXcgRGVsaGksIERlbGhpLCAxMTAwOTIiO3M6MTI6InBob25lX251bWJlciI7czoxMDoiODEzMDY2MDA2MCI7czoxMDoicGhvbmVfY29kZSI7czoyOiI5MSI7czo1OiJlbWFpbCI7czoxNDoiemVzdEBnbWFpbC5jb20iO3M6ODoidGltZXpvbmUiO3M6MTI6IkFzaWEvS29sa2F0YSI7czo5OiJ0aGVtZV9oZXgiO3M6NzoiIzdDM0FFRCI7czo5OiJ0aGVtZV9yZ2IiO3M6MTI6IjEyNCwgNTgsIDIzNyI7czo0OiJsb2dvIjtOO3M6MTA6ImNvdW50cnlfaWQiO2k6MTAzO3M6MTU6ImhpZGVfbmV3X29yZGVycyI7aTowO3M6MjE6ImhpZGVfbmV3X3Jlc2VydmF0aW9ucyI7aTowO3M6MjM6ImhpZGVfbmV3X3dhaXRlcl9yZXF1ZXN0IjtpOjA7czoxMToiY3VycmVuY3lfaWQiO2k6MjE7czoxMjoibGljZW5zZV90eXBlIjtzOjQ6ImZyZWUiO3M6OToiaXNfYWN0aXZlIjtpOjE7czoxMDoiY3JlYXRlZF9hdCI7czoxOToiMjAyNS0wMS0xNCAxNDoxMDo1NyI7czoxMDoidXBkYXRlZF9hdCI7czoxOToiMjAyNS0wOC0xMCAxNToyNzoyOSI7czoyMzoiY3VzdG9tZXJfbG9naW5fcmVxdWlyZWQiO2k6MDtzOjg6ImFib3V0X3VzIjtOO3M6MzA6ImFsbG93X2N1c3RvbWVyX2RlbGl2ZXJ5X29yZGVycyI7aTowO3M6Mjg6ImFsbG93X2N1c3RvbWVyX3BpY2t1cF9vcmRlcnMiO2k6MDtzOjIxOiJhbGxvd19jdXN0b21lcl9vcmRlcnMiO2k6MDtzOjIwOiJhbGxvd19kaW5lX2luX29yZGVycyI7aToxO3M6MTA6InBhY2thZ2VfaWQiO2k6NztzOjEyOiJwYWNrYWdlX3R5cGUiO3M6NzoibW9udGhseSI7czo2OiJzdGF0dXMiO3M6NjoiYWN0aXZlIjtzOjE3OiJsaWNlbnNlX2V4cGlyZV9vbiI7czoxOToiMjAyNi0wNy0wMSAwMDowMDowMCI7czoxMzoidHJpYWxfZW5kc19hdCI7TjtzOjE4OiJsaWNlbnNlX3VwZGF0ZWRfYXQiO3M6MTk6IjIwMjUtMDEtMjEgMDA6MDA6MDAiO3M6MjM6InN1YnNjcmlwdGlvbl91cGRhdGVkX2F0IjtzOjE5OiIyMDI1LTAxLTE0IDE0OjEwOjU3IjtzOjk6InN0cmlwZV9pZCI7TjtzOjc6InBtX3R5cGUiO047czoxMjoicG1fbGFzdF9mb3VyIjtOO3M6MjU6ImlzX3dhaXRlcl9yZXF1ZXN0X2VuYWJsZWQiO2k6MTtzOjMyOiJkZWZhdWx0X3RhYmxlX3Jlc2VydmF0aW9uX3N0YXR1cyI7czo5OiJDb25maXJtZWQiO3M6MTU6ImFwcHJvdmFsX3N0YXR1cyI7czo4OiJBcHByb3ZlZCI7czoxNjoicmVqZWN0aW9uX3JlYXNvbiI7TjtzOjEzOiJmYWNlYm9va19saW5rIjtOO3M6MTQ6Imluc3RhZ3JhbV9saW5rIjtOO3M6MTI6InR3aXR0ZXJfbGluayI7TjtzOjk6InllbHBfbGluayI7TjtzOjE0OiJ0YWJsZV9yZXF1aXJlZCI7aTowO3M6MTQ6InNob3dfbG9nb190ZXh0IjtpOjE7czoxMjoibWV0YV9rZXl3b3JkIjtOO3M6MTY6Im1ldGFfZGVzY3JpcHRpb24iO047czozNDoidXBsb2FkX2Zhdl9pY29uX2FuZHJvaWRfY2hyb21lXzE5MiI7TjtzOjM0OiJ1cGxvYWRfZmF2X2ljb25fYW5kcm9pZF9jaHJvbWVfNTEyIjtOO3M6MzI6InVwbG9hZF9mYXZfaWNvbl9hcHBsZV90b3VjaF9pY29uIjtOO3M6MTc6InVwbG9hZF9mYXZpY29uXzE2IjtOO3M6MTc6InVwbG9hZF9mYXZpY29uXzMyIjtOO3M6NzoiZmF2aWNvbiI7TjtzOjM2OiJpc193YWl0ZXJfcmVxdWVzdF9lbmFibGVkX29uX2Rlc2t0b3AiO2k6MTtzOjM1OiJpc193YWl0ZXJfcmVxdWVzdF9lbmFibGVkX29uX21vYmlsZSI7aToxO3M6MzY6ImlzX3dhaXRlcl9yZXF1ZXN0X2VuYWJsZWRfb3Blbl9ieV9xciI7aTowO3M6MTE6IndlYm1hbmlmZXN0IjtOO3M6MTU6ImVuYWJsZV90aXBfc2hvcCI7aToxO3M6MTQ6ImVuYWJsZV90aXBfcG9zIjtpOjE7czoyNToiaXNfcHdhX2luc3RhbGxfYWxlcnRfc2hvdyI7aTowO3M6MTk6ImF1dG9fY29uZmlybV9vcmRlcnMiO2k6MDtzOjg6InRheF9tb2RlIjtzOjU6Im9yZGVyIjtzOjEzOiJ0YXhfaW5jbHVzaXZlIjtpOjA7czoyMjoiY3VzdG9tZXJfc2l0ZV9sYW5ndWFnZSI7Tjt9czoxMDoiACoAY2hhbmdlcyI7YTowOnt9czoxMToiACoAcHJldmlvdXMiO2E6MDp7fXM6ODoiACoAY2FzdHMiO2E6Njp7czoxNzoibGljZW5zZV9leHBpcmVfb24iO3M6ODoiZGF0ZXRpbWUiO3M6MTU6InRyaWFsX2V4cGlyZV9vbiI7czo4OiJkYXRldGltZSI7czoxODoibGljZW5zZV91cGRhdGVkX2F0IjtzOjg6ImRhdGV0aW1lIjtzOjIzOiJzdWJzY3JpcHRpb25fdXBkYXRlZF9hdCI7czo4OiJkYXRldGltZSI7czoxMDoiY3JlYXRlZF9hdCI7czo4OiJkYXRldGltZSI7czoxMDoidXBkYXRlZF9hdCI7czo4OiJkYXRldGltZSI7fXM6MTc6IgAqAGNsYXNzQ2FzdENhY2hlIjthOjA6e31zOjIxOiIAKgBhdHRyaWJ1dGVDYXN0Q2FjaGUiO2E6MDp7fXM6MTM6IgAqAGRhdGVGb3JtYXQiO047czoxMDoiACoAYXBwZW5kcyI7YToxOntpOjA7czo4OiJsb2dvX3VybCI7fXM6MTk6IgAqAGRpc3BhdGNoZXNFdmVudHMiO2E6MDp7fXM6MTQ6IgAqAG9ic2VydmFibGVzIjthOjA6e31zOjEyOiIAKgByZWxhdGlvbnMiO2E6MTp7czo4OiJicmFuY2hlcyI7TzozOToiSWxsdW1pbmF0ZVxEYXRhYmFzZVxFbG9xdWVudFxDb2xsZWN0aW9uIjoyOntzOjg6IgAqAGl0ZW1zIjthOjE6e2k6MDtPOjE3OiJBcHBcTW9kZWxzXEJyYW5jaCI6MzM6e3M6MTM6IgAqAGNvbm5lY3Rpb24iO3M6NToibXlzcWwiO3M6ODoiACoAdGFibGUiO3M6ODoiYnJhbmNoZXMiO3M6MTM6IgAqAHByaW1hcnlLZXkiO3M6MjoiaWQiO3M6MTA6IgAqAGtleVR5cGUiO3M6MzoiaW50IjtzOjEyOiJpbmNyZW1lbnRpbmciO2I6MTtzOjc6IgAqAHdpdGgiO2E6MDp7fXM6MTI6IgAqAHdpdGhDb3VudCI7YTowOnt9czoxOToicHJldmVudHNMYXp5TG9hZGluZyI7YjowO3M6MTA6IgAqAHBlclBhZ2UiO2k6MTU7czo2OiJleGlzdHMiO2I6MTtzOjE4OiJ3YXNSZWNlbnRseUNyZWF0ZWQiO2I6MDtzOjI4OiIAKgBlc2NhcGVXaGVuQ2FzdGluZ1RvU3RyaW5nIjtiOjA7czoxMzoiACoAYXR0cmlidXRlcyI7YToxOTp7czoyOiJpZCI7aTo3O3M6MTE6InVuaXF1ZV9oYXNoIjtOO3M6MTM6InJlc3RhdXJhbnRfaWQiO2k6NjtzOjQ6Im5hbWUiO3M6MTc6IlBTSyAtIExheG1pIE5hZ2FyIjtzOjE4OiJjbG9uZWRfYnJhbmNoX25hbWUiO047czoxNjoiY2xvbmVkX2JyYW5jaF9pZCI7TjtzOjEzOiJpc19tZW51X2Nsb25lIjtpOjA7czoyNDoiaXNfaXRlbV9jYXRlZ29yaWVzX2Nsb25lIjtpOjA7czoxOToiaXNfbWVudV9pdGVtc19jbG9uZSI7aTowO3M6MjM6ImlzX2l0ZW1fbW9kaWZpZXJzX2Nsb25lIjtpOjA7czoyOToiaXNfY2xvbmVfcmVzZXJ2YXRpb25fc2V0dGluZ3MiO2k6MDtzOjI2OiJpc19jbG9uZV9kZWxpdmVyeV9zZXR0aW5ncyI7aTowO3M6MjA6ImlzX2Nsb25lX2tvdF9zZXR0aW5nIjtpOjA7czoyNToiaXNfbW9kaWZpZXJzX2dyb3Vwc19jbG9uZSI7aTowO3M6NzoiYWRkcmVzcyI7czo3MDoiMTQsIERpc3RyaWN0IENlbnRyZSwgVmlrYXMgTWFyZywgTGF4bWkgTmFnYXIsIE5ldyBEZWxoaSwgRGVsaGksIDExMDA5MiI7czoxMDoiY3JlYXRlZF9hdCI7czoxOToiMjAyNS0wMS0xNCAxNDoxMDo1NyI7czoxMDoidXBkYXRlZF9hdCI7czoxOToiMjAyNS0wNi0xMSAwODo0OTo1NiI7czozOiJsYXQiO3M6MTA6IjI2LjkxMjUwMDAiO3M6MzoibG5nIjtzOjEwOiI3NS43ODc1MDAwIjt9czoxMToiACoAb3JpZ2luYWwiO2E6MTk6e3M6MjoiaWQiO2k6NztzOjExOiJ1bmlxdWVfaGFzaCI7TjtzOjEzOiJyZXN0YXVyYW50X2lkIjtpOjY7czo0OiJuYW1lIjtzOjE3OiJQU0sgLSBMYXhtaSBOYWdhciI7czoxODoiY2xvbmVkX2JyYW5jaF9uYW1lIjtOO3M6MTY6ImNsb25lZF9icmFuY2hfaWQiO047czoxMzoiaXNfbWVudV9jbG9uZSI7aTowO3M6MjQ6ImlzX2l0ZW1fY2F0ZWdvcmllc19jbG9uZSI7aTowO3M6MTk6ImlzX21lbnVfaXRlbXNfY2xvbmUiO2k6MDtzOjIzOiJpc19pdGVtX21vZGlmaWVyc19jbG9uZSI7aTowO3M6Mjk6ImlzX2Nsb25lX3Jlc2VydmF0aW9uX3NldHRpbmdzIjtpOjA7czoyNjoiaXNfY2xvbmVfZGVsaXZlcnlfc2V0dGluZ3MiO2k6MDtzOjIwOiJpc19jbG9uZV9rb3Rfc2V0dGluZyI7aTowO3M6MjU6ImlzX21vZGlmaWVyc19ncm91cHNfY2xvbmUiO2k6MDtzOjc6ImFkZHJlc3MiO3M6NzA6IjE0LCBEaXN0cmljdCBDZW50cmUsIFZpa2FzIE1hcmcsIExheG1pIE5hZ2FyLCBOZXcgRGVsaGksIERlbGhpLCAxMTAwOTIiO3M6MTA6ImNyZWF0ZWRfYXQiO3M6MTk6IjIwMjUtMDEtMTQgMTQ6MTA6NTciO3M6MTA6InVwZGF0ZWRfYXQiO3M6MTk6IjIwMjUtMDYtMTEgMDg6NDk6NTYiO3M6MzoibGF0IjtzOjEwOiIyNi45MTI1MDAwIjtzOjM6ImxuZyI7czoxMDoiNzUuNzg3NTAwMCI7fXM6MTA6IgAqAGNoYW5nZXMiO2E6MDp7fXM6MTE6IgAqAHByZXZpb3VzIjthOjA6e31zOjg6IgAqAGNhc3RzIjthOjI6e3M6MzoibGF0IjtzOjU6ImZsb2F0IjtzOjM6ImxuZyI7czo1OiJmbG9hdCI7fXM6MTc6IgAqAGNsYXNzQ2FzdENhY2hlIjthOjA6e31zOjIxOiIAKgBhdHRyaWJ1dGVDYXN0Q2FjaGUiO2E6MDp7fXM6MTM6IgAqAGRhdGVGb3JtYXQiO047czoxMDoiACoAYXBwZW5kcyI7YTowOnt9czoxOToiACoAZGlzcGF0Y2hlc0V2ZW50cyI7YTowOnt9czoxNDoiACoAb2JzZXJ2YWJsZXMiO2E6MDp7fXM6MTI6IgAqAHJlbGF0aW9ucyI7YTowOnt9czoxMDoiACoAdG91Y2hlcyI7YTowOnt9czoyNzoiACoAcmVsYXRpb25BdXRvbG9hZENhbGxiYWNrIjtOO3M6MjY6IgAqAHJlbGF0aW9uQXV0b2xvYWRDb250ZXh0IjtOO3M6MTA6InRpbWVzdGFtcHMiO2I6MTtzOjEzOiJ1c2VzVW5pcXVlSWRzIjtiOjA7czo5OiIAKgBoaWRkZW4iO2E6MDp7fXM6MTA6IgAqAHZpc2libGUiO2E6MDp7fXM6MTE6IgAqAGZpbGxhYmxlIjthOjk6e2k6MDtzOjQ6Im5hbWUiO2k6MTtzOjc6ImFkZHJlc3MiO2k6MjtzOjU6InBob25lIjtpOjM7czo1OiJlbWFpbCI7aTo0O3M6MTM6InJlc3RhdXJhbnRfaWQiO2k6NTtzOjk6ImlzX2FjdGl2ZSI7aTo2O3M6MTE6InVuaXF1ZV9oYXNoIjtpOjc7czozOiJsYXQiO2k6ODtzOjM6ImxuZyI7fXM6MTA6IgAqAGd1YXJkZWQiO2E6MTp7aTowO3M6MjoiaWQiO319fXM6Mjg6IgAqAGVzY2FwZVdoZW5DYXN0aW5nVG9TdHJpbmciO2I6MDt9fXM6MTA6IgAqAHRvdWNoZXMiO2E6MDp7fXM6Mjc6IgAqAHJlbGF0aW9uQXV0b2xvYWRDYWxsYmFjayI7TjtzOjI2OiIAKgByZWxhdGlvbkF1dG9sb2FkQ29udGV4dCI7TjtzOjEwOiJ0aW1lc3RhbXBzIjtiOjE7czoxMzoidXNlc1VuaXF1ZUlkcyI7YjowO3M6OToiACoAaGlkZGVuIjthOjA6e31zOjEwOiIAKgB2aXNpYmxlIjthOjA6e31zOjExOiIAKgBmaWxsYWJsZSI7YTowOnt9czoxMDoiACoAZ3VhcmRlZCI7YToxOntpOjA7czoyOiJpZCI7fXM6MTc6ImN1c3RvbWVySXBBZGRyZXNzIjtOO3M6MjQ6ImVzdGltYXRpb25CaWxsaW5nQWRkcmVzcyI7YTowOnt9czoxMzoiY29sbGVjdFRheElkcyI7YjowO3M6ODoiY291cG9uSWQiO047czoxNToicHJvbW90aW9uQ29kZUlkIjtOO3M6MTk6ImFsbG93UHJvbW90aW9uQ29kZXMiO2I6MDt9czo2OiJicmFuY2giO086MTc6IkFwcFxNb2RlbHNcQnJhbmNoIjozMzp7czoxMzoiACoAY29ubmVjdGlvbiI7czo1OiJteXNxbCI7czo4OiIAKgB0YWJsZSI7czo4OiJicmFuY2hlcyI7czoxMzoiACoAcHJpbWFyeUtleSI7czoyOiJpZCI7czoxMDoiACoAa2V5VHlwZSI7czozOiJpbnQiO3M6MTI6ImluY3JlbWVudGluZyI7YjoxO3M6NzoiACoAd2l0aCI7YTowOnt9czoxMjoiACoAd2l0aENvdW50IjthOjA6e31zOjE5OiJwcmV2ZW50c0xhenlMb2FkaW5nIjtiOjA7czoxMDoiACoAcGVyUGFnZSI7aToxNTtzOjY6ImV4aXN0cyI7YjoxO3M6MTg6Indhc1JlY2VudGx5Q3JlYXRlZCI7YjowO3M6Mjg6IgAqAGVzY2FwZVdoZW5DYXN0aW5nVG9TdHJpbmciO2I6MDtzOjEzOiIAKgBhdHRyaWJ1dGVzIjthOjE5OntzOjI6ImlkIjtpOjc7czoxMToidW5pcXVlX2hhc2giO047czoxMzoicmVzdGF1cmFudF9pZCI7aTo2O3M6NDoibmFtZSI7czoxNzoiUFNLIC0gTGF4bWkgTmFnYXIiO3M6MTg6ImNsb25lZF9icmFuY2hfbmFtZSI7TjtzOjE2OiJjbG9uZWRfYnJhbmNoX2lkIjtOO3M6MTM6ImlzX21lbnVfY2xvbmUiO2k6MDtzOjI0OiJpc19pdGVtX2NhdGVnb3JpZXNfY2xvbmUiO2k6MDtzOjE5OiJpc19tZW51X2l0ZW1zX2Nsb25lIjtpOjA7czoyMzoiaXNfaXRlbV9tb2RpZmllcnNfY2xvbmUiO2k6MDtzOjI5OiJpc19jbG9uZV9yZXNlcnZhdGlvbl9zZXR0aW5ncyI7aTowO3M6MjY6ImlzX2Nsb25lX2RlbGl2ZXJ5X3NldHRpbmdzIjtpOjA7czoyMDoiaXNfY2xvbmVfa290X3NldHRpbmciO2k6MDtzOjI1OiJpc19tb2RpZmllcnNfZ3JvdXBzX2Nsb25lIjtpOjA7czo3OiJhZGRyZXNzIjtzOjcwOiIxNCwgRGlzdHJpY3QgQ2VudHJlLCBWaWthcyBNYXJnLCBMYXhtaSBOYWdhciwgTmV3IERlbGhpLCBEZWxoaSwgMTEwMDkyIjtzOjEwOiJjcmVhdGVkX2F0IjtzOjE5OiIyMDI1LTAxLTE0IDE0OjEwOjU3IjtzOjEwOiJ1cGRhdGVkX2F0IjtzOjE5OiIyMDI1LTA4LTEwIDE2OjM2OjA5IjtzOjM6ImxhdCI7czoxMDoiMjYuOTEyNTAwMCI7czozOiJsbmciO3M6MTA6Ijc1Ljc4NzUwMDAiO31zOjExOiIAKgBvcmlnaW5hbCI7YToxOTp7czoyOiJpZCI7aTo3O3M6MTE6InVuaXF1ZV9oYXNoIjtOO3M6MTM6InJlc3RhdXJhbnRfaWQiO2k6NjtzOjQ6Im5hbWUiO3M6MTc6IlBTSyAtIExheG1pIE5hZ2FyIjtzOjE4OiJjbG9uZWRfYnJhbmNoX25hbWUiO047czoxNjoiY2xvbmVkX2JyYW5jaF9pZCI7TjtzOjEzOiJpc19tZW51X2Nsb25lIjtpOjA7czoyNDoiaXNfaXRlbV9jYXRlZ29yaWVzX2Nsb25lIjtpOjA7czoxOToiaXNfbWVudV9pdGVtc19jbG9uZSI7aTowO3M6MjM6ImlzX2l0ZW1fbW9kaWZpZXJzX2Nsb25lIjtpOjA7czoyOToiaXNfY2xvbmVfcmVzZXJ2YXRpb25fc2V0dGluZ3MiO2k6MDtzOjI2OiJpc19jbG9uZV9kZWxpdmVyeV9zZXR0aW5ncyI7aTowO3M6MjA6ImlzX2Nsb25lX2tvdF9zZXR0aW5nIjtpOjA7czoyNToiaXNfbW9kaWZpZXJzX2dyb3Vwc19jbG9uZSI7aTowO3M6NzoiYWRkcmVzcyI7czo3MDoiMTQsIERpc3RyaWN0IENlbnRyZSwgVmlrYXMgTWFyZywgTGF4bWkgTmFnYXIsIE5ldyBEZWxoaSwgRGVsaGksIDExMDA5MiI7czoxMDoiY3JlYXRlZF9hdCI7czoxOToiMjAyNS0wMS0xNCAxNDoxMDo1NyI7czoxMDoidXBkYXRlZF9hdCI7czoxOToiMjAyNS0wOC0xMCAxNjozNjowOSI7czozOiJsYXQiO3M6MTA6IjI2LjkxMjUwMDAiO3M6MzoibG5nIjtzOjEwOiI3NS43ODc1MDAwIjt9czoxMDoiACoAY2hhbmdlcyI7YTowOnt9czoxMToiACoAcHJldmlvdXMiO2E6MDp7fXM6ODoiACoAY2FzdHMiO2E6Mjp7czozOiJsYXQiO3M6NToiZmxvYXQiO3M6MzoibG5nIjtzOjU6ImZsb2F0Ijt9czoxNzoiACoAY2xhc3NDYXN0Q2FjaGUiO2E6MDp7fXM6MjE6IgAqAGF0dHJpYnV0ZUNhc3RDYWNoZSI7YTowOnt9czoxMzoiACoAZGF0ZUZvcm1hdCI7TjtzOjEwOiIAKgBhcHBlbmRzIjthOjA6e31zOjE5OiIAKgBkaXNwYXRjaGVzRXZlbnRzIjthOjA6e31zOjE0OiIAKgBvYnNlcnZhYmxlcyI7YTowOnt9czoxMjoiACoAcmVsYXRpb25zIjthOjE6e3M6MTA6InJlc3RhdXJhbnQiO086MjE6IkFwcFxNb2RlbHNcUmVzdGF1cmFudCI6Mzk6e3M6MTM6IgAqAGNvbm5lY3Rpb24iO3M6NToibXlzcWwiO3M6ODoiACoAdGFibGUiO3M6MTE6InJlc3RhdXJhbnRzIjtzOjEzOiIAKgBwcmltYXJ5S2V5IjtzOjI6ImlkIjtzOjEwOiIAKgBrZXlUeXBlIjtzOjM6ImludCI7czoxMjoiaW5jcmVtZW50aW5nIjtiOjE7czo3OiIAKgB3aXRoIjthOjA6e31zOjEyOiIAKgB3aXRoQ291bnQiO2E6MDp7fXM6MTk6InByZXZlbnRzTGF6eUxvYWRpbmciO2I6MDtzOjEwOiIAKgBwZXJQYWdlIjtpOjE1O3M6NjoiZXhpc3RzIjtiOjE7czoxODoid2FzUmVjZW50bHlDcmVhdGVkIjtiOjA7czoyODoiACoAZXNjYXBlV2hlbkNhc3RpbmdUb1N0cmluZyI7YjowO3M6MTM6IgAqAGF0dHJpYnV0ZXMiO2E6NjU6e3M6MjoiaWQiO2k6NjtzOjQ6Im5hbWUiO3M6MTQ6IlRoZSBaZXN0IC0gUFNLIjtzOjQ6Imhhc2giO3M6MTI6InRoZS16ZXN0LXBzayI7czo3OiJhZGRyZXNzIjtzOjcwOiIxNCwgRGlzdHJpY3QgQ2VudHJlLCBWaWthcyBNYXJnLCBMYXhtaSBOYWdhciwgTmV3IERlbGhpLCBEZWxoaSwgMTEwMDkyIjtzOjEyOiJwaG9uZV9udW1iZXIiO2k6ODEzMDY2MDA2MDtzOjEwOiJwaG9uZV9jb2RlIjtpOjkxO3M6NToiZW1haWwiO3M6MTQ6Inplc3RAZ21haWwuY29tIjtzOjg6InRpbWV6b25lIjtzOjEyOiJBc2lhL0tvbGthdGEiO3M6OToidGhlbWVfaGV4IjtzOjc6IiM3QzNBRUQiO3M6OToidGhlbWVfcmdiIjtzOjEyOiIxMjQsIDU4LCAyMzciO3M6NDoibG9nbyI7czozNjoiNmU5MjNiNjJhNDRlMTJiOTMzNTQyN2Q2YWU2ZjlkNGEucG5nIjtzOjEwOiJjb3VudHJ5X2lkIjtpOjEwMztzOjE1OiJoaWRlX25ld19vcmRlcnMiO2k6MDtzOjIxOiJoaWRlX25ld19yZXNlcnZhdGlvbnMiO2k6MDtzOjIzOiJoaWRlX25ld193YWl0ZXJfcmVxdWVzdCI7aTowO3M6MTE6ImN1cnJlbmN5X2lkIjtpOjIxO3M6MTI6ImxpY2Vuc2VfdHlwZSI7czo0OiJmcmVlIjtzOjk6ImlzX2FjdGl2ZSI7aToxO3M6MTA6ImNyZWF0ZWRfYXQiO3M6MTk6IjIwMjUtMDEtMTQgMTQ6MTA6NTciO3M6MTA6InVwZGF0ZWRfYXQiO3M6MTk6IjIwMjUtMDgtMTAgMTY6NTk6MjEiO3M6MjM6ImN1c3RvbWVyX2xvZ2luX3JlcXVpcmVkIjtpOjA7czo4OiJhYm91dF91cyI7TjtzOjMwOiJhbGxvd19jdXN0b21lcl9kZWxpdmVyeV9vcmRlcnMiO2k6MDtzOjI4OiJhbGxvd19jdXN0b21lcl9waWNrdXBfb3JkZXJzIjtpOjA7czoyMToiYWxsb3dfY3VzdG9tZXJfb3JkZXJzIjtpOjA7czoyMDoiYWxsb3dfZGluZV9pbl9vcmRlcnMiO2k6MTtzOjEwOiJwYWNrYWdlX2lkIjtpOjc7czoxMjoicGFja2FnZV90eXBlIjtzOjc6Im1vbnRobHkiO3M6Njoic3RhdHVzIjtzOjY6ImFjdGl2ZSI7czoxNzoibGljZW5zZV9leHBpcmVfb24iO3M6MTk6IjIwMjYtMDctMDEgMDA6MDA6MDAiO3M6MTM6InRyaWFsX2VuZHNfYXQiO047czoxODoibGljZW5zZV91cGRhdGVkX2F0IjtzOjE5OiIyMDI1LTAxLTIxIDAwOjAwOjAwIjtzOjIzOiJzdWJzY3JpcHRpb25fdXBkYXRlZF9hdCI7czoxOToiMjAyNS0wMS0xNCAxNDoxMDo1NyI7czo5OiJzdHJpcGVfaWQiO047czo3OiJwbV90eXBlIjtOO3M6MTI6InBtX2xhc3RfZm91ciI7TjtzOjI1OiJpc193YWl0ZXJfcmVxdWVzdF9lbmFibGVkIjtpOjE7czozMjoiZGVmYXVsdF90YWJsZV9yZXNlcnZhdGlvbl9zdGF0dXMiO3M6OToiQ29uZmlybWVkIjtzOjE1OiJhcHByb3ZhbF9zdGF0dXMiO3M6ODoiQXBwcm92ZWQiO3M6MTY6InJlamVjdGlvbl9yZWFzb24iO047czoxMzoiZmFjZWJvb2tfbGluayI7TjtzOjE0OiJpbnN0YWdyYW1fbGluayI7TjtzOjEyOiJ0d2l0dGVyX2xpbmsiO047czo5OiJ5ZWxwX2xpbmsiO047czoxNDoidGFibGVfcmVxdWlyZWQiO2k6MDtzOjE0OiJzaG93X2xvZ29fdGV4dCI7aToxO3M6MTI6Im1ldGFfa2V5d29yZCI7TjtzOjE2OiJtZXRhX2Rlc2NyaXB0aW9uIjtOO3M6MzQ6InVwbG9hZF9mYXZfaWNvbl9hbmRyb2lkX2Nocm9tZV8xOTIiO047czozNDoidXBsb2FkX2Zhdl9pY29uX2FuZHJvaWRfY2hyb21lXzUxMiI7TjtzOjMyOiJ1cGxvYWRfZmF2X2ljb25fYXBwbGVfdG91Y2hfaWNvbiI7TjtzOjE3OiJ1cGxvYWRfZmF2aWNvbl8xNiI7TjtzOjE3OiJ1cGxvYWRfZmF2aWNvbl8zMiI7TjtzOjc6ImZhdmljb24iO047czozNjoiaXNfd2FpdGVyX3JlcXVlc3RfZW5hYmxlZF9vbl9kZXNrdG9wIjtpOjE7czozNToiaXNfd2FpdGVyX3JlcXVlc3RfZW5hYmxlZF9vbl9tb2JpbGUiO2k6MTtzOjM2OiJpc193YWl0ZXJfcmVxdWVzdF9lbmFibGVkX29wZW5fYnlfcXIiO2k6MDtzOjExOiJ3ZWJtYW5pZmVzdCI7TjtzOjE1OiJlbmFibGVfdGlwX3Nob3AiO2k6MTtzOjE0OiJlbmFibGVfdGlwX3BvcyI7aToxO3M6MjU6ImlzX3B3YV9pbnN0YWxsX2FsZXJ0X3Nob3ciO2k6MDtzOjE5OiJhdXRvX2NvbmZpcm1fb3JkZXJzIjtpOjA7czo4OiJ0YXhfbW9kZSI7czo1OiJvcmRlciI7czoxMzoidGF4X2luY2x1c2l2ZSI7aTowO3M6MjI6ImN1c3RvbWVyX3NpdGVfbGFuZ3VhZ2UiO047fXM6MTE6IgAqAG9yaWdpbmFsIjthOjY1OntzOjI6ImlkIjtpOjY7czo0OiJuYW1lIjtzOjE0OiJUaGUgWmVzdCAtIFBTSyI7czo0OiJoYXNoIjtzOjEyOiJ0aGUtemVzdC1wc2siO3M6NzoiYWRkcmVzcyI7czo3MDoiMTQsIERpc3RyaWN0IENlbnRyZSwgVmlrYXMgTWFyZywgTGF4bWkgTmFnYXIsIE5ldyBEZWxoaSwgRGVsaGksIDExMDA5MiI7czoxMjoicGhvbmVfbnVtYmVyIjtzOjEwOiI4MTMwNjYwMDYwIjtzOjEwOiJwaG9uZV9jb2RlIjtzOjI6IjkxIjtzOjU6ImVtYWlsIjtzOjE0OiJ6ZXN0QGdtYWlsLmNvbSI7czo4OiJ0aW1lem9uZSI7czoxMjoiQXNpYS9Lb2xrYXRhIjtzOjk6InRoZW1lX2hleCI7czo3OiIjN0MzQUVEIjtzOjk6InRoZW1lX3JnYiI7czoxMjoiMTI0LCA1OCwgMjM3IjtzOjQ6ImxvZ28iO3M6MzY6IjZlOTIzYjYyYTQ0ZTEyYjkzMzU0MjdkNmFlNmY5ZDRhLnBuZyI7czoxMDoiY291bnRyeV9pZCI7aToxMDM7czoxNToiaGlkZV9uZXdfb3JkZXJzIjtpOjA7czoyMToiaGlkZV9uZXdfcmVzZXJ2YXRpb25zIjtpOjA7czoyMzoiaGlkZV9uZXdfd2FpdGVyX3JlcXVlc3QiO2k6MDtzOjExOiJjdXJyZW5jeV9pZCI7aToyMTtzOjEyOiJsaWNlbnNlX3R5cGUiO3M6NDoiZnJlZSI7czo5OiJpc19hY3RpdmUiO2k6MTtzOjEwOiJjcmVhdGVkX2F0IjtzOjE5OiIyMDI1LTAxLTE0IDE0OjEwOjU3IjtzOjEwOiJ1cGRhdGVkX2F0IjtzOjE5OiIyMDI1LTA4LTEwIDE2OjU5OjIxIjtzOjIzOiJjdXN0b21lcl9sb2dpbl9yZXF1aXJlZCI7aTowO3M6ODoiYWJvdXRfdXMiO047czozMDoiYWxsb3dfY3VzdG9tZXJfZGVsaXZlcnlfb3JkZXJzIjtpOjA7czoyODoiYWxsb3dfY3VzdG9tZXJfcGlja3VwX29yZGVycyI7aTowO3M6MjE6ImFsbG93X2N1c3RvbWVyX29yZGVycyI7aTowO3M6MjA6ImFsbG93X2RpbmVfaW5fb3JkZXJzIjtpOjE7czoxMDoicGFja2FnZV9pZCI7aTo3O3M6MTI6InBhY2thZ2VfdHlwZSI7czo3OiJtb250aGx5IjtzOjY6InN0YXR1cyI7czo2OiJhY3RpdmUiO3M6MTc6ImxpY2Vuc2VfZXhwaXJlX29uIjtzOjE5OiIyMDI2LTA3LTAxIDAwOjAwOjAwIjtzOjEzOiJ0cmlhbF9lbmRzX2F0IjtOO3M6MTg6ImxpY2Vuc2VfdXBkYXRlZF9hdCI7czoxOToiMjAyNS0wMS0yMSAwMDowMDowMCI7czoyMzoic3Vic2NyaXB0aW9uX3VwZGF0ZWRfYXQiO3M6MTk6IjIwMjUtMDEtMTQgMTQ6MTA6NTciO3M6OToic3RyaXBlX2lkIjtOO3M6NzoicG1fdHlwZSI7TjtzOjEyOiJwbV9sYXN0X2ZvdXIiO047czoyNToiaXNfd2FpdGVyX3JlcXVlc3RfZW5hYmxlZCI7aToxO3M6MzI6ImRlZmF1bHRfdGFibGVfcmVzZXJ2YXRpb25fc3RhdHVzIjtzOjk6IkNvbmZpcm1lZCI7czoxNToiYXBwcm92YWxfc3RhdHVzIjtzOjg6IkFwcHJvdmVkIjtzOjE2OiJyZWplY3Rpb25fcmVhc29uIjtOO3M6MTM6ImZhY2Vib29rX2xpbmsiO047czoxNDoiaW5zdGFncmFtX2xpbmsiO047czoxMjoidHdpdHRlcl9saW5rIjtOO3M6OToieWVscF9saW5rIjtOO3M6MTQ6InRhYmxlX3JlcXVpcmVkIjtpOjA7czoxNDoic2hvd19sb2dvX3RleHQiO2k6MTtzOjEyOiJtZXRhX2tleXdvcmQiO047czoxNjoibWV0YV9kZXNjcmlwdGlvbiI7TjtzOjM0OiJ1cGxvYWRfZmF2X2ljb25fYW5kcm9pZF9jaHJvbWVfMTkyIjtOO3M6MzQ6InVwbG9hZF9mYXZfaWNvbl9hbmRyb2lkX2Nocm9tZV81MTIiO047czozMjoidXBsb2FkX2Zhdl9pY29uX2FwcGxlX3RvdWNoX2ljb24iO047czoxNzoidXBsb2FkX2Zhdmljb25fMTYiO047czoxNzoidXBsb2FkX2Zhdmljb25fMzIiO047czo3OiJmYXZpY29uIjtOO3M6MzY6ImlzX3dhaXRlcl9yZXF1ZXN0X2VuYWJsZWRfb25fZGVza3RvcCI7aToxO3M6MzU6ImlzX3dhaXRlcl9yZXF1ZXN0X2VuYWJsZWRfb25fbW9iaWxlIjtpOjE7czozNjoiaXNfd2FpdGVyX3JlcXVlc3RfZW5hYmxlZF9vcGVuX2J5X3FyIjtpOjA7czoxMToid2VibWFuaWZlc3QiO047czoxNToiZW5hYmxlX3RpcF9zaG9wIjtpOjE7czoxNDoiZW5hYmxlX3RpcF9wb3MiO2k6MTtzOjI1OiJpc19wd2FfaW5zdGFsbF9hbGVydF9zaG93IjtpOjA7czoxOToiYXV0b19jb25maXJtX29yZGVycyI7aTowO3M6ODoidGF4X21vZGUiO3M6NToib3JkZXIiO3M6MTM6InRheF9pbmNsdXNpdmUiO2k6MDtzOjIyOiJjdXN0b21lcl9zaXRlX2xhbmd1YWdlIjtOO31zOjEwOiIAKgBjaGFuZ2VzIjthOjA6e31zOjExOiIAKgBwcmV2aW91cyI7YTowOnt9czo4OiIAKgBjYXN0cyI7YTo2OntzOjE3OiJsaWNlbnNlX2V4cGlyZV9vbiI7czo4OiJkYXRldGltZSI7czoxNToidHJpYWxfZXhwaXJlX29uIjtzOjg6ImRhdGV0aW1lIjtzOjE4OiJsaWNlbnNlX3VwZGF0ZWRfYXQiO3M6ODoiZGF0ZXRpbWUiO3M6MjM6InN1YnNjcmlwdGlvbl91cGRhdGVkX2F0IjtzOjg6ImRhdGV0aW1lIjtzOjEwOiJjcmVhdGVkX2F0IjtzOjg6ImRhdGV0aW1lIjtzOjEwOiJ1cGRhdGVkX2F0IjtzOjg6ImRhdGV0aW1lIjt9czoxNzoiACoAY2xhc3NDYXN0Q2FjaGUiO2E6MDp7fXM6MjE6IgAqAGF0dHJpYnV0ZUNhc3RDYWNoZSI7YTowOnt9czoxMzoiACoAZGF0ZUZvcm1hdCI7TjtzOjEwOiIAKgBhcHBlbmRzIjthOjE6e2k6MDtzOjg6ImxvZ29fdXJsIjt9czoxOToiACoAZGlzcGF0Y2hlc0V2ZW50cyI7YTowOnt9czoxNDoiACoAb2JzZXJ2YWJsZXMiO2E6MDp7fXM6MTI6IgAqAHJlbGF0aW9ucyI7YTowOnt9czoxMDoiACoAdG91Y2hlcyI7YTowOnt9czoyNzoiACoAcmVsYXRpb25BdXRvbG9hZENhbGxiYWNrIjtOO3M6MjY6IgAqAHJlbGF0aW9uQXV0b2xvYWRDb250ZXh0IjtOO3M6MTA6InRpbWVzdGFtcHMiO2I6MTtzOjEzOiJ1c2VzVW5pcXVlSWRzIjtiOjA7czo5OiIAKgBoaWRkZW4iO2E6MDp7fXM6MTA6IgAqAHZpc2libGUiO2E6MDp7fXM6MTE6IgAqAGZpbGxhYmxlIjthOjA6e31zOjEwOiIAKgBndWFyZGVkIjthOjE6e2k6MDtzOjI6ImlkIjt9czoxNzoiY3VzdG9tZXJJcEFkZHJlc3MiO047czoyNDoiZXN0aW1hdGlvbkJpbGxpbmdBZGRyZXNzIjthOjA6e31zOjEzOiJjb2xsZWN0VGF4SWRzIjtiOjA7czo4OiJjb3Vwb25JZCI7TjtzOjE1OiJwcm9tb3Rpb25Db2RlSWQiO047czoxOToiYWxsb3dQcm9tb3Rpb25Db2RlcyI7YjowO319czoxMDoiACoAdG91Y2hlcyI7YTowOnt9czoyNzoiACoAcmVsYXRpb25BdXRvbG9hZENhbGxiYWNrIjtOO3M6MjY6IgAqAHJlbGF0aW9uQXV0b2xvYWRDb250ZXh0IjtOO3M6MTA6InRpbWVzdGFtcHMiO2I6MTtzOjEzOiJ1c2VzVW5pcXVlSWRzIjtiOjA7czo5OiIAKgBoaWRkZW4iO2E6MDp7fXM6MTA6IgAqAHZpc2libGUiO2E6MDp7fXM6MTE6IgAqAGZpbGxhYmxlIjthOjk6e2k6MDtzOjQ6Im5hbWUiO2k6MTtzOjc6ImFkZHJlc3MiO2k6MjtzOjU6InBob25lIjtpOjM7czo1OiJlbWFpbCI7aTo0O3M6MTM6InJlc3RhdXJhbnRfaWQiO2k6NTtzOjk6ImlzX2FjdGl2ZSI7aTo2O3M6MTE6InVuaXF1ZV9oYXNoIjtpOjc7czozOiJsYXQiO2k6ODtzOjM6ImxuZyI7fXM6MTA6IgAqAGd1YXJkZWQiO2E6MTp7aTowO3M6MjoiaWQiO319fXM6MTA6IgAqAHRvdWNoZXMiO2E6MDp7fXM6Mjc6IgAqAHJlbGF0aW9uQXV0b2xvYWRDYWxsYmFjayI7TjtzOjI2OiIAKgByZWxhdGlvbkF1dG9sb2FkQ29udGV4dCI7TjtzOjEwOiJ0aW1lc3RhbXBzIjtiOjE7czoxMzoidXNlc1VuaXF1ZUlkcyI7YjowO3M6OToiACoAaGlkZGVuIjthOjQ6e2k6MDtzOjg6InBhc3N3b3JkIjtpOjE7czoxNDoicmVtZW1iZXJfdG9rZW4iO2k6MjtzOjI1OiJ0d29fZmFjdG9yX3JlY292ZXJ5X2NvZGVzIjtpOjM7czoxNzoidHdvX2ZhY3Rvcl9zZWNyZXQiO31zOjEwOiIAKgB2aXNpYmxlIjthOjA6e31zOjExOiIAKgBmaWxsYWJsZSI7YTo4OntpOjA7czo0OiJuYW1lIjtpOjE7czo1OiJlbWFpbCI7aToyO3M6ODoicGFzc3dvcmQiO2k6MztzOjk6ImJyYW5jaF9pZCI7aTo0O3M6MTM6InJlc3RhdXJhbnRfaWQiO2k6NTtzOjY6ImxvY2FsZSI7aTo2O3M6MTI6InBob25lX251bWJlciI7aTo3O3M6MTA6InBob25lX2NvZGUiO31zOjEwOiIAKgBndWFyZGVkIjthOjE6e2k6MDtzOjE6IioiO31zOjE5OiIAKgBhdXRoUGFzc3dvcmROYW1lIjtzOjg6InBhc3N3b3JkIjtzOjIwOiIAKgByZW1lbWJlclRva2VuTmFtZSI7czoxNDoicmVtZW1iZXJfdG9rZW4iO3M6MTQ6IgAqAGFjY2Vzc1Rva2VuIjtOO31zOjk6Il9wcmV2aW91cyI7YToxOntzOjM6InVybCI7czo0ODoiaHR0cDovL3RhYmxldHJhY2sudXBkYXRlZC5sb2NhbC9vcmRlcnMvcHJpbnQvMzM1Ijt9czo1MDoibG9naW5fd2ViXzU5YmEzNmFkZGMyYjJmOTQwMTU4MGYwMTRjN2Y1OGVhNGUzMDk4OWQiO2k6MTI7czoxNzoicGFzc3dvcmRfaGFzaF93ZWIiO3M6NjA6IiQyeSQxMiRnSGtrVER0cjVHUURXMm4yWmZnUGZ1NWRNdEppbnQ3N2ZHd3pBb3ZWakpRdHpPcE42Qmc0NiI7czoxNjoicm9sZV9wZXJtaXNzaW9ucyI7YTo1Mzp7aTowO3M6MTE6IkNyZWF0ZSBNZW51IjtpOjE7czo5OiJTaG93IE1lbnUiO2k6MjtzOjExOiJVcGRhdGUgTWVudSI7aTozO3M6MTE6IkRlbGV0ZSBNZW51IjtpOjQ7czoxNjoiQ3JlYXRlIE1lbnUgSXRlbSI7aTo1O3M6MTQ6IlNob3cgTWVudSBJdGVtIjtpOjY7czoxNjoiVXBkYXRlIE1lbnUgSXRlbSI7aTo3O3M6MTY6IkRlbGV0ZSBNZW51IEl0ZW0iO2k6ODtzOjIwOiJDcmVhdGUgSXRlbSBDYXRlZ29yeSI7aTo5O3M6MTg6IlNob3cgSXRlbSBDYXRlZ29yeSI7aToxMDtzOjIwOiJVcGRhdGUgSXRlbSBDYXRlZ29yeSI7aToxMTtzOjIwOiJEZWxldGUgSXRlbSBDYXRlZ29yeSI7aToxMjtzOjExOiJDcmVhdGUgQXJlYSI7aToxMztzOjk6IlNob3cgQXJlYSI7aToxNDtzOjExOiJVcGRhdGUgQXJlYSI7aToxNTtzOjExOiJEZWxldGUgQXJlYSI7aToxNjtzOjEyOiJDcmVhdGUgVGFibGUiO2k6MTc7czoxMDoiU2hvdyBUYWJsZSI7aToxODtzOjEyOiJVcGRhdGUgVGFibGUiO2k6MTk7czoxMjoiRGVsZXRlIFRhYmxlIjtpOjIwO3M6MTg6IkNyZWF0ZSBSZXNlcnZhdGlvbiI7aToyMTtzOjE2OiJTaG93IFJlc2VydmF0aW9uIjtpOjIyO3M6MTg6IlVwZGF0ZSBSZXNlcnZhdGlvbiI7aToyMztzOjE4OiJEZWxldGUgUmVzZXJ2YXRpb24iO2k6MjQ7czoxMDoiTWFuYWdlIEtPVCI7aToyNTtzOjEyOiJDcmVhdGUgT3JkZXIiO2k6MjY7czoxMDoiU2hvdyBPcmRlciI7aToyNztzOjEyOiJVcGRhdGUgT3JkZXIiO2k6Mjg7czoxMjoiRGVsZXRlIE9yZGVyIjtpOjI5O3M6MTU6IkNyZWF0ZSBDdXN0b21lciI7aTozMDtzOjEzOiJTaG93IEN1c3RvbWVyIjtpOjMxO3M6MTU6IlVwZGF0ZSBDdXN0b21lciI7aTozMjtzOjE1OiJEZWxldGUgQ3VzdG9tZXIiO2k6MzM7czoxOToiQ3JlYXRlIFN0YWZmIE1lbWJlciI7aTozNDtzOjE3OiJTaG93IFN0YWZmIE1lbWJlciI7aTozNTtzOjE5OiJVcGRhdGUgU3RhZmYgTWVtYmVyIjtpOjM2O3M6MTk6IkRlbGV0ZSBTdGFmZiBNZW1iZXIiO2k6Mzc7czoyNToiQ3JlYXRlIERlbGl2ZXJ5IEV4ZWN1dGl2ZSI7aTozODtzOjIzOiJTaG93IERlbGl2ZXJ5IEV4ZWN1dGl2ZSI7aTozOTtzOjI1OiJVcGRhdGUgRGVsaXZlcnkgRXhlY3V0aXZlIjtpOjQwO3M6MjU6IkRlbGV0ZSBEZWxpdmVyeSBFeGVjdXRpdmUiO2k6NDE7czoxMzoiU2hvdyBQYXltZW50cyI7aTo0MjtzOjEyOiJTaG93IFJlcG9ydHMiO2k6NDM7czoxNToiTWFuYWdlIFNldHRpbmdzIjtpOjQ0O3M6MjE6Ik1hbmFnZSBXYWl0ZXIgUmVxdWVzdCI7aTo0NTtzOjE0OiJDcmVhdGUgRXhwZW5zZSI7aTo0NjtzOjEyOiJTaG93IEV4cGVuc2UiO2k6NDc7czoxNDoiVXBkYXRlIEV4cGVuc2UiO2k6NDg7czoxNDoiRGVsZXRlIEV4cGVuc2UiO2k6NDk7czoyMzoiQ3JlYXRlIEV4cGVuc2UgQ2F0ZWdvcnkiO2k6NTA7czoyMToiU2hvdyBFeHBlbnNlIENhdGVnb3J5IjtpOjUxO3M6MjM6IlVwZGF0ZSBFeHBlbnNlIENhdGVnb3J5IjtpOjUyO3M6MjM6IkRlbGV0ZSBFeHBlbnNlIENhdGVnb3J5Ijt9czoyNToiY3VycmVuY3lfZm9ybWF0X3NldHRpbmcyMSI7TzoxOToiQXBwXE1vZGVsc1xDdXJyZW5jeSI6MzM6e3M6MTM6IgAqAGNvbm5lY3Rpb24iO3M6NToibXlzcWwiO3M6ODoiACoAdGFibGUiO3M6MTA6ImN1cnJlbmNpZXMiO3M6MTM6IgAqAHByaW1hcnlLZXkiO3M6MjoiaWQiO3M6MTA6IgAqAGtleVR5cGUiO3M6MzoiaW50IjtzOjEyOiJpbmNyZW1lbnRpbmciO2I6MTtzOjc6IgAqAHdpdGgiO2E6MDp7fXM6MTI6IgAqAHdpdGhDb3VudCI7YTowOnt9czoxOToicHJldmVudHNMYXp5TG9hZGluZyI7YjowO3M6MTA6IgAqAHBlclBhZ2UiO2k6MTU7czo2OiJleGlzdHMiO2I6MTtzOjE4OiJ3YXNSZWNlbnRseUNyZWF0ZWQiO2I6MDtzOjI4OiIAKgBlc2NhcGVXaGVuQ2FzdGluZ1RvU3RyaW5nIjtiOjA7czoxMzoiACoAYXR0cmlidXRlcyI7YToxMjp7czoyOiJpZCI7aToyMTtzOjEzOiJyZXN0YXVyYW50X2lkIjtpOjY7czoxMzoiY3VycmVuY3lfbmFtZSI7czo1OiJSdXBlZSI7czoxMzoiY3VycmVuY3lfY29kZSI7czozOiJJTlIiO3M6MTU6ImN1cnJlbmN5X3N5bWJvbCI7czozOiLigrkiO3M6MTc6ImN1cnJlbmN5X3Bvc2l0aW9uIjtzOjQ6ImxlZnQiO3M6MTM6Im5vX29mX2RlY2ltYWwiO2k6MjtzOjE4OiJ0aG91c2FuZF9zZXBhcmF0b3IiO3M6MToiLCI7czoxNzoiZGVjaW1hbF9zZXBhcmF0b3IiO3M6MToiLiI7czoxMzoiZXhjaGFuZ2VfcmF0ZSI7TjtzOjk6InVzZF9wcmljZSI7TjtzOjE3OiJpc19jcnlwdG9jdXJyZW5jeSI7czoyOiJubyI7fXM6MTE6IgAqAG9yaWdpbmFsIjthOjEyOntzOjI6ImlkIjtpOjIxO3M6MTM6InJlc3RhdXJhbnRfaWQiO2k6NjtzOjEzOiJjdXJyZW5jeV9uYW1lIjtzOjU6IlJ1cGVlIjtzOjEzOiJjdXJyZW5jeV9jb2RlIjtzOjM6IklOUiI7czoxNToiY3VycmVuY3lfc3ltYm9sIjtzOjM6IuKCuSI7czoxNzoiY3VycmVuY3lfcG9zaXRpb24iO3M6NDoibGVmdCI7czoxMzoibm9fb2ZfZGVjaW1hbCI7aToyO3M6MTg6InRob3VzYW5kX3NlcGFyYXRvciI7czoxOiIsIjtzOjE3OiJkZWNpbWFsX3NlcGFyYXRvciI7czoxOiIuIjtzOjEzOiJleGNoYW5nZV9yYXRlIjtOO3M6OToidXNkX3ByaWNlIjtOO3M6MTc6ImlzX2NyeXB0b2N1cnJlbmN5IjtzOjI6Im5vIjt9czoxMDoiACoAY2hhbmdlcyI7YTowOnt9czoxMToiACoAcHJldmlvdXMiO2E6MDp7fXM6ODoiACoAY2FzdHMiO2E6MDp7fXM6MTc6IgAqAGNsYXNzQ2FzdENhY2hlIjthOjA6e31zOjIxOiIAKgBhdHRyaWJ1dGVDYXN0Q2FjaGUiO2E6MDp7fXM6MTM6IgAqAGRhdGVGb3JtYXQiO047czoxMDoiACoAYXBwZW5kcyI7YTowOnt9czoxOToiACoAZGlzcGF0Y2hlc0V2ZW50cyI7YTowOnt9czoxNDoiACoAb2JzZXJ2YWJsZXMiO2E6MDp7fXM6MTI6IgAqAHJlbGF0aW9ucyI7YToxOntzOjEwOiJyZXN0YXVyYW50IjtPOjIxOiJBcHBcTW9kZWxzXFJlc3RhdXJhbnQiOjM5OntzOjEzOiIAKgBjb25uZWN0aW9uIjtzOjU6Im15c3FsIjtzOjg6IgAqAHRhYmxlIjtzOjExOiJyZXN0YXVyYW50cyI7czoxMzoiACoAcHJpbWFyeUtleSI7czoyOiJpZCI7czoxMDoiACoAa2V5VHlwZSI7czozOiJpbnQiO3M6MTI6ImluY3JlbWVudGluZyI7YjoxO3M6NzoiACoAd2l0aCI7YTowOnt9czoxMjoiACoAd2l0aENvdW50IjthOjA6e31zOjE5OiJwcmV2ZW50c0xhenlMb2FkaW5nIjtiOjA7czoxMDoiACoAcGVyUGFnZSI7aToxNTtzOjY6ImV4aXN0cyI7YjoxO3M6MTg6Indhc1JlY2VudGx5Q3JlYXRlZCI7YjowO3M6Mjg6IgAqAGVzY2FwZVdoZW5DYXN0aW5nVG9TdHJpbmciO2I6MDtzOjEzOiIAKgBhdHRyaWJ1dGVzIjthOjY1OntzOjI6ImlkIjtpOjY7czo0OiJuYW1lIjtzOjE0OiJUaGUgWmVzdCAtIFBTSyI7czo0OiJoYXNoIjtzOjEyOiJ0aGUtemVzdC1wc2siO3M6NzoiYWRkcmVzcyI7czo3MDoiMTQsIERpc3RyaWN0IENlbnRyZSwgVmlrYXMgTWFyZywgTGF4bWkgTmFnYXIsIE5ldyBEZWxoaSwgRGVsaGksIDExMDA5MiI7czoxMjoicGhvbmVfbnVtYmVyIjtpOjgxMzA2NjAwNjA7czoxMDoicGhvbmVfY29kZSI7aTo5MTtzOjU6ImVtYWlsIjtzOjE0OiJ6ZXN0QGdtYWlsLmNvbSI7czo4OiJ0aW1lem9uZSI7czoxMjoiQXNpYS9Lb2xrYXRhIjtzOjk6InRoZW1lX2hleCI7czo3OiIjN0MzQUVEIjtzOjk6InRoZW1lX3JnYiI7czoxMjoiMTI0LCA1OCwgMjM3IjtzOjQ6ImxvZ28iO047czoxMDoiY291bnRyeV9pZCI7aToxMDM7czoxNToiaGlkZV9uZXdfb3JkZXJzIjtpOjA7czoyMToiaGlkZV9uZXdfcmVzZXJ2YXRpb25zIjtpOjA7czoyMzoiaGlkZV9uZXdfd2FpdGVyX3JlcXVlc3QiO2k6MDtzOjExOiJjdXJyZW5jeV9pZCI7aToyMTtzOjEyOiJsaWNlbnNlX3R5cGUiO3M6NDoiZnJlZSI7czo5OiJpc19hY3RpdmUiO2k6MTtzOjEwOiJjcmVhdGVkX2F0IjtzOjE5OiIyMDI1LTAxLTE0IDE0OjEwOjU3IjtzOjEwOiJ1cGRhdGVkX2F0IjtzOjE5OiIyMDI1LTA4LTEwIDE1OjI3OjI5IjtzOjIzOiJjdXN0b21lcl9sb2dpbl9yZXF1aXJlZCI7aTowO3M6ODoiYWJvdXRfdXMiO047czozMDoiYWxsb3dfY3VzdG9tZXJfZGVsaXZlcnlfb3JkZXJzIjtpOjA7czoyODoiYWxsb3dfY3VzdG9tZXJfcGlja3VwX29yZGVycyI7aTowO3M6MjE6ImFsbG93X2N1c3RvbWVyX29yZGVycyI7aTowO3M6MjA6ImFsbG93X2RpbmVfaW5fb3JkZXJzIjtpOjE7czoxMDoicGFja2FnZV9pZCI7aTo3O3M6MTI6InBhY2thZ2VfdHlwZSI7czo3OiJtb250aGx5IjtzOjY6InN0YXR1cyI7czo2OiJhY3RpdmUiO3M6MTc6ImxpY2Vuc2VfZXhwaXJlX29uIjtzOjE5OiIyMDI2LTA3LTAxIDAwOjAwOjAwIjtzOjEzOiJ0cmlhbF9lbmRzX2F0IjtOO3M6MTg6ImxpY2Vuc2VfdXBkYXRlZF9hdCI7czoxOToiMjAyNS0wMS0yMSAwMDowMDowMCI7czoyMzoic3Vic2NyaXB0aW9uX3VwZGF0ZWRfYXQiO3M6MTk6IjIwMjUtMDEtMTQgMTQ6MTA6NTciO3M6OToic3RyaXBlX2lkIjtOO3M6NzoicG1fdHlwZSI7TjtzOjEyOiJwbV9sYXN0X2ZvdXIiO047czoyNToiaXNfd2FpdGVyX3JlcXVlc3RfZW5hYmxlZCI7aToxO3M6MzI6ImRlZmF1bHRfdGFibGVfcmVzZXJ2YXRpb25fc3RhdHVzIjtzOjk6IkNvbmZpcm1lZCI7czoxNToiYXBwcm92YWxfc3RhdHVzIjtzOjg6IkFwcHJvdmVkIjtzOjE2OiJyZWplY3Rpb25fcmVhc29uIjtOO3M6MTM6ImZhY2Vib29rX2xpbmsiO047czoxNDoiaW5zdGFncmFtX2xpbmsiO047czoxMjoidHdpdHRlcl9saW5rIjtOO3M6OToieWVscF9saW5rIjtOO3M6MTQ6InRhYmxlX3JlcXVpcmVkIjtpOjA7czoxNDoic2hvd19sb2dvX3RleHQiO2k6MTtzOjEyOiJtZXRhX2tleXdvcmQiO047czoxNjoibWV0YV9kZXNjcmlwdGlvbiI7TjtzOjM0OiJ1cGxvYWRfZmF2X2ljb25fYW5kcm9pZF9jaHJvbWVfMTkyIjtOO3M6MzQ6InVwbG9hZF9mYXZfaWNvbl9hbmRyb2lkX2Nocm9tZV81MTIiO047czozMjoidXBsb2FkX2Zhdl9pY29uX2FwcGxlX3RvdWNoX2ljb24iO047czoxNzoidXBsb2FkX2Zhdmljb25fMTYiO047czoxNzoidXBsb2FkX2Zhdmljb25fMzIiO047czo3OiJmYXZpY29uIjtOO3M6MzY6ImlzX3dhaXRlcl9yZXF1ZXN0X2VuYWJsZWRfb25fZGVza3RvcCI7aToxO3M6MzU6ImlzX3dhaXRlcl9yZXF1ZXN0X2VuYWJsZWRfb25fbW9iaWxlIjtpOjE7czozNjoiaXNfd2FpdGVyX3JlcXVlc3RfZW5hYmxlZF9vcGVuX2J5X3FyIjtpOjA7czoxMToid2VibWFuaWZlc3QiO047czoxNToiZW5hYmxlX3RpcF9zaG9wIjtpOjE7czoxNDoiZW5hYmxlX3RpcF9wb3MiO2k6MTtzOjI1OiJpc19wd2FfaW5zdGFsbF9hbGVydF9zaG93IjtpOjA7czoxOToiYXV0b19jb25maXJtX29yZGVycyI7aTowO3M6ODoidGF4X21vZGUiO3M6NToib3JkZXIiO3M6MTM6InRheF9pbmNsdXNpdmUiO2k6MDtzOjIyOiJjdXN0b21lcl9zaXRlX2xhbmd1YWdlIjtOO31zOjExOiIAKgBvcmlnaW5hbCI7YTo2NTp7czoyOiJpZCI7aTo2O3M6NDoibmFtZSI7czoxNDoiVGhlIFplc3QgLSBQU0siO3M6NDoiaGFzaCI7czoxMjoidGhlLXplc3QtcHNrIjtzOjc6ImFkZHJlc3MiO3M6NzA6IjE0LCBEaXN0cmljdCBDZW50cmUsIFZpa2FzIE1hcmcsIExheG1pIE5hZ2FyLCBOZXcgRGVsaGksIERlbGhpLCAxMTAwOTIiO3M6MTI6InBob25lX251bWJlciI7czoxMDoiODEzMDY2MDA2MCI7czoxMDoicGhvbmVfY29kZSI7czoyOiI5MSI7czo1OiJlbWFpbCI7czoxNDoiemVzdEBnbWFpbC5jb20iO3M6ODoidGltZXpvbmUiO3M6MTI6IkFzaWEvS29sa2F0YSI7czo5OiJ0aGVtZV9oZXgiO3M6NzoiIzdDM0FFRCI7czo5OiJ0aGVtZV9yZ2IiO3M6MTI6IjEyNCwgNTgsIDIzNyI7czo0OiJsb2dvIjtOO3M6MTA6ImNvdW50cnlfaWQiO2k6MTAzO3M6MTU6ImhpZGVfbmV3X29yZGVycyI7aTowO3M6MjE6ImhpZGVfbmV3X3Jlc2VydmF0aW9ucyI7aTowO3M6MjM6ImhpZGVfbmV3X3dhaXRlcl9yZXF1ZXN0IjtpOjA7czoxMToiY3VycmVuY3lfaWQiO2k6MjE7czoxMjoibGljZW5zZV90eXBlIjtzOjQ6ImZyZWUiO3M6OToiaXNfYWN0aXZlIjtpOjE7czoxMDoiY3JlYXRlZF9hdCI7czoxOToiMjAyNS0wMS0xNCAxNDoxMDo1NyI7czoxMDoidXBkYXRlZF9hdCI7czoxOToiMjAyNS0wOC0xMCAxNToyNzoyOSI7czoyMzoiY3VzdG9tZXJfbG9naW5fcmVxdWlyZWQiO2k6MDtzOjg6ImFib3V0X3VzIjtOO3M6MzA6ImFsbG93X2N1c3RvbWVyX2RlbGl2ZXJ5X29yZGVycyI7aTowO3M6Mjg6ImFsbG93X2N1c3RvbWVyX3BpY2t1cF9vcmRlcnMiO2k6MDtzOjIxOiJhbGxvd19jdXN0b21lcl9vcmRlcnMiO2k6MDtzOjIwOiJhbGxvd19kaW5lX2luX29yZGVycyI7aToxO3M6MTA6InBhY2thZ2VfaWQiO2k6NztzOjEyOiJwYWNrYWdlX3R5cGUiO3M6NzoibW9udGhseSI7czo2OiJzdGF0dXMiO3M6NjoiYWN0aXZlIjtzOjE3OiJsaWNlbnNlX2V4cGlyZV9vbiI7czoxOToiMjAyNi0wNy0wMSAwMDowMDowMCI7czoxMzoidHJpYWxfZW5kc19hdCI7TjtzOjE4OiJsaWNlbnNlX3VwZGF0ZWRfYXQiO3M6MTk6IjIwMjUtMDEtMjEgMDA6MDA6MDAiO3M6MjM6InN1YnNjcmlwdGlvbl91cGRhdGVkX2F0IjtzOjE5OiIyMDI1LTAxLTE0IDE0OjEwOjU3IjtzOjk6InN0cmlwZV9pZCI7TjtzOjc6InBtX3R5cGUiO047czoxMjoicG1fbGFzdF9mb3VyIjtOO3M6MjU6ImlzX3dhaXRlcl9yZXF1ZXN0X2VuYWJsZWQiO2k6MTtzOjMyOiJkZWZhdWx0X3RhYmxlX3Jlc2VydmF0aW9uX3N0YXR1cyI7czo5OiJDb25maXJtZWQiO3M6MTU6ImFwcHJvdmFsX3N0YXR1cyI7czo4OiJBcHByb3ZlZCI7czoxNjoicmVqZWN0aW9uX3JlYXNvbiI7TjtzOjEzOiJmYWNlYm9va19saW5rIjtOO3M6MTQ6Imluc3RhZ3JhbV9saW5rIjtOO3M6MTI6InR3aXR0ZXJfbGluayI7TjtzOjk6InllbHBfbGluayI7TjtzOjE0OiJ0YWJsZV9yZXF1aXJlZCI7aTowO3M6MTQ6InNob3dfbG9nb190ZXh0IjtpOjE7czoxMjoibWV0YV9rZXl3b3JkIjtOO3M6MTY6Im1ldGFfZGVzY3JpcHRpb24iO047czozNDoidXBsb2FkX2Zhdl9pY29uX2FuZHJvaWRfY2hyb21lXzE5MiI7TjtzOjM0OiJ1cGxvYWRfZmF2X2ljb25fYW5kcm9pZF9jaHJvbWVfNTEyIjtOO3M6MzI6InVwbG9hZF9mYXZfaWNvbl9hcHBsZV90b3VjaF9pY29uIjtOO3M6MTc6InVwbG9hZF9mYXZpY29uXzE2IjtOO3M6MTc6InVwbG9hZF9mYXZpY29uXzMyIjtOO3M6NzoiZmF2aWNvbiI7TjtzOjM2OiJpc193YWl0ZXJfcmVxdWVzdF9lbmFibGVkX29uX2Rlc2t0b3AiO2k6MTtzOjM1OiJpc193YWl0ZXJfcmVxdWVzdF9lbmFibGVkX29uX21vYmlsZSI7aToxO3M6MzY6ImlzX3dhaXRlcl9yZXF1ZXN0X2VuYWJsZWRfb3Blbl9ieV9xciI7aTowO3M6MTE6IndlYm1hbmlmZXN0IjtOO3M6MTU6ImVuYWJsZV90aXBfc2hvcCI7aToxO3M6MTQ6ImVuYWJsZV90aXBfcG9zIjtpOjE7czoyNToiaXNfcHdhX2luc3RhbGxfYWxlcnRfc2hvdyI7aTowO3M6MTk6ImF1dG9fY29uZmlybV9vcmRlcnMiO2k6MDtzOjg6InRheF9tb2RlIjtzOjU6Im9yZGVyIjtzOjEzOiJ0YXhfaW5jbHVzaXZlIjtpOjA7czoyMjoiY3VzdG9tZXJfc2l0ZV9sYW5ndWFnZSI7Tjt9czoxMDoiACoAY2hhbmdlcyI7YTowOnt9czoxMToiACoAcHJldmlvdXMiO2E6MDp7fXM6ODoiACoAY2FzdHMiO2E6Njp7czoxNzoibGljZW5zZV9leHBpcmVfb24iO3M6ODoiZGF0ZXRpbWUiO3M6MTU6InRyaWFsX2V4cGlyZV9vbiI7czo4OiJkYXRldGltZSI7czoxODoibGljZW5zZV91cGRhdGVkX2F0IjtzOjg6ImRhdGV0aW1lIjtzOjIzOiJzdWJzY3JpcHRpb25fdXBkYXRlZF9hdCI7czo4OiJkYXRldGltZSI7czoxMDoiY3JlYXRlZF9hdCI7czo4OiJkYXRldGltZSI7czoxMDoidXBkYXRlZF9hdCI7czo4OiJkYXRldGltZSI7fXM6MTc6IgAqAGNsYXNzQ2FzdENhY2hlIjthOjA6e31zOjIxOiIAKgBhdHRyaWJ1dGVDYXN0Q2FjaGUiO2E6MDp7fXM6MTM6IgAqAGRhdGVGb3JtYXQiO047czoxMDoiACoAYXBwZW5kcyI7YToxOntpOjA7czo4OiJsb2dvX3VybCI7fXM6MTk6IgAqAGRpc3BhdGNoZXNFdmVudHMiO2E6MDp7fXM6MTQ6IgAqAG9ic2VydmFibGVzIjthOjA6e31zOjEyOiIAKgByZWxhdGlvbnMiO2E6MDp7fXM6MTA6IgAqAHRvdWNoZXMiO2E6MDp7fXM6Mjc6IgAqAHJlbGF0aW9uQXV0b2xvYWRDYWxsYmFjayI7TjtzOjI2OiIAKgByZWxhdGlvbkF1dG9sb2FkQ29udGV4dCI7TjtzOjEwOiJ0aW1lc3RhbXBzIjtiOjE7czoxMzoidXNlc1VuaXF1ZUlkcyI7YjowO3M6OToiACoAaGlkZGVuIjthOjA6e31zOjEwOiIAKgB2aXNpYmxlIjthOjA6e31zOjExOiIAKgBmaWxsYWJsZSI7YTowOnt9czoxMDoiACoAZ3VhcmRlZCI7YToxOntpOjA7czoyOiJpZCI7fXM6MTc6ImN1c3RvbWVySXBBZGRyZXNzIjtOO3M6MjQ6ImVzdGltYXRpb25CaWxsaW5nQWRkcmVzcyI7YTowOnt9czoxMzoiY29sbGVjdFRheElkcyI7YjowO3M6ODoiY291cG9uSWQiO047czoxNToicHJvbW90aW9uQ29kZUlkIjtOO3M6MTk6ImFsbG93UHJvbW90aW9uQ29kZXMiO2I6MDt9fXM6MTA6IgAqAHRvdWNoZXMiO2E6MDp7fXM6Mjc6IgAqAHJlbGF0aW9uQXV0b2xvYWRDYWxsYmFjayI7TjtzOjI2OiIAKgByZWxhdGlvbkF1dG9sb2FkQ29udGV4dCI7TjtzOjEwOiJ0aW1lc3RhbXBzIjtiOjA7czoxMzoidXNlc1VuaXF1ZUlkcyI7YjowO3M6OToiACoAaGlkZGVuIjthOjA6e31zOjEwOiIAKgB2aXNpYmxlIjthOjA6e31zOjExOiIAKgBmaWxsYWJsZSI7YTowOnt9czoxMDoiACoAZ3VhcmRlZCI7YToxOntpOjA7czoxOiIqIjt9fXM6MTc6InRvZGF5X29yZGVyX2NvdW50IjtpOjE7czoyODoiYWN0aXZlX3dhaXRlcl9yZXF1ZXN0c19jb3VudCI7aTowO3M6ODoiYnJhbmNoZXMiO086Mzk6IklsbHVtaW5hdGVcRGF0YWJhc2VcRWxvcXVlbnRcQ29sbGVjdGlvbiI6Mjp7czo4OiIAKgBpdGVtcyI7YToxOntpOjA7TzoxNzoiQXBwXE1vZGVsc1xCcmFuY2giOjMzOntzOjEzOiIAKgBjb25uZWN0aW9uIjtzOjU6Im15c3FsIjtzOjg6IgAqAHRhYmxlIjtzOjg6ImJyYW5jaGVzIjtzOjEzOiIAKgBwcmltYXJ5S2V5IjtzOjI6ImlkIjtzOjEwOiIAKgBrZXlUeXBlIjtzOjM6ImludCI7czoxMjoiaW5jcmVtZW50aW5nIjtiOjE7czo3OiIAKgB3aXRoIjthOjA6e31zOjEyOiIAKgB3aXRoQ291bnQiO2E6MDp7fXM6MTk6InByZXZlbnRzTGF6eUxvYWRpbmciO2I6MDtzOjEwOiIAKgBwZXJQYWdlIjtpOjE1O3M6NjoiZXhpc3RzIjtiOjE7czoxODoid2FzUmVjZW50bHlDcmVhdGVkIjtiOjA7czoyODoiACoAZXNjYXBlV2hlbkNhc3RpbmdUb1N0cmluZyI7YjowO3M6MTM6IgAqAGF0dHJpYnV0ZXMiO2E6MTk6e3M6MjoiaWQiO2k6NztzOjExOiJ1bmlxdWVfaGFzaCI7TjtzOjEzOiJyZXN0YXVyYW50X2lkIjtpOjY7czo0OiJuYW1lIjtzOjE3OiJQU0sgLSBMYXhtaSBOYWdhciI7czoxODoiY2xvbmVkX2JyYW5jaF9uYW1lIjtOO3M6MTY6ImNsb25lZF9icmFuY2hfaWQiO047czoxMzoiaXNfbWVudV9jbG9uZSI7aTowO3M6MjQ6ImlzX2l0ZW1fY2F0ZWdvcmllc19jbG9uZSI7aTowO3M6MTk6ImlzX21lbnVfaXRlbXNfY2xvbmUiO2k6MDtzOjIzOiJpc19pdGVtX21vZGlmaWVyc19jbG9uZSI7aTowO3M6Mjk6ImlzX2Nsb25lX3Jlc2VydmF0aW9uX3NldHRpbmdzIjtpOjA7czoyNjoiaXNfY2xvbmVfZGVsaXZlcnlfc2V0dGluZ3MiO2k6MDtzOjIwOiJpc19jbG9uZV9rb3Rfc2V0dGluZyI7aTowO3M6MjU6ImlzX21vZGlmaWVyc19ncm91cHNfY2xvbmUiO2k6MDtzOjc6ImFkZHJlc3MiO3M6NzA6IjE0LCBEaXN0cmljdCBDZW50cmUsIFZpa2FzIE1hcmcsIExheG1pIE5hZ2FyLCBOZXcgRGVsaGksIERlbGhpLCAxMTAwOTIiO3M6MTA6ImNyZWF0ZWRfYXQiO3M6MTk6IjIwMjUtMDEtMTQgMTQ6MTA6NTciO3M6MTA6InVwZGF0ZWRfYXQiO3M6MTk6IjIwMjUtMDgtMTAgMTY6MzY6MDkiO3M6MzoibGF0IjtzOjEwOiIyNi45MTI1MDAwIjtzOjM6ImxuZyI7czoxMDoiNzUuNzg3NTAwMCI7fXM6MTE6IgAqAG9yaWdpbmFsIjthOjE5OntzOjI6ImlkIjtpOjc7czoxMToidW5pcXVlX2hhc2giO047czoxMzoicmVzdGF1cmFudF9pZCI7aTo2O3M6NDoibmFtZSI7czoxNzoiUFNLIC0gTGF4bWkgTmFnYXIiO3M6MTg6ImNsb25lZF9icmFuY2hfbmFtZSI7TjtzOjE2OiJjbG9uZWRfYnJhbmNoX2lkIjtOO3M6MTM6ImlzX21lbnVfY2xvbmUiO2k6MDtzOjI0OiJpc19pdGVtX2NhdGVnb3JpZXNfY2xvbmUiO2k6MDtzOjE5OiJpc19tZW51X2l0ZW1zX2Nsb25lIjtpOjA7czoyMzoiaXNfaXRlbV9tb2RpZmllcnNfY2xvbmUiO2k6MDtzOjI5OiJpc19jbG9uZV9yZXNlcnZhdGlvbl9zZXR0aW5ncyI7aTowO3M6MjY6ImlzX2Nsb25lX2RlbGl2ZXJ5X3NldHRpbmdzIjtpOjA7czoyMDoiaXNfY2xvbmVfa290X3NldHRpbmciO2k6MDtzOjI1OiJpc19tb2RpZmllcnNfZ3JvdXBzX2Nsb25lIjtpOjA7czo3OiJhZGRyZXNzIjtzOjcwOiIxNCwgRGlzdHJpY3QgQ2VudHJlLCBWaWthcyBNYXJnLCBMYXhtaSBOYWdhciwgTmV3IERlbGhpLCBEZWxoaSwgMTEwMDkyIjtzOjEwOiJjcmVhdGVkX2F0IjtzOjE5OiIyMDI1LTAxLTE0IDE0OjEwOjU3IjtzOjEwOiJ1cGRhdGVkX2F0IjtzOjE5OiIyMDI1LTA4LTEwIDE2OjM2OjA5IjtzOjM6ImxhdCI7czoxMDoiMjYuOTEyNTAwMCI7czozOiJsbmciO3M6MTA6Ijc1Ljc4NzUwMDAiO31zOjEwOiIAKgBjaGFuZ2VzIjthOjA6e31zOjExOiIAKgBwcmV2aW91cyI7YTowOnt9czo4OiIAKgBjYXN0cyI7YToyOntzOjM6ImxhdCI7czo1OiJmbG9hdCI7czozOiJsbmciO3M6NToiZmxvYXQiO31zOjE3OiIAKgBjbGFzc0Nhc3RDYWNoZSI7YTowOnt9czoyMToiACoAYXR0cmlidXRlQ2FzdENhY2hlIjthOjA6e31zOjEzOiIAKgBkYXRlRm9ybWF0IjtOO3M6MTA6IgAqAGFwcGVuZHMiO2E6MDp7fXM6MTk6IgAqAGRpc3BhdGNoZXNFdmVudHMiO2E6MDp7fXM6MTQ6IgAqAG9ic2VydmFibGVzIjthOjA6e31zOjEyOiIAKgByZWxhdGlvbnMiO2E6MDp7fXM6MTA6IgAqAHRvdWNoZXMiO2E6MDp7fXM6Mjc6IgAqAHJlbGF0aW9uQXV0b2xvYWRDYWxsYmFjayI7TjtzOjI2OiIAKgByZWxhdGlvbkF1dG9sb2FkQ29udGV4dCI7TjtzOjEwOiJ0aW1lc3RhbXBzIjtiOjE7czoxMzoidXNlc1VuaXF1ZUlkcyI7YjowO3M6OToiACoAaGlkZGVuIjthOjA6e31zOjEwOiIAKgB2aXNpYmxlIjthOjA6e31zOjExOiIAKgBmaWxsYWJsZSI7YTo5OntpOjA7czo0OiJuYW1lIjtpOjE7czo3OiJhZGRyZXNzIjtpOjI7czo1OiJwaG9uZSI7aTozO3M6NToiZW1haWwiO2k6NDtzOjEzOiJyZXN0YXVyYW50X2lkIjtpOjU7czo5OiJpc19hY3RpdmUiO2k6NjtzOjExOiJ1bmlxdWVfaGFzaCI7aTo3O3M6MzoibGF0IjtpOjg7czozOiJsbmciO31zOjEwOiIAKgBndWFyZGVkIjthOjE6e2k6MDtzOjI6ImlkIjt9fX1zOjI4OiIAKgBlc2NhcGVXaGVuQ2FzdGluZ1RvU3RyaW5nIjtiOjA7fXM6MzE6Imdsb2JhbF9jdXJyZW5jeV9mb3JtYXRfc2V0dGluZzIiO086MjU6IkFwcFxNb2RlbHNcR2xvYmFsQ3VycmVuY3kiOjM0OntzOjEzOiIAKgBjb25uZWN0aW9uIjtzOjU6Im15c3FsIjtzOjg6IgAqAHRhYmxlIjtzOjE3OiJnbG9iYWxfY3VycmVuY2llcyI7czoxMzoiACoAcHJpbWFyeUtleSI7czoyOiJpZCI7czoxMDoiACoAa2V5VHlwZSI7czozOiJpbnQiO3M6MTI6ImluY3JlbWVudGluZyI7YjoxO3M6NzoiACoAd2l0aCI7YTowOnt9czoxMjoiACoAd2l0aENvdW50IjthOjA6e31zOjE5OiJwcmV2ZW50c0xhenlMb2FkaW5nIjtiOjA7czoxMDoiACoAcGVyUGFnZSI7aToxNTtzOjY6ImV4aXN0cyI7YjoxO3M6MTg6Indhc1JlY2VudGx5Q3JlYXRlZCI7YjowO3M6Mjg6IgAqAGVzY2FwZVdoZW5DYXN0aW5nVG9TdHJpbmciO2I6MDtzOjEzOiIAKgBhdHRyaWJ1dGVzIjthOjE1OntzOjI6ImlkIjtpOjI7czoxMzoiY3VycmVuY3lfbmFtZSI7czo1OiJSdXBlZSI7czoxNToiY3VycmVuY3lfc3ltYm9sIjtzOjM6IuKCuSI7czoxMzoiY3VycmVuY3lfY29kZSI7czozOiJJTlIiO3M6MTM6ImV4Y2hhbmdlX3JhdGUiO047czo5OiJ1c2RfcHJpY2UiO047czoxNzoiaXNfY3J5cHRvY3VycmVuY3kiO3M6Mjoibm8iO3M6MTc6ImN1cnJlbmN5X3Bvc2l0aW9uIjtzOjQ6ImxlZnQiO3M6MTM6Im5vX29mX2RlY2ltYWwiO2k6MjtzOjE4OiJ0aG91c2FuZF9zZXBhcmF0b3IiO3M6MToiLCI7czoxNzoiZGVjaW1hbF9zZXBhcmF0b3IiO3M6MToiLiI7czo2OiJzdGF0dXMiO3M6NjoiZW5hYmxlIjtzOjEwOiJjcmVhdGVkX2F0IjtzOjE5OiIyMDI1LTA4LTAxIDE1OjA1OjI1IjtzOjEwOiJ1cGRhdGVkX2F0IjtzOjE5OiIyMDI1LTA4LTAxIDE1OjA1OjI1IjtzOjEwOiJkZWxldGVkX2F0IjtOO31zOjExOiIAKgBvcmlnaW5hbCI7YToxNTp7czoyOiJpZCI7aToyO3M6MTM6ImN1cnJlbmN5X25hbWUiO3M6NToiUnVwZWUiO3M6MTU6ImN1cnJlbmN5X3N5bWJvbCI7czozOiLigrkiO3M6MTM6ImN1cnJlbmN5X2NvZGUiO3M6MzoiSU5SIjtzOjEzOiJleGNoYW5nZV9yYXRlIjtOO3M6OToidXNkX3ByaWNlIjtOO3M6MTc6ImlzX2NyeXB0b2N1cnJlbmN5IjtzOjI6Im5vIjtzOjE3OiJjdXJyZW5jeV9wb3NpdGlvbiI7czo0OiJsZWZ0IjtzOjEzOiJub19vZl9kZWNpbWFsIjtpOjI7czoxODoidGhvdXNhbmRfc2VwYXJhdG9yIjtzOjE6IiwiO3M6MTc6ImRlY2ltYWxfc2VwYXJhdG9yIjtzOjE6Ii4iO3M6Njoic3RhdHVzIjtzOjY6ImVuYWJsZSI7czoxMDoiY3JlYXRlZF9hdCI7czoxOToiMjAyNS0wOC0wMSAxNTowNToyNSI7czoxMDoidXBkYXRlZF9hdCI7czoxOToiMjAyNS0wOC0wMSAxNTowNToyNSI7czoxMDoiZGVsZXRlZF9hdCI7Tjt9czoxMDoiACoAY2hhbmdlcyI7YTowOnt9czoxMToiACoAcHJldmlvdXMiO2E6MDp7fXM6ODoiACoAY2FzdHMiO2E6Mjp7czoxNzoiaXNfY3J5cHRvY3VycmVuY3kiO3M6NzoiYm9vbGVhbiI7czoxMDoiZGVsZXRlZF9hdCI7czo4OiJkYXRldGltZSI7fXM6MTc6IgAqAGNsYXNzQ2FzdENhY2hlIjthOjA6e31zOjIxOiIAKgBhdHRyaWJ1dGVDYXN0Q2FjaGUiO2E6MDp7fXM6MTM6IgAqAGRhdGVGb3JtYXQiO047czoxMDoiACoAYXBwZW5kcyI7YTowOnt9czoxOToiACoAZGlzcGF0Y2hlc0V2ZW50cyI7YTowOnt9czoxNDoiACoAb2JzZXJ2YWJsZXMiO2E6MDp7fXM6MTI6IgAqAHJlbGF0aW9ucyI7YTowOnt9czoxMDoiACoAdG91Y2hlcyI7YTowOnt9czoyNzoiACoAcmVsYXRpb25BdXRvbG9hZENhbGxiYWNrIjtOO3M6MjY6IgAqAHJlbGF0aW9uQXV0b2xvYWRDb250ZXh0IjtOO3M6MTA6InRpbWVzdGFtcHMiO2I6MTtzOjEzOiJ1c2VzVW5pcXVlSWRzIjtiOjA7czo5OiIAKgBoaWRkZW4iO2E6MDp7fXM6MTA6IgAqAHZpc2libGUiO2E6MDp7fXM6MTE6IgAqAGZpbGxhYmxlIjthOjExOntpOjA7czoxMzoiY3VycmVuY3lfbmFtZSI7aToxO3M6MTU6ImN1cnJlbmN5X3N5bWJvbCI7aToyO3M6MTM6ImN1cnJlbmN5X2NvZGUiO2k6MztzOjEzOiJleGNoYW5nZV9yYXRlIjtpOjQ7czo5OiJ1c2RfcHJpY2UiO2k6NTtzOjE3OiJpc19jcnlwdG9jdXJyZW5jeSI7aTo2O3M6MTc6ImN1cnJlbmN5X3Bvc2l0aW9uIjtpOjc7czoxMzoibm9fb2ZfZGVjaW1hbCI7aTo4O3M6MTg6InRob3VzYW5kX3NlcGFyYXRvciI7aTo5O3M6MTc6ImRlY2ltYWxfc2VwYXJhdG9yIjtpOjEwO3M6Njoic3RhdHVzIjt9czoxMDoiACoAZ3VhcmRlZCI7YToxOntpOjA7czoxOiIqIjt9czoxNjoiACoAZm9yY2VEZWxldGluZyI7YjowO31zOjMxOiJnbG9iYWxfY3VycmVuY3lfZm9ybWF0X3NldHRpbmcxIjtPOjI1OiJBcHBcTW9kZWxzXEdsb2JhbEN1cnJlbmN5IjozNDp7czoxMzoiACoAY29ubmVjdGlvbiI7czo1OiJteXNxbCI7czo4OiIAKgB0YWJsZSI7czoxNzoiZ2xvYmFsX2N1cnJlbmNpZXMiO3M6MTM6IgAqAHByaW1hcnlLZXkiO3M6MjoiaWQiO3M6MTA6IgAqAGtleVR5cGUiO3M6MzoiaW50IjtzOjEyOiJpbmNyZW1lbnRpbmciO2I6MTtzOjc6IgAqAHdpdGgiO2E6MDp7fXM6MTI6IgAqAHdpdGhDb3VudCI7YTowOnt9czoxOToicHJldmVudHNMYXp5TG9hZGluZyI7YjowO3M6MTA6IgAqAHBlclBhZ2UiO2k6MTU7czo2OiJleGlzdHMiO2I6MTtzOjE4OiJ3YXNSZWNlbnRseUNyZWF0ZWQiO2I6MDtzOjI4OiIAKgBlc2NhcGVXaGVuQ2FzdGluZ1RvU3RyaW5nIjtiOjA7czoxMzoiACoAYXR0cmlidXRlcyI7YToxNTp7czoyOiJpZCI7aToxO3M6MTM6ImN1cnJlbmN5X25hbWUiO3M6NzoiRG9sbGFycyI7czoxNToiY3VycmVuY3lfc3ltYm9sIjtzOjE6IiQiO3M6MTM6ImN1cnJlbmN5X2NvZGUiO3M6MzoiVVNEIjtzOjEzOiJleGNoYW5nZV9yYXRlIjtOO3M6OToidXNkX3ByaWNlIjtOO3M6MTc6ImlzX2NyeXB0b2N1cnJlbmN5IjtzOjI6Im5vIjtzOjE3OiJjdXJyZW5jeV9wb3NpdGlvbiI7czo0OiJsZWZ0IjtzOjEzOiJub19vZl9kZWNpbWFsIjtpOjI7czoxODoidGhvdXNhbmRfc2VwYXJhdG9yIjtzOjE6IiwiO3M6MTc6ImRlY2ltYWxfc2VwYXJhdG9yIjtzOjE6Ii4iO3M6Njoic3RhdHVzIjtzOjY6ImVuYWJsZSI7czoxMDoiY3JlYXRlZF9hdCI7czoxOToiMjAyNS0wOC0wMSAxNTowNToyNSI7czoxMDoidXBkYXRlZF9hdCI7czoxOToiMjAyNS0wOC0wMSAxNTowNToyNSI7czoxMDoiZGVsZXRlZF9hdCI7Tjt9czoxMToiACoAb3JpZ2luYWwiO2E6MTU6e3M6MjoiaWQiO2k6MTtzOjEzOiJjdXJyZW5jeV9uYW1lIjtzOjc6IkRvbGxhcnMiO3M6MTU6ImN1cnJlbmN5X3N5bWJvbCI7czoxOiIkIjtzOjEzOiJjdXJyZW5jeV9jb2RlIjtzOjM6IlVTRCI7czoxMzoiZXhjaGFuZ2VfcmF0ZSI7TjtzOjk6InVzZF9wcmljZSI7TjtzOjE3OiJpc19jcnlwdG9jdXJyZW5jeSI7czoyOiJubyI7czoxNzoiY3VycmVuY3lfcG9zaXRpb24iO3M6NDoibGVmdCI7czoxMzoibm9fb2ZfZGVjaW1hbCI7aToyO3M6MTg6InRob3VzYW5kX3NlcGFyYXRvciI7czoxOiIsIjtzOjE3OiJkZWNpbWFsX3NlcGFyYXRvciI7czoxOiIuIjtzOjY6InN0YXR1cyI7czo2OiJlbmFibGUiO3M6MTA6ImNyZWF0ZWRfYXQiO3M6MTk6IjIwMjUtMDgtMDEgMTU6MDU6MjUiO3M6MTA6InVwZGF0ZWRfYXQiO3M6MTk6IjIwMjUtMDgtMDEgMTU6MDU6MjUiO3M6MTA6ImRlbGV0ZWRfYXQiO047fXM6MTA6IgAqAGNoYW5nZXMiO2E6MDp7fXM6MTE6IgAqAHByZXZpb3VzIjthOjA6e31zOjg6IgAqAGNhc3RzIjthOjI6e3M6MTc6ImlzX2NyeXB0b2N1cnJlbmN5IjtzOjc6ImJvb2xlYW4iO3M6MTA6ImRlbGV0ZWRfYXQiO3M6ODoiZGF0ZXRpbWUiO31zOjE3OiIAKgBjbGFzc0Nhc3RDYWNoZSI7YTowOnt9czoyMToiACoAYXR0cmlidXRlQ2FzdENhY2hlIjthOjA6e31zOjEzOiIAKgBkYXRlRm9ybWF0IjtOO3M6MTA6IgAqAGFwcGVuZHMiO2E6MDp7fXM6MTk6IgAqAGRpc3BhdGNoZXNFdmVudHMiO2E6MDp7fXM6MTQ6IgAqAG9ic2VydmFibGVzIjthOjA6e31zOjEyOiIAKgByZWxhdGlvbnMiO2E6MDp7fXM6MTA6IgAqAHRvdWNoZXMiO2E6MDp7fXM6Mjc6IgAqAHJlbGF0aW9uQXV0b2xvYWRDYWxsYmFjayI7TjtzOjI2OiIAKgByZWxhdGlvbkF1dG9sb2FkQ29udGV4dCI7TjtzOjEwOiJ0aW1lc3RhbXBzIjtiOjE7czoxMzoidXNlc1VuaXF1ZUlkcyI7YjowO3M6OToiACoAaGlkZGVuIjthOjA6e31zOjEwOiIAKgB2aXNpYmxlIjthOjA6e31zOjExOiIAKgBmaWxsYWJsZSI7YToxMTp7aTowO3M6MTM6ImN1cnJlbmN5X25hbWUiO2k6MTtzOjE1OiJjdXJyZW5jeV9zeW1ib2wiO2k6MjtzOjEzOiJjdXJyZW5jeV9jb2RlIjtpOjM7czoxMzoiZXhjaGFuZ2VfcmF0ZSI7aTo0O3M6OToidXNkX3ByaWNlIjtpOjU7czoxNzoiaXNfY3J5cHRvY3VycmVuY3kiO2k6NjtzOjE3OiJjdXJyZW5jeV9wb3NpdGlvbiI7aTo3O3M6MTM6Im5vX29mX2RlY2ltYWwiO2k6ODtzOjE4OiJ0aG91c2FuZF9zZXBhcmF0b3IiO2k6OTtzOjE3OiJkZWNpbWFsX3NlcGFyYXRvciI7aToxMDtzOjY6InN0YXR1cyI7fXM6MTA6IgAqAGd1YXJkZWQiO2E6MTp7aTowO3M6MToiKiI7fXM6MTY6IgAqAGZvcmNlRGVsZXRpbmciO2I6MDt9czoyMzoiY3VycmVuY3lfZm9ybWF0X3NldHRpbmciO086MTk6IkFwcFxNb2RlbHNcQ3VycmVuY3kiOjMzOntzOjEzOiIAKgBjb25uZWN0aW9uIjtzOjU6Im15c3FsIjtzOjg6IgAqAHRhYmxlIjtzOjEwOiJjdXJyZW5jaWVzIjtzOjEzOiIAKgBwcmltYXJ5S2V5IjtzOjI6ImlkIjtzOjEwOiIAKgBrZXlUeXBlIjtzOjM6ImludCI7czoxMjoiaW5jcmVtZW50aW5nIjtiOjE7czo3OiIAKgB3aXRoIjthOjA6e31zOjEyOiIAKgB3aXRoQ291bnQiO2E6MDp7fXM6MTk6InByZXZlbnRzTGF6eUxvYWRpbmciO2I6MDtzOjEwOiIAKgBwZXJQYWdlIjtpOjE1O3M6NjoiZXhpc3RzIjtiOjE7czoxODoid2FzUmVjZW50bHlDcmVhdGVkIjtiOjA7czoyODoiACoAZXNjYXBlV2hlbkNhc3RpbmdUb1N0cmluZyI7YjowO3M6MTM6IgAqAGF0dHJpYnV0ZXMiO2E6MTI6e3M6MjoiaWQiO2k6MjE7czoxMzoicmVzdGF1cmFudF9pZCI7aTo2O3M6MTM6ImN1cnJlbmN5X25hbWUiO3M6NToiUnVwZWUiO3M6MTM6ImN1cnJlbmN5X2NvZGUiO3M6MzoiSU5SIjtzOjE1OiJjdXJyZW5jeV9zeW1ib2wiO3M6Mzoi4oK5IjtzOjE3OiJjdXJyZW5jeV9wb3NpdGlvbiI7czo0OiJsZWZ0IjtzOjEzOiJub19vZl9kZWNpbWFsIjtpOjI7czoxODoidGhvdXNhbmRfc2VwYXJhdG9yIjtzOjE6IiwiO3M6MTc6ImRlY2ltYWxfc2VwYXJhdG9yIjtzOjE6Ii4iO3M6MTM6ImV4Y2hhbmdlX3JhdGUiO047czo5OiJ1c2RfcHJpY2UiO047czoxNzoiaXNfY3J5cHRvY3VycmVuY3kiO3M6Mjoibm8iO31zOjExOiIAKgBvcmlnaW5hbCI7YToxMjp7czoyOiJpZCI7aToyMTtzOjEzOiJyZXN0YXVyYW50X2lkIjtpOjY7czoxMzoiY3VycmVuY3lfbmFtZSI7czo1OiJSdXBlZSI7czoxMzoiY3VycmVuY3lfY29kZSI7czozOiJJTlIiO3M6MTU6ImN1cnJlbmN5X3N5bWJvbCI7czozOiLigrkiO3M6MTc6ImN1cnJlbmN5X3Bvc2l0aW9uIjtzOjQ6ImxlZnQiO3M6MTM6Im5vX29mX2RlY2ltYWwiO2k6MjtzOjE4OiJ0aG91c2FuZF9zZXBhcmF0b3IiO3M6MToiLCI7czoxNzoiZGVjaW1hbF9zZXBhcmF0b3IiO3M6MToiLiI7czoxMzoiZXhjaGFuZ2VfcmF0ZSI7TjtzOjk6InVzZF9wcmljZSI7TjtzOjE3OiJpc19jcnlwdG9jdXJyZW5jeSI7czoyOiJubyI7fXM6MTA6IgAqAGNoYW5nZXMiO2E6MDp7fXM6MTE6IgAqAHByZXZpb3VzIjthOjA6e31zOjg6IgAqAGNhc3RzIjthOjA6e31zOjE3OiIAKgBjbGFzc0Nhc3RDYWNoZSI7YTowOnt9czoyMToiACoAYXR0cmlidXRlQ2FzdENhY2hlIjthOjA6e31zOjEzOiIAKgBkYXRlRm9ybWF0IjtOO3M6MTA6IgAqAGFwcGVuZHMiO2E6MDp7fXM6MTk6IgAqAGRpc3BhdGNoZXNFdmVudHMiO2E6MDp7fXM6MTQ6IgAqAG9ic2VydmFibGVzIjthOjA6e31zOjEyOiIAKgByZWxhdGlvbnMiO2E6MTp7czoxMDoicmVzdGF1cmFudCI7TzoyMToiQXBwXE1vZGVsc1xSZXN0YXVyYW50IjozOTp7czoxMzoiACoAY29ubmVjdGlvbiI7czo1OiJteXNxbCI7czo4OiIAKgB0YWJsZSI7czoxMToicmVzdGF1cmFudHMiO3M6MTM6IgAqAHByaW1hcnlLZXkiO3M6MjoiaWQiO3M6MTA6IgAqAGtleVR5cGUiO3M6MzoiaW50IjtzOjEyOiJpbmNyZW1lbnRpbmciO2I6MTtzOjc6IgAqAHdpdGgiO2E6MDp7fXM6MTI6IgAqAHdpdGhDb3VudCI7YTowOnt9czoxOToicHJldmVudHNMYXp5TG9hZGluZyI7YjowO3M6MTA6IgAqAHBlclBhZ2UiO2k6MTU7czo2OiJleGlzdHMiO2I6MTtzOjE4OiJ3YXNSZWNlbnRseUNyZWF0ZWQiO2I6MDtzOjI4OiIAKgBlc2NhcGVXaGVuQ2FzdGluZ1RvU3RyaW5nIjtiOjA7czoxMzoiACoAYXR0cmlidXRlcyI7YTo2NTp7czoyOiJpZCI7aTo2O3M6NDoibmFtZSI7czoxNDoiVGhlIFplc3QgLSBQU0siO3M6NDoiaGFzaCI7czoxMjoidGhlLXplc3QtcHNrIjtzOjc6ImFkZHJlc3MiO3M6NzA6IjE0LCBEaXN0cmljdCBDZW50cmUsIFZpa2FzIE1hcmcsIExheG1pIE5hZ2FyLCBOZXcgRGVsaGksIERlbGhpLCAxMTAwOTIiO3M6MTI6InBob25lX251bWJlciI7aTo4MTMwNjYwMDYwO3M6MTA6InBob25lX2NvZGUiO2k6OTE7czo1OiJlbWFpbCI7czoxNDoiemVzdEBnbWFpbC5jb20iO3M6ODoidGltZXpvbmUiO3M6MTI6IkFzaWEvS29sa2F0YSI7czo5OiJ0aGVtZV9oZXgiO3M6NzoiIzdDM0FFRCI7czo5OiJ0aGVtZV9yZ2IiO3M6MTI6IjEyNCwgNTgsIDIzNyI7czo0OiJsb2dvIjtzOjM2OiI2ZTkyM2I2MmE0NGUxMmI5MzM1NDI3ZDZhZTZmOWQ0YS5wbmciO3M6MTA6ImNvdW50cnlfaWQiO2k6MTAzO3M6MTU6ImhpZGVfbmV3X29yZGVycyI7aTowO3M6MjE6ImhpZGVfbmV3X3Jlc2VydmF0aW9ucyI7aTowO3M6MjM6ImhpZGVfbmV3X3dhaXRlcl9yZXF1ZXN0IjtpOjA7czoxMToiY3VycmVuY3lfaWQiO2k6MjE7czoxMjoibGljZW5zZV90eXBlIjtzOjQ6ImZyZWUiO3M6OToiaXNfYWN0aXZlIjtpOjE7czoxMDoiY3JlYXRlZF9hdCI7czoxOToiMjAyNS0wMS0xNCAxNDoxMDo1NyI7czoxMDoidXBkYXRlZF9hdCI7czoxOToiMjAyNS0wOC0xMCAxNjo1OToyMSI7czoyMzoiY3VzdG9tZXJfbG9naW5fcmVxdWlyZWQiO2k6MDtzOjg6ImFib3V0X3VzIjtOO3M6MzA6ImFsbG93X2N1c3RvbWVyX2RlbGl2ZXJ5X29yZGVycyI7aTowO3M6Mjg6ImFsbG93X2N1c3RvbWVyX3BpY2t1cF9vcmRlcnMiO2k6MDtzOjIxOiJhbGxvd19jdXN0b21lcl9vcmRlcnMiO2k6MDtzOjIwOiJhbGxvd19kaW5lX2luX29yZGVycyI7aToxO3M6MTA6InBhY2thZ2VfaWQiO2k6NztzOjEyOiJwYWNrYWdlX3R5cGUiO3M6NzoibW9udGhseSI7czo2OiJzdGF0dXMiO3M6NjoiYWN0aXZlIjtzOjE3OiJsaWNlbnNlX2V4cGlyZV9vbiI7czoxOToiMjAyNi0wNy0wMSAwMDowMDowMCI7czoxMzoidHJpYWxfZW5kc19hdCI7TjtzOjE4OiJsaWNlbnNlX3VwZGF0ZWRfYXQiO3M6MTk6IjIwMjUtMDEtMjEgMDA6MDA6MDAiO3M6MjM6InN1YnNjcmlwdGlvbl91cGRhdGVkX2F0IjtzOjE5OiIyMDI1LTAxLTE0IDE0OjEwOjU3IjtzOjk6InN0cmlwZV9pZCI7TjtzOjc6InBtX3R5cGUiO047czoxMjoicG1fbGFzdF9mb3VyIjtOO3M6MjU6ImlzX3dhaXRlcl9yZXF1ZXN0X2VuYWJsZWQiO2k6MTtzOjMyOiJkZWZhdWx0X3RhYmxlX3Jlc2VydmF0aW9uX3N0YXR1cyI7czo5OiJDb25maXJtZWQiO3M6MTU6ImFwcHJvdmFsX3N0YXR1cyI7czo4OiJBcHByb3ZlZCI7czoxNjoicmVqZWN0aW9uX3JlYXNvbiI7TjtzOjEzOiJmYWNlYm9va19saW5rIjtOO3M6MTQ6Imluc3RhZ3JhbV9saW5rIjtOO3M6MTI6InR3aXR0ZXJfbGluayI7TjtzOjk6InllbHBfbGluayI7TjtzOjE0OiJ0YWJsZV9yZXF1aXJlZCI7aTowO3M6MTQ6InNob3dfbG9nb190ZXh0IjtpOjE7czoxMjoibWV0YV9rZXl3b3JkIjtOO3M6MTY6Im1ldGFfZGVzY3JpcHRpb24iO047czozNDoidXBsb2FkX2Zhdl9pY29uX2FuZHJvaWRfY2hyb21lXzE5MiI7TjtzOjM0OiJ1cGxvYWRfZmF2X2ljb25fYW5kcm9pZF9jaHJvbWVfNTEyIjtOO3M6MzI6InVwbG9hZF9mYXZfaWNvbl9hcHBsZV90b3VjaF9pY29uIjtOO3M6MTc6InVwbG9hZF9mYXZpY29uXzE2IjtOO3M6MTc6InVwbG9hZF9mYXZpY29uXzMyIjtOO3M6NzoiZmF2aWNvbiI7TjtzOjM2OiJpc193YWl0ZXJfcmVxdWVzdF9lbmFibGVkX29uX2Rlc2t0b3AiO2k6MTtzOjM1OiJpc193YWl0ZXJfcmVxdWVzdF9lbmFibGVkX29uX21vYmlsZSI7aToxO3M6MzY6ImlzX3dhaXRlcl9yZXF1ZXN0X2VuYWJsZWRfb3Blbl9ieV9xciI7aTowO3M6MTE6IndlYm1hbmlmZXN0IjtOO3M6MTU6ImVuYWJsZV90aXBfc2hvcCI7aToxO3M6MTQ6ImVuYWJsZV90aXBfcG9zIjtpOjE7czoyNToiaXNfcHdhX2luc3RhbGxfYWxlcnRfc2hvdyI7aTowO3M6MTk6ImF1dG9fY29uZmlybV9vcmRlcnMiO2k6MDtzOjg6InRheF9tb2RlIjtzOjU6Im9yZGVyIjtzOjEzOiJ0YXhfaW5jbHVzaXZlIjtpOjA7czoyMjoiY3VzdG9tZXJfc2l0ZV9sYW5ndWFnZSI7Tjt9czoxMToiACoAb3JpZ2luYWwiO2E6NjU6e3M6MjoiaWQiO2k6NjtzOjQ6Im5hbWUiO3M6MTQ6IlRoZSBaZXN0IC0gUFNLIjtzOjQ6Imhhc2giO3M6MTI6InRoZS16ZXN0LXBzayI7czo3OiJhZGRyZXNzIjtzOjcwOiIxNCwgRGlzdHJpY3QgQ2VudHJlLCBWaWthcyBNYXJnLCBMYXhtaSBOYWdhciwgTmV3IERlbGhpLCBEZWxoaSwgMTEwMDkyIjtzOjEyOiJwaG9uZV9udW1iZXIiO3M6MTA6IjgxMzA2NjAwNjAiO3M6MTA6InBob25lX2NvZGUiO3M6MjoiOTEiO3M6NToiZW1haWwiO3M6MTQ6Inplc3RAZ21haWwuY29tIjtzOjg6InRpbWV6b25lIjtzOjEyOiJBc2lhL0tvbGthdGEiO3M6OToidGhlbWVfaGV4IjtzOjc6IiM3QzNBRUQiO3M6OToidGhlbWVfcmdiIjtzOjEyOiIxMjQsIDU4LCAyMzciO3M6NDoibG9nbyI7czozNjoiNmU5MjNiNjJhNDRlMTJiOTMzNTQyN2Q2YWU2ZjlkNGEucG5nIjtzOjEwOiJjb3VudHJ5X2lkIjtpOjEwMztzOjE1OiJoaWRlX25ld19vcmRlcnMiO2k6MDtzOjIxOiJoaWRlX25ld19yZXNlcnZhdGlvbnMiO2k6MDtzOjIzOiJoaWRlX25ld193YWl0ZXJfcmVxdWVzdCI7aTowO3M6MTE6ImN1cnJlbmN5X2lkIjtpOjIxO3M6MTI6ImxpY2Vuc2VfdHlwZSI7czo0OiJmcmVlIjtzOjk6ImlzX2FjdGl2ZSI7aToxO3M6MTA6ImNyZWF0ZWRfYXQiO3M6MTk6IjIwMjUtMDEtMTQgMTQ6MTA6NTciO3M6MTA6InVwZGF0ZWRfYXQiO3M6MTk6IjIwMjUtMDgtMTAgMTY6NTk6MjEiO3M6MjM6ImN1c3RvbWVyX2xvZ2luX3JlcXVpcmVkIjtpOjA7czo4OiJhYm91dF91cyI7TjtzOjMwOiJhbGxvd19jdXN0b21lcl9kZWxpdmVyeV9vcmRlcnMiO2k6MDtzOjI4OiJhbGxvd19jdXN0b21lcl9waWNrdXBfb3JkZXJzIjtpOjA7czoyMToiYWxsb3dfY3VzdG9tZXJfb3JkZXJzIjtpOjA7czoyMDoiYWxsb3dfZGluZV9pbl9vcmRlcnMiO2k6MTtzOjEwOiJwYWNrYWdlX2lkIjtpOjc7czoxMjoicGFja2FnZV90eXBlIjtzOjc6Im1vbnRobHkiO3M6Njoic3RhdHVzIjtzOjY6ImFjdGl2ZSI7czoxNzoibGljZW5zZV9leHBpcmVfb24iO3M6MTk6IjIwMjYtMDctMDEgMDA6MDA6MDAiO3M6MTM6InRyaWFsX2VuZHNfYXQiO047czoxODoibGljZW5zZV91cGRhdGVkX2F0IjtzOjE5OiIyMDI1LTAxLTIxIDAwOjAwOjAwIjtzOjIzOiJzdWJzY3JpcHRpb25fdXBkYXRlZF9hdCI7czoxOToiMjAyNS0wMS0xNCAxNDoxMDo1NyI7czo5OiJzdHJpcGVfaWQiO047czo3OiJwbV90eXBlIjtOO3M6MTI6InBtX2xhc3RfZm91ciI7TjtzOjI1OiJpc193YWl0ZXJfcmVxdWVzdF9lbmFibGVkIjtpOjE7czozMjoiZGVmYXVsdF90YWJsZV9yZXNlcnZhdGlvbl9zdGF0dXMiO3M6OToiQ29uZmlybWVkIjtzOjE1OiJhcHByb3ZhbF9zdGF0dXMiO3M6ODoiQXBwcm92ZWQiO3M6MTY6InJlamVjdGlvbl9yZWFzb24iO047czoxMzoiZmFjZWJvb2tfbGluayI7TjtzOjE0OiJpbnN0YWdyYW1fbGluayI7TjtzOjEyOiJ0d2l0dGVyX2xpbmsiO047czo5OiJ5ZWxwX2xpbmsiO047czoxNDoidGFibGVfcmVxdWlyZWQiO2k6MDtzOjE0OiJzaG93X2xvZ29fdGV4dCI7aToxO3M6MTI6Im1ldGFfa2V5d29yZCI7TjtzOjE2OiJtZXRhX2Rlc2NyaXB0aW9uIjtOO3M6MzQ6InVwbG9hZF9mYXZfaWNvbl9hbmRyb2lkX2Nocm9tZV8xOTIiO047czozNDoidXBsb2FkX2Zhdl9pY29uX2FuZHJvaWRfY2hyb21lXzUxMiI7TjtzOjMyOiJ1cGxvYWRfZmF2X2ljb25fYXBwbGVfdG91Y2hfaWNvbiI7TjtzOjE3OiJ1cGxvYWRfZmF2aWNvbl8xNiI7TjtzOjE3OiJ1cGxvYWRfZmF2aWNvbl8zMiI7TjtzOjc6ImZhdmljb24iO047czozNjoiaXNfd2FpdGVyX3JlcXVlc3RfZW5hYmxlZF9vbl9kZXNrdG9wIjtpOjE7czozNToiaXNfd2FpdGVyX3JlcXVlc3RfZW5hYmxlZF9vbl9tb2JpbGUiO2k6MTtzOjM2OiJpc193YWl0ZXJfcmVxdWVzdF9lbmFibGVkX29wZW5fYnlfcXIiO2k6MDtzOjExOiJ3ZWJtYW5pZmVzdCI7TjtzOjE1OiJlbmFibGVfdGlwX3Nob3AiO2k6MTtzOjE0OiJlbmFibGVfdGlwX3BvcyI7aToxO3M6MjU6ImlzX3B3YV9pbnN0YWxsX2FsZXJ0X3Nob3ciO2k6MDtzOjE5OiJhdXRvX2NvbmZpcm1fb3JkZXJzIjtpOjA7czo4OiJ0YXhfbW9kZSI7czo1OiJvcmRlciI7czoxMzoidGF4X2luY2x1c2l2ZSI7aTowO3M6MjI6ImN1c3RvbWVyX3NpdGVfbGFuZ3VhZ2UiO047fXM6MTA6IgAqAGNoYW5nZXMiO2E6MDp7fXM6MTE6IgAqAHByZXZpb3VzIjthOjA6e31zOjg6IgAqAGNhc3RzIjthOjY6e3M6MTc6ImxpY2Vuc2VfZXhwaXJlX29uIjtzOjg6ImRhdGV0aW1lIjtzOjE1OiJ0cmlhbF9leHBpcmVfb24iO3M6ODoiZGF0ZXRpbWUiO3M6MTg6ImxpY2Vuc2VfdXBkYXRlZF9hdCI7czo4OiJkYXRldGltZSI7czoyMzoic3Vic2NyaXB0aW9uX3VwZGF0ZWRfYXQiO3M6ODoiZGF0ZXRpbWUiO3M6MTA6ImNyZWF0ZWRfYXQiO3M6ODoiZGF0ZXRpbWUiO3M6MTA6InVwZGF0ZWRfYXQiO3M6ODoiZGF0ZXRpbWUiO31zOjE3OiIAKgBjbGFzc0Nhc3RDYWNoZSI7YTowOnt9czoyMToiACoAYXR0cmlidXRlQ2FzdENhY2hlIjthOjA6e31zOjEzOiIAKgBkYXRlRm9ybWF0IjtOO3M6MTA6IgAqAGFwcGVuZHMiO2E6MTp7aTowO3M6ODoibG9nb191cmwiO31zOjE5OiIAKgBkaXNwYXRjaGVzRXZlbnRzIjthOjA6e31zOjE0OiIAKgBvYnNlcnZhYmxlcyI7YTowOnt9czoxMjoiACoAcmVsYXRpb25zIjthOjE6e3M6ODoiY3VycmVuY3kiO086MTk6IkFwcFxNb2RlbHNcQ3VycmVuY3kiOjMzOntzOjEzOiIAKgBjb25uZWN0aW9uIjtzOjU6Im15c3FsIjtzOjg6IgAqAHRhYmxlIjtzOjEwOiJjdXJyZW5jaWVzIjtzOjEzOiIAKgBwcmltYXJ5S2V5IjtzOjI6ImlkIjtzOjEwOiIAKgBrZXlUeXBlIjtzOjM6ImludCI7czoxMjoiaW5jcmVtZW50aW5nIjtiOjE7czo3OiIAKgB3aXRoIjthOjA6e31zOjEyOiIAKgB3aXRoQ291bnQiO2E6MDp7fXM6MTk6InByZXZlbnRzTGF6eUxvYWRpbmciO2I6MDtzOjEwOiIAKgBwZXJQYWdlIjtpOjE1O3M6NjoiZXhpc3RzIjtiOjE7czoxODoid2FzUmVjZW50bHlDcmVhdGVkIjtiOjA7czoyODoiACoAZXNjYXBlV2hlbkNhc3RpbmdUb1N0cmluZyI7YjowO3M6MTM6IgAqAGF0dHJpYnV0ZXMiO2E6MTI6e3M6MjoiaWQiO2k6MjE7czoxMzoicmVzdGF1cmFudF9pZCI7aTo2O3M6MTM6ImN1cnJlbmN5X25hbWUiO3M6NToiUnVwZWUiO3M6MTM6ImN1cnJlbmN5X2NvZGUiO3M6MzoiSU5SIjtzOjE1OiJjdXJyZW5jeV9zeW1ib2wiO3M6Mzoi4oK5IjtzOjE3OiJjdXJyZW5jeV9wb3NpdGlvbiI7czo0OiJsZWZ0IjtzOjEzOiJub19vZl9kZWNpbWFsIjtpOjI7czoxODoidGhvdXNhbmRfc2VwYXJhdG9yIjtzOjE6IiwiO3M6MTc6ImRlY2ltYWxfc2VwYXJhdG9yIjtzOjE6Ii4iO3M6MTM6ImV4Y2hhbmdlX3JhdGUiO047czo5OiJ1c2RfcHJpY2UiO047czoxNzoiaXNfY3J5cHRvY3VycmVuY3kiO3M6Mjoibm8iO31zOjExOiIAKgBvcmlnaW5hbCI7YToxMjp7czoyOiJpZCI7aToyMTtzOjEzOiJyZXN0YXVyYW50X2lkIjtpOjY7czoxMzoiY3VycmVuY3lfbmFtZSI7czo1OiJSdXBlZSI7czoxMzoiY3VycmVuY3lfY29kZSI7czozOiJJTlIiO3M6MTU6ImN1cnJlbmN5X3N5bWJvbCI7czozOiLigrkiO3M6MTc6ImN1cnJlbmN5X3Bvc2l0aW9uIjtzOjQ6ImxlZnQiO3M6MTM6Im5vX29mX2RlY2ltYWwiO2k6MjtzOjE4OiJ0aG91c2FuZF9zZXBhcmF0b3IiO3M6MToiLCI7czoxNzoiZGVjaW1hbF9zZXBhcmF0b3IiO3M6MToiLiI7czoxMzoiZXhjaGFuZ2VfcmF0ZSI7TjtzOjk6InVzZF9wcmljZSI7TjtzOjE3OiJpc19jcnlwdG9jdXJyZW5jeSI7czoyOiJubyI7fXM6MTA6IgAqAGNoYW5nZXMiO2E6MDp7fXM6MTE6IgAqAHByZXZpb3VzIjthOjA6e31zOjg6IgAqAGNhc3RzIjthOjA6e31zOjE3OiIAKgBjbGFzc0Nhc3RDYWNoZSI7YTowOnt9czoyMToiACoAYXR0cmlidXRlQ2FzdENhY2hlIjthOjA6e31zOjEzOiIAKgBkYXRlRm9ybWF0IjtOO3M6MTA6IgAqAGFwcGVuZHMiO2E6MDp7fXM6MTk6IgAqAGRpc3BhdGNoZXNFdmVudHMiO2E6MDp7fXM6MTQ6IgAqAG9ic2VydmFibGVzIjthOjA6e31zOjEyOiIAKgByZWxhdGlvbnMiO2E6MDp7fXM6MTA6IgAqAHRvdWNoZXMiO2E6MDp7fXM6Mjc6IgAqAHJlbGF0aW9uQXV0b2xvYWRDYWxsYmFjayI7TjtzOjI2OiIAKgByZWxhdGlvbkF1dG9sb2FkQ29udGV4dCI7TjtzOjEwOiJ0aW1lc3RhbXBzIjtiOjA7czoxMzoidXNlc1VuaXF1ZUlkcyI7YjowO3M6OToiACoAaGlkZGVuIjthOjA6e31zOjEwOiIAKgB2aXNpYmxlIjthOjA6e31zOjExOiIAKgBmaWxsYWJsZSI7YTowOnt9czoxMDoiACoAZ3VhcmRlZCI7YToxOntpOjA7czoxOiIqIjt9fX1zOjEwOiIAKgB0b3VjaGVzIjthOjA6e31zOjI3OiIAKgByZWxhdGlvbkF1dG9sb2FkQ2FsbGJhY2siO047czoyNjoiACoAcmVsYXRpb25BdXRvbG9hZENvbnRleHQiO047czoxMDoidGltZXN0YW1wcyI7YjoxO3M6MTM6InVzZXNVbmlxdWVJZHMiO2I6MDtzOjk6IgAqAGhpZGRlbiI7YTowOnt9czoxMDoiACoAdmlzaWJsZSI7YTowOnt9czoxMToiACoAZmlsbGFibGUiO2E6MDp7fXM6MTA6IgAqAGd1YXJkZWQiO2E6MTp7aTowO3M6MjoiaWQiO31zOjE3OiJjdXN0b21lcklwQWRkcmVzcyI7TjtzOjI0OiJlc3RpbWF0aW9uQmlsbGluZ0FkZHJlc3MiO2E6MDp7fXM6MTM6ImNvbGxlY3RUYXhJZHMiO2I6MDtzOjg6ImNvdXBvbklkIjtOO3M6MTU6InByb21vdGlvbkNvZGVJZCI7TjtzOjE5OiJhbGxvd1Byb21vdGlvbkNvZGVzIjtiOjA7fX1zOjEwOiIAKgB0b3VjaGVzIjthOjA6e31zOjI3OiIAKgByZWxhdGlvbkF1dG9sb2FkQ2FsbGJhY2siO047czoyNjoiACoAcmVsYXRpb25BdXRvbG9hZENvbnRleHQiO047czoxMDoidGltZXN0YW1wcyI7YjowO3M6MTM6InVzZXNVbmlxdWVJZHMiO2I6MDtzOjk6IgAqAGhpZGRlbiI7YTowOnt9czoxMDoiACoAdmlzaWJsZSI7YTowOnt9czoxMToiACoAZmlsbGFibGUiO2E6MDp7fXM6MTA6IgAqAGd1YXJkZWQiO2E6MTp7aTowO3M6MToiKiI7fX1zOjY6ImJyYW5jaCI7cjo1MzY7czoyNToiY3VycmVuY3lfZm9ybWF0X3NldHRpbmcyMiI7TzoxOToiQXBwXE1vZGVsc1xDdXJyZW5jeSI6MzM6e3M6MTM6IgAqAGNvbm5lY3Rpb24iO3M6NToibXlzcWwiO3M6ODoiACoAdGFibGUiO3M6MTA6ImN1cnJlbmNpZXMiO3M6MTM6IgAqAHByaW1hcnlLZXkiO3M6MjoiaWQiO3M6MTA6IgAqAGtleVR5cGUiO3M6MzoiaW50IjtzOjEyOiJpbmNyZW1lbnRpbmciO2I6MTtzOjc6IgAqAHdpdGgiO2E6MDp7fXM6MTI6IgAqAHdpdGhDb3VudCI7YTowOnt9czoxOToicHJldmVudHNMYXp5TG9hZGluZyI7YjowO3M6MTA6IgAqAHBlclBhZ2UiO2k6MTU7czo2OiJleGlzdHMiO2I6MTtzOjE4OiJ3YXNSZWNlbnRseUNyZWF0ZWQiO2I6MDtzOjI4OiIAKgBlc2NhcGVXaGVuQ2FzdGluZ1RvU3RyaW5nIjtiOjA7czoxMzoiACoAYXR0cmlidXRlcyI7YToxMjp7czoyOiJpZCI7aToyMjtzOjEzOiJyZXN0YXVyYW50X2lkIjtpOjY7czoxMzoiY3VycmVuY3lfbmFtZSI7czo3OiJEb2xsYXJzIjtzOjEzOiJjdXJyZW5jeV9jb2RlIjtzOjM6IlVTRCI7czoxNToiY3VycmVuY3lfc3ltYm9sIjtzOjE6IiQiO3M6MTc6ImN1cnJlbmN5X3Bvc2l0aW9uIjtzOjQ6ImxlZnQiO3M6MTM6Im5vX29mX2RlY2ltYWwiO2k6MjtzOjE4OiJ0aG91c2FuZF9zZXBhcmF0b3IiO3M6MToiLCI7czoxNzoiZGVjaW1hbF9zZXBhcmF0b3IiO3M6MToiLiI7czoxMzoiZXhjaGFuZ2VfcmF0ZSI7TjtzOjk6InVzZF9wcmljZSI7TjtzOjE3OiJpc19jcnlwdG9jdXJyZW5jeSI7czoyOiJubyI7fXM6MTE6IgAqAG9yaWdpbmFsIjthOjEyOntzOjI6ImlkIjtpOjIyO3M6MTM6InJlc3RhdXJhbnRfaWQiO2k6NjtzOjEzOiJjdXJyZW5jeV9uYW1lIjtzOjc6IkRvbGxhcnMiO3M6MTM6ImN1cnJlbmN5X2NvZGUiO3M6MzoiVVNEIjtzOjE1OiJjdXJyZW5jeV9zeW1ib2wiO3M6MToiJCI7czoxNzoiY3VycmVuY3lfcG9zaXRpb24iO3M6NDoibGVmdCI7czoxMzoibm9fb2ZfZGVjaW1hbCI7aToyO3M6MTg6InRob3VzYW5kX3NlcGFyYXRvciI7czoxOiIsIjtzOjE3OiJkZWNpbWFsX3NlcGFyYXRvciI7czoxOiIuIjtzOjEzOiJleGNoYW5nZV9yYXRlIjtOO3M6OToidXNkX3ByaWNlIjtOO3M6MTc6ImlzX2NyeXB0b2N1cnJlbmN5IjtzOjI6Im5vIjt9czoxMDoiACoAY2hhbmdlcyI7YTowOnt9czoxMToiACoAcHJldmlvdXMiO2E6MDp7fXM6ODoiACoAY2FzdHMiO2E6MDp7fXM6MTc6IgAqAGNsYXNzQ2FzdENhY2hlIjthOjA6e31zOjIxOiIAKgBhdHRyaWJ1dGVDYXN0Q2FjaGUiO2E6MDp7fXM6MTM6IgAqAGRhdGVGb3JtYXQiO047czoxMDoiACoAYXBwZW5kcyI7YTowOnt9czoxOToiACoAZGlzcGF0Y2hlc0V2ZW50cyI7YTowOnt9czoxNDoiACoAb2JzZXJ2YWJsZXMiO2E6MDp7fXM6MTI6IgAqAHJlbGF0aW9ucyI7YToxOntzOjEwOiJyZXN0YXVyYW50IjtPOjIxOiJBcHBcTW9kZWxzXFJlc3RhdXJhbnQiOjM5OntzOjEzOiIAKgBjb25uZWN0aW9uIjtzOjU6Im15c3FsIjtzOjg6IgAqAHRhYmxlIjtzOjExOiJyZXN0YXVyYW50cyI7czoxMzoiACoAcHJpbWFyeUtleSI7czoyOiJpZCI7czoxMDoiACoAa2V5VHlwZSI7czozOiJpbnQiO3M6MTI6ImluY3JlbWVudGluZyI7YjoxO3M6NzoiACoAd2l0aCI7YTowOnt9czoxMjoiACoAd2l0aENvdW50IjthOjA6e31zOjE5OiJwcmV2ZW50c0xhenlMb2FkaW5nIjtiOjA7czoxMDoiACoAcGVyUGFnZSI7aToxNTtzOjY6ImV4aXN0cyI7YjoxO3M6MTg6Indhc1JlY2VudGx5Q3JlYXRlZCI7YjowO3M6Mjg6IgAqAGVzY2FwZVdoZW5DYXN0aW5nVG9TdHJpbmciO2I6MDtzOjEzOiIAKgBhdHRyaWJ1dGVzIjthOjY1OntzOjI6ImlkIjtpOjY7czo0OiJuYW1lIjtzOjE0OiJUaGUgWmVzdCAtIFBTSyI7czo0OiJoYXNoIjtzOjEyOiJ0aGUtemVzdC1wc2siO3M6NzoiYWRkcmVzcyI7czo3MDoiMTQsIERpc3RyaWN0IENlbnRyZSwgVmlrYXMgTWFyZywgTGF4bWkgTmFnYXIsIE5ldyBEZWxoaSwgRGVsaGksIDExMDA5MiI7czoxMjoicGhvbmVfbnVtYmVyIjtpOjgxMzA2NjAwNjA7czoxMDoicGhvbmVfY29kZSI7aTo5MTtzOjU6ImVtYWlsIjtzOjE0OiJ6ZXN0QGdtYWlsLmNvbSI7czo4OiJ0aW1lem9uZSI7czoxMjoiQXNpYS9Lb2xrYXRhIjtzOjk6InRoZW1lX2hleCI7czo3OiIjN0MzQUVEIjtzOjk6InRoZW1lX3JnYiI7czoxMjoiMTI0LCA1OCwgMjM3IjtzOjQ6ImxvZ28iO047czoxMDoiY291bnRyeV9pZCI7aToxMDM7czoxNToiaGlkZV9uZXdfb3JkZXJzIjtpOjA7czoyMToiaGlkZV9uZXdfcmVzZXJ2YXRpb25zIjtpOjA7czoyMzoiaGlkZV9uZXdfd2FpdGVyX3JlcXVlc3QiO2k6MDtzOjExOiJjdXJyZW5jeV9pZCI7aToyMTtzOjEyOiJsaWNlbnNlX3R5cGUiO3M6NDoiZnJlZSI7czo5OiJpc19hY3RpdmUiO2k6MTtzOjEwOiJjcmVhdGVkX2F0IjtzOjE5OiIyMDI1LTAxLTE0IDE0OjEwOjU3IjtzOjEwOiJ1cGRhdGVkX2F0IjtzOjE5OiIyMDI1LTA4LTEwIDE1OjI3OjI5IjtzOjIzOiJjdXN0b21lcl9sb2dpbl9yZXF1aXJlZCI7aTowO3M6ODoiYWJvdXRfdXMiO047czozMDoiYWxsb3dfY3VzdG9tZXJfZGVsaXZlcnlfb3JkZXJzIjtpOjA7czoyODoiYWxsb3dfY3VzdG9tZXJfcGlja3VwX29yZGVycyI7aTowO3M6MjE6ImFsbG93X2N1c3RvbWVyX29yZGVycyI7aTowO3M6MjA6ImFsbG93X2RpbmVfaW5fb3JkZXJzIjtpOjE7czoxMDoicGFja2FnZV9pZCI7aTo3O3M6MTI6InBhY2thZ2VfdHlwZSI7czo3OiJtb250aGx5IjtzOjY6InN0YXR1cyI7czo2OiJhY3RpdmUiO3M6MTc6ImxpY2Vuc2VfZXhwaXJlX29uIjtzOjE5OiIyMDI2LTA3LTAxIDAwOjAwOjAwIjtzOjEzOiJ0cmlhbF9lbmRzX2F0IjtOO3M6MTg6ImxpY2Vuc2VfdXBkYXRlZF9hdCI7czoxOToiMjAyNS0wMS0yMSAwMDowMDowMCI7czoyMzoic3Vic2NyaXB0aW9uX3VwZGF0ZWRfYXQiO3M6MTk6IjIwMjUtMDEtMTQgMTQ6MTA6NTciO3M6OToic3RyaXBlX2lkIjtOO3M6NzoicG1fdHlwZSI7TjtzOjEyOiJwbV9sYXN0X2ZvdXIiO047czoyNToiaXNfd2FpdGVyX3JlcXVlc3RfZW5hYmxlZCI7aToxO3M6MzI6ImRlZmF1bHRfdGFibGVfcmVzZXJ2YXRpb25fc3RhdHVzIjtzOjk6IkNvbmZpcm1lZCI7czoxNToiYXBwcm92YWxfc3RhdHVzIjtzOjg6IkFwcHJvdmVkIjtzOjE2OiJyZWplY3Rpb25fcmVhc29uIjtOO3M6MTM6ImZhY2Vib29rX2xpbmsiO047czoxNDoiaW5zdGFncmFtX2xpbmsiO047czoxMjoidHdpdHRlcl9saW5rIjtOO3M6OToieWVscF9saW5rIjtOO3M6MTQ6InRhYmxlX3JlcXVpcmVkIjtpOjA7czoxNDoic2hvd19sb2dvX3RleHQiO2k6MTtzOjEyOiJtZXRhX2tleXdvcmQiO047czoxNjoibWV0YV9kZXNjcmlwdGlvbiI7TjtzOjM0OiJ1cGxvYWRfZmF2X2ljb25fYW5kcm9pZF9jaHJvbWVfMTkyIjtOO3M6MzQ6InVwbG9hZF9mYXZfaWNvbl9hbmRyb2lkX2Nocm9tZV81MTIiO047czozMjoidXBsb2FkX2Zhdl9pY29uX2FwcGxlX3RvdWNoX2ljb24iO047czoxNzoidXBsb2FkX2Zhdmljb25fMTYiO047czoxNzoidXBsb2FkX2Zhdmljb25fMzIiO047czo3OiJmYXZpY29uIjtOO3M6MzY6ImlzX3dhaXRlcl9yZXF1ZXN0X2VuYWJsZWRfb25fZGVza3RvcCI7aToxO3M6MzU6ImlzX3dhaXRlcl9yZXF1ZXN0X2VuYWJsZWRfb25fbW9iaWxlIjtpOjE7czozNjoiaXNfd2FpdGVyX3JlcXVlc3RfZW5hYmxlZF9vcGVuX2J5X3FyIjtpOjA7czoxMToid2VibWFuaWZlc3QiO047czoxNToiZW5hYmxlX3RpcF9zaG9wIjtpOjE7czoxNDoiZW5hYmxlX3RpcF9wb3MiO2k6MTtzOjI1OiJpc19wd2FfaW5zdGFsbF9hbGVydF9zaG93IjtpOjA7czoxOToiYXV0b19jb25maXJtX29yZGVycyI7aTowO3M6ODoidGF4X21vZGUiO3M6NToib3JkZXIiO3M6MTM6InRheF9pbmNsdXNpdmUiO2k6MDtzOjIyOiJjdXN0b21lcl9zaXRlX2xhbmd1YWdlIjtOO31zOjExOiIAKgBvcmlnaW5hbCI7YTo2NTp7czoyOiJpZCI7aTo2O3M6NDoibmFtZSI7czoxNDoiVGhlIFplc3QgLSBQU0siO3M6NDoiaGFzaCI7czoxMjoidGhlLXplc3QtcHNrIjtzOjc6ImFkZHJlc3MiO3M6NzA6IjE0LCBEaXN0cmljdCBDZW50cmUsIFZpa2FzIE1hcmcsIExheG1pIE5hZ2FyLCBOZXcgRGVsaGksIERlbGhpLCAxMTAwOTIiO3M6MTI6InBob25lX251bWJlciI7czoxMDoiODEzMDY2MDA2MCI7czoxMDoicGhvbmVfY29kZSI7czoyOiI5MSI7czo1OiJlbWFpbCI7czoxNDoiemVzdEBnbWFpbC5jb20iO3M6ODoidGltZXpvbmUiO3M6MTI6IkFzaWEvS29sa2F0YSI7czo5OiJ0aGVtZV9oZXgiO3M6NzoiIzdDM0FFRCI7czo5OiJ0aGVtZV9yZ2IiO3M6MTI6IjEyNCwgNTgsIDIzNyI7czo0OiJsb2dvIjtOO3M6MTA6ImNvdW50cnlfaWQiO2k6MTAzO3M6MTU6ImhpZGVfbmV3X29yZGVycyI7aTowO3M6MjE6ImhpZGVfbmV3X3Jlc2VydmF0aW9ucyI7aTowO3M6MjM6ImhpZGVfbmV3X3dhaXRlcl9yZXF1ZXN0IjtpOjA7czoxMToiY3VycmVuY3lfaWQiO2k6MjE7czoxMjoibGljZW5zZV90eXBlIjtzOjQ6ImZyZWUiO3M6OToiaXNfYWN0aXZlIjtpOjE7czoxMDoiY3JlYXRlZF9hdCI7czoxOToiMjAyNS0wMS0xNCAxNDoxMDo1NyI7czoxMDoidXBkYXRlZF9hdCI7czoxOToiMjAyNS0wOC0xMCAxNToyNzoyOSI7czoyMzoiY3VzdG9tZXJfbG9naW5fcmVxdWlyZWQiO2k6MDtzOjg6ImFib3V0X3VzIjtOO3M6MzA6ImFsbG93X2N1c3RvbWVyX2RlbGl2ZXJ5X29yZGVycyI7aTowO3M6Mjg6ImFsbG93X2N1c3RvbWVyX3BpY2t1cF9vcmRlcnMiO2k6MDtzOjIxOiJhbGxvd19jdXN0b21lcl9vcmRlcnMiO2k6MDtzOjIwOiJhbGxvd19kaW5lX2luX29yZGVycyI7aToxO3M6MTA6InBhY2thZ2VfaWQiO2k6NztzOjEyOiJwYWNrYWdlX3R5cGUiO3M6NzoibW9udGhseSI7czo2OiJzdGF0dXMiO3M6NjoiYWN0aXZlIjtzOjE3OiJsaWNlbnNlX2V4cGlyZV9vbiI7czoxOToiMjAyNi0wNy0wMSAwMDowMDowMCI7czoxMzoidHJpYWxfZW5kc19hdCI7TjtzOjE4OiJsaWNlbnNlX3VwZGF0ZWRfYXQiO3M6MTk6IjIwMjUtMDEtMjEgMDA6MDA6MDAiO3M6MjM6InN1YnNjcmlwdGlvbl91cGRhdGVkX2F0IjtzOjE5OiIyMDI1LTAxLTE0IDE0OjEwOjU3IjtzOjk6InN0cmlwZV9pZCI7TjtzOjc6InBtX3R5cGUiO047czoxMjoicG1fbGFzdF9mb3VyIjtOO3M6MjU6ImlzX3dhaXRlcl9yZXF1ZXN0X2VuYWJsZWQiO2k6MTtzOjMyOiJkZWZhdWx0X3RhYmxlX3Jlc2VydmF0aW9uX3N0YXR1cyI7czo5OiJDb25maXJtZWQiO3M6MTU6ImFwcHJvdmFsX3N0YXR1cyI7czo4OiJBcHByb3ZlZCI7czoxNjoicmVqZWN0aW9uX3JlYXNvbiI7TjtzOjEzOiJmYWNlYm9va19saW5rIjtOO3M6MTQ6Imluc3RhZ3JhbV9saW5rIjtOO3M6MTI6InR3aXR0ZXJfbGluayI7TjtzOjk6InllbHBfbGluayI7TjtzOjE0OiJ0YWJsZV9yZXF1aXJlZCI7aTowO3M6MTQ6InNob3dfbG9nb190ZXh0IjtpOjE7czoxMjoibWV0YV9rZXl3b3JkIjtOO3M6MTY6Im1ldGFfZGVzY3JpcHRpb24iO047czozNDoidXBsb2FkX2Zhdl9pY29uX2FuZHJvaWRfY2hyb21lXzE5MiI7TjtzOjM0OiJ1cGxvYWRfZmF2X2ljb25fYW5kcm9pZF9jaHJvbWVfNTEyIjtOO3M6MzI6InVwbG9hZF9mYXZfaWNvbl9hcHBsZV90b3VjaF9pY29uIjtOO3M6MTc6InVwbG9hZF9mYXZpY29uXzE2IjtOO3M6MTc6InVwbG9hZF9mYXZpY29uXzMyIjtOO3M6NzoiZmF2aWNvbiI7TjtzOjM2OiJpc193YWl0ZXJfcmVxdWVzdF9lbmFibGVkX29uX2Rlc2t0b3AiO2k6MTtzOjM1OiJpc193YWl0ZXJfcmVxdWVzdF9lbmFibGVkX29uX21vYmlsZSI7aToxO3M6MzY6ImlzX3dhaXRlcl9yZXF1ZXN0X2VuYWJsZWRfb3Blbl9ieV9xciI7aTowO3M6MTE6IndlYm1hbmlmZXN0IjtOO3M6MTU6ImVuYWJsZV90aXBfc2hvcCI7aToxO3M6MTQ6ImVuYWJsZV90aXBfcG9zIjtpOjE7czoyNToiaXNfcHdhX2luc3RhbGxfYWxlcnRfc2hvdyI7aTowO3M6MTk6ImF1dG9fY29uZmlybV9vcmRlcnMiO2k6MDtzOjg6InRheF9tb2RlIjtzOjU6Im9yZGVyIjtzOjEzOiJ0YXhfaW5jbHVzaXZlIjtpOjA7czoyMjoiY3VzdG9tZXJfc2l0ZV9sYW5ndWFnZSI7Tjt9czoxMDoiACoAY2hhbmdlcyI7YTowOnt9czoxMToiACoAcHJldmlvdXMiO2E6MDp7fXM6ODoiACoAY2FzdHMiO2E6Njp7czoxNzoibGljZW5zZV9leHBpcmVfb24iO3M6ODoiZGF0ZXRpbWUiO3M6MTU6InRyaWFsX2V4cGlyZV9vbiI7czo4OiJkYXRldGltZSI7czoxODoibGljZW5zZV91cGRhdGVkX2F0IjtzOjg6ImRhdGV0aW1lIjtzOjIzOiJzdWJzY3JpcHRpb25fdXBkYXRlZF9hdCI7czo4OiJkYXRldGltZSI7czoxMDoiY3JlYXRlZF9hdCI7czo4OiJkYXRldGltZSI7czoxMDoidXBkYXRlZF9hdCI7czo4OiJkYXRldGltZSI7fXM6MTc6IgAqAGNsYXNzQ2FzdENhY2hlIjthOjA6e31zOjIxOiIAKgBhdHRyaWJ1dGVDYXN0Q2FjaGUiO2E6MDp7fXM6MTM6IgAqAGRhdGVGb3JtYXQiO047czoxMDoiACoAYXBwZW5kcyI7YToxOntpOjA7czo4OiJsb2dvX3VybCI7fXM6MTk6IgAqAGRpc3BhdGNoZXNFdmVudHMiO2E6MDp7fXM6MTQ6IgAqAG9ic2VydmFibGVzIjthOjA6e31zOjEyOiIAKgByZWxhdGlvbnMiO2E6MDp7fXM6MTA6IgAqAHRvdWNoZXMiO2E6MDp7fXM6Mjc6IgAqAHJlbGF0aW9uQXV0b2xvYWRDYWxsYmFjayI7TjtzOjI2OiIAKgByZWxhdGlvbkF1dG9sb2FkQ29udGV4dCI7TjtzOjEwOiJ0aW1lc3RhbXBzIjtiOjE7czoxMzoidXNlc1VuaXF1ZUlkcyI7YjowO3M6OToiACoAaGlkZGVuIjthOjA6e31zOjEwOiIAKgB2aXNpYmxlIjthOjA6e31zOjExOiIAKgBmaWxsYWJsZSI7YTowOnt9czoxMDoiACoAZ3VhcmRlZCI7YToxOntpOjA7czoyOiJpZCI7fXM6MTc6ImN1c3RvbWVySXBBZGRyZXNzIjtOO3M6MjQ6ImVzdGltYXRpb25CaWxsaW5nQWRkcmVzcyI7YTowOnt9czoxMzoiY29sbGVjdFRheElkcyI7YjowO3M6ODoiY291cG9uSWQiO047czoxNToicHJvbW90aW9uQ29kZUlkIjtOO3M6MTk6ImFsbG93UHJvbW90aW9uQ29kZXMiO2I6MDt9fXM6MTA6IgAqAHRvdWNoZXMiO2E6MDp7fXM6Mjc6IgAqAHJlbGF0aW9uQXV0b2xvYWRDYWxsYmFjayI7TjtzOjI2OiIAKgByZWxhdGlvbkF1dG9sb2FkQ29udGV4dCI7TjtzOjEwOiJ0aW1lc3RhbXBzIjtiOjA7czoxMzoidXNlc1VuaXF1ZUlkcyI7YjowO3M6OToiACoAaGlkZGVuIjthOjA6e31zOjEwOiIAKgB2aXNpYmxlIjthOjA6e31zOjExOiIAKgBmaWxsYWJsZSI7YTowOnt9czoxMDoiACoAZ3VhcmRlZCI7YToxOntpOjA7czoxOiIqIjt9fXM6MjU6ImN1cnJlbmN5X2Zvcm1hdF9zZXR0aW5nMjMiO086MTk6IkFwcFxNb2RlbHNcQ3VycmVuY3kiOjMzOntzOjEzOiIAKgBjb25uZWN0aW9uIjtzOjU6Im15c3FsIjtzOjg6IgAqAHRhYmxlIjtzOjEwOiJjdXJyZW5jaWVzIjtzOjEzOiIAKgBwcmltYXJ5S2V5IjtzOjI6ImlkIjtzOjEwOiIAKgBrZXlUeXBlIjtzOjM6ImludCI7czoxMjoiaW5jcmVtZW50aW5nIjtiOjE7czo3OiIAKgB3aXRoIjthOjA6e31zOjEyOiIAKgB3aXRoQ291bnQiO2E6MDp7fXM6MTk6InByZXZlbnRzTGF6eUxvYWRpbmciO2I6MDtzOjEwOiIAKgBwZXJQYWdlIjtpOjE1O3M6NjoiZXhpc3RzIjtiOjE7czoxODoid2FzUmVjZW50bHlDcmVhdGVkIjtiOjA7czoyODoiACoAZXNjYXBlV2hlbkNhc3RpbmdUb1N0cmluZyI7YjowO3M6MTM6IgAqAGF0dHJpYnV0ZXMiO2E6MTI6e3M6MjoiaWQiO2k6MjM7czoxMzoicmVzdGF1cmFudF9pZCI7aTo2O3M6MTM6ImN1cnJlbmN5X25hbWUiO3M6NjoiUG91bmRzIjtzOjEzOiJjdXJyZW5jeV9jb2RlIjtzOjM6IkdCUCI7czoxNToiY3VycmVuY3lfc3ltYm9sIjtzOjI6IsKjIjtzOjE3OiJjdXJyZW5jeV9wb3NpdGlvbiI7czo0OiJsZWZ0IjtzOjEzOiJub19vZl9kZWNpbWFsIjtpOjI7czoxODoidGhvdXNhbmRfc2VwYXJhdG9yIjtzOjE6IiwiO3M6MTc6ImRlY2ltYWxfc2VwYXJhdG9yIjtzOjE6Ii4iO3M6MTM6ImV4Y2hhbmdlX3JhdGUiO047czo5OiJ1c2RfcHJpY2UiO047czoxNzoiaXNfY3J5cHRvY3VycmVuY3kiO3M6Mjoibm8iO31zOjExOiIAKgBvcmlnaW5hbCI7YToxMjp7czoyOiJpZCI7aToyMztzOjEzOiJyZXN0YXVyYW50X2lkIjtpOjY7czoxMzoiY3VycmVuY3lfbmFtZSI7czo2OiJQb3VuZHMiO3M6MTM6ImN1cnJlbmN5X2NvZGUiO3M6MzoiR0JQIjtzOjE1OiJjdXJyZW5jeV9zeW1ib2wiO3M6MjoiwqMiO3M6MTc6ImN1cnJlbmN5X3Bvc2l0aW9uIjtzOjQ6ImxlZnQiO3M6MTM6Im5vX29mX2RlY2ltYWwiO2k6MjtzOjE4OiJ0aG91c2FuZF9zZXBhcmF0b3IiO3M6MToiLCI7czoxNzoiZGVjaW1hbF9zZXBhcmF0b3IiO3M6MToiLiI7czoxMzoiZXhjaGFuZ2VfcmF0ZSI7TjtzOjk6InVzZF9wcmljZSI7TjtzOjE3OiJpc19jcnlwdG9jdXJyZW5jeSI7czoyOiJubyI7fXM6MTA6IgAqAGNoYW5nZXMiO2E6MDp7fXM6MTE6IgAqAHByZXZpb3VzIjthOjA6e31zOjg6IgAqAGNhc3RzIjthOjA6e31zOjE3OiIAKgBjbGFzc0Nhc3RDYWNoZSI7YTowOnt9czoyMToiACoAYXR0cmlidXRlQ2FzdENhY2hlIjthOjA6e31zOjEzOiIAKgBkYXRlRm9ybWF0IjtOO3M6MTA6IgAqAGFwcGVuZHMiO2E6MDp7fXM6MTk6IgAqAGRpc3BhdGNoZXNFdmVudHMiO2E6MDp7fXM6MTQ6IgAqAG9ic2VydmFibGVzIjthOjA6e31zOjEyOiIAKgByZWxhdGlvbnMiO2E6MTp7czoxMDoicmVzdGF1cmFudCI7TzoyMToiQXBwXE1vZGVsc1xSZXN0YXVyYW50IjozOTp7czoxMzoiACoAY29ubmVjdGlvbiI7czo1OiJteXNxbCI7czo4OiIAKgB0YWJsZSI7czoxMToicmVzdGF1cmFudHMiO3M6MTM6IgAqAHByaW1hcnlLZXkiO3M6MjoiaWQiO3M6MTA6IgAqAGtleVR5cGUiO3M6MzoiaW50IjtzOjEyOiJpbmNyZW1lbnRpbmciO2I6MTtzOjc6IgAqAHdpdGgiO2E6MDp7fXM6MTI6IgAqAHdpdGhDb3VudCI7YTowOnt9czoxOToicHJldmVudHNMYXp5TG9hZGluZyI7YjowO3M6MTA6IgAqAHBlclBhZ2UiO2k6MTU7czo2OiJleGlzdHMiO2I6MTtzOjE4OiJ3YXNSZWNlbnRseUNyZWF0ZWQiO2I6MDtzOjI4OiIAKgBlc2NhcGVXaGVuQ2FzdGluZ1RvU3RyaW5nIjtiOjA7czoxMzoiACoAYXR0cmlidXRlcyI7YTo2NTp7czoyOiJpZCI7aTo2O3M6NDoibmFtZSI7czoxNDoiVGhlIFplc3QgLSBQU0siO3M6NDoiaGFzaCI7czoxMjoidGhlLXplc3QtcHNrIjtzOjc6ImFkZHJlc3MiO3M6NzA6IjE0LCBEaXN0cmljdCBDZW50cmUsIFZpa2FzIE1hcmcsIExheG1pIE5hZ2FyLCBOZXcgRGVsaGksIERlbGhpLCAxMTAwOTIiO3M6MTI6InBob25lX251bWJlciI7aTo4MTMwNjYwMDYwO3M6MTA6InBob25lX2NvZGUiO2k6OTE7czo1OiJlbWFpbCI7czoxNDoiemVzdEBnbWFpbC5jb20iO3M6ODoidGltZXpvbmUiO3M6MTI6IkFzaWEvS29sa2F0YSI7czo5OiJ0aGVtZV9oZXgiO3M6NzoiIzdDM0FFRCI7czo5OiJ0aGVtZV9yZ2IiO3M6MTI6IjEyNCwgNTgsIDIzNyI7czo0OiJsb2dvIjtOO3M6MTA6ImNvdW50cnlfaWQiO2k6MTAzO3M6MTU6ImhpZGVfbmV3X29yZGVycyI7aTowO3M6MjE6ImhpZGVfbmV3X3Jlc2VydmF0aW9ucyI7aTowO3M6MjM6ImhpZGVfbmV3X3dhaXRlcl9yZXF1ZXN0IjtpOjA7czoxMToiY3VycmVuY3lfaWQiO2k6MjE7czoxMjoibGljZW5zZV90eXBlIjtzOjQ6ImZyZWUiO3M6OToiaXNfYWN0aXZlIjtpOjE7czoxMDoiY3JlYXRlZF9hdCI7czoxOToiMjAyNS0wMS0xNCAxNDoxMDo1NyI7czoxMDoidXBkYXRlZF9hdCI7czoxOToiMjAyNS0wOC0xMCAxNToyNzoyOSI7czoyMzoiY3VzdG9tZXJfbG9naW5fcmVxdWlyZWQiO2k6MDtzOjg6ImFib3V0X3VzIjtOO3M6MzA6ImFsbG93X2N1c3RvbWVyX2RlbGl2ZXJ5X29yZGVycyI7aTowO3M6Mjg6ImFsbG93X2N1c3RvbWVyX3BpY2t1cF9vcmRlcnMiO2k6MDtzOjIxOiJhbGxvd19jdXN0b21lcl9vcmRlcnMiO2k6MDtzOjIwOiJhbGxvd19kaW5lX2luX29yZGVycyI7aToxO3M6MTA6InBhY2thZ2VfaWQiO2k6NztzOjEyOiJwYWNrYWdlX3R5cGUiO3M6NzoibW9udGhseSI7czo2OiJzdGF0dXMiO3M6NjoiYWN0aXZlIjtzOjE3OiJsaWNlbnNlX2V4cGlyZV9vbiI7czoxOToiMjAyNi0wNy0wMSAwMDowMDowMCI7czoxMzoidHJpYWxfZW5kc19hdCI7TjtzOjE4OiJsaWNlbnNlX3VwZGF0ZWRfYXQiO3M6MTk6IjIwMjUtMDEtMjEgMDA6MDA6MDAiO3M6MjM6InN1YnNjcmlwdGlvbl91cGRhdGVkX2F0IjtzOjE5OiIyMDI1LTAxLTE0IDE0OjEwOjU3IjtzOjk6InN0cmlwZV9pZCI7TjtzOjc6InBtX3R5cGUiO047czoxMjoicG1fbGFzdF9mb3VyIjtOO3M6MjU6ImlzX3dhaXRlcl9yZXF1ZXN0X2VuYWJsZWQiO2k6MTtzOjMyOiJkZWZhdWx0X3RhYmxlX3Jlc2VydmF0aW9uX3N0YXR1cyI7czo5OiJDb25maXJtZWQiO3M6MTU6ImFwcHJvdmFsX3N0YXR1cyI7czo4OiJBcHByb3ZlZCI7czoxNjoicmVqZWN0aW9uX3JlYXNvbiI7TjtzOjEzOiJmYWNlYm9va19saW5rIjtOO3M6MTQ6Imluc3RhZ3JhbV9saW5rIjtOO3M6MTI6InR3aXR0ZXJfbGluayI7TjtzOjk6InllbHBfbGluayI7TjtzOjE0OiJ0YWJsZV9yZXF1aXJlZCI7aTowO3M6MTQ6InNob3dfbG9nb190ZXh0IjtpOjE7czoxMjoibWV0YV9rZXl3b3JkIjtOO3M6MTY6Im1ldGFfZGVzY3JpcHRpb24iO047czozNDoidXBsb2FkX2Zhdl9pY29uX2FuZHJvaWRfY2hyb21lXzE5MiI7TjtzOjM0OiJ1cGxvYWRfZmF2X2ljb25fYW5kcm9pZF9jaHJvbWVfNTEyIjtOO3M6MzI6InVwbG9hZF9mYXZfaWNvbl9hcHBsZV90b3VjaF9pY29uIjtOO3M6MTc6InVwbG9hZF9mYXZpY29uXzE2IjtOO3M6MTc6InVwbG9hZF9mYXZpY29uXzMyIjtOO3M6NzoiZmF2aWNvbiI7TjtzOjM2OiJpc193YWl0ZXJfcmVxdWVzdF9lbmFibGVkX29uX2Rlc2t0b3AiO2k6MTtzOjM1OiJpc193YWl0ZXJfcmVxdWVzdF9lbmFibGVkX29uX21vYmlsZSI7aToxO3M6MzY6ImlzX3dhaXRlcl9yZXF1ZXN0X2VuYWJsZWRfb3Blbl9ieV9xciI7aTowO3M6MTE6IndlYm1hbmlmZXN0IjtOO3M6MTU6ImVuYWJsZV90aXBfc2hvcCI7aToxO3M6MTQ6ImVuYWJsZV90aXBfcG9zIjtpOjE7czoyNToiaXNfcHdhX2luc3RhbGxfYWxlcnRfc2hvdyI7aTowO3M6MTk6ImF1dG9fY29uZmlybV9vcmRlcnMiO2k6MDtzOjg6InRheF9tb2RlIjtzOjU6Im9yZGVyIjtzOjEzOiJ0YXhfaW5jbHVzaXZlIjtpOjA7czoyMjoiY3VzdG9tZXJfc2l0ZV9sYW5ndWFnZSI7Tjt9czoxMToiACoAb3JpZ2luYWwiO2E6NjU6e3M6MjoiaWQiO2k6NjtzOjQ6Im5hbWUiO3M6MTQ6IlRoZSBaZXN0IC0gUFNLIjtzOjQ6Imhhc2giO3M6MTI6InRoZS16ZXN0LXBzayI7czo3OiJhZGRyZXNzIjtzOjcwOiIxNCwgRGlzdHJpY3QgQ2VudHJlLCBWaWthcyBNYXJnLCBMYXhtaSBOYWdhciwgTmV3IERlbGhpLCBEZWxoaSwgMTEwMDkyIjtzOjEyOiJwaG9uZV9udW1iZXIiO3M6MTA6IjgxMzA2NjAwNjAiO3M6MTA6InBob25lX2NvZGUiO3M6MjoiOTEiO3M6NToiZW1haWwiO3M6MTQ6Inplc3RAZ21haWwuY29tIjtzOjg6InRpbWV6b25lIjtzOjEyOiJBc2lhL0tvbGthdGEiO3M6OToidGhlbWVfaGV4IjtzOjc6IiM3QzNBRUQiO3M6OToidGhlbWVfcmdiIjtzOjEyOiIxMjQsIDU4LCAyMzciO3M6NDoibG9nbyI7TjtzOjEwOiJjb3VudHJ5X2lkIjtpOjEwMztzOjE1OiJoaWRlX25ld19vcmRlcnMiO2k6MDtzOjIxOiJoaWRlX25ld19yZXNlcnZhdGlvbnMiO2k6MDtzOjIzOiJoaWRlX25ld193YWl0ZXJfcmVxdWVzdCI7aTowO3M6MTE6ImN1cnJlbmN5X2lkIjtpOjIxO3M6MTI6ImxpY2Vuc2VfdHlwZSI7czo0OiJmcmVlIjtzOjk6ImlzX2FjdGl2ZSI7aToxO3M6MTA6ImNyZWF0ZWRfYXQiO3M6MTk6IjIwMjUtMDEtMTQgMTQ6MTA6NTciO3M6MTA6InVwZGF0ZWRfYXQiO3M6MTk6IjIwMjUtMDgtMTAgMTU6Mjc6MjkiO3M6MjM6ImN1c3RvbWVyX2xvZ2luX3JlcXVpcmVkIjtpOjA7czo4OiJhYm91dF91cyI7TjtzOjMwOiJhbGxvd19jdXN0b21lcl9kZWxpdmVyeV9vcmRlcnMiO2k6MDtzOjI4OiJhbGxvd19jdXN0b21lcl9waWNrdXBfb3JkZXJzIjtpOjA7czoyMToiYWxsb3dfY3VzdG9tZXJfb3JkZXJzIjtpOjA7czoyMDoiYWxsb3dfZGluZV9pbl9vcmRlcnMiO2k6MTtzOjEwOiJwYWNrYWdlX2lkIjtpOjc7czoxMjoicGFja2FnZV90eXBlIjtzOjc6Im1vbnRobHkiO3M6Njoic3RhdHVzIjtzOjY6ImFjdGl2ZSI7czoxNzoibGljZW5zZV9leHBpcmVfb24iO3M6MTk6IjIwMjYtMDctMDEgMDA6MDA6MDAiO3M6MTM6InRyaWFsX2VuZHNfYXQiO047czoxODoibGljZW5zZV91cGRhdGVkX2F0IjtzOjE5OiIyMDI1LTAxLTIxIDAwOjAwOjAwIjtzOjIzOiJzdWJzY3JpcHRpb25fdXBkYXRlZF9hdCI7czoxOToiMjAyNS0wMS0xNCAxNDoxMDo1NyI7czo5OiJzdHJpcGVfaWQiO047czo3OiJwbV90eXBlIjtOO3M6MTI6InBtX2xhc3RfZm91ciI7TjtzOjI1OiJpc193YWl0ZXJfcmVxdWVzdF9lbmFibGVkIjtpOjE7czozMjoiZGVmYXVsdF90YWJsZV9yZXNlcnZhdGlvbl9zdGF0dXMiO3M6OToiQ29uZmlybWVkIjtzOjE1OiJhcHByb3ZhbF9zdGF0dXMiO3M6ODoiQXBwcm92ZWQiO3M6MTY6InJlamVjdGlvbl9yZWFzb24iO047czoxMzoiZmFjZWJvb2tfbGluayI7TjtzOjE0OiJpbnN0YWdyYW1fbGluayI7TjtzOjEyOiJ0d2l0dGVyX2xpbmsiO047czo5OiJ5ZWxwX2xpbmsiO047czoxNDoidGFibGVfcmVxdWlyZWQiO2k6MDtzOjE0OiJzaG93X2xvZ29fdGV4dCI7aToxO3M6MTI6Im1ldGFfa2V5d29yZCI7TjtzOjE2OiJtZXRhX2Rlc2NyaXB0aW9uIjtOO3M6MzQ6InVwbG9hZF9mYXZfaWNvbl9hbmRyb2lkX2Nocm9tZV8xOTIiO047czozNDoidXBsb2FkX2Zhdl9pY29uX2FuZHJvaWRfY2hyb21lXzUxMiI7TjtzOjMyOiJ1cGxvYWRfZmF2X2ljb25fYXBwbGVfdG91Y2hfaWNvbiI7TjtzOjE3OiJ1cGxvYWRfZmF2aWNvbl8xNiI7TjtzOjE3OiJ1cGxvYWRfZmF2aWNvbl8zMiI7TjtzOjc6ImZhdmljb24iO047czozNjoiaXNfd2FpdGVyX3JlcXVlc3RfZW5hYmxlZF9vbl9kZXNrdG9wIjtpOjE7czozNToiaXNfd2FpdGVyX3JlcXVlc3RfZW5hYmxlZF9vbl9tb2JpbGUiO2k6MTtzOjM2OiJpc193YWl0ZXJfcmVxdWVzdF9lbmFibGVkX29wZW5fYnlfcXIiO2k6MDtzOjExOiJ3ZWJtYW5pZmVzdCI7TjtzOjE1OiJlbmFibGVfdGlwX3Nob3AiO2k6MTtzOjE0OiJlbmFibGVfdGlwX3BvcyI7aToxO3M6MjU6ImlzX3B3YV9pbnN0YWxsX2FsZXJ0X3Nob3ciO2k6MDtzOjE5OiJhdXRvX2NvbmZpcm1fb3JkZXJzIjtpOjA7czo4OiJ0YXhfbW9kZSI7czo1OiJvcmRlciI7czoxMzoidGF4X2luY2x1c2l2ZSI7aTowO3M6MjI6ImN1c3RvbWVyX3NpdGVfbGFuZ3VhZ2UiO047fXM6MTA6IgAqAGNoYW5nZXMiO2E6MDp7fXM6MTE6IgAqAHByZXZpb3VzIjthOjA6e31zOjg6IgAqAGNhc3RzIjthOjY6e3M6MTc6ImxpY2Vuc2VfZXhwaXJlX29uIjtzOjg6ImRhdGV0aW1lIjtzOjE1OiJ0cmlhbF9leHBpcmVfb24iO3M6ODoiZGF0ZXRpbWUiO3M6MTg6ImxpY2Vuc2VfdXBkYXRlZF9hdCI7czo4OiJkYXRldGltZSI7czoyMzoic3Vic2NyaXB0aW9uX3VwZGF0ZWRfYXQiO3M6ODoiZGF0ZXRpbWUiO3M6MTA6ImNyZWF0ZWRfYXQiO3M6ODoiZGF0ZXRpbWUiO3M6MTA6InVwZGF0ZWRfYXQiO3M6ODoiZGF0ZXRpbWUiO31zOjE3OiIAKgBjbGFzc0Nhc3RDYWNoZSI7YTowOnt9czoyMToiACoAYXR0cmlidXRlQ2FzdENhY2hlIjthOjA6e31zOjEzOiIAKgBkYXRlRm9ybWF0IjtOO3M6MTA6IgAqAGFwcGVuZHMiO2E6MTp7aTowO3M6ODoibG9nb191cmwiO31zOjE5OiIAKgBkaXNwYXRjaGVzRXZlbnRzIjthOjA6e31zOjE0OiIAKgBvYnNlcnZhYmxlcyI7YTowOnt9czoxMjoiACoAcmVsYXRpb25zIjthOjA6e31zOjEwOiIAKgB0b3VjaGVzIjthOjA6e31zOjI3OiIAKgByZWxhdGlvbkF1dG9sb2FkQ2FsbGJhY2siO047czoyNjoiACoAcmVsYXRpb25BdXRvbG9hZENvbnRleHQiO047czoxMDoidGltZXN0YW1wcyI7YjoxO3M6MTM6InVzZXNVbmlxdWVJZHMiO2I6MDtzOjk6IgAqAGhpZGRlbiI7YTowOnt9czoxMDoiACoAdmlzaWJsZSI7YTowOnt9czoxMToiACoAZmlsbGFibGUiO2E6MDp7fXM6MTA6IgAqAGd1YXJkZWQiO2E6MTp7aTowO3M6MjoiaWQiO31zOjE3OiJjdXN0b21lcklwQWRkcmVzcyI7TjtzOjI0OiJlc3RpbWF0aW9uQmlsbGluZ0FkZHJlc3MiO2E6MDp7fXM6MTM6ImNvbGxlY3RUYXhJZHMiO2I6MDtzOjg6ImNvdXBvbklkIjtOO3M6MTU6InByb21vdGlvbkNvZGVJZCI7TjtzOjE5OiJhbGxvd1Byb21vdGlvbkNvZGVzIjtiOjA7fX1zOjEwOiIAKgB0b3VjaGVzIjthOjA6e31zOjI3OiIAKgByZWxhdGlvbkF1dG9sb2FkQ2FsbGJhY2siO047czoyNjoiACoAcmVsYXRpb25BdXRvbG9hZENvbnRleHQiO047czoxMDoidGltZXN0YW1wcyI7YjowO3M6MTM6InVzZXNVbmlxdWVJZHMiO2I6MDtzOjk6IgAqAGhpZGRlbiI7YTowOnt9czoxMDoiACoAdmlzaWJsZSI7YTowOnt9czoxMToiACoAZmlsbGFibGUiO2E6MDp7fXM6MTA6IgAqAGd1YXJkZWQiO2E6MTp7aTowO3M6MToiKiI7fX1zOjI1OiJjdXJyZW5jeV9mb3JtYXRfc2V0dGluZzI0IjtPOjE5OiJBcHBcTW9kZWxzXEN1cnJlbmN5IjozMzp7czoxMzoiACoAY29ubmVjdGlvbiI7czo1OiJteXNxbCI7czo4OiIAKgB0YWJsZSI7czoxMDoiY3VycmVuY2llcyI7czoxMzoiACoAcHJpbWFyeUtleSI7czoyOiJpZCI7czoxMDoiACoAa2V5VHlwZSI7czozOiJpbnQiO3M6MTI6ImluY3JlbWVudGluZyI7YjoxO3M6NzoiACoAd2l0aCI7YTowOnt9czoxMjoiACoAd2l0aENvdW50IjthOjA6e31zOjE5OiJwcmV2ZW50c0xhenlMb2FkaW5nIjtiOjA7czoxMDoiACoAcGVyUGFnZSI7aToxNTtzOjY6ImV4aXN0cyI7YjoxO3M6MTg6Indhc1JlY2VudGx5Q3JlYXRlZCI7YjowO3M6Mjg6IgAqAGVzY2FwZVdoZW5DYXN0aW5nVG9TdHJpbmciO2I6MDtzOjEzOiIAKgBhdHRyaWJ1dGVzIjthOjEyOntzOjI6ImlkIjtpOjI0O3M6MTM6InJlc3RhdXJhbnRfaWQiO2k6NjtzOjEzOiJjdXJyZW5jeV9uYW1lIjtzOjU6IkV1cm9zIjtzOjEzOiJjdXJyZW5jeV9jb2RlIjtzOjM6IkVVUiI7czoxNToiY3VycmVuY3lfc3ltYm9sIjtzOjM6IuKCrCI7czoxNzoiY3VycmVuY3lfcG9zaXRpb24iO3M6NDoibGVmdCI7czoxMzoibm9fb2ZfZGVjaW1hbCI7aToyO3M6MTg6InRob3VzYW5kX3NlcGFyYXRvciI7czoxOiIsIjtzOjE3OiJkZWNpbWFsX3NlcGFyYXRvciI7czoxOiIuIjtzOjEzOiJleGNoYW5nZV9yYXRlIjtOO3M6OToidXNkX3ByaWNlIjtOO3M6MTc6ImlzX2NyeXB0b2N1cnJlbmN5IjtzOjI6Im5vIjt9czoxMToiACoAb3JpZ2luYWwiO2E6MTI6e3M6MjoiaWQiO2k6MjQ7czoxMzoicmVzdGF1cmFudF9pZCI7aTo2O3M6MTM6ImN1cnJlbmN5X25hbWUiO3M6NToiRXVyb3MiO3M6MTM6ImN1cnJlbmN5X2NvZGUiO3M6MzoiRVVSIjtzOjE1OiJjdXJyZW5jeV9zeW1ib2wiO3M6Mzoi4oKsIjtzOjE3OiJjdXJyZW5jeV9wb3NpdGlvbiI7czo0OiJsZWZ0IjtzOjEzOiJub19vZl9kZWNpbWFsIjtpOjI7czoxODoidGhvdXNhbmRfc2VwYXJhdG9yIjtzOjE6IiwiO3M6MTc6ImRlY2ltYWxfc2VwYXJhdG9yIjtzOjE6Ii4iO3M6MTM6ImV4Y2hhbmdlX3JhdGUiO047czo5OiJ1c2RfcHJpY2UiO047czoxNzoiaXNfY3J5cHRvY3VycmVuY3kiO3M6Mjoibm8iO31zOjEwOiIAKgBjaGFuZ2VzIjthOjA6e31zOjExOiIAKgBwcmV2aW91cyI7YTowOnt9czo4OiIAKgBjYXN0cyI7YTowOnt9czoxNzoiACoAY2xhc3NDYXN0Q2FjaGUiO2E6MDp7fXM6MjE6IgAqAGF0dHJpYnV0ZUNhc3RDYWNoZSI7YTowOnt9czoxMzoiACoAZGF0ZUZvcm1hdCI7TjtzOjEwOiIAKgBhcHBlbmRzIjthOjA6e31zOjE5OiIAKgBkaXNwYXRjaGVzRXZlbnRzIjthOjA6e31zOjE0OiIAKgBvYnNlcnZhYmxlcyI7YTowOnt9czoxMjoiACoAcmVsYXRpb25zIjthOjE6e3M6MTA6InJlc3RhdXJhbnQiO086MjE6IkFwcFxNb2RlbHNcUmVzdGF1cmFudCI6Mzk6e3M6MTM6IgAqAGNvbm5lY3Rpb24iO3M6NToibXlzcWwiO3M6ODoiACoAdGFibGUiO3M6MTE6InJlc3RhdXJhbnRzIjtzOjEzOiIAKgBwcmltYXJ5S2V5IjtzOjI6ImlkIjtzOjEwOiIAKgBrZXlUeXBlIjtzOjM6ImludCI7czoxMjoiaW5jcmVtZW50aW5nIjtiOjE7czo3OiIAKgB3aXRoIjthOjA6e31zOjEyOiIAKgB3aXRoQ291bnQiO2E6MDp7fXM6MTk6InByZXZlbnRzTGF6eUxvYWRpbmciO2I6MDtzOjEwOiIAKgBwZXJQYWdlIjtpOjE1O3M6NjoiZXhpc3RzIjtiOjE7czoxODoid2FzUmVjZW50bHlDcmVhdGVkIjtiOjA7czoyODoiACoAZXNjYXBlV2hlbkNhc3RpbmdUb1N0cmluZyI7YjowO3M6MTM6IgAqAGF0dHJpYnV0ZXMiO2E6NjU6e3M6MjoiaWQiO2k6NjtzOjQ6Im5hbWUiO3M6MTQ6IlRoZSBaZXN0IC0gUFNLIjtzOjQ6Imhhc2giO3M6MTI6InRoZS16ZXN0LXBzayI7czo3OiJhZGRyZXNzIjtzOjcwOiIxNCwgRGlzdHJpY3QgQ2VudHJlLCBWaWthcyBNYXJnLCBMYXhtaSBOYWdhciwgTmV3IERlbGhpLCBEZWxoaSwgMTEwMDkyIjtzOjEyOiJwaG9uZV9udW1iZXIiO2k6ODEzMDY2MDA2MDtzOjEwOiJwaG9uZV9jb2RlIjtpOjkxO3M6NToiZW1haWwiO3M6MTQ6Inplc3RAZ21haWwuY29tIjtzOjg6InRpbWV6b25lIjtzOjEyOiJBc2lhL0tvbGthdGEiO3M6OToidGhlbWVfaGV4IjtzOjc6IiM3QzNBRUQiO3M6OToidGhlbWVfcmdiIjtzOjEyOiIxMjQsIDU4LCAyMzciO3M6NDoibG9nbyI7TjtzOjEwOiJjb3VudHJ5X2lkIjtpOjEwMztzOjE1OiJoaWRlX25ld19vcmRlcnMiO2k6MDtzOjIxOiJoaWRlX25ld19yZXNlcnZhdGlvbnMiO2k6MDtzOjIzOiJoaWRlX25ld193YWl0ZXJfcmVxdWVzdCI7aTowO3M6MTE6ImN1cnJlbmN5X2lkIjtpOjIxO3M6MTI6ImxpY2Vuc2VfdHlwZSI7czo0OiJmcmVlIjtzOjk6ImlzX2FjdGl2ZSI7aToxO3M6MTA6ImNyZWF0ZWRfYXQiO3M6MTk6IjIwMjUtMDEtMTQgMTQ6MTA6NTciO3M6MTA6InVwZGF0ZWRfYXQiO3M6MTk6IjIwMjUtMDgtMTAgMTU6Mjc6MjkiO3M6MjM6ImN1c3RvbWVyX2xvZ2luX3JlcXVpcmVkIjtpOjA7czo4OiJhYm91dF91cyI7TjtzOjMwOiJhbGxvd19jdXN0b21lcl9kZWxpdmVyeV9vcmRlcnMiO2k6MDtzOjI4OiJhbGxvd19jdXN0b21lcl9waWNrdXBfb3JkZXJzIjtpOjA7czoyMToiYWxsb3dfY3VzdG9tZXJfb3JkZXJzIjtpOjA7czoyMDoiYWxsb3dfZGluZV9pbl9vcmRlcnMiO2k6MTtzOjEwOiJwYWNrYWdlX2lkIjtpOjc7czoxMjoicGFja2FnZV90eXBlIjtzOjc6Im1vbnRobHkiO3M6Njoic3RhdHVzIjtzOjY6ImFjdGl2ZSI7czoxNzoibGljZW5zZV9leHBpcmVfb24iO3M6MTk6IjIwMjYtMDctMDEgMDA6MDA6MDAiO3M6MTM6InRyaWFsX2VuZHNfYXQiO047czoxODoibGljZW5zZV91cGRhdGVkX2F0IjtzOjE5OiIyMDI1LTAxLTIxIDAwOjAwOjAwIjtzOjIzOiJzdWJzY3JpcHRpb25fdXBkYXRlZF9hdCI7czoxOToiMjAyNS0wMS0xNCAxNDoxMDo1NyI7czo5OiJzdHJpcGVfaWQiO047czo3OiJwbV90eXBlIjtOO3M6MTI6InBtX2xhc3RfZm91ciI7TjtzOjI1OiJpc193YWl0ZXJfcmVxdWVzdF9lbmFibGVkIjtpOjE7czozMjoiZGVmYXVsdF90YWJsZV9yZXNlcnZhdGlvbl9zdGF0dXMiO3M6OToiQ29uZmlybWVkIjtzOjE1OiJhcHByb3ZhbF9zdGF0dXMiO3M6ODoiQXBwcm92ZWQiO3M6MTY6InJlamVjdGlvbl9yZWFzb24iO047czoxMzoiZmFjZWJvb2tfbGluayI7TjtzOjE0OiJpbnN0YWdyYW1fbGluayI7TjtzOjEyOiJ0d2l0dGVyX2xpbmsiO047czo5OiJ5ZWxwX2xpbmsiO047czoxNDoidGFibGVfcmVxdWlyZWQiO2k6MDtzOjE0OiJzaG93X2xvZ29fdGV4dCI7aToxO3M6MTI6Im1ldGFfa2V5d29yZCI7TjtzOjE2OiJtZXRhX2Rlc2NyaXB0aW9uIjtOO3M6MzQ6InVwbG9hZF9mYXZfaWNvbl9hbmRyb2lkX2Nocm9tZV8xOTIiO047czozNDoidXBsb2FkX2Zhdl9pY29uX2FuZHJvaWRfY2hyb21lXzUxMiI7TjtzOjMyOiJ1cGxvYWRfZmF2X2ljb25fYXBwbGVfdG91Y2hfaWNvbiI7TjtzOjE3OiJ1cGxvYWRfZmF2aWNvbl8xNiI7TjtzOjE3OiJ1cGxvYWRfZmF2aWNvbl8zMiI7TjtzOjc6ImZhdmljb24iO047czozNjoiaXNfd2FpdGVyX3JlcXVlc3RfZW5hYmxlZF9vbl9kZXNrdG9wIjtpOjE7czozNToiaXNfd2FpdGVyX3JlcXVlc3RfZW5hYmxlZF9vbl9tb2JpbGUiO2k6MTtzOjM2OiJpc193YWl0ZXJfcmVxdWVzdF9lbmFibGVkX29wZW5fYnlfcXIiO2k6MDtzOjExOiJ3ZWJtYW5pZmVzdCI7TjtzOjE1OiJlbmFibGVfdGlwX3Nob3AiO2k6MTtzOjE0OiJlbmFibGVfdGlwX3BvcyI7aToxO3M6MjU6ImlzX3B3YV9pbnN0YWxsX2FsZXJ0X3Nob3ciO2k6MDtzOjE5OiJhdXRvX2NvbmZpcm1fb3JkZXJzIjtpOjA7czo4OiJ0YXhfbW9kZSI7czo1OiJvcmRlciI7czoxMzoidGF4X2luY2x1c2l2ZSI7aTowO3M6MjI6ImN1c3RvbWVyX3NpdGVfbGFuZ3VhZ2UiO047fXM6MTE6IgAqAG9yaWdpbmFsIjthOjY1OntzOjI6ImlkIjtpOjY7czo0OiJuYW1lIjtzOjE0OiJUaGUgWmVzdCAtIFBTSyI7czo0OiJoYXNoIjtzOjEyOiJ0aGUtemVzdC1wc2siO3M6NzoiYWRkcmVzcyI7czo3MDoiMTQsIERpc3RyaWN0IENlbnRyZSwgVmlrYXMgTWFyZywgTGF4bWkgTmFnYXIsIE5ldyBEZWxoaSwgRGVsaGksIDExMDA5MiI7czoxMjoicGhvbmVfbnVtYmVyIjtzOjEwOiI4MTMwNjYwMDYwIjtzOjEwOiJwaG9uZV9jb2RlIjtzOjI6IjkxIjtzOjU6ImVtYWlsIjtzOjE0OiJ6ZXN0QGdtYWlsLmNvbSI7czo4OiJ0aW1lem9uZSI7czoxMjoiQXNpYS9Lb2xrYXRhIjtzOjk6InRoZW1lX2hleCI7czo3OiIjN0MzQUVEIjtzOjk6InRoZW1lX3JnYiI7czoxMjoiMTI0LCA1OCwgMjM3IjtzOjQ6ImxvZ28iO047czoxMDoiY291bnRyeV9pZCI7aToxMDM7czoxNToiaGlkZV9uZXdfb3JkZXJzIjtpOjA7czoyMToiaGlkZV9uZXdfcmVzZXJ2YXRpb25zIjtpOjA7czoyMzoiaGlkZV9uZXdfd2FpdGVyX3JlcXVlc3QiO2k6MDtzOjExOiJjdXJyZW5jeV9pZCI7aToyMTtzOjEyOiJsaWNlbnNlX3R5cGUiO3M6NDoiZnJlZSI7czo5OiJpc19hY3RpdmUiO2k6MTtzOjEwOiJjcmVhdGVkX2F0IjtzOjE5OiIyMDI1LTAxLTE0IDE0OjEwOjU3IjtzOjEwOiJ1cGRhdGVkX2F0IjtzOjE5OiIyMDI1LTA4LTEwIDE1OjI3OjI5IjtzOjIzOiJjdXN0b21lcl9sb2dpbl9yZXF1aXJlZCI7aTowO3M6ODoiYWJvdXRfdXMiO047czozMDoiYWxsb3dfY3VzdG9tZXJfZGVsaXZlcnlfb3JkZXJzIjtpOjA7czoyODoiYWxsb3dfY3VzdG9tZXJfcGlja3VwX29yZGVycyI7aTowO3M6MjE6ImFsbG93X2N1c3RvbWVyX29yZGVycyI7aTowO3M6MjA6ImFsbG93X2RpbmVfaW5fb3JkZXJzIjtpOjE7czoxMDoicGFja2FnZV9pZCI7aTo3O3M6MTI6InBhY2thZ2VfdHlwZSI7czo3OiJtb250aGx5IjtzOjY6InN0YXR1cyI7czo2OiJhY3RpdmUiO3M6MTc6ImxpY2Vuc2VfZXhwaXJlX29uIjtzOjE5OiIyMDI2LTA3LTAxIDAwOjAwOjAwIjtzOjEzOiJ0cmlhbF9lbmRzX2F0IjtOO3M6MTg6ImxpY2Vuc2VfdXBkYXRlZF9hdCI7czoxOToiMjAyNS0wMS0yMSAwMDowMDowMCI7czoyMzoic3Vic2NyaXB0aW9uX3VwZGF0ZWRfYXQiO3M6MTk6IjIwMjUtMDEtMTQgMTQ6MTA6NTciO3M6OToic3RyaXBlX2lkIjtOO3M6NzoicG1fdHlwZSI7TjtzOjEyOiJwbV9sYXN0X2ZvdXIiO047czoyNToiaXNfd2FpdGVyX3JlcXVlc3RfZW5hYmxlZCI7aToxO3M6MzI6ImRlZmF1bHRfdGFibGVfcmVzZXJ2YXRpb25fc3RhdHVzIjtzOjk6IkNvbmZpcm1lZCI7czoxNToiYXBwcm92YWxfc3RhdHVzIjtzOjg6IkFwcHJvdmVkIjtzOjE2OiJyZWplY3Rpb25fcmVhc29uIjtOO3M6MTM6ImZhY2Vib29rX2xpbmsiO047czoxNDoiaW5zdGFncmFtX2xpbmsiO047czoxMjoidHdpdHRlcl9saW5rIjtOO3M6OToieWVscF9saW5rIjtOO3M6MTQ6InRhYmxlX3JlcXVpcmVkIjtpOjA7czoxNDoic2hvd19sb2dvX3RleHQiO2k6MTtzOjEyOiJtZXRhX2tleXdvcmQiO047czoxNjoibWV0YV9kZXNjcmlwdGlvbiI7TjtzOjM0OiJ1cGxvYWRfZmF2X2ljb25fYW5kcm9pZF9jaHJvbWVfMTkyIjtOO3M6MzQ6InVwbG9hZF9mYXZfaWNvbl9hbmRyb2lkX2Nocm9tZV81MTIiO047czozMjoidXBsb2FkX2Zhdl9pY29uX2FwcGxlX3RvdWNoX2ljb24iO047czoxNzoidXBsb2FkX2Zhdmljb25fMTYiO047czoxNzoidXBsb2FkX2Zhdmljb25fMzIiO047czo3OiJmYXZpY29uIjtOO3M6MzY6ImlzX3dhaXRlcl9yZXF1ZXN0X2VuYWJsZWRfb25fZGVza3RvcCI7aToxO3M6MzU6ImlzX3dhaXRlcl9yZXF1ZXN0X2VuYWJsZWRfb25fbW9iaWxlIjtpOjE7czozNjoiaXNfd2FpdGVyX3JlcXVlc3RfZW5hYmxlZF9vcGVuX2J5X3FyIjtpOjA7czoxMToid2VibWFuaWZlc3QiO047czoxNToiZW5hYmxlX3RpcF9zaG9wIjtpOjE7czoxNDoiZW5hYmxlX3RpcF9wb3MiO2k6MTtzOjI1OiJpc19wd2FfaW5zdGFsbF9hbGVydF9zaG93IjtpOjA7czoxOToiYXV0b19jb25maXJtX29yZGVycyI7aTowO3M6ODoidGF4X21vZGUiO3M6NToib3JkZXIiO3M6MTM6InRheF9pbmNsdXNpdmUiO2k6MDtzOjIyOiJjdXN0b21lcl9zaXRlX2xhbmd1YWdlIjtOO31zOjEwOiIAKgBjaGFuZ2VzIjthOjA6e31zOjExOiIAKgBwcmV2aW91cyI7YTowOnt9czo4OiIAKgBjYXN0cyI7YTo2OntzOjE3OiJsaWNlbnNlX2V4cGlyZV9vbiI7czo4OiJkYXRldGltZSI7czoxNToidHJpYWxfZXhwaXJlX29uIjtzOjg6ImRhdGV0aW1lIjtzOjE4OiJsaWNlbnNlX3VwZGF0ZWRfYXQiO3M6ODoiZGF0ZXRpbWUiO3M6MjM6InN1YnNjcmlwdGlvbl91cGRhdGVkX2F0IjtzOjg6ImRhdGV0aW1lIjtzOjEwOiJjcmVhdGVkX2F0IjtzOjg6ImRhdGV0aW1lIjtzOjEwOiJ1cGRhdGVkX2F0IjtzOjg6ImRhdGV0aW1lIjt9czoxNzoiACoAY2xhc3NDYXN0Q2FjaGUiO2E6MDp7fXM6MjE6IgAqAGF0dHJpYnV0ZUNhc3RDYWNoZSI7YTowOnt9czoxMzoiACoAZGF0ZUZvcm1hdCI7TjtzOjEwOiIAKgBhcHBlbmRzIjthOjE6e2k6MDtzOjg6ImxvZ29fdXJsIjt9czoxOToiACoAZGlzcGF0Y2hlc0V2ZW50cyI7YTowOnt9czoxNDoiACoAb2JzZXJ2YWJsZXMiO2E6MDp7fXM6MTI6IgAqAHJlbGF0aW9ucyI7YTowOnt9czoxMDoiACoAdG91Y2hlcyI7YTowOnt9czoyNzoiACoAcmVsYXRpb25BdXRvbG9hZENhbGxiYWNrIjtOO3M6MjY6IgAqAHJlbGF0aW9uQXV0b2xvYWRDb250ZXh0IjtOO3M6MTA6InRpbWVzdGFtcHMiO2I6MTtzOjEzOiJ1c2VzVW5pcXVlSWRzIjtiOjA7czo5OiIAKgBoaWRkZW4iO2E6MDp7fXM6MTA6IgAqAHZpc2libGUiO2E6MDp7fXM6MTE6IgAqAGZpbGxhYmxlIjthOjA6e31zOjEwOiIAKgBndWFyZGVkIjthOjE6e2k6MDtzOjI6ImlkIjt9czoxNzoiY3VzdG9tZXJJcEFkZHJlc3MiO047czoyNDoiZXN0aW1hdGlvbkJpbGxpbmdBZGRyZXNzIjthOjA6e31zOjEzOiJjb2xsZWN0VGF4SWRzIjtiOjA7czo4OiJjb3Vwb25JZCI7TjtzOjE1OiJwcm9tb3Rpb25Db2RlSWQiO047czoxOToiYWxsb3dQcm9tb3Rpb25Db2RlcyI7YjowO319czoxMDoiACoAdG91Y2hlcyI7YTowOnt9czoyNzoiACoAcmVsYXRpb25BdXRvbG9hZENhbGxiYWNrIjtOO3M6MjY6IgAqAHJlbGF0aW9uQXV0b2xvYWRDb250ZXh0IjtOO3M6MTA6InRpbWVzdGFtcHMiO2I6MDtzOjEzOiJ1c2VzVW5pcXVlSWRzIjtiOjA7czo5OiIAKgBoaWRkZW4iO2E6MDp7fXM6MTA6IgAqAHZpc2libGUiO2E6MDp7fXM6MTE6IgAqAGZpbGxhYmxlIjthOjA6e31zOjEwOiIAKgBndWFyZGVkIjthOjE6e2k6MDtzOjE6IioiO319czoxMDoicmVzdGF1cmFudCI7TzoyMToiQXBwXE1vZGVsc1xSZXN0YXVyYW50IjozOTp7czoxMzoiACoAY29ubmVjdGlvbiI7czo1OiJteXNxbCI7czo4OiIAKgB0YWJsZSI7czoxMToicmVzdGF1cmFudHMiO3M6MTM6IgAqAHByaW1hcnlLZXkiO3M6MjoiaWQiO3M6MTA6IgAqAGtleVR5cGUiO3M6MzoiaW50IjtzOjEyOiJpbmNyZW1lbnRpbmciO2I6MTtzOjc6IgAqAHdpdGgiO2E6MDp7fXM6MTI6IgAqAHdpdGhDb3VudCI7YTowOnt9czoxOToicHJldmVudHNMYXp5TG9hZGluZyI7YjowO3M6MTA6IgAqAHBlclBhZ2UiO2k6MTU7czo2OiJleGlzdHMiO2I6MTtzOjE4OiJ3YXNSZWNlbnRseUNyZWF0ZWQiO2I6MDtzOjI4OiIAKgBlc2NhcGVXaGVuQ2FzdGluZ1RvU3RyaW5nIjtiOjA7czoxMzoiACoAYXR0cmlidXRlcyI7YTo2NTp7czoyOiJpZCI7aTo2O3M6NDoibmFtZSI7czoxNDoiVGhlIFplc3QgLSBQU0siO3M6NDoiaGFzaCI7czoxMjoidGhlLXplc3QtcHNrIjtzOjc6ImFkZHJlc3MiO3M6NzA6IjE0LCBEaXN0cmljdCBDZW50cmUsIFZpa2FzIE1hcmcsIExheG1pIE5hZ2FyLCBOZXcgRGVsaGksIERlbGhpLCAxMTAwOTIiO3M6MTI6InBob25lX251bWJlciI7aTo4MTMwNjYwMDYwO3M6MTA6InBob25lX2NvZGUiO2k6OTE7czo1OiJlbWFpbCI7czoxNDoiemVzdEBnbWFpbC5jb20iO3M6ODoidGltZXpvbmUiO3M6MTI6IkFzaWEvS29sa2F0YSI7czo5OiJ0aGVtZV9oZXgiO3M6NzoiIzdDM0FFRCI7czo5OiJ0aGVtZV9yZ2IiO3M6MTI6IjEyNCwgNTgsIDIzNyI7czo0OiJsb2dvIjtzOjM2OiI2ZTkyM2I2MmE0NGUxMmI5MzM1NDI3ZDZhZTZmOWQ0YS5wbmciO3M6MTA6ImNvdW50cnlfaWQiO2k6MTAzO3M6MTU6ImhpZGVfbmV3X29yZGVycyI7aTowO3M6MjE6ImhpZGVfbmV3X3Jlc2VydmF0aW9ucyI7aTowO3M6MjM6ImhpZGVfbmV3X3dhaXRlcl9yZXF1ZXN0IjtpOjA7czoxMToiY3VycmVuY3lfaWQiO2k6MjE7czoxMjoibGljZW5zZV90eXBlIjtzOjQ6ImZyZWUiO3M6OToiaXNfYWN0aXZlIjtpOjE7czoxMDoiY3JlYXRlZF9hdCI7czoxOToiMjAyNS0wMS0xNCAxNDoxMDo1NyI7czoxMDoidXBkYXRlZF9hdCI7czoxOToiMjAyNS0wOC0xMCAxNjo1OToyMSI7czoyMzoiY3VzdG9tZXJfbG9naW5fcmVxdWlyZWQiO2k6MDtzOjg6ImFib3V0X3VzIjtOO3M6MzA6ImFsbG93X2N1c3RvbWVyX2RlbGl2ZXJ5X29yZGVycyI7aTowO3M6Mjg6ImFsbG93X2N1c3RvbWVyX3BpY2t1cF9vcmRlcnMiO2k6MDtzOjIxOiJhbGxvd19jdXN0b21lcl9vcmRlcnMiO2k6MDtzOjIwOiJhbGxvd19kaW5lX2luX29yZGVycyI7aToxO3M6MTA6InBhY2thZ2VfaWQiO2k6NztzOjEyOiJwYWNrYWdlX3R5cGUiO3M6NzoibW9udGhseSI7czo2OiJzdGF0dXMiO3M6NjoiYWN0aXZlIjtzOjE3OiJsaWNlbnNlX2V4cGlyZV9vbiI7czoxOToiMjAyNi0wNy0wMSAwMDowMDowMCI7czoxMzoidHJpYWxfZW5kc19hdCI7TjtzOjE4OiJsaWNlbnNlX3VwZGF0ZWRfYXQiO3M6MTk6IjIwMjUtMDEtMjEgMDA6MDA6MDAiO3M6MjM6InN1YnNjcmlwdGlvbl91cGRhdGVkX2F0IjtzOjE5OiIyMDI1LTAxLTE0IDE0OjEwOjU3IjtzOjk6InN0cmlwZV9pZCI7TjtzOjc6InBtX3R5cGUiO047czoxMjoicG1fbGFzdF9mb3VyIjtOO3M6MjU6ImlzX3dhaXRlcl9yZXF1ZXN0X2VuYWJsZWQiO2k6MTtzOjMyOiJkZWZhdWx0X3RhYmxlX3Jlc2VydmF0aW9uX3N0YXR1cyI7czo5OiJDb25maXJtZWQiO3M6MTU6ImFwcHJvdmFsX3N0YXR1cyI7czo4OiJBcHByb3ZlZCI7czoxNjoicmVqZWN0aW9uX3JlYXNvbiI7TjtzOjEzOiJmYWNlYm9va19saW5rIjtOO3M6MTQ6Imluc3RhZ3JhbV9saW5rIjtOO3M6MTI6InR3aXR0ZXJfbGluayI7TjtzOjk6InllbHBfbGluayI7TjtzOjE0OiJ0YWJsZV9yZXF1aXJlZCI7aTowO3M6MTQ6InNob3dfbG9nb190ZXh0IjtpOjE7czoxMjoibWV0YV9rZXl3b3JkIjtOO3M6MTY6Im1ldGFfZGVzY3JpcHRpb24iO047czozNDoidXBsb2FkX2Zhdl9pY29uX2FuZHJvaWRfY2hyb21lXzE5MiI7TjtzOjM0OiJ1cGxvYWRfZmF2X2ljb25fYW5kcm9pZF9jaHJvbWVfNTEyIjtOO3M6MzI6InVwbG9hZF9mYXZfaWNvbl9hcHBsZV90b3VjaF9pY29uIjtOO3M6MTc6InVwbG9hZF9mYXZpY29uXzE2IjtOO3M6MTc6InVwbG9hZF9mYXZpY29uXzMyIjtOO3M6NzoiZmF2aWNvbiI7TjtzOjM2OiJpc193YWl0ZXJfcmVxdWVzdF9lbmFibGVkX29uX2Rlc2t0b3AiO2k6MTtzOjM1OiJpc193YWl0ZXJfcmVxdWVzdF9lbmFibGVkX29uX21vYmlsZSI7aToxO3M6MzY6ImlzX3dhaXRlcl9yZXF1ZXN0X2VuYWJsZWRfb3Blbl9ieV9xciI7aTowO3M6MTE6IndlYm1hbmlmZXN0IjtOO3M6MTU6ImVuYWJsZV90aXBfc2hvcCI7aToxO3M6MTQ6ImVuYWJsZV90aXBfcG9zIjtpOjE7czoyNToiaXNfcHdhX2luc3RhbGxfYWxlcnRfc2hvdyI7aTowO3M6MTk6ImF1dG9fY29uZmlybV9vcmRlcnMiO2k6MDtzOjg6InRheF9tb2RlIjtzOjU6Im9yZGVyIjtzOjEzOiJ0YXhfaW5jbHVzaXZlIjtpOjA7czoyMjoiY3VzdG9tZXJfc2l0ZV9sYW5ndWFnZSI7Tjt9czoxMToiACoAb3JpZ2luYWwiO2E6NjU6e3M6MjoiaWQiO2k6NjtzOjQ6Im5hbWUiO3M6MTQ6IlRoZSBaZXN0IC0gUFNLIjtzOjQ6Imhhc2giO3M6MTI6InRoZS16ZXN0LXBzayI7czo3OiJhZGRyZXNzIjtzOjcwOiIxNCwgRGlzdHJpY3QgQ2VudHJlLCBWaWthcyBNYXJnLCBMYXhtaSBOYWdhciwgTmV3IERlbGhpLCBEZWxoaSwgMTEwMDkyIjtzOjEyOiJwaG9uZV9udW1iZXIiO3M6MTA6IjgxMzA2NjAwNjAiO3M6MTA6InBob25lX2NvZGUiO3M6MjoiOTEiO3M6NToiZW1haWwiO3M6MTQ6Inplc3RAZ21haWwuY29tIjtzOjg6InRpbWV6b25lIjtzOjEyOiJBc2lhL0tvbGthdGEiO3M6OToidGhlbWVfaGV4IjtzOjc6IiM3QzNBRUQiO3M6OToidGhlbWVfcmdiIjtzOjEyOiIxMjQsIDU4LCAyMzciO3M6NDoibG9nbyI7czozNjoiNmU5MjNiNjJhNDRlMTJiOTMzNTQyN2Q2YWU2ZjlkNGEucG5nIjtzOjEwOiJjb3VudHJ5X2lkIjtpOjEwMztzOjE1OiJoaWRlX25ld19vcmRlcnMiO2k6MDtzOjIxOiJoaWRlX25ld19yZXNlcnZhdGlvbnMiO2k6MDtzOjIzOiJoaWRlX25ld193YWl0ZXJfcmVxdWVzdCI7aTowO3M6MTE6ImN1cnJlbmN5X2lkIjtpOjIxO3M6MTI6ImxpY2Vuc2VfdHlwZSI7czo0OiJmcmVlIjtzOjk6ImlzX2FjdGl2ZSI7aToxO3M6MTA6ImNyZWF0ZWRfYXQiO3M6MTk6IjIwMjUtMDEtMTQgMTQ6MTA6NTciO3M6MTA6InVwZGF0ZWRfYXQiO3M6MTk6IjIwMjUtMDgtMTAgMTY6NTk6MjEiO3M6MjM6ImN1c3RvbWVyX2xvZ2luX3JlcXVpcmVkIjtpOjA7czo4OiJhYm91dF91cyI7TjtzOjMwOiJhbGxvd19jdXN0b21lcl9kZWxpdmVyeV9vcmRlcnMiO2k6MDtzOjI4OiJhbGxvd19jdXN0b21lcl9waWNrdXBfb3JkZXJzIjtpOjA7czoyMToiYWxsb3dfY3VzdG9tZXJfb3JkZXJzIjtpOjA7czoyMDoiYWxsb3dfZGluZV9pbl9vcmRlcnMiO2k6MTtzOjEwOiJwYWNrYWdlX2lkIjtpOjc7czoxMjoicGFja2FnZV90eXBlIjtzOjc6Im1vbnRobHkiO3M6Njoic3RhdHVzIjtzOjY6ImFjdGl2ZSI7czoxNzoibGljZW5zZV9leHBpcmVfb24iO3M6MTk6IjIwMjYtMDctMDEgMDA6MDA6MDAiO3M6MTM6InRyaWFsX2VuZHNfYXQiO047czoxODoibGljZW5zZV91cGRhdGVkX2F0IjtzOjE5OiIyMDI1LTAxLTIxIDAwOjAwOjAwIjtzOjIzOiJzdWJzY3JpcHRpb25fdXBkYXRlZF9hdCI7czoxOToiMjAyNS0wMS0xNCAxNDoxMDo1NyI7czo5OiJzdHJpcGVfaWQiO047czo3OiJwbV90eXBlIjtOO3M6MTI6InBtX2xhc3RfZm91ciI7TjtzOjI1OiJpc193YWl0ZXJfcmVxdWVzdF9lbmFibGVkIjtpOjE7czozMjoiZGVmYXVsdF90YWJsZV9yZXNlcnZhdGlvbl9zdGF0dXMiO3M6OToiQ29uZmlybWVkIjtzOjE1OiJhcHByb3ZhbF9zdGF0dXMiO3M6ODoiQXBwcm92ZWQiO3M6MTY6InJlamVjdGlvbl9yZWFzb24iO047czoxMzoiZmFjZWJvb2tfbGluayI7TjtzOjE0OiJpbnN0YWdyYW1fbGluayI7TjtzOjEyOiJ0d2l0dGVyX2xpbmsiO047czo5OiJ5ZWxwX2xpbmsiO047czoxNDoidGFibGVfcmVxdWlyZWQiO2k6MDtzOjE0OiJzaG93X2xvZ29fdGV4dCI7aToxO3M6MTI6Im1ldGFfa2V5d29yZCI7TjtzOjE2OiJtZXRhX2Rlc2NyaXB0aW9uIjtOO3M6MzQ6InVwbG9hZF9mYXZfaWNvbl9hbmRyb2lkX2Nocm9tZV8xOTIiO047czozNDoidXBsb2FkX2Zhdl9pY29uX2FuZHJvaWRfY2hyb21lXzUxMiI7TjtzOjMyOiJ1cGxvYWRfZmF2X2ljb25fYXBwbGVfdG91Y2hfaWNvbiI7TjtzOjE3OiJ1cGxvYWRfZmF2aWNvbl8xNiI7TjtzOjE3OiJ1cGxvYWRfZmF2aWNvbl8zMiI7TjtzOjc6ImZhdmljb24iO047czozNjoiaXNfd2FpdGVyX3JlcXVlc3RfZW5hYmxlZF9vbl9kZXNrdG9wIjtpOjE7czozNToiaXNfd2FpdGVyX3JlcXVlc3RfZW5hYmxlZF9vbl9tb2JpbGUiO2k6MTtzOjM2OiJpc193YWl0ZXJfcmVxdWVzdF9lbmFibGVkX29wZW5fYnlfcXIiO2k6MDtzOjExOiJ3ZWJtYW5pZmVzdCI7TjtzOjE1OiJlbmFibGVfdGlwX3Nob3AiO2k6MTtzOjE0OiJlbmFibGVfdGlwX3BvcyI7aToxO3M6MjU6ImlzX3B3YV9pbnN0YWxsX2FsZXJ0X3Nob3ciO2k6MDtzOjE5OiJhdXRvX2NvbmZpcm1fb3JkZXJzIjtpOjA7czo4OiJ0YXhfbW9kZSI7czo1OiJvcmRlciI7czoxMzoidGF4X2luY2x1c2l2ZSI7aTowO3M6MjI6ImN1c3RvbWVyX3NpdGVfbGFuZ3VhZ2UiO047fXM6MTA6IgAqAGNoYW5nZXMiO2E6MDp7fXM6MTE6IgAqAHByZXZpb3VzIjthOjA6e31zOjg6IgAqAGNhc3RzIjthOjY6e3M6MTc6ImxpY2Vuc2VfZXhwaXJlX29uIjtzOjg6ImRhdGV0aW1lIjtzOjE1OiJ0cmlhbF9leHBpcmVfb24iO3M6ODoiZGF0ZXRpbWUiO3M6MTg6ImxpY2Vuc2VfdXBkYXRlZF9hdCI7czo4OiJkYXRldGltZSI7czoyMzoic3Vic2NyaXB0aW9uX3VwZGF0ZWRfYXQiO3M6ODoiZGF0ZXRpbWUiO3M6MTA6ImNyZWF0ZWRfYXQiO3M6ODoiZGF0ZXRpbWUiO3M6MTA6InVwZGF0ZWRfYXQiO3M6ODoiZGF0ZXRpbWUiO31zOjE3OiIAKgBjbGFzc0Nhc3RDYWNoZSI7YTowOnt9czoyMToiACoAYXR0cmlidXRlQ2FzdENhY2hlIjthOjA6e31zOjEzOiIAKgBkYXRlRm9ybWF0IjtOO3M6MTA6IgAqAGFwcGVuZHMiO2E6MTp7aTowO3M6ODoibG9nb191cmwiO31zOjE5OiIAKgBkaXNwYXRjaGVzRXZlbnRzIjthOjA6e31zOjE0OiIAKgBvYnNlcnZhYmxlcyI7YTowOnt9czoxMjoiACoAcmVsYXRpb25zIjthOjI6e3M6NzoicGFja2FnZSI7TzoxODoiQXBwXE1vZGVsc1xQYWNrYWdlIjozMzp7czoxMzoiACoAY29ubmVjdGlvbiI7czo1OiJteXNxbCI7czo4OiIAKgB0YWJsZSI7czo4OiJwYWNrYWdlcyI7czoxMzoiACoAcHJpbWFyeUtleSI7czoyOiJpZCI7czoxMDoiACoAa2V5VHlwZSI7czozOiJpbnQiO3M6MTI6ImluY3JlbWVudGluZyI7YjoxO3M6NzoiACoAd2l0aCI7YTowOnt9czoxMjoiACoAd2l0aENvdW50IjthOjA6e31zOjE5OiJwcmV2ZW50c0xhenlMb2FkaW5nIjtiOjA7czoxMDoiACoAcGVyUGFnZSI7aToxNTtzOjY6ImV4aXN0cyI7YjoxO3M6MTg6Indhc1JlY2VudGx5Q3JlYXRlZCI7YjowO3M6Mjg6IgAqAGVzY2FwZVdoZW5DYXN0aW5nVG9TdHJpbmciO2I6MDtzOjEzOiIAKgBhdHRyaWJ1dGVzIjthOjMzOntzOjI6ImlkIjtpOjc7czoxMjoicGFja2FnZV9uYW1lIjtzOjE2OiJQU0sgTW9udGhseSBQbGFuIjtzOjU6InByaWNlIjtzOjQ6IjAuMDAiO3M6MTA6ImNyZWF0ZWRfYXQiO3M6MTk6IjIwMjUtMDItMTIgMTY6MjY6MjMiO3M6MTA6InVwZGF0ZWRfYXQiO3M6MTk6IjIwMjUtMDItMjggMTU6MDE6MTMiO3M6MTE6ImN1cnJlbmN5X2lkIjtpOjI7czoxMToiZGVzY3JpcHRpb24iO3M6Mzk6IlNwZWNpYWwgbW9udGhseSBwcmljZSBmb3IgUFNLIGN1c3RvbWVyLiI7czoxMjoiYW5udWFsX3ByaWNlIjtOO3M6MTM6Im1vbnRobHlfcHJpY2UiO3M6NzoiNDAwMC4wMCI7czoxNDoibW9udGhseV9zdGF0dXMiO2k6MTtzOjEzOiJhbm51YWxfc3RhdHVzIjtpOjA7czoyMToic3RyaXBlX2FubnVhbF9wbGFuX2lkIjtOO3M6MjI6InN0cmlwZV9tb250aGx5X3BsYW5faWQiO047czoyMzoicmF6b3JwYXlfYW5udWFsX3BsYW5faWQiO047czoyNDoicmF6b3JwYXlfbW9udGhseV9wbGFuX2lkIjtzOjE5OiJwbGFuX1ExNTRyVFp3ek5wbHBkIjtzOjI2OiJmbHV0dGVyd2F2ZV9hbm51YWxfcGxhbl9pZCI7TjtzOjI3OiJmbHV0dGVyd2F2ZV9tb250aGx5X3BsYW5faWQiO047czoyMzoicGF5c3RhY2tfYW5udWFsX3BsYW5faWQiO047czoyNDoicGF5c3RhY2tfbW9udGhseV9wbGFuX2lkIjtOO3M6MjM6InN0cmlwZV9saWZldGltZV9wbGFuX2lkIjtOO3M6MjU6InJhem9ycGF5X2xpZmV0aW1lX3BsYW5faWQiO047czoxMzoiYmlsbGluZ19jeWNsZSI7TjtzOjEwOiJzb3J0X29yZGVyIjtpOjk7czoxMDoiaXNfcHJpdmF0ZSI7aToxO3M6NzoiaXNfZnJlZSI7aTowO3M6MTQ6ImlzX3JlY29tbWVuZGVkIjtpOjA7czoxMjoicGFja2FnZV90eXBlIjtzOjg6InN0YW5kYXJkIjtzOjEyOiJ0cmlhbF9zdGF0dXMiO047czoxMDoidHJpYWxfZGF5cyI7TjtzOjMwOiJ0cmlhbF9ub3RpZmljYXRpb25fYmVmb3JlX2RheXMiO047czoxMzoidHJpYWxfbWVzc2FnZSI7TjtzOjE5OiJhZGRpdGlvbmFsX2ZlYXR1cmVzIjtzOjgzOiJbIlRoZW1lIFNldHRpbmciLCJFeHBvcnQgUmVwb3J0IiwiVGFibGUgUmVzZXJ2YXRpb24iLCJQYXltZW50IEdhdGV3YXkgSW50ZWdyYXRpb24iXSI7czoxMjoiYnJhbmNoX2xpbWl0IjtpOjI7fXM6MTE6IgAqAG9yaWdpbmFsIjthOjMzOntzOjI6ImlkIjtpOjc7czoxMjoicGFja2FnZV9uYW1lIjtzOjE2OiJQU0sgTW9udGhseSBQbGFuIjtzOjU6InByaWNlIjtzOjQ6IjAuMDAiO3M6MTA6ImNyZWF0ZWRfYXQiO3M6MTk6IjIwMjUtMDItMTIgMTY6MjY6MjMiO3M6MTA6InVwZGF0ZWRfYXQiO3M6MTk6IjIwMjUtMDItMjggMTU6MDE6MTMiO3M6MTE6ImN1cnJlbmN5X2lkIjtpOjI7czoxMToiZGVzY3JpcHRpb24iO3M6Mzk6IlNwZWNpYWwgbW9udGhseSBwcmljZSBmb3IgUFNLIGN1c3RvbWVyLiI7czoxMjoiYW5udWFsX3ByaWNlIjtOO3M6MTM6Im1vbnRobHlfcHJpY2UiO3M6NzoiNDAwMC4wMCI7czoxNDoibW9udGhseV9zdGF0dXMiO3M6MToiMSI7czoxMzoiYW5udWFsX3N0YXR1cyI7czoxOiIwIjtzOjIxOiJzdHJpcGVfYW5udWFsX3BsYW5faWQiO047czoyMjoic3RyaXBlX21vbnRobHlfcGxhbl9pZCI7TjtzOjIzOiJyYXpvcnBheV9hbm51YWxfcGxhbl9pZCI7TjtzOjI0OiJyYXpvcnBheV9tb250aGx5X3BsYW5faWQiO3M6MTk6InBsYW5fUTE1NHJUWnd6TnBscGQiO3M6MjY6ImZsdXR0ZXJ3YXZlX2FubnVhbF9wbGFuX2lkIjtOO3M6Mjc6ImZsdXR0ZXJ3YXZlX21vbnRobHlfcGxhbl9pZCI7TjtzOjIzOiJwYXlzdGFja19hbm51YWxfcGxhbl9pZCI7TjtzOjI0OiJwYXlzdGFja19tb250aGx5X3BsYW5faWQiO047czoyMzoic3RyaXBlX2xpZmV0aW1lX3BsYW5faWQiO047czoyNToicmF6b3JwYXlfbGlmZXRpbWVfcGxhbl9pZCI7TjtzOjEzOiJiaWxsaW5nX2N5Y2xlIjtOO3M6MTA6InNvcnRfb3JkZXIiO2k6OTtzOjEwOiJpc19wcml2YXRlIjtpOjE7czo3OiJpc19mcmVlIjtpOjA7czoxNDoiaXNfcmVjb21tZW5kZWQiO2k6MDtzOjEyOiJwYWNrYWdlX3R5cGUiO3M6ODoic3RhbmRhcmQiO3M6MTI6InRyaWFsX3N0YXR1cyI7TjtzOjEwOiJ0cmlhbF9kYXlzIjtOO3M6MzA6InRyaWFsX25vdGlmaWNhdGlvbl9iZWZvcmVfZGF5cyI7TjtzOjEzOiJ0cmlhbF9tZXNzYWdlIjtOO3M6MTk6ImFkZGl0aW9uYWxfZmVhdHVyZXMiO3M6ODM6IlsiVGhlbWUgU2V0dGluZyIsIkV4cG9ydCBSZXBvcnQiLCJUYWJsZSBSZXNlcnZhdGlvbiIsIlBheW1lbnQgR2F0ZXdheSBJbnRlZ3JhdGlvbiJdIjtzOjEyOiJicmFuY2hfbGltaXQiO2k6Mjt9czoxMDoiACoAY2hhbmdlcyI7YTowOnt9czoxMToiACoAcHJldmlvdXMiO2E6MDp7fXM6ODoiACoAY2FzdHMiO2E6Mzp7czoxMjoicGFja2FnZV90eXBlIjtzOjIxOiJBcHBcRW51bXNcUGFja2FnZVR5cGUiO3M6MTA6InRyaWFsX2RheXMiO3M6NzoiaW50ZWdlciI7czozMDoidHJpYWxfbm90aWZpY2F0aW9uX2JlZm9yZV9kYXlzIjtzOjc6ImludGVnZXIiO31zOjE3OiIAKgBjbGFzc0Nhc3RDYWNoZSI7YTowOnt9czoyMToiACoAYXR0cmlidXRlQ2FzdENhY2hlIjthOjA6e31zOjEzOiIAKgBkYXRlRm9ybWF0IjtOO3M6MTA6IgAqAGFwcGVuZHMiO2E6MDp7fXM6MTk6IgAqAGRpc3BhdGNoZXNFdmVudHMiO2E6MDp7fXM6MTQ6IgAqAG9ic2VydmFibGVzIjthOjA6e31zOjEyOiIAKgByZWxhdGlvbnMiO2E6MTp7czo3OiJtb2R1bGVzIjtPOjM5OiJJbGx1bWluYXRlXERhdGFiYXNlXEVsb3F1ZW50XENvbGxlY3Rpb24iOjI6e3M6ODoiACoAaXRlbXMiO2E6MTU6e2k6MDtPOjE3OiJBcHBcTW9kZWxzXE1vZHVsZSI6MzM6e3M6MTM6IgAqAGNvbm5lY3Rpb24iO3M6NToibXlzcWwiO3M6ODoiACoAdGFibGUiO3M6NzoibW9kdWxlcyI7czoxMzoiACoAcHJpbWFyeUtleSI7czoyOiJpZCI7czoxMDoiACoAa2V5VHlwZSI7czozOiJpbnQiO3M6MTI6ImluY3JlbWVudGluZyI7YjoxO3M6NzoiACoAd2l0aCI7YTowOnt9czoxMjoiACoAd2l0aENvdW50IjthOjA6e31zOjE5OiJwcmV2ZW50c0xhenlMb2FkaW5nIjtiOjA7czoxMDoiACoAcGVyUGFnZSI7aToxNTtzOjY6ImV4aXN0cyI7YjoxO3M6MTg6Indhc1JlY2VudGx5Q3JlYXRlZCI7YjowO3M6Mjg6IgAqAGVzY2FwZVdoZW5DYXN0aW5nVG9TdHJpbmciO2I6MDtzOjEzOiIAKgBhdHRyaWJ1dGVzIjthOjQ6e3M6MjoiaWQiO2k6MTtzOjQ6Im5hbWUiO3M6NDoiTWVudSI7czoxMDoiY3JlYXRlZF9hdCI7TjtzOjEwOiJ1cGRhdGVkX2F0IjtOO31zOjExOiIAKgBvcmlnaW5hbCI7YTo2OntzOjI6ImlkIjtpOjE7czo0OiJuYW1lIjtzOjQ6Ik1lbnUiO3M6MTA6ImNyZWF0ZWRfYXQiO047czoxMDoidXBkYXRlZF9hdCI7TjtzOjE2OiJwaXZvdF9wYWNrYWdlX2lkIjtpOjc7czoxNToicGl2b3RfbW9kdWxlX2lkIjtpOjE7fXM6MTA6IgAqAGNoYW5nZXMiO2E6MDp7fXM6MTE6IgAqAHByZXZpb3VzIjthOjA6e31zOjg6IgAqAGNhc3RzIjthOjA6e31zOjE3OiIAKgBjbGFzc0Nhc3RDYWNoZSI7YTowOnt9czoyMToiACoAYXR0cmlidXRlQ2FzdENhY2hlIjthOjA6e31zOjEzOiIAKgBkYXRlRm9ybWF0IjtOO3M6MTA6IgAqAGFwcGVuZHMiO2E6MDp7fXM6MTk6IgAqAGRpc3BhdGNoZXNFdmVudHMiO2E6MDp7fXM6MTQ6IgAqAG9ic2VydmFibGVzIjthOjA6e31zOjEyOiIAKgByZWxhdGlvbnMiO2E6MTp7czo1OiJwaXZvdCI7Tzo0NDoiSWxsdW1pbmF0ZVxEYXRhYmFzZVxFbG9xdWVudFxSZWxhdGlvbnNcUGl2b3QiOjM3OntzOjEzOiIAKgBjb25uZWN0aW9uIjtOO3M6ODoiACoAdGFibGUiO3M6MTU6InBhY2thZ2VfbW9kdWxlcyI7czoxMzoiACoAcHJpbWFyeUtleSI7czoyOiJpZCI7czoxMDoiACoAa2V5VHlwZSI7czozOiJpbnQiO3M6MTI6ImluY3JlbWVudGluZyI7YjowO3M6NzoiACoAd2l0aCI7YTowOnt9czoxMjoiACoAd2l0aENvdW50IjthOjA6e31zOjE5OiJwcmV2ZW50c0xhenlMb2FkaW5nIjtiOjA7czoxMDoiACoAcGVyUGFnZSI7aToxNTtzOjY6ImV4aXN0cyI7YjoxO3M6MTg6Indhc1JlY2VudGx5Q3JlYXRlZCI7YjowO3M6Mjg6IgAqAGVzY2FwZVdoZW5DYXN0aW5nVG9TdHJpbmciO2I6MDtzOjEzOiIAKgBhdHRyaWJ1dGVzIjthOjI6e3M6MTA6InBhY2thZ2VfaWQiO2k6NztzOjk6Im1vZHVsZV9pZCI7aToxO31zOjExOiIAKgBvcmlnaW5hbCI7YToyOntzOjEwOiJwYWNrYWdlX2lkIjtpOjc7czo5OiJtb2R1bGVfaWQiO2k6MTt9czoxMDoiACoAY2hhbmdlcyI7YTowOnt9czoxMToiACoAcHJldmlvdXMiO2E6MDp7fXM6ODoiACoAY2FzdHMiO2E6MDp7fXM6MTc6IgAqAGNsYXNzQ2FzdENhY2hlIjthOjA6e31zOjIxOiIAKgBhdHRyaWJ1dGVDYXN0Q2FjaGUiO2E6MDp7fXM6MTM6IgAqAGRhdGVGb3JtYXQiO047czoxMDoiACoAYXBwZW5kcyI7YTowOnt9czoxOToiACoAZGlzcGF0Y2hlc0V2ZW50cyI7YTowOnt9czoxNDoiACoAb2JzZXJ2YWJsZXMiO2E6MDp7fXM6MTI6IgAqAHJlbGF0aW9ucyI7YTowOnt9czoxMDoiACoAdG91Y2hlcyI7YTowOnt9czoyNzoiACoAcmVsYXRpb25BdXRvbG9hZENhbGxiYWNrIjtOO3M6MjY6IgAqAHJlbGF0aW9uQXV0b2xvYWRDb250ZXh0IjtOO3M6MTA6InRpbWVzdGFtcHMiO2I6MDtzOjEzOiJ1c2VzVW5pcXVlSWRzIjtiOjA7czo5OiIAKgBoaWRkZW4iO2E6MDp7fXM6MTA6IgAqAHZpc2libGUiO2E6MDp7fXM6MTE6IgAqAGZpbGxhYmxlIjthOjA6e31zOjEwOiIAKgBndWFyZGVkIjthOjA6e31zOjExOiJwaXZvdFBhcmVudCI7TzoxODoiQXBwXE1vZGVsc1xQYWNrYWdlIjozMzp7czoxMzoiACoAY29ubmVjdGlvbiI7TjtzOjg6IgAqAHRhYmxlIjtzOjg6InBhY2thZ2VzIjtzOjEzOiIAKgBwcmltYXJ5S2V5IjtzOjI6ImlkIjtzOjEwOiIAKgBrZXlUeXBlIjtzOjM6ImludCI7czoxMjoiaW5jcmVtZW50aW5nIjtiOjE7czo3OiIAKgB3aXRoIjthOjA6e31zOjEyOiIAKgB3aXRoQ291bnQiO2E6MDp7fXM6MTk6InByZXZlbnRzTGF6eUxvYWRpbmciO2I6MDtzOjEwOiIAKgBwZXJQYWdlIjtpOjE1O3M6NjoiZXhpc3RzIjtiOjA7czoxODoid2FzUmVjZW50bHlDcmVhdGVkIjtiOjA7czoyODoiACoAZXNjYXBlV2hlbkNhc3RpbmdUb1N0cmluZyI7YjowO3M6MTM6IgAqAGF0dHJpYnV0ZXMiO2E6MDp7fXM6MTE6IgAqAG9yaWdpbmFsIjthOjA6e31zOjEwOiIAKgBjaGFuZ2VzIjthOjA6e31zOjExOiIAKgBwcmV2aW91cyI7YTowOnt9czo4OiIAKgBjYXN0cyI7YTozOntzOjEyOiJwYWNrYWdlX3R5cGUiO3M6MjE6IkFwcFxFbnVtc1xQYWNrYWdlVHlwZSI7czoxMDoidHJpYWxfZGF5cyI7czo3OiJpbnRlZ2VyIjtzOjMwOiJ0cmlhbF9ub3RpZmljYXRpb25fYmVmb3JlX2RheXMiO3M6NzoiaW50ZWdlciI7fXM6MTc6IgAqAGNsYXNzQ2FzdENhY2hlIjthOjA6e31zOjIxOiIAKgBhdHRyaWJ1dGVDYXN0Q2FjaGUiO2E6MDp7fXM6MTM6IgAqAGRhdGVGb3JtYXQiO047czoxMDoiACoAYXBwZW5kcyI7YTowOnt9czoxOToiACoAZGlzcGF0Y2hlc0V2ZW50cyI7YTowOnt9czoxNDoiACoAb2JzZXJ2YWJsZXMiO2E6MDp7fXM6MTI6IgAqAHJlbGF0aW9ucyI7YTowOnt9czoxMDoiACoAdG91Y2hlcyI7YTowOnt9czoyNzoiACoAcmVsYXRpb25BdXRvbG9hZENhbGxiYWNrIjtOO3M6MjY6IgAqAHJlbGF0aW9uQXV0b2xvYWRDb250ZXh0IjtOO3M6MTA6InRpbWVzdGFtcHMiO2I6MTtzOjEzOiJ1c2VzVW5pcXVlSWRzIjtiOjA7czo5OiIAKgBoaWRkZW4iO2E6MDp7fXM6MTA6IgAqAHZpc2libGUiO2E6MDp7fXM6MTE6IgAqAGZpbGxhYmxlIjthOjA6e31zOjEwOiIAKgBndWFyZGVkIjthOjE6e2k6MDtzOjI6ImlkIjt9fXM6MTI6InBpdm90UmVsYXRlZCI7TzoxNzoiQXBwXE1vZGVsc1xNb2R1bGUiOjMzOntzOjEzOiIAKgBjb25uZWN0aW9uIjtOO3M6ODoiACoAdGFibGUiO047czoxMzoiACoAcHJpbWFyeUtleSI7czoyOiJpZCI7czoxMDoiACoAa2V5VHlwZSI7czozOiJpbnQiO3M6MTI6ImluY3JlbWVudGluZyI7YjoxO3M6NzoiACoAd2l0aCI7YTowOnt9czoxMjoiACoAd2l0aENvdW50IjthOjA6e31zOjE5OiJwcmV2ZW50c0xhenlMb2FkaW5nIjtiOjA7czoxMDoiACoAcGVyUGFnZSI7aToxNTtzOjY6ImV4aXN0cyI7YjowO3M6MTg6Indhc1JlY2VudGx5Q3JlYXRlZCI7YjowO3M6Mjg6IgAqAGVzY2FwZVdoZW5DYXN0aW5nVG9TdHJpbmciO2I6MDtzOjEzOiIAKgBhdHRyaWJ1dGVzIjthOjA6e31zOjExOiIAKgBvcmlnaW5hbCI7YTowOnt9czoxMDoiACoAY2hhbmdlcyI7YTowOnt9czoxMToiACoAcHJldmlvdXMiO2E6MDp7fXM6ODoiACoAY2FzdHMiO2E6MDp7fXM6MTc6IgAqAGNsYXNzQ2FzdENhY2hlIjthOjA6e31zOjIxOiIAKgBhdHRyaWJ1dGVDYXN0Q2FjaGUiO2E6MDp7fXM6MTM6IgAqAGRhdGVGb3JtYXQiO047czoxMDoiACoAYXBwZW5kcyI7YTowOnt9czoxOToiACoAZGlzcGF0Y2hlc0V2ZW50cyI7YTowOnt9czoxNDoiACoAb2JzZXJ2YWJsZXMiO2E6MDp7fXM6MTI6IgAqAHJlbGF0aW9ucyI7YTowOnt9czoxMDoiACoAdG91Y2hlcyI7YTowOnt9czoyNzoiACoAcmVsYXRpb25BdXRvbG9hZENhbGxiYWNrIjtOO3M6MjY6IgAqAHJlbGF0aW9uQXV0b2xvYWRDb250ZXh0IjtOO3M6MTA6InRpbWVzdGFtcHMiO2I6MTtzOjEzOiJ1c2VzVW5pcXVlSWRzIjtiOjA7czo5OiIAKgBoaWRkZW4iO2E6MDp7fXM6MTA6IgAqAHZpc2libGUiO2E6MDp7fXM6MTE6IgAqAGZpbGxhYmxlIjthOjA6e31zOjEwOiIAKgBndWFyZGVkIjthOjE6e2k6MDtzOjI6ImlkIjt9fXM6MTM6IgAqAGZvcmVpZ25LZXkiO3M6MTA6InBhY2thZ2VfaWQiO3M6MTM6IgAqAHJlbGF0ZWRLZXkiO3M6OToibW9kdWxlX2lkIjt9fXM6MTA6IgAqAHRvdWNoZXMiO2E6MDp7fXM6Mjc6IgAqAHJlbGF0aW9uQXV0b2xvYWRDYWxsYmFjayI7TjtzOjI2OiIAKgByZWxhdGlvbkF1dG9sb2FkQ29udGV4dCI7TjtzOjEwOiJ0aW1lc3RhbXBzIjtiOjE7czoxMzoidXNlc1VuaXF1ZUlkcyI7YjowO3M6OToiACoAaGlkZGVuIjthOjA6e31zOjEwOiIAKgB2aXNpYmxlIjthOjA6e31zOjExOiIAKgBmaWxsYWJsZSI7YTowOnt9czoxMDoiACoAZ3VhcmRlZCI7YToxOntpOjA7czoyOiJpZCI7fX1pOjE7TzoxNzoiQXBwXE1vZGVsc1xNb2R1bGUiOjMzOntzOjEzOiIAKgBjb25uZWN0aW9uIjtzOjU6Im15c3FsIjtzOjg6IgAqAHRhYmxlIjtzOjc6Im1vZHVsZXMiO3M6MTM6IgAqAHByaW1hcnlLZXkiO3M6MjoiaWQiO3M6MTA6IgAqAGtleVR5cGUiO3M6MzoiaW50IjtzOjEyOiJpbmNyZW1lbnRpbmciO2I6MTtzOjc6IgAqAHdpdGgiO2E6MDp7fXM6MTI6IgAqAHdpdGhDb3VudCI7YTowOnt9czoxOToicHJldmVudHNMYXp5TG9hZGluZyI7YjowO3M6MTA6IgAqAHBlclBhZ2UiO2k6MTU7czo2OiJleGlzdHMiO2I6MTtzOjE4OiJ3YXNSZWNlbnRseUNyZWF0ZWQiO2I6MDtzOjI4OiIAKgBlc2NhcGVXaGVuQ2FzdGluZ1RvU3RyaW5nIjtiOjA7czoxMzoiACoAYXR0cmlidXRlcyI7YTo0OntzOjI6ImlkIjtpOjI7czo0OiJuYW1lIjtzOjk6Ik1lbnUgSXRlbSI7czoxMDoiY3JlYXRlZF9hdCI7TjtzOjEwOiJ1cGRhdGVkX2F0IjtOO31zOjExOiIAKgBvcmlnaW5hbCI7YTo2OntzOjI6ImlkIjtpOjI7czo0OiJuYW1lIjtzOjk6Ik1lbnUgSXRlbSI7czoxMDoiY3JlYXRlZF9hdCI7TjtzOjEwOiJ1cGRhdGVkX2F0IjtOO3M6MTY6InBpdm90X3BhY2thZ2VfaWQiO2k6NztzOjE1OiJwaXZvdF9tb2R1bGVfaWQiO2k6Mjt9czoxMDoiACoAY2hhbmdlcyI7YTowOnt9czoxMToiACoAcHJldmlvdXMiO2E6MDp7fXM6ODoiACoAY2FzdHMiO2E6MDp7fXM6MTc6IgAqAGNsYXNzQ2FzdENhY2hlIjthOjA6e31zOjIxOiIAKgBhdHRyaWJ1dGVDYXN0Q2FjaGUiO2E6MDp7fXM6MTM6IgAqAGRhdGVGb3JtYXQiO047czoxMDoiACoAYXBwZW5kcyI7YTowOnt9czoxOToiACoAZGlzcGF0Y2hlc0V2ZW50cyI7YTowOnt9czoxNDoiACoAb2JzZXJ2YWJsZXMiO2E6MDp7fXM6MTI6IgAqAHJlbGF0aW9ucyI7YToxOntzOjU6InBpdm90IjtPOjQ0OiJJbGx1bWluYXRlXERhdGFiYXNlXEVsb3F1ZW50XFJlbGF0aW9uc1xQaXZvdCI6Mzc6e3M6MTM6IgAqAGNvbm5lY3Rpb24iO047czo4OiIAKgB0YWJsZSI7czoxNToicGFja2FnZV9tb2R1bGVzIjtzOjEzOiIAKgBwcmltYXJ5S2V5IjtzOjI6ImlkIjtzOjEwOiIAKgBrZXlUeXBlIjtzOjM6ImludCI7czoxMjoiaW5jcmVtZW50aW5nIjtiOjA7czo3OiIAKgB3aXRoIjthOjA6e31zOjEyOiIAKgB3aXRoQ291bnQiO2E6MDp7fXM6MTk6InByZXZlbnRzTGF6eUxvYWRpbmciO2I6MDtzOjEwOiIAKgBwZXJQYWdlIjtpOjE1O3M6NjoiZXhpc3RzIjtiOjE7czoxODoid2FzUmVjZW50bHlDcmVhdGVkIjtiOjA7czoyODoiACoAZXNjYXBlV2hlbkNhc3RpbmdUb1N0cmluZyI7YjowO3M6MTM6IgAqAGF0dHJpYnV0ZXMiO2E6Mjp7czoxMDoicGFja2FnZV9pZCI7aTo3O3M6OToibW9kdWxlX2lkIjtpOjI7fXM6MTE6IgAqAG9yaWdpbmFsIjthOjI6e3M6MTA6InBhY2thZ2VfaWQiO2k6NztzOjk6Im1vZHVsZV9pZCI7aToyO31zOjEwOiIAKgBjaGFuZ2VzIjthOjA6e31zOjExOiIAKgBwcmV2aW91cyI7YTowOnt9czo4OiIAKgBjYXN0cyI7YTowOnt9czoxNzoiACoAY2xhc3NDYXN0Q2FjaGUiO2E6MDp7fXM6MjE6IgAqAGF0dHJpYnV0ZUNhc3RDYWNoZSI7YTowOnt9czoxMzoiACoAZGF0ZUZvcm1hdCI7TjtzOjEwOiIAKgBhcHBlbmRzIjthOjA6e31zOjE5OiIAKgBkaXNwYXRjaGVzRXZlbnRzIjthOjA6e31zOjE0OiIAKgBvYnNlcnZhYmxlcyI7YTowOnt9czoxMjoiACoAcmVsYXRpb25zIjthOjA6e31zOjEwOiIAKgB0b3VjaGVzIjthOjA6e31zOjI3OiIAKgByZWxhdGlvbkF1dG9sb2FkQ2FsbGJhY2siO047czoyNjoiACoAcmVsYXRpb25BdXRvbG9hZENvbnRleHQiO047czoxMDoidGltZXN0YW1wcyI7YjowO3M6MTM6InVzZXNVbmlxdWVJZHMiO2I6MDtzOjk6IgAqAGhpZGRlbiI7YTowOnt9czoxMDoiACoAdmlzaWJsZSI7YTowOnt9czoxMToiACoAZmlsbGFibGUiO2E6MDp7fXM6MTA6IgAqAGd1YXJkZWQiO2E6MDp7fXM6MTE6InBpdm90UGFyZW50IjtyOjI3MDQ7czoxMjoicGl2b3RSZWxhdGVkIjtyOjI3NDI7czoxMzoiACoAZm9yZWlnbktleSI7czoxMDoicGFja2FnZV9pZCI7czoxMzoiACoAcmVsYXRlZEtleSI7czo5OiJtb2R1bGVfaWQiO319czoxMDoiACoAdG91Y2hlcyI7YTowOnt9czoyNzoiACoAcmVsYXRpb25BdXRvbG9hZENhbGxiYWNrIjtOO3M6MjY6IgAqAHJlbGF0aW9uQXV0b2xvYWRDb250ZXh0IjtOO3M6MTA6InRpbWVzdGFtcHMiO2I6MTtzOjEzOiJ1c2VzVW5pcXVlSWRzIjtiOjA7czo5OiIAKgBoaWRkZW4iO2E6MDp7fXM6MTA6IgAqAHZpc2libGUiO2E6MDp7fXM6MTE6IgAqAGZpbGxhYmxlIjthOjA6e31zOjEwOiIAKgBndWFyZGVkIjthOjE6e2k6MDtzOjI6ImlkIjt9fWk6MjtPOjE3OiJBcHBcTW9kZWxzXE1vZHVsZSI6MzM6e3M6MTM6IgAqAGNvbm5lY3Rpb24iO3M6NToibXlzcWwiO3M6ODoiACoAdGFibGUiO3M6NzoibW9kdWxlcyI7czoxMzoiACoAcHJpbWFyeUtleSI7czoyOiJpZCI7czoxMDoiACoAa2V5VHlwZSI7czozOiJpbnQiO3M6MTI6ImluY3JlbWVudGluZyI7YjoxO3M6NzoiACoAd2l0aCI7YTowOnt9czoxMjoiACoAd2l0aENvdW50IjthOjA6e31zOjE5OiJwcmV2ZW50c0xhenlMb2FkaW5nIjtiOjA7czoxMDoiACoAcGVyUGFnZSI7aToxNTtzOjY6ImV4aXN0cyI7YjoxO3M6MTg6Indhc1JlY2VudGx5Q3JlYXRlZCI7YjowO3M6Mjg6IgAqAGVzY2FwZVdoZW5DYXN0aW5nVG9TdHJpbmciO2I6MDtzOjEzOiIAKgBhdHRyaWJ1dGVzIjthOjQ6e3M6MjoiaWQiO2k6MztzOjQ6Im5hbWUiO3M6MTM6Ikl0ZW0gQ2F0ZWdvcnkiO3M6MTA6ImNyZWF0ZWRfYXQiO047czoxMDoidXBkYXRlZF9hdCI7Tjt9czoxMToiACoAb3JpZ2luYWwiO2E6Njp7czoyOiJpZCI7aTozO3M6NDoibmFtZSI7czoxMzoiSXRlbSBDYXRlZ29yeSI7czoxMDoiY3JlYXRlZF9hdCI7TjtzOjEwOiJ1cGRhdGVkX2F0IjtOO3M6MTY6InBpdm90X3BhY2thZ2VfaWQiO2k6NztzOjE1OiJwaXZvdF9tb2R1bGVfaWQiO2k6Mzt9czoxMDoiACoAY2hhbmdlcyI7YTowOnt9czoxMToiACoAcHJldmlvdXMiO2E6MDp7fXM6ODoiACoAY2FzdHMiO2E6MDp7fXM6MTc6IgAqAGNsYXNzQ2FzdENhY2hlIjthOjA6e31zOjIxOiIAKgBhdHRyaWJ1dGVDYXN0Q2FjaGUiO2E6MDp7fXM6MTM6IgAqAGRhdGVGb3JtYXQiO047czoxMDoiACoAYXBwZW5kcyI7YTowOnt9czoxOToiACoAZGlzcGF0Y2hlc0V2ZW50cyI7YTowOnt9czoxNDoiACoAb2JzZXJ2YWJsZXMiO2E6MDp7fXM6MTI6IgAqAHJlbGF0aW9ucyI7YToxOntzOjU6InBpdm90IjtPOjQ0OiJJbGx1bWluYXRlXERhdGFiYXNlXEVsb3F1ZW50XFJlbGF0aW9uc1xQaXZvdCI6Mzc6e3M6MTM6IgAqAGNvbm5lY3Rpb24iO047czo4OiIAKgB0YWJsZSI7czoxNToicGFja2FnZV9tb2R1bGVzIjtzOjEzOiIAKgBwcmltYXJ5S2V5IjtzOjI6ImlkIjtzOjEwOiIAKgBrZXlUeXBlIjtzOjM6ImludCI7czoxMjoiaW5jcmVtZW50aW5nIjtiOjA7czo3OiIAKgB3aXRoIjthOjA6e31zOjEyOiIAKgB3aXRoQ291bnQiO2E6MDp7fXM6MTk6InByZXZlbnRzTGF6eUxvYWRpbmciO2I6MDtzOjEwOiIAKgBwZXJQYWdlIjtpOjE1O3M6NjoiZXhpc3RzIjtiOjE7czoxODoid2FzUmVjZW50bHlDcmVhdGVkIjtiOjA7czoyODoiACoAZXNjYXBlV2hlbkNhc3RpbmdUb1N0cmluZyI7YjowO3M6MTM6IgAqAGF0dHJpYnV0ZXMiO2E6Mjp7czoxMDoicGFja2FnZV9pZCI7aTo3O3M6OToibW9kdWxlX2lkIjtpOjM7fXM6MTE6IgAqAG9yaWdpbmFsIjthOjI6e3M6MTA6InBhY2thZ2VfaWQiO2k6NztzOjk6Im1vZHVsZV9pZCI7aTozO31zOjEwOiIAKgBjaGFuZ2VzIjthOjA6e31zOjExOiIAKgBwcmV2aW91cyI7YTowOnt9czo4OiIAKgBjYXN0cyI7YTowOnt9czoxNzoiACoAY2xhc3NDYXN0Q2FjaGUiO2E6MDp7fXM6MjE6IgAqAGF0dHJpYnV0ZUNhc3RDYWNoZSI7YTowOnt9czoxMzoiACoAZGF0ZUZvcm1hdCI7TjtzOjEwOiIAKgBhcHBlbmRzIjthOjA6e31zOjE5OiIAKgBkaXNwYXRjaGVzRXZlbnRzIjthOjA6e31zOjE0OiIAKgBvYnNlcnZhYmxlcyI7YTowOnt9czoxMjoiACoAcmVsYXRpb25zIjthOjA6e31zOjEwOiIAKgB0b3VjaGVzIjthOjA6e31zOjI3OiIAKgByZWxhdGlvbkF1dG9sb2FkQ2FsbGJhY2siO047czoyNjoiACoAcmVsYXRpb25BdXRvbG9hZENvbnRleHQiO047czoxMDoidGltZXN0YW1wcyI7YjowO3M6MTM6InVzZXNVbmlxdWVJZHMiO2I6MDtzOjk6IgAqAGhpZGRlbiI7YTowOnt9czoxMDoiACoAdmlzaWJsZSI7YTowOnt9czoxMToiACoAZmlsbGFibGUiO2E6MDp7fXM6MTA6IgAqAGd1YXJkZWQiO2E6MDp7fXM6MTE6InBpdm90UGFyZW50IjtyOjI3MDQ7czoxMjoicGl2b3RSZWxhdGVkIjtyOjI3NDI7czoxMzoiACoAZm9yZWlnbktleSI7czoxMDoicGFja2FnZV9pZCI7czoxMzoiACoAcmVsYXRlZEtleSI7czo5OiJtb2R1bGVfaWQiO319czoxMDoiACoAdG91Y2hlcyI7YTowOnt9czoyNzoiACoAcmVsYXRpb25BdXRvbG9hZENhbGxiYWNrIjtOO3M6MjY6IgAqAHJlbGF0aW9uQXV0b2xvYWRDb250ZXh0IjtOO3M6MTA6InRpbWVzdGFtcHMiO2I6MTtzOjEzOiJ1c2VzVW5pcXVlSWRzIjtiOjA7czo5OiIAKgBoaWRkZW4iO2E6MDp7fXM6MTA6IgAqAHZpc2libGUiO2E6MDp7fXM6MTE6IgAqAGZpbGxhYmxlIjthOjA6e31zOjEwOiIAKgBndWFyZGVkIjthOjE6e2k6MDtzOjI6ImlkIjt9fWk6MztPOjE3OiJBcHBcTW9kZWxzXE1vZHVsZSI6MzM6e3M6MTM6IgAqAGNvbm5lY3Rpb24iO3M6NToibXlzcWwiO3M6ODoiACoAdGFibGUiO3M6NzoibW9kdWxlcyI7czoxMzoiACoAcHJpbWFyeUtleSI7czoyOiJpZCI7czoxMDoiACoAa2V5VHlwZSI7czozOiJpbnQiO3M6MTI6ImluY3JlbWVudGluZyI7YjoxO3M6NzoiACoAd2l0aCI7YTowOnt9czoxMjoiACoAd2l0aENvdW50IjthOjA6e31zOjE5OiJwcmV2ZW50c0xhenlMb2FkaW5nIjtiOjA7czoxMDoiACoAcGVyUGFnZSI7aToxNTtzOjY6ImV4aXN0cyI7YjoxO3M6MTg6Indhc1JlY2VudGx5Q3JlYXRlZCI7YjowO3M6Mjg6IgAqAGVzY2FwZVdoZW5DYXN0aW5nVG9TdHJpbmciO2I6MDtzOjEzOiIAKgBhdHRyaWJ1dGVzIjthOjQ6e3M6MjoiaWQiO2k6NDtzOjQ6Im5hbWUiO3M6NDoiQXJlYSI7czoxMDoiY3JlYXRlZF9hdCI7TjtzOjEwOiJ1cGRhdGVkX2F0IjtOO31zOjExOiIAKgBvcmlnaW5hbCI7YTo2OntzOjI6ImlkIjtpOjQ7czo0OiJuYW1lIjtzOjQ6IkFyZWEiO3M6MTA6ImNyZWF0ZWRfYXQiO047czoxMDoidXBkYXRlZF9hdCI7TjtzOjE2OiJwaXZvdF9wYWNrYWdlX2lkIjtpOjc7czoxNToicGl2b3RfbW9kdWxlX2lkIjtpOjQ7fXM6MTA6IgAqAGNoYW5nZXMiO2E6MDp7fXM6MTE6IgAqAHByZXZpb3VzIjthOjA6e31zOjg6IgAqAGNhc3RzIjthOjA6e31zOjE3OiIAKgBjbGFzc0Nhc3RDYWNoZSI7YTowOnt9czoyMToiACoAYXR0cmlidXRlQ2FzdENhY2hlIjthOjA6e31zOjEzOiIAKgBkYXRlRm9ybWF0IjtOO3M6MTA6IgAqAGFwcGVuZHMiO2E6MDp7fXM6MTk6IgAqAGRpc3BhdGNoZXNFdmVudHMiO2E6MDp7fXM6MTQ6IgAqAG9ic2VydmFibGVzIjthOjA6e31zOjEyOiIAKgByZWxhdGlvbnMiO2E6MTp7czo1OiJwaXZvdCI7Tzo0NDoiSWxsdW1pbmF0ZVxEYXRhYmFzZVxFbG9xdWVudFxSZWxhdGlvbnNcUGl2b3QiOjM3OntzOjEzOiIAKgBjb25uZWN0aW9uIjtOO3M6ODoiACoAdGFibGUiO3M6MTU6InBhY2thZ2VfbW9kdWxlcyI7czoxMzoiACoAcHJpbWFyeUtleSI7czoyOiJpZCI7czoxMDoiACoAa2V5VHlwZSI7czozOiJpbnQiO3M6MTI6ImluY3JlbWVudGluZyI7YjowO3M6NzoiACoAd2l0aCI7YTowOnt9czoxMjoiACoAd2l0aENvdW50IjthOjA6e31zOjE5OiJwcmV2ZW50c0xhenlMb2FkaW5nIjtiOjA7czoxMDoiACoAcGVyUGFnZSI7aToxNTtzOjY6ImV4aXN0cyI7YjoxO3M6MTg6Indhc1JlY2VudGx5Q3JlYXRlZCI7YjowO3M6Mjg6IgAqAGVzY2FwZVdoZW5DYXN0aW5nVG9TdHJpbmciO2I6MDtzOjEzOiIAKgBhdHRyaWJ1dGVzIjthOjI6e3M6MTA6InBhY2thZ2VfaWQiO2k6NztzOjk6Im1vZHVsZV9pZCI7aTo0O31zOjExOiIAKgBvcmlnaW5hbCI7YToyOntzOjEwOiJwYWNrYWdlX2lkIjtpOjc7czo5OiJtb2R1bGVfaWQiO2k6NDt9czoxMDoiACoAY2hhbmdlcyI7YTowOnt9czoxMToiACoAcHJldmlvdXMiO2E6MDp7fXM6ODoiACoAY2FzdHMiO2E6MDp7fXM6MTc6IgAqAGNsYXNzQ2FzdENhY2hlIjthOjA6e31zOjIxOiIAKgBhdHRyaWJ1dGVDYXN0Q2FjaGUiO2E6MDp7fXM6MTM6IgAqAGRhdGVGb3JtYXQiO047czoxMDoiACoAYXBwZW5kcyI7YTowOnt9czoxOToiACoAZGlzcGF0Y2hlc0V2ZW50cyI7YTowOnt9czoxNDoiACoAb2JzZXJ2YWJsZXMiO2E6MDp7fXM6MTI6IgAqAHJlbGF0aW9ucyI7YTowOnt9czoxMDoiACoAdG91Y2hlcyI7YTowOnt9czoyNzoiACoAcmVsYXRpb25BdXRvbG9hZENhbGxiYWNrIjtOO3M6MjY6IgAqAHJlbGF0aW9uQXV0b2xvYWRDb250ZXh0IjtOO3M6MTA6InRpbWVzdGFtcHMiO2I6MDtzOjEzOiJ1c2VzVW5pcXVlSWRzIjtiOjA7czo5OiIAKgBoaWRkZW4iO2E6MDp7fXM6MTA6IgAqAHZpc2libGUiO2E6MDp7fXM6MTE6IgAqAGZpbGxhYmxlIjthOjA6e31zOjEwOiIAKgBndWFyZGVkIjthOjA6e31zOjExOiJwaXZvdFBhcmVudCI7cjoyNzA0O3M6MTI6InBpdm90UmVsYXRlZCI7cjoyNzQyO3M6MTM6IgAqAGZvcmVpZ25LZXkiO3M6MTA6InBhY2thZ2VfaWQiO3M6MTM6IgAqAHJlbGF0ZWRLZXkiO3M6OToibW9kdWxlX2lkIjt9fXM6MTA6IgAqAHRvdWNoZXMiO2E6MDp7fXM6Mjc6IgAqAHJlbGF0aW9uQXV0b2xvYWRDYWxsYmFjayI7TjtzOjI2OiIAKgByZWxhdGlvbkF1dG9sb2FkQ29udGV4dCI7TjtzOjEwOiJ0aW1lc3RhbXBzIjtiOjE7czoxMzoidXNlc1VuaXF1ZUlkcyI7YjowO3M6OToiACoAaGlkZGVuIjthOjA6e31zOjEwOiIAKgB2aXNpYmxlIjthOjA6e31zOjExOiIAKgBmaWxsYWJsZSI7YTowOnt9czoxMDoiACoAZ3VhcmRlZCI7YToxOntpOjA7czoyOiJpZCI7fX1pOjQ7TzoxNzoiQXBwXE1vZGVsc1xNb2R1bGUiOjMzOntzOjEzOiIAKgBjb25uZWN0aW9uIjtzOjU6Im15c3FsIjtzOjg6IgAqAHRhYmxlIjtzOjc6Im1vZHVsZXMiO3M6MTM6IgAqAHByaW1hcnlLZXkiO3M6MjoiaWQiO3M6MTA6IgAqAGtleVR5cGUiO3M6MzoiaW50IjtzOjEyOiJpbmNyZW1lbnRpbmciO2I6MTtzOjc6IgAqAHdpdGgiO2E6MDp7fXM6MTI6IgAqAHdpdGhDb3VudCI7YTowOnt9czoxOToicHJldmVudHNMYXp5TG9hZGluZyI7YjowO3M6MTA6IgAqAHBlclBhZ2UiO2k6MTU7czo2OiJleGlzdHMiO2I6MTtzOjE4OiJ3YXNSZWNlbnRseUNyZWF0ZWQiO2I6MDtzOjI4OiIAKgBlc2NhcGVXaGVuQ2FzdGluZ1RvU3RyaW5nIjtiOjA7czoxMzoiACoAYXR0cmlidXRlcyI7YTo0OntzOjI6ImlkIjtpOjU7czo0OiJuYW1lIjtzOjU6IlRhYmxlIjtzOjEwOiJjcmVhdGVkX2F0IjtOO3M6MTA6InVwZGF0ZWRfYXQiO047fXM6MTE6IgAqAG9yaWdpbmFsIjthOjY6e3M6MjoiaWQiO2k6NTtzOjQ6Im5hbWUiO3M6NToiVGFibGUiO3M6MTA6ImNyZWF0ZWRfYXQiO047czoxMDoidXBkYXRlZF9hdCI7TjtzOjE2OiJwaXZvdF9wYWNrYWdlX2lkIjtpOjc7czoxNToicGl2b3RfbW9kdWxlX2lkIjtpOjU7fXM6MTA6IgAqAGNoYW5nZXMiO2E6MDp7fXM6MTE6IgAqAHByZXZpb3VzIjthOjA6e31zOjg6IgAqAGNhc3RzIjthOjA6e31zOjE3OiIAKgBjbGFzc0Nhc3RDYWNoZSI7YTowOnt9czoyMToiACoAYXR0cmlidXRlQ2FzdENhY2hlIjthOjA6e31zOjEzOiIAKgBkYXRlRm9ybWF0IjtOO3M6MTA6IgAqAGFwcGVuZHMiO2E6MDp7fXM6MTk6IgAqAGRpc3BhdGNoZXNFdmVudHMiO2E6MDp7fXM6MTQ6IgAqAG9ic2VydmFibGVzIjthOjA6e31zOjEyOiIAKgByZWxhdGlvbnMiO2E6MTp7czo1OiJwaXZvdCI7Tzo0NDoiSWxsdW1pbmF0ZVxEYXRhYmFzZVxFbG9xdWVudFxSZWxhdGlvbnNcUGl2b3QiOjM3OntzOjEzOiIAKgBjb25uZWN0aW9uIjtOO3M6ODoiACoAdGFibGUiO3M6MTU6InBhY2thZ2VfbW9kdWxlcyI7czoxMzoiACoAcHJpbWFyeUtleSI7czoyOiJpZCI7czoxMDoiACoAa2V5VHlwZSI7czozOiJpbnQiO3M6MTI6ImluY3JlbWVudGluZyI7YjowO3M6NzoiACoAd2l0aCI7YTowOnt9czoxMjoiACoAd2l0aENvdW50IjthOjA6e31zOjE5OiJwcmV2ZW50c0xhenlMb2FkaW5nIjtiOjA7czoxMDoiACoAcGVyUGFnZSI7aToxNTtzOjY6ImV4aXN0cyI7YjoxO3M6MTg6Indhc1JlY2VudGx5Q3JlYXRlZCI7YjowO3M6Mjg6IgAqAGVzY2FwZVdoZW5DYXN0aW5nVG9TdHJpbmciO2I6MDtzOjEzOiIAKgBhdHRyaWJ1dGVzIjthOjI6e3M6MTA6InBhY2thZ2VfaWQiO2k6NztzOjk6Im1vZHVsZV9pZCI7aTo1O31zOjExOiIAKgBvcmlnaW5hbCI7YToyOntzOjEwOiJwYWNrYWdlX2lkIjtpOjc7czo5OiJtb2R1bGVfaWQiO2k6NTt9czoxMDoiACoAY2hhbmdlcyI7YTowOnt9czoxMToiACoAcHJldmlvdXMiO2E6MDp7fXM6ODoiACoAY2FzdHMiO2E6MDp7fXM6MTc6IgAqAGNsYXNzQ2FzdENhY2hlIjthOjA6e31zOjIxOiIAKgBhdHRyaWJ1dGVDYXN0Q2FjaGUiO2E6MDp7fXM6MTM6IgAqAGRhdGVGb3JtYXQiO047czoxMDoiACoAYXBwZW5kcyI7YTowOnt9czoxOToiACoAZGlzcGF0Y2hlc0V2ZW50cyI7YTowOnt9czoxNDoiACoAb2JzZXJ2YWJsZXMiO2E6MDp7fXM6MTI6IgAqAHJlbGF0aW9ucyI7YTowOnt9czoxMDoiACoAdG91Y2hlcyI7YTowOnt9czoyNzoiACoAcmVsYXRpb25BdXRvbG9hZENhbGxiYWNrIjtOO3M6MjY6IgAqAHJlbGF0aW9uQXV0b2xvYWRDb250ZXh0IjtOO3M6MTA6InRpbWVzdGFtcHMiO2I6MDtzOjEzOiJ1c2VzVW5pcXVlSWRzIjtiOjA7czo5OiIAKgBoaWRkZW4iO2E6MDp7fXM6MTA6IgAqAHZpc2libGUiO2E6MDp7fXM6MTE6IgAqAGZpbGxhYmxlIjthOjA6e31zOjEwOiIAKgBndWFyZGVkIjthOjA6e31zOjExOiJwaXZvdFBhcmVudCI7cjoyNzA0O3M6MTI6InBpdm90UmVsYXRlZCI7cjoyNzQyO3M6MTM6IgAqAGZvcmVpZ25LZXkiO3M6MTA6InBhY2thZ2VfaWQiO3M6MTM6IgAqAHJlbGF0ZWRLZXkiO3M6OToibW9kdWxlX2lkIjt9fXM6MTA6IgAqAHRvdWNoZXMiO2E6MDp7fXM6Mjc6IgAqAHJlbGF0aW9uQXV0b2xvYWRDYWxsYmFjayI7TjtzOjI2OiIAKgByZWxhdGlvbkF1dG9sb2FkQ29udGV4dCI7TjtzOjEwOiJ0aW1lc3RhbXBzIjtiOjE7czoxMzoidXNlc1VuaXF1ZUlkcyI7YjowO3M6OToiACoAaGlkZGVuIjthOjA6e31zOjEwOiIAKgB2aXNpYmxlIjthOjA6e31zOjExOiIAKgBmaWxsYWJsZSI7YTowOnt9czoxMDoiACoAZ3VhcmRlZCI7YToxOntpOjA7czoyOiJpZCI7fX1pOjU7TzoxNzoiQXBwXE1vZGVsc1xNb2R1bGUiOjMzOntzOjEzOiIAKgBjb25uZWN0aW9uIjtzOjU6Im15c3FsIjtzOjg6IgAqAHRhYmxlIjtzOjc6Im1vZHVsZXMiO3M6MTM6IgAqAHByaW1hcnlLZXkiO3M6MjoiaWQiO3M6MTA6IgAqAGtleVR5cGUiO3M6MzoiaW50IjtzOjEyOiJpbmNyZW1lbnRpbmciO2I6MTtzOjc6IgAqAHdpdGgiO2E6MDp7fXM6MTI6IgAqAHdpdGhDb3VudCI7YTowOnt9czoxOToicHJldmVudHNMYXp5TG9hZGluZyI7YjowO3M6MTA6IgAqAHBlclBhZ2UiO2k6MTU7czo2OiJleGlzdHMiO2I6MTtzOjE4OiJ3YXNSZWNlbnRseUNyZWF0ZWQiO2I6MDtzOjI4OiIAKgBlc2NhcGVXaGVuQ2FzdGluZ1RvU3RyaW5nIjtiOjA7czoxMzoiACoAYXR0cmlidXRlcyI7YTo0OntzOjI6ImlkIjtpOjY7czo0OiJuYW1lIjtzOjExOiJSZXNlcnZhdGlvbiI7czoxMDoiY3JlYXRlZF9hdCI7TjtzOjEwOiJ1cGRhdGVkX2F0IjtOO31zOjExOiIAKgBvcmlnaW5hbCI7YTo2OntzOjI6ImlkIjtpOjY7czo0OiJuYW1lIjtzOjExOiJSZXNlcnZhdGlvbiI7czoxMDoiY3JlYXRlZF9hdCI7TjtzOjEwOiJ1cGRhdGVkX2F0IjtOO3M6MTY6InBpdm90X3BhY2thZ2VfaWQiO2k6NztzOjE1OiJwaXZvdF9tb2R1bGVfaWQiO2k6Njt9czoxMDoiACoAY2hhbmdlcyI7YTowOnt9czoxMToiACoAcHJldmlvdXMiO2E6MDp7fXM6ODoiACoAY2FzdHMiO2E6MDp7fXM6MTc6IgAqAGNsYXNzQ2FzdENhY2hlIjthOjA6e31zOjIxOiIAKgBhdHRyaWJ1dGVDYXN0Q2FjaGUiO2E6MDp7fXM6MTM6IgAqAGRhdGVGb3JtYXQiO047czoxMDoiACoAYXBwZW5kcyI7YTowOnt9czoxOToiACoAZGlzcGF0Y2hlc0V2ZW50cyI7YTowOnt9czoxNDoiACoAb2JzZXJ2YWJsZXMiO2E6MDp7fXM6MTI6IgAqAHJlbGF0aW9ucyI7YToxOntzOjU6InBpdm90IjtPOjQ0OiJJbGx1bWluYXRlXERhdGFiYXNlXEVsb3F1ZW50XFJlbGF0aW9uc1xQaXZvdCI6Mzc6e3M6MTM6IgAqAGNvbm5lY3Rpb24iO047czo4OiIAKgB0YWJsZSI7czoxNToicGFja2FnZV9tb2R1bGVzIjtzOjEzOiIAKgBwcmltYXJ5S2V5IjtzOjI6ImlkIjtzOjEwOiIAKgBrZXlUeXBlIjtzOjM6ImludCI7czoxMjoiaW5jcmVtZW50aW5nIjtiOjA7czo3OiIAKgB3aXRoIjthOjA6e31zOjEyOiIAKgB3aXRoQ291bnQiO2E6MDp7fXM6MTk6InByZXZlbnRzTGF6eUxvYWRpbmciO2I6MDtzOjEwOiIAKgBwZXJQYWdlIjtpOjE1O3M6NjoiZXhpc3RzIjtiOjE7czoxODoid2FzUmVjZW50bHlDcmVhdGVkIjtiOjA7czoyODoiACoAZXNjYXBlV2hlbkNhc3RpbmdUb1N0cmluZyI7YjowO3M6MTM6IgAqAGF0dHJpYnV0ZXMiO2E6Mjp7czoxMDoicGFja2FnZV9pZCI7aTo3O3M6OToibW9kdWxlX2lkIjtpOjY7fXM6MTE6IgAqAG9yaWdpbmFsIjthOjI6e3M6MTA6InBhY2thZ2VfaWQiO2k6NztzOjk6Im1vZHVsZV9pZCI7aTo2O31zOjEwOiIAKgBjaGFuZ2VzIjthOjA6e31zOjExOiIAKgBwcmV2aW91cyI7YTowOnt9czo4OiIAKgBjYXN0cyI7YTowOnt9czoxNzoiACoAY2xhc3NDYXN0Q2FjaGUiO2E6MDp7fXM6MjE6IgAqAGF0dHJpYnV0ZUNhc3RDYWNoZSI7YTowOnt9czoxMzoiACoAZGF0ZUZvcm1hdCI7TjtzOjEwOiIAKgBhcHBlbmRzIjthOjA6e31zOjE5OiIAKgBkaXNwYXRjaGVzRXZlbnRzIjthOjA6e31zOjE0OiIAKgBvYnNlcnZhYmxlcyI7YTowOnt9czoxMjoiACoAcmVsYXRpb25zIjthOjA6e31zOjEwOiIAKgB0b3VjaGVzIjthOjA6e31zOjI3OiIAKgByZWxhdGlvbkF1dG9sb2FkQ2FsbGJhY2siO047czoyNjoiACoAcmVsYXRpb25BdXRvbG9hZENvbnRleHQiO047czoxMDoidGltZXN0YW1wcyI7YjowO3M6MTM6InVzZXNVbmlxdWVJZHMiO2I6MDtzOjk6IgAqAGhpZGRlbiI7YTowOnt9czoxMDoiACoAdmlzaWJsZSI7YTowOnt9czoxMToiACoAZmlsbGFibGUiO2E6MDp7fXM6MTA6IgAqAGd1YXJkZWQiO2E6MDp7fXM6MTE6InBpdm90UGFyZW50IjtyOjI3MDQ7czoxMjoicGl2b3RSZWxhdGVkIjtyOjI3NDI7czoxMzoiACoAZm9yZWlnbktleSI7czoxMDoicGFja2FnZV9pZCI7czoxMzoiACoAcmVsYXRlZEtleSI7czo5OiJtb2R1bGVfaWQiO319czoxMDoiACoAdG91Y2hlcyI7YTowOnt9czoyNzoiACoAcmVsYXRpb25BdXRvbG9hZENhbGxiYWNrIjtOO3M6MjY6IgAqAHJlbGF0aW9uQXV0b2xvYWRDb250ZXh0IjtOO3M6MTA6InRpbWVzdGFtcHMiO2I6MTtzOjEzOiJ1c2VzVW5pcXVlSWRzIjtiOjA7czo5OiIAKgBoaWRkZW4iO2E6MDp7fXM6MTA6IgAqAHZpc2libGUiO2E6MDp7fXM6MTE6IgAqAGZpbGxhYmxlIjthOjA6e31zOjEwOiIAKgBndWFyZGVkIjthOjE6e2k6MDtzOjI6ImlkIjt9fWk6NjtPOjE3OiJBcHBcTW9kZWxzXE1vZHVsZSI6MzM6e3M6MTM6IgAqAGNvbm5lY3Rpb24iO3M6NToibXlzcWwiO3M6ODoiACoAdGFibGUiO3M6NzoibW9kdWxlcyI7czoxMzoiACoAcHJpbWFyeUtleSI7czoyOiJpZCI7czoxMDoiACoAa2V5VHlwZSI7czozOiJpbnQiO3M6MTI6ImluY3JlbWVudGluZyI7YjoxO3M6NzoiACoAd2l0aCI7YTowOnt9czoxMjoiACoAd2l0aENvdW50IjthOjA6e31zOjE5OiJwcmV2ZW50c0xhenlMb2FkaW5nIjtiOjA7czoxMDoiACoAcGVyUGFnZSI7aToxNTtzOjY6ImV4aXN0cyI7YjoxO3M6MTg6Indhc1JlY2VudGx5Q3JlYXRlZCI7YjowO3M6Mjg6IgAqAGVzY2FwZVdoZW5DYXN0aW5nVG9TdHJpbmciO2I6MDtzOjEzOiIAKgBhdHRyaWJ1dGVzIjthOjQ6e3M6MjoiaWQiO2k6NztzOjQ6Im5hbWUiO3M6MzoiS09UIjtzOjEwOiJjcmVhdGVkX2F0IjtOO3M6MTA6InVwZGF0ZWRfYXQiO047fXM6MTE6IgAqAG9yaWdpbmFsIjthOjY6e3M6MjoiaWQiO2k6NztzOjQ6Im5hbWUiO3M6MzoiS09UIjtzOjEwOiJjcmVhdGVkX2F0IjtOO3M6MTA6InVwZGF0ZWRfYXQiO047czoxNjoicGl2b3RfcGFja2FnZV9pZCI7aTo3O3M6MTU6InBpdm90X21vZHVsZV9pZCI7aTo3O31zOjEwOiIAKgBjaGFuZ2VzIjthOjA6e31zOjExOiIAKgBwcmV2aW91cyI7YTowOnt9czo4OiIAKgBjYXN0cyI7YTowOnt9czoxNzoiACoAY2xhc3NDYXN0Q2FjaGUiO2E6MDp7fXM6MjE6IgAqAGF0dHJpYnV0ZUNhc3RDYWNoZSI7YTowOnt9czoxMzoiACoAZGF0ZUZvcm1hdCI7TjtzOjEwOiIAKgBhcHBlbmRzIjthOjA6e31zOjE5OiIAKgBkaXNwYXRjaGVzRXZlbnRzIjthOjA6e31zOjE0OiIAKgBvYnNlcnZhYmxlcyI7YTowOnt9czoxMjoiACoAcmVsYXRpb25zIjthOjE6e3M6NToicGl2b3QiO086NDQ6IklsbHVtaW5hdGVcRGF0YWJhc2VcRWxvcXVlbnRcUmVsYXRpb25zXFBpdm90IjozNzp7czoxMzoiACoAY29ubmVjdGlvbiI7TjtzOjg6IgAqAHRhYmxlIjtzOjE1OiJwYWNrYWdlX21vZHVsZXMiO3M6MTM6IgAqAHByaW1hcnlLZXkiO3M6MjoiaWQiO3M6MTA6IgAqAGtleVR5cGUiO3M6MzoiaW50IjtzOjEyOiJpbmNyZW1lbnRpbmciO2I6MDtzOjc6IgAqAHdpdGgiO2E6MDp7fXM6MTI6IgAqAHdpdGhDb3VudCI7YTowOnt9czoxOToicHJldmVudHNMYXp5TG9hZGluZyI7YjowO3M6MTA6IgAqAHBlclBhZ2UiO2k6MTU7czo2OiJleGlzdHMiO2I6MTtzOjE4OiJ3YXNSZWNlbnRseUNyZWF0ZWQiO2I6MDtzOjI4OiIAKgBlc2NhcGVXaGVuQ2FzdGluZ1RvU3RyaW5nIjtiOjA7czoxMzoiACoAYXR0cmlidXRlcyI7YToyOntzOjEwOiJwYWNrYWdlX2lkIjtpOjc7czo5OiJtb2R1bGVfaWQiO2k6Nzt9czoxMToiACoAb3JpZ2luYWwiO2E6Mjp7czoxMDoicGFja2FnZV9pZCI7aTo3O3M6OToibW9kdWxlX2lkIjtpOjc7fXM6MTA6IgAqAGNoYW5nZXMiO2E6MDp7fXM6MTE6IgAqAHByZXZpb3VzIjthOjA6e31zOjg6IgAqAGNhc3RzIjthOjA6e31zOjE3OiIAKgBjbGFzc0Nhc3RDYWNoZSI7YTowOnt9czoyMToiACoAYXR0cmlidXRlQ2FzdENhY2hlIjthOjA6e31zOjEzOiIAKgBkYXRlRm9ybWF0IjtOO3M6MTA6IgAqAGFwcGVuZHMiO2E6MDp7fXM6MTk6IgAqAGRpc3BhdGNoZXNFdmVudHMiO2E6MDp7fXM6MTQ6IgAqAG9ic2VydmFibGVzIjthOjA6e31zOjEyOiIAKgByZWxhdGlvbnMiO2E6MDp7fXM6MTA6IgAqAHRvdWNoZXMiO2E6MDp7fXM6Mjc6IgAqAHJlbGF0aW9uQXV0b2xvYWRDYWxsYmFjayI7TjtzOjI2OiIAKgByZWxhdGlvbkF1dG9sb2FkQ29udGV4dCI7TjtzOjEwOiJ0aW1lc3RhbXBzIjtiOjA7czoxMzoidXNlc1VuaXF1ZUlkcyI7YjowO3M6OToiACoAaGlkZGVuIjthOjA6e31zOjEwOiIAKgB2aXNpYmxlIjthOjA6e31zOjExOiIAKgBmaWxsYWJsZSI7YTowOnt9czoxMDoiACoAZ3VhcmRlZCI7YTowOnt9czoxMToicGl2b3RQYXJlbnQiO3I6MjcwNDtzOjEyOiJwaXZvdFJlbGF0ZWQiO3I6Mjc0MjtzOjEzOiIAKgBmb3JlaWduS2V5IjtzOjEwOiJwYWNrYWdlX2lkIjtzOjEzOiIAKgByZWxhdGVkS2V5IjtzOjk6Im1vZHVsZV9pZCI7fX1zOjEwOiIAKgB0b3VjaGVzIjthOjA6e31zOjI3OiIAKgByZWxhdGlvbkF1dG9sb2FkQ2FsbGJhY2siO047czoyNjoiACoAcmVsYXRpb25BdXRvbG9hZENvbnRleHQiO047czoxMDoidGltZXN0YW1wcyI7YjoxO3M6MTM6InVzZXNVbmlxdWVJZHMiO2I6MDtzOjk6IgAqAGhpZGRlbiI7YTowOnt9czoxMDoiACoAdmlzaWJsZSI7YTowOnt9czoxMToiACoAZmlsbGFibGUiO2E6MDp7fXM6MTA6IgAqAGd1YXJkZWQiO2E6MTp7aTowO3M6MjoiaWQiO319aTo3O086MTc6IkFwcFxNb2RlbHNcTW9kdWxlIjozMzp7czoxMzoiACoAY29ubmVjdGlvbiI7czo1OiJteXNxbCI7czo4OiIAKgB0YWJsZSI7czo3OiJtb2R1bGVzIjtzOjEzOiIAKgBwcmltYXJ5S2V5IjtzOjI6ImlkIjtzOjEwOiIAKgBrZXlUeXBlIjtzOjM6ImludCI7czoxMjoiaW5jcmVtZW50aW5nIjtiOjE7czo3OiIAKgB3aXRoIjthOjA6e31zOjEyOiIAKgB3aXRoQ291bnQiO2E6MDp7fXM6MTk6InByZXZlbnRzTGF6eUxvYWRpbmciO2I6MDtzOjEwOiIAKgBwZXJQYWdlIjtpOjE1O3M6NjoiZXhpc3RzIjtiOjE7czoxODoid2FzUmVjZW50bHlDcmVhdGVkIjtiOjA7czoyODoiACoAZXNjYXBlV2hlbkNhc3RpbmdUb1N0cmluZyI7YjowO3M6MTM6IgAqAGF0dHJpYnV0ZXMiO2E6NDp7czoyOiJpZCI7aTo4O3M6NDoibmFtZSI7czo1OiJPcmRlciI7czoxMDoiY3JlYXRlZF9hdCI7TjtzOjEwOiJ1cGRhdGVkX2F0IjtOO31zOjExOiIAKgBvcmlnaW5hbCI7YTo2OntzOjI6ImlkIjtpOjg7czo0OiJuYW1lIjtzOjU6Ik9yZGVyIjtzOjEwOiJjcmVhdGVkX2F0IjtOO3M6MTA6InVwZGF0ZWRfYXQiO047czoxNjoicGl2b3RfcGFja2FnZV9pZCI7aTo3O3M6MTU6InBpdm90X21vZHVsZV9pZCI7aTo4O31zOjEwOiIAKgBjaGFuZ2VzIjthOjA6e31zOjExOiIAKgBwcmV2aW91cyI7YTowOnt9czo4OiIAKgBjYXN0cyI7YTowOnt9czoxNzoiACoAY2xhc3NDYXN0Q2FjaGUiO2E6MDp7fXM6MjE6IgAqAGF0dHJpYnV0ZUNhc3RDYWNoZSI7YTowOnt9czoxMzoiACoAZGF0ZUZvcm1hdCI7TjtzOjEwOiIAKgBhcHBlbmRzIjthOjA6e31zOjE5OiIAKgBkaXNwYXRjaGVzRXZlbnRzIjthOjA6e31zOjE0OiIAKgBvYnNlcnZhYmxlcyI7YTowOnt9czoxMjoiACoAcmVsYXRpb25zIjthOjE6e3M6NToicGl2b3QiO086NDQ6IklsbHVtaW5hdGVcRGF0YWJhc2VcRWxvcXVlbnRcUmVsYXRpb25zXFBpdm90IjozNzp7czoxMzoiACoAY29ubmVjdGlvbiI7TjtzOjg6IgAqAHRhYmxlIjtzOjE1OiJwYWNrYWdlX21vZHVsZXMiO3M6MTM6IgAqAHByaW1hcnlLZXkiO3M6MjoiaWQiO3M6MTA6IgAqAGtleVR5cGUiO3M6MzoiaW50IjtzOjEyOiJpbmNyZW1lbnRpbmciO2I6MDtzOjc6IgAqAHdpdGgiO2E6MDp7fXM6MTI6IgAqAHdpdGhDb3VudCI7YTowOnt9czoxOToicHJldmVudHNMYXp5TG9hZGluZyI7YjowO3M6MTA6IgAqAHBlclBhZ2UiO2k6MTU7czo2OiJleGlzdHMiO2I6MTtzOjE4OiJ3YXNSZWNlbnRseUNyZWF0ZWQiO2I6MDtzOjI4OiIAKgBlc2NhcGVXaGVuQ2FzdGluZ1RvU3RyaW5nIjtiOjA7czoxMzoiACoAYXR0cmlidXRlcyI7YToyOntzOjEwOiJwYWNrYWdlX2lkIjtpOjc7czo5OiJtb2R1bGVfaWQiO2k6ODt9czoxMToiACoAb3JpZ2luYWwiO2E6Mjp7czoxMDoicGFja2FnZV9pZCI7aTo3O3M6OToibW9kdWxlX2lkIjtpOjg7fXM6MTA6IgAqAGNoYW5nZXMiO2E6MDp7fXM6MTE6IgAqAHByZXZpb3VzIjthOjA6e31zOjg6IgAqAGNhc3RzIjthOjA6e31zOjE3OiIAKgBjbGFzc0Nhc3RDYWNoZSI7YTowOnt9czoyMToiACoAYXR0cmlidXRlQ2FzdENhY2hlIjthOjA6e31zOjEzOiIAKgBkYXRlRm9ybWF0IjtOO3M6MTA6IgAqAGFwcGVuZHMiO2E6MDp7fXM6MTk6IgAqAGRpc3BhdGNoZXNFdmVudHMiO2E6MDp7fXM6MTQ6IgAqAG9ic2VydmFibGVzIjthOjA6e31zOjEyOiIAKgByZWxhdGlvbnMiO2E6MDp7fXM6MTA6IgAqAHRvdWNoZXMiO2E6MDp7fXM6Mjc6IgAqAHJlbGF0aW9uQXV0b2xvYWRDYWxsYmFjayI7TjtzOjI2OiIAKgByZWxhdGlvbkF1dG9sb2FkQ29udGV4dCI7TjtzOjEwOiJ0aW1lc3RhbXBzIjtiOjA7czoxMzoidXNlc1VuaXF1ZUlkcyI7YjowO3M6OToiACoAaGlkZGVuIjthOjA6e31zOjEwOiIAKgB2aXNpYmxlIjthOjA6e31zOjExOiIAKgBmaWxsYWJsZSI7YTowOnt9czoxMDoiACoAZ3VhcmRlZCI7YTowOnt9czoxMToicGl2b3RQYXJlbnQiO3I6MjcwNDtzOjEyOiJwaXZvdFJlbGF0ZWQiO3I6Mjc0MjtzOjEzOiIAKgBmb3JlaWduS2V5IjtzOjEwOiJwYWNrYWdlX2lkIjtzOjEzOiIAKgByZWxhdGVkS2V5IjtzOjk6Im1vZHVsZV9pZCI7fX1zOjEwOiIAKgB0b3VjaGVzIjthOjA6e31zOjI3OiIAKgByZWxhdGlvbkF1dG9sb2FkQ2FsbGJhY2siO047czoyNjoiACoAcmVsYXRpb25BdXRvbG9hZENvbnRleHQiO047czoxMDoidGltZXN0YW1wcyI7YjoxO3M6MTM6InVzZXNVbmlxdWVJZHMiO2I6MDtzOjk6IgAqAGhpZGRlbiI7YTowOnt9czoxMDoiACoAdmlzaWJsZSI7YTowOnt9czoxMToiACoAZmlsbGFibGUiO2E6MDp7fXM6MTA6IgAqAGd1YXJkZWQiO2E6MTp7aTowO3M6MjoiaWQiO319aTo4O086MTc6IkFwcFxNb2RlbHNcTW9kdWxlIjozMzp7czoxMzoiACoAY29ubmVjdGlvbiI7czo1OiJteXNxbCI7czo4OiIAKgB0YWJsZSI7czo3OiJtb2R1bGVzIjtzOjEzOiIAKgBwcmltYXJ5S2V5IjtzOjI6ImlkIjtzOjEwOiIAKgBrZXlUeXBlIjtzOjM6ImludCI7czoxMjoiaW5jcmVtZW50aW5nIjtiOjE7czo3OiIAKgB3aXRoIjthOjA6e31zOjEyOiIAKgB3aXRoQ291bnQiO2E6MDp7fXM6MTk6InByZXZlbnRzTGF6eUxvYWRpbmciO2I6MDtzOjEwOiIAKgBwZXJQYWdlIjtpOjE1O3M6NjoiZXhpc3RzIjtiOjE7czoxODoid2FzUmVjZW50bHlDcmVhdGVkIjtiOjA7czoyODoiACoAZXNjYXBlV2hlbkNhc3RpbmdUb1N0cmluZyI7YjowO3M6MTM6IgAqAGF0dHJpYnV0ZXMiO2E6NDp7czoyOiJpZCI7aTo5O3M6NDoibmFtZSI7czo4OiJDdXN0b21lciI7czoxMDoiY3JlYXRlZF9hdCI7TjtzOjEwOiJ1cGRhdGVkX2F0IjtOO31zOjExOiIAKgBvcmlnaW5hbCI7YTo2OntzOjI6ImlkIjtpOjk7czo0OiJuYW1lIjtzOjg6IkN1c3RvbWVyIjtzOjEwOiJjcmVhdGVkX2F0IjtOO3M6MTA6InVwZGF0ZWRfYXQiO047czoxNjoicGl2b3RfcGFja2FnZV9pZCI7aTo3O3M6MTU6InBpdm90X21vZHVsZV9pZCI7aTo5O31zOjEwOiIAKgBjaGFuZ2VzIjthOjA6e31zOjExOiIAKgBwcmV2aW91cyI7YTowOnt9czo4OiIAKgBjYXN0cyI7YTowOnt9czoxNzoiACoAY2xhc3NDYXN0Q2FjaGUiO2E6MDp7fXM6MjE6IgAqAGF0dHJpYnV0ZUNhc3RDYWNoZSI7YTowOnt9czoxMzoiACoAZGF0ZUZvcm1hdCI7TjtzOjEwOiIAKgBhcHBlbmRzIjthOjA6e31zOjE5OiIAKgBkaXNwYXRjaGVzRXZlbnRzIjthOjA6e31zOjE0OiIAKgBvYnNlcnZhYmxlcyI7YTowOnt9czoxMjoiACoAcmVsYXRpb25zIjthOjE6e3M6NToicGl2b3QiO086NDQ6IklsbHVtaW5hdGVcRGF0YWJhc2VcRWxvcXVlbnRcUmVsYXRpb25zXFBpdm90IjozNzp7czoxMzoiACoAY29ubmVjdGlvbiI7TjtzOjg6IgAqAHRhYmxlIjtzOjE1OiJwYWNrYWdlX21vZHVsZXMiO3M6MTM6IgAqAHByaW1hcnlLZXkiO3M6MjoiaWQiO3M6MTA6IgAqAGtleVR5cGUiO3M6MzoiaW50IjtzOjEyOiJpbmNyZW1lbnRpbmciO2I6MDtzOjc6IgAqAHdpdGgiO2E6MDp7fXM6MTI6IgAqAHdpdGhDb3VudCI7YTowOnt9czoxOToicHJldmVudHNMYXp5TG9hZGluZyI7YjowO3M6MTA6IgAqAHBlclBhZ2UiO2k6MTU7czo2OiJleGlzdHMiO2I6MTtzOjE4OiJ3YXNSZWNlbnRseUNyZWF0ZWQiO2I6MDtzOjI4OiIAKgBlc2NhcGVXaGVuQ2FzdGluZ1RvU3RyaW5nIjtiOjA7czoxMzoiACoAYXR0cmlidXRlcyI7YToyOntzOjEwOiJwYWNrYWdlX2lkIjtpOjc7czo5OiJtb2R1bGVfaWQiO2k6OTt9czoxMToiACoAb3JpZ2luYWwiO2E6Mjp7czoxMDoicGFja2FnZV9pZCI7aTo3O3M6OToibW9kdWxlX2lkIjtpOjk7fXM6MTA6IgAqAGNoYW5nZXMiO2E6MDp7fXM6MTE6IgAqAHByZXZpb3VzIjthOjA6e31zOjg6IgAqAGNhc3RzIjthOjA6e31zOjE3OiIAKgBjbGFzc0Nhc3RDYWNoZSI7YTowOnt9czoyMToiACoAYXR0cmlidXRlQ2FzdENhY2hlIjthOjA6e31zOjEzOiIAKgBkYXRlRm9ybWF0IjtOO3M6MTA6IgAqAGFwcGVuZHMiO2E6MDp7fXM6MTk6IgAqAGRpc3BhdGNoZXNFdmVudHMiO2E6MDp7fXM6MTQ6IgAqAG9ic2VydmFibGVzIjthOjA6e31zOjEyOiIAKgByZWxhdGlvbnMiO2E6MDp7fXM6MTA6IgAqAHRvdWNoZXMiO2E6MDp7fXM6Mjc6IgAqAHJlbGF0aW9uQXV0b2xvYWRDYWxsYmFjayI7TjtzOjI2OiIAKgByZWxhdGlvbkF1dG9sb2FkQ29udGV4dCI7TjtzOjEwOiJ0aW1lc3RhbXBzIjtiOjA7czoxMzoidXNlc1VuaXF1ZUlkcyI7YjowO3M6OToiACoAaGlkZGVuIjthOjA6e31zOjEwOiIAKgB2aXNpYmxlIjthOjA6e31zOjExOiIAKgBmaWxsYWJsZSI7YTowOnt9czoxMDoiACoAZ3VhcmRlZCI7YTowOnt9czoxMToicGl2b3RQYXJlbnQiO3I6MjcwNDtzOjEyOiJwaXZvdFJlbGF0ZWQiO3I6Mjc0MjtzOjEzOiIAKgBmb3JlaWduS2V5IjtzOjEwOiJwYWNrYWdlX2lkIjtzOjEzOiIAKgByZWxhdGVkS2V5IjtzOjk6Im1vZHVsZV9pZCI7fX1zOjEwOiIAKgB0b3VjaGVzIjthOjA6e31zOjI3OiIAKgByZWxhdGlvbkF1dG9sb2FkQ2FsbGJhY2siO047czoyNjoiACoAcmVsYXRpb25BdXRvbG9hZENvbnRleHQiO047czoxMDoidGltZXN0YW1wcyI7YjoxO3M6MTM6InVzZXNVbmlxdWVJZHMiO2I6MDtzOjk6IgAqAGhpZGRlbiI7YTowOnt9czoxMDoiACoAdmlzaWJsZSI7YTowOnt9czoxMToiACoAZmlsbGFibGUiO2E6MDp7fXM6MTA6IgAqAGd1YXJkZWQiO2E6MTp7aTowO3M6MjoiaWQiO319aTo5O086MTc6IkFwcFxNb2RlbHNcTW9kdWxlIjozMzp7czoxMzoiACoAY29ubmVjdGlvbiI7czo1OiJteXNxbCI7czo4OiIAKgB0YWJsZSI7czo3OiJtb2R1bGVzIjtzOjEzOiIAKgBwcmltYXJ5S2V5IjtzOjI6ImlkIjtzOjEwOiIAKgBrZXlUeXBlIjtzOjM6ImludCI7czoxMjoiaW5jcmVtZW50aW5nIjtiOjE7czo3OiIAKgB3aXRoIjthOjA6e31zOjEyOiIAKgB3aXRoQ291bnQiO2E6MDp7fXM6MTk6InByZXZlbnRzTGF6eUxvYWRpbmciO2I6MDtzOjEwOiIAKgBwZXJQYWdlIjtpOjE1O3M6NjoiZXhpc3RzIjtiOjE7czoxODoid2FzUmVjZW50bHlDcmVhdGVkIjtiOjA7czoyODoiACoAZXNjYXBlV2hlbkNhc3RpbmdUb1N0cmluZyI7YjowO3M6MTM6IgAqAGF0dHJpYnV0ZXMiO2E6NDp7czoyOiJpZCI7aToxMDtzOjQ6Im5hbWUiO3M6NToiU3RhZmYiO3M6MTA6ImNyZWF0ZWRfYXQiO047czoxMDoidXBkYXRlZF9hdCI7Tjt9czoxMToiACoAb3JpZ2luYWwiO2E6Njp7czoyOiJpZCI7aToxMDtzOjQ6Im5hbWUiO3M6NToiU3RhZmYiO3M6MTA6ImNyZWF0ZWRfYXQiO047czoxMDoidXBkYXRlZF9hdCI7TjtzOjE2OiJwaXZvdF9wYWNrYWdlX2lkIjtpOjc7czoxNToicGl2b3RfbW9kdWxlX2lkIjtpOjEwO31zOjEwOiIAKgBjaGFuZ2VzIjthOjA6e31zOjExOiIAKgBwcmV2aW91cyI7YTowOnt9czo4OiIAKgBjYXN0cyI7YTowOnt9czoxNzoiACoAY2xhc3NDYXN0Q2FjaGUiO2E6MDp7fXM6MjE6IgAqAGF0dHJpYnV0ZUNhc3RDYWNoZSI7YTowOnt9czoxMzoiACoAZGF0ZUZvcm1hdCI7TjtzOjEwOiIAKgBhcHBlbmRzIjthOjA6e31zOjE5OiIAKgBkaXNwYXRjaGVzRXZlbnRzIjthOjA6e31zOjE0OiIAKgBvYnNlcnZhYmxlcyI7YTowOnt9czoxMjoiACoAcmVsYXRpb25zIjthOjE6e3M6NToicGl2b3QiO086NDQ6IklsbHVtaW5hdGVcRGF0YWJhc2VcRWxvcXVlbnRcUmVsYXRpb25zXFBpdm90IjozNzp7czoxMzoiACoAY29ubmVjdGlvbiI7TjtzOjg6IgAqAHRhYmxlIjtzOjE1OiJwYWNrYWdlX21vZHVsZXMiO3M6MTM6IgAqAHByaW1hcnlLZXkiO3M6MjoiaWQiO3M6MTA6IgAqAGtleVR5cGUiO3M6MzoiaW50IjtzOjEyOiJpbmNyZW1lbnRpbmciO2I6MDtzOjc6IgAqAHdpdGgiO2E6MDp7fXM6MTI6IgAqAHdpdGhDb3VudCI7YTowOnt9czoxOToicHJldmVudHNMYXp5TG9hZGluZyI7YjowO3M6MTA6IgAqAHBlclBhZ2UiO2k6MTU7czo2OiJleGlzdHMiO2I6MTtzOjE4OiJ3YXNSZWNlbnRseUNyZWF0ZWQiO2I6MDtzOjI4OiIAKgBlc2NhcGVXaGVuQ2FzdGluZ1RvU3RyaW5nIjtiOjA7czoxMzoiACoAYXR0cmlidXRlcyI7YToyOntzOjEwOiJwYWNrYWdlX2lkIjtpOjc7czo5OiJtb2R1bGVfaWQiO2k6MTA7fXM6MTE6IgAqAG9yaWdpbmFsIjthOjI6e3M6MTA6InBhY2thZ2VfaWQiO2k6NztzOjk6Im1vZHVsZV9pZCI7aToxMDt9czoxMDoiACoAY2hhbmdlcyI7YTowOnt9czoxMToiACoAcHJldmlvdXMiO2E6MDp7fXM6ODoiACoAY2FzdHMiO2E6MDp7fXM6MTc6IgAqAGNsYXNzQ2FzdENhY2hlIjthOjA6e31zOjIxOiIAKgBhdHRyaWJ1dGVDYXN0Q2FjaGUiO2E6MDp7fXM6MTM6IgAqAGRhdGVGb3JtYXQiO047czoxMDoiACoAYXBwZW5kcyI7YTowOnt9czoxOToiACoAZGlzcGF0Y2hlc0V2ZW50cyI7YTowOnt9czoxNDoiACoAb2JzZXJ2YWJsZXMiO2E6MDp7fXM6MTI6IgAqAHJlbGF0aW9ucyI7YTowOnt9czoxMDoiACoAdG91Y2hlcyI7YTowOnt9czoyNzoiACoAcmVsYXRpb25BdXRvbG9hZENhbGxiYWNrIjtOO3M6MjY6IgAqAHJlbGF0aW9uQXV0b2xvYWRDb250ZXh0IjtOO3M6MTA6InRpbWVzdGFtcHMiO2I6MDtzOjEzOiJ1c2VzVW5pcXVlSWRzIjtiOjA7czo5OiIAKgBoaWRkZW4iO2E6MDp7fXM6MTA6IgAqAHZpc2libGUiO2E6MDp7fXM6MTE6IgAqAGZpbGxhYmxlIjthOjA6e31zOjEwOiIAKgBndWFyZGVkIjthOjA6e31zOjExOiJwaXZvdFBhcmVudCI7cjoyNzA0O3M6MTI6InBpdm90UmVsYXRlZCI7cjoyNzQyO3M6MTM6IgAqAGZvcmVpZ25LZXkiO3M6MTA6InBhY2thZ2VfaWQiO3M6MTM6IgAqAHJlbGF0ZWRLZXkiO3M6OToibW9kdWxlX2lkIjt9fXM6MTA6IgAqAHRvdWNoZXMiO2E6MDp7fXM6Mjc6IgAqAHJlbGF0aW9uQXV0b2xvYWRDYWxsYmFjayI7TjtzOjI2OiIAKgByZWxhdGlvbkF1dG9sb2FkQ29udGV4dCI7TjtzOjEwOiJ0aW1lc3RhbXBzIjtiOjE7czoxMzoidXNlc1VuaXF1ZUlkcyI7YjowO3M6OToiACoAaGlkZGVuIjthOjA6e31zOjEwOiIAKgB2aXNpYmxlIjthOjA6e31zOjExOiIAKgBmaWxsYWJsZSI7YTowOnt9czoxMDoiACoAZ3VhcmRlZCI7YToxOntpOjA7czoyOiJpZCI7fX1pOjEwO086MTc6IkFwcFxNb2RlbHNcTW9kdWxlIjozMzp7czoxMzoiACoAY29ubmVjdGlvbiI7czo1OiJteXNxbCI7czo4OiIAKgB0YWJsZSI7czo3OiJtb2R1bGVzIjtzOjEzOiIAKgBwcmltYXJ5S2V5IjtzOjI6ImlkIjtzOjEwOiIAKgBrZXlUeXBlIjtzOjM6ImludCI7czoxMjoiaW5jcmVtZW50aW5nIjtiOjE7czo3OiIAKgB3aXRoIjthOjA6e31zOjEyOiIAKgB3aXRoQ291bnQiO2E6MDp7fXM6MTk6InByZXZlbnRzTGF6eUxvYWRpbmciO2I6MDtzOjEwOiIAKgBwZXJQYWdlIjtpOjE1O3M6NjoiZXhpc3RzIjtiOjE7czoxODoid2FzUmVjZW50bHlDcmVhdGVkIjtiOjA7czoyODoiACoAZXNjYXBlV2hlbkNhc3RpbmdUb1N0cmluZyI7YjowO3M6MTM6IgAqAGF0dHJpYnV0ZXMiO2E6NDp7czoyOiJpZCI7aToxMTtzOjQ6Im5hbWUiO3M6NzoiUGF5bWVudCI7czoxMDoiY3JlYXRlZF9hdCI7TjtzOjEwOiJ1cGRhdGVkX2F0IjtOO31zOjExOiIAKgBvcmlnaW5hbCI7YTo2OntzOjI6ImlkIjtpOjExO3M6NDoibmFtZSI7czo3OiJQYXltZW50IjtzOjEwOiJjcmVhdGVkX2F0IjtOO3M6MTA6InVwZGF0ZWRfYXQiO047czoxNjoicGl2b3RfcGFja2FnZV9pZCI7aTo3O3M6MTU6InBpdm90X21vZHVsZV9pZCI7aToxMTt9czoxMDoiACoAY2hhbmdlcyI7YTowOnt9czoxMToiACoAcHJldmlvdXMiO2E6MDp7fXM6ODoiACoAY2FzdHMiO2E6MDp7fXM6MTc6IgAqAGNsYXNzQ2FzdENhY2hlIjthOjA6e31zOjIxOiIAKgBhdHRyaWJ1dGVDYXN0Q2FjaGUiO2E6MDp7fXM6MTM6IgAqAGRhdGVGb3JtYXQiO047czoxMDoiACoAYXBwZW5kcyI7YTowOnt9czoxOToiACoAZGlzcGF0Y2hlc0V2ZW50cyI7YTowOnt9czoxNDoiACoAb2JzZXJ2YWJsZXMiO2E6MDp7fXM6MTI6IgAqAHJlbGF0aW9ucyI7YToxOntzOjU6InBpdm90IjtPOjQ0OiJJbGx1bWluYXRlXERhdGFiYXNlXEVsb3F1ZW50XFJlbGF0aW9uc1xQaXZvdCI6Mzc6e3M6MTM6IgAqAGNvbm5lY3Rpb24iO047czo4OiIAKgB0YWJsZSI7czoxNToicGFja2FnZV9tb2R1bGVzIjtzOjEzOiIAKgBwcmltYXJ5S2V5IjtzOjI6ImlkIjtzOjEwOiIAKgBrZXlUeXBlIjtzOjM6ImludCI7czoxMjoiaW5jcmVtZW50aW5nIjtiOjA7czo3OiIAKgB3aXRoIjthOjA6e31zOjEyOiIAKgB3aXRoQ291bnQiO2E6MDp7fXM6MTk6InByZXZlbnRzTGF6eUxvYWRpbmciO2I6MDtzOjEwOiIAKgBwZXJQYWdlIjtpOjE1O3M6NjoiZXhpc3RzIjtiOjE7czoxODoid2FzUmVjZW50bHlDcmVhdGVkIjtiOjA7czoyODoiACoAZXNjYXBlV2hlbkNhc3RpbmdUb1N0cmluZyI7YjowO3M6MTM6IgAqAGF0dHJpYnV0ZXMiO2E6Mjp7czoxMDoicGFja2FnZV9pZCI7aTo3O3M6OToibW9kdWxlX2lkIjtpOjExO31zOjExOiIAKgBvcmlnaW5hbCI7YToyOntzOjEwOiJwYWNrYWdlX2lkIjtpOjc7czo5OiJtb2R1bGVfaWQiO2k6MTE7fXM6MTA6IgAqAGNoYW5nZXMiO2E6MDp7fXM6MTE6IgAqAHByZXZpb3VzIjthOjA6e31zOjg6IgAqAGNhc3RzIjthOjA6e31zOjE3OiIAKgBjbGFzc0Nhc3RDYWNoZSI7YTowOnt9czoyMToiACoAYXR0cmlidXRlQ2FzdENhY2hlIjthOjA6e31zOjEzOiIAKgBkYXRlRm9ybWF0IjtOO3M6MTA6IgAqAGFwcGVuZHMiO2E6MDp7fXM6MTk6IgAqAGRpc3BhdGNoZXNFdmVudHMiO2E6MDp7fXM6MTQ6IgAqAG9ic2VydmFibGVzIjthOjA6e31zOjEyOiIAKgByZWxhdGlvbnMiO2E6MDp7fXM6MTA6IgAqAHRvdWNoZXMiO2E6MDp7fXM6Mjc6IgAqAHJlbGF0aW9uQXV0b2xvYWRDYWxsYmFjayI7TjtzOjI2OiIAKgByZWxhdGlvbkF1dG9sb2FkQ29udGV4dCI7TjtzOjEwOiJ0aW1lc3RhbXBzIjtiOjA7czoxMzoidXNlc1VuaXF1ZUlkcyI7YjowO3M6OToiACoAaGlkZGVuIjthOjA6e31zOjEwOiIAKgB2aXNpYmxlIjthOjA6e31zOjExOiIAKgBmaWxsYWJsZSI7YTowOnt9czoxMDoiACoAZ3VhcmRlZCI7YTowOnt9czoxMToicGl2b3RQYXJlbnQiO3I6MjcwNDtzOjEyOiJwaXZvdFJlbGF0ZWQiO3I6Mjc0MjtzOjEzOiIAKgBmb3JlaWduS2V5IjtzOjEwOiJwYWNrYWdlX2lkIjtzOjEzOiIAKgByZWxhdGVkS2V5IjtzOjk6Im1vZHVsZV9pZCI7fX1zOjEwOiIAKgB0b3VjaGVzIjthOjA6e31zOjI3OiIAKgByZWxhdGlvbkF1dG9sb2FkQ2FsbGJhY2siO047czoyNjoiACoAcmVsYXRpb25BdXRvbG9hZENvbnRleHQiO047czoxMDoidGltZXN0YW1wcyI7YjoxO3M6MTM6InVzZXNVbmlxdWVJZHMiO2I6MDtzOjk6IgAqAGhpZGRlbiI7YTowOnt9czoxMDoiACoAdmlzaWJsZSI7YTowOnt9czoxMToiACoAZmlsbGFibGUiO2E6MDp7fXM6MTA6IgAqAGd1YXJkZWQiO2E6MTp7aTowO3M6MjoiaWQiO319aToxMTtPOjE3OiJBcHBcTW9kZWxzXE1vZHVsZSI6MzM6e3M6MTM6IgAqAGNvbm5lY3Rpb24iO3M6NToibXlzcWwiO3M6ODoiACoAdGFibGUiO3M6NzoibW9kdWxlcyI7czoxMzoiACoAcHJpbWFyeUtleSI7czoyOiJpZCI7czoxMDoiACoAa2V5VHlwZSI7czozOiJpbnQiO3M6MTI6ImluY3JlbWVudGluZyI7YjoxO3M6NzoiACoAd2l0aCI7YTowOnt9czoxMjoiACoAd2l0aENvdW50IjthOjA6e31zOjE5OiJwcmV2ZW50c0xhenlMb2FkaW5nIjtiOjA7czoxMDoiACoAcGVyUGFnZSI7aToxNTtzOjY6ImV4aXN0cyI7YjoxO3M6MTg6Indhc1JlY2VudGx5Q3JlYXRlZCI7YjowO3M6Mjg6IgAqAGVzY2FwZVdoZW5DYXN0aW5nVG9TdHJpbmciO2I6MDtzOjEzOiIAKgBhdHRyaWJ1dGVzIjthOjQ6e3M6MjoiaWQiO2k6MTI7czo0OiJuYW1lIjtzOjY6IlJlcG9ydCI7czoxMDoiY3JlYXRlZF9hdCI7TjtzOjEwOiJ1cGRhdGVkX2F0IjtOO31zOjExOiIAKgBvcmlnaW5hbCI7YTo2OntzOjI6ImlkIjtpOjEyO3M6NDoibmFtZSI7czo2OiJSZXBvcnQiO3M6MTA6ImNyZWF0ZWRfYXQiO047czoxMDoidXBkYXRlZF9hdCI7TjtzOjE2OiJwaXZvdF9wYWNrYWdlX2lkIjtpOjc7czoxNToicGl2b3RfbW9kdWxlX2lkIjtpOjEyO31zOjEwOiIAKgBjaGFuZ2VzIjthOjA6e31zOjExOiIAKgBwcmV2aW91cyI7YTowOnt9czo4OiIAKgBjYXN0cyI7YTowOnt9czoxNzoiACoAY2xhc3NDYXN0Q2FjaGUiO2E6MDp7fXM6MjE6IgAqAGF0dHJpYnV0ZUNhc3RDYWNoZSI7YTowOnt9czoxMzoiACoAZGF0ZUZvcm1hdCI7TjtzOjEwOiIAKgBhcHBlbmRzIjthOjA6e31zOjE5OiIAKgBkaXNwYXRjaGVzRXZlbnRzIjthOjA6e31zOjE0OiIAKgBvYnNlcnZhYmxlcyI7YTowOnt9czoxMjoiACoAcmVsYXRpb25zIjthOjE6e3M6NToicGl2b3QiO086NDQ6IklsbHVtaW5hdGVcRGF0YWJhc2VcRWxvcXVlbnRcUmVsYXRpb25zXFBpdm90IjozNzp7czoxMzoiACoAY29ubmVjdGlvbiI7TjtzOjg6IgAqAHRhYmxlIjtzOjE1OiJwYWNrYWdlX21vZHVsZXMiO3M6MTM6IgAqAHByaW1hcnlLZXkiO3M6MjoiaWQiO3M6MTA6IgAqAGtleVR5cGUiO3M6MzoiaW50IjtzOjEyOiJpbmNyZW1lbnRpbmciO2I6MDtzOjc6IgAqAHdpdGgiO2E6MDp7fXM6MTI6IgAqAHdpdGhDb3VudCI7YTowOnt9czoxOToicHJldmVudHNMYXp5TG9hZGluZyI7YjowO3M6MTA6IgAqAHBlclBhZ2UiO2k6MTU7czo2OiJleGlzdHMiO2I6MTtzOjE4OiJ3YXNSZWNlbnRseUNyZWF0ZWQiO2I6MDtzOjI4OiIAKgBlc2NhcGVXaGVuQ2FzdGluZ1RvU3RyaW5nIjtiOjA7czoxMzoiACoAYXR0cmlidXRlcyI7YToyOntzOjEwOiJwYWNrYWdlX2lkIjtpOjc7czo5OiJtb2R1bGVfaWQiO2k6MTI7fXM6MTE6IgAqAG9yaWdpbmFsIjthOjI6e3M6MTA6InBhY2thZ2VfaWQiO2k6NztzOjk6Im1vZHVsZV9pZCI7aToxMjt9czoxMDoiACoAY2hhbmdlcyI7YTowOnt9czoxMToiACoAcHJldmlvdXMiO2E6MDp7fXM6ODoiACoAY2FzdHMiO2E6MDp7fXM6MTc6IgAqAGNsYXNzQ2FzdENhY2hlIjthOjA6e31zOjIxOiIAKgBhdHRyaWJ1dGVDYXN0Q2FjaGUiO2E6MDp7fXM6MTM6IgAqAGRhdGVGb3JtYXQiO047czoxMDoiACoAYXBwZW5kcyI7YTowOnt9czoxOToiACoAZGlzcGF0Y2hlc0V2ZW50cyI7YTowOnt9czoxNDoiACoAb2JzZXJ2YWJsZXMiO2E6MDp7fXM6MTI6IgAqAHJlbGF0aW9ucyI7YTowOnt9czoxMDoiACoAdG91Y2hlcyI7YTowOnt9czoyNzoiACoAcmVsYXRpb25BdXRvbG9hZENhbGxiYWNrIjtOO3M6MjY6IgAqAHJlbGF0aW9uQXV0b2xvYWRDb250ZXh0IjtOO3M6MTA6InRpbWVzdGFtcHMiO2I6MDtzOjEzOiJ1c2VzVW5pcXVlSWRzIjtiOjA7czo5OiIAKgBoaWRkZW4iO2E6MDp7fXM6MTA6IgAqAHZpc2libGUiO2E6MDp7fXM6MTE6IgAqAGZpbGxhYmxlIjthOjA6e31zOjEwOiIAKgBndWFyZGVkIjthOjA6e31zOjExOiJwaXZvdFBhcmVudCI7cjoyNzA0O3M6MTI6InBpdm90UmVsYXRlZCI7cjoyNzQyO3M6MTM6IgAqAGZvcmVpZ25LZXkiO3M6MTA6InBhY2thZ2VfaWQiO3M6MTM6IgAqAHJlbGF0ZWRLZXkiO3M6OToibW9kdWxlX2lkIjt9fXM6MTA6IgAqAHRvdWNoZXMiO2E6MDp7fXM6Mjc6IgAqAHJlbGF0aW9uQXV0b2xvYWRDYWxsYmFjayI7TjtzOjI2OiIAKgByZWxhdGlvbkF1dG9sb2FkQ29udGV4dCI7TjtzOjEwOiJ0aW1lc3RhbXBzIjtiOjE7czoxMzoidXNlc1VuaXF1ZUlkcyI7YjowO3M6OToiACoAaGlkZGVuIjthOjA6e31zOjEwOiIAKgB2aXNpYmxlIjthOjA6e31zOjExOiIAKgBmaWxsYWJsZSI7YTowOnt9czoxMDoiACoAZ3VhcmRlZCI7YToxOntpOjA7czoyOiJpZCI7fX1pOjEyO086MTc6IkFwcFxNb2RlbHNcTW9kdWxlIjozMzp7czoxMzoiACoAY29ubmVjdGlvbiI7czo1OiJteXNxbCI7czo4OiIAKgB0YWJsZSI7czo3OiJtb2R1bGVzIjtzOjEzOiIAKgBwcmltYXJ5S2V5IjtzOjI6ImlkIjtzOjEwOiIAKgBrZXlUeXBlIjtzOjM6ImludCI7czoxMjoiaW5jcmVtZW50aW5nIjtiOjE7czo3OiIAKgB3aXRoIjthOjA6e31zOjEyOiIAKgB3aXRoQ291bnQiO2E6MDp7fXM6MTk6InByZXZlbnRzTGF6eUxvYWRpbmciO2I6MDtzOjEwOiIAKgBwZXJQYWdlIjtpOjE1O3M6NjoiZXhpc3RzIjtiOjE7czoxODoid2FzUmVjZW50bHlDcmVhdGVkIjtiOjA7czoyODoiACoAZXNjYXBlV2hlbkNhc3RpbmdUb1N0cmluZyI7YjowO3M6MTM6IgAqAGF0dHJpYnV0ZXMiO2E6NDp7czoyOiJpZCI7aToxMztzOjQ6Im5hbWUiO3M6ODoiU2V0dGluZ3MiO3M6MTA6ImNyZWF0ZWRfYXQiO047czoxMDoidXBkYXRlZF9hdCI7Tjt9czoxMToiACoAb3JpZ2luYWwiO2E6Njp7czoyOiJpZCI7aToxMztzOjQ6Im5hbWUiO3M6ODoiU2V0dGluZ3MiO3M6MTA6ImNyZWF0ZWRfYXQiO047czoxMDoidXBkYXRlZF9hdCI7TjtzOjE2OiJwaXZvdF9wYWNrYWdlX2lkIjtpOjc7czoxNToicGl2b3RfbW9kdWxlX2lkIjtpOjEzO31zOjEwOiIAKgBjaGFuZ2VzIjthOjA6e31zOjExOiIAKgBwcmV2aW91cyI7YTowOnt9czo4OiIAKgBjYXN0cyI7YTowOnt9czoxNzoiACoAY2xhc3NDYXN0Q2FjaGUiO2E6MDp7fXM6MjE6IgAqAGF0dHJpYnV0ZUNhc3RDYWNoZSI7YTowOnt9czoxMzoiACoAZGF0ZUZvcm1hdCI7TjtzOjEwOiIAKgBhcHBlbmRzIjthOjA6e31zOjE5OiIAKgBkaXNwYXRjaGVzRXZlbnRzIjthOjA6e31zOjE0OiIAKgBvYnNlcnZhYmxlcyI7YTowOnt9czoxMjoiACoAcmVsYXRpb25zIjthOjE6e3M6NToicGl2b3QiO086NDQ6IklsbHVtaW5hdGVcRGF0YWJhc2VcRWxvcXVlbnRcUmVsYXRpb25zXFBpdm90IjozNzp7czoxMzoiACoAY29ubmVjdGlvbiI7TjtzOjg6IgAqAHRhYmxlIjtzOjE1OiJwYWNrYWdlX21vZHVsZXMiO3M6MTM6IgAqAHByaW1hcnlLZXkiO3M6MjoiaWQiO3M6MTA6IgAqAGtleVR5cGUiO3M6MzoiaW50IjtzOjEyOiJpbmNyZW1lbnRpbmciO2I6MDtzOjc6IgAqAHdpdGgiO2E6MDp7fXM6MTI6IgAqAHdpdGhDb3VudCI7YTowOnt9czoxOToicHJldmVudHNMYXp5TG9hZGluZyI7YjowO3M6MTA6IgAqAHBlclBhZ2UiO2k6MTU7czo2OiJleGlzdHMiO2I6MTtzOjE4OiJ3YXNSZWNlbnRseUNyZWF0ZWQiO2I6MDtzOjI4OiIAKgBlc2NhcGVXaGVuQ2FzdGluZ1RvU3RyaW5nIjtiOjA7czoxMzoiACoAYXR0cmlidXRlcyI7YToyOntzOjEwOiJwYWNrYWdlX2lkIjtpOjc7czo5OiJtb2R1bGVfaWQiO2k6MTM7fXM6MTE6IgAqAG9yaWdpbmFsIjthOjI6e3M6MTA6InBhY2thZ2VfaWQiO2k6NztzOjk6Im1vZHVsZV9pZCI7aToxMzt9czoxMDoiACoAY2hhbmdlcyI7YTowOnt9czoxMToiACoAcHJldmlvdXMiO2E6MDp7fXM6ODoiACoAY2FzdHMiO2E6MDp7fXM6MTc6IgAqAGNsYXNzQ2FzdENhY2hlIjthOjA6e31zOjIxOiIAKgBhdHRyaWJ1dGVDYXN0Q2FjaGUiO2E6MDp7fXM6MTM6IgAqAGRhdGVGb3JtYXQiO047czoxMDoiACoAYXBwZW5kcyI7YTowOnt9czoxOToiACoAZGlzcGF0Y2hlc0V2ZW50cyI7YTowOnt9czoxNDoiACoAb2JzZXJ2YWJsZXMiO2E6MDp7fXM6MTI6IgAqAHJlbGF0aW9ucyI7YTowOnt9czoxMDoiACoAdG91Y2hlcyI7YTowOnt9czoyNzoiACoAcmVsYXRpb25BdXRvbG9hZENhbGxiYWNrIjtOO3M6MjY6IgAqAHJlbGF0aW9uQXV0b2xvYWRDb250ZXh0IjtOO3M6MTA6InRpbWVzdGFtcHMiO2I6MDtzOjEzOiJ1c2VzVW5pcXVlSWRzIjtiOjA7czo5OiIAKgBoaWRkZW4iO2E6MDp7fXM6MTA6IgAqAHZpc2libGUiO2E6MDp7fXM6MTE6IgAqAGZpbGxhYmxlIjthOjA6e31zOjEwOiIAKgBndWFyZGVkIjthOjA6e31zOjExOiJwaXZvdFBhcmVudCI7cjoyNzA0O3M6MTI6InBpdm90UmVsYXRlZCI7cjoyNzQyO3M6MTM6IgAqAGZvcmVpZ25LZXkiO3M6MTA6InBhY2thZ2VfaWQiO3M6MTM6IgAqAHJlbGF0ZWRLZXkiO3M6OToibW9kdWxlX2lkIjt9fXM6MTA6IgAqAHRvdWNoZXMiO2E6MDp7fXM6Mjc6IgAqAHJlbGF0aW9uQXV0b2xvYWRDYWxsYmFjayI7TjtzOjI2OiIAKgByZWxhdGlvbkF1dG9sb2FkQ29udGV4dCI7TjtzOjEwOiJ0aW1lc3RhbXBzIjtiOjE7czoxMzoidXNlc1VuaXF1ZUlkcyI7YjowO3M6OToiACoAaGlkZGVuIjthOjA6e31zOjEwOiIAKgB2aXNpYmxlIjthOjA6e31zOjExOiIAKgBmaWxsYWJsZSI7YTowOnt9czoxMDoiACoAZ3VhcmRlZCI7YToxOntpOjA7czoyOiJpZCI7fX1pOjEzO086MTc6IkFwcFxNb2RlbHNcTW9kdWxlIjozMzp7czoxMzoiACoAY29ubmVjdGlvbiI7czo1OiJteXNxbCI7czo4OiIAKgB0YWJsZSI7czo3OiJtb2R1bGVzIjtzOjEzOiIAKgBwcmltYXJ5S2V5IjtzOjI6ImlkIjtzOjEwOiIAKgBrZXlUeXBlIjtzOjM6ImludCI7czoxMjoiaW5jcmVtZW50aW5nIjtiOjE7czo3OiIAKgB3aXRoIjthOjA6e31zOjEyOiIAKgB3aXRoQ291bnQiO2E6MDp7fXM6MTk6InByZXZlbnRzTGF6eUxvYWRpbmciO2I6MDtzOjEwOiIAKgBwZXJQYWdlIjtpOjE1O3M6NjoiZXhpc3RzIjtiOjE7czoxODoid2FzUmVjZW50bHlDcmVhdGVkIjtiOjA7czoyODoiACoAZXNjYXBlV2hlbkNhc3RpbmdUb1N0cmluZyI7YjowO3M6MTM6IgAqAGF0dHJpYnV0ZXMiO2E6NDp7czoyOiJpZCI7aToxNDtzOjQ6Im5hbWUiO3M6MTg6IkRlbGl2ZXJ5IEV4ZWN1dGl2ZSI7czoxMDoiY3JlYXRlZF9hdCI7TjtzOjEwOiJ1cGRhdGVkX2F0IjtOO31zOjExOiIAKgBvcmlnaW5hbCI7YTo2OntzOjI6ImlkIjtpOjE0O3M6NDoibmFtZSI7czoxODoiRGVsaXZlcnkgRXhlY3V0aXZlIjtzOjEwOiJjcmVhdGVkX2F0IjtOO3M6MTA6InVwZGF0ZWRfYXQiO047czoxNjoicGl2b3RfcGFja2FnZV9pZCI7aTo3O3M6MTU6InBpdm90X21vZHVsZV9pZCI7aToxNDt9czoxMDoiACoAY2hhbmdlcyI7YTowOnt9czoxMToiACoAcHJldmlvdXMiO2E6MDp7fXM6ODoiACoAY2FzdHMiO2E6MDp7fXM6MTc6IgAqAGNsYXNzQ2FzdENhY2hlIjthOjA6e31zOjIxOiIAKgBhdHRyaWJ1dGVDYXN0Q2FjaGUiO2E6MDp7fXM6MTM6IgAqAGRhdGVGb3JtYXQiO047czoxMDoiACoAYXBwZW5kcyI7YTowOnt9czoxOToiACoAZGlzcGF0Y2hlc0V2ZW50cyI7YTowOnt9czoxNDoiACoAb2JzZXJ2YWJsZXMiO2E6MDp7fXM6MTI6IgAqAHJlbGF0aW9ucyI7YToxOntzOjU6InBpdm90IjtPOjQ0OiJJbGx1bWluYXRlXERhdGFiYXNlXEVsb3F1ZW50XFJlbGF0aW9uc1xQaXZvdCI6Mzc6e3M6MTM6IgAqAGNvbm5lY3Rpb24iO047czo4OiIAKgB0YWJsZSI7czoxNToicGFja2FnZV9tb2R1bGVzIjtzOjEzOiIAKgBwcmltYXJ5S2V5IjtzOjI6ImlkIjtzOjEwOiIAKgBrZXlUeXBlIjtzOjM6ImludCI7czoxMjoiaW5jcmVtZW50aW5nIjtiOjA7czo3OiIAKgB3aXRoIjthOjA6e31zOjEyOiIAKgB3aXRoQ291bnQiO2E6MDp7fXM6MTk6InByZXZlbnRzTGF6eUxvYWRpbmciO2I6MDtzOjEwOiIAKgBwZXJQYWdlIjtpOjE1O3M6NjoiZXhpc3RzIjtiOjE7czoxODoid2FzUmVjZW50bHlDcmVhdGVkIjtiOjA7czoyODoiACoAZXNjYXBlV2hlbkNhc3RpbmdUb1N0cmluZyI7YjowO3M6MTM6IgAqAGF0dHJpYnV0ZXMiO2E6Mjp7czoxMDoicGFja2FnZV9pZCI7aTo3O3M6OToibW9kdWxlX2lkIjtpOjE0O31zOjExOiIAKgBvcmlnaW5hbCI7YToyOntzOjEwOiJwYWNrYWdlX2lkIjtpOjc7czo5OiJtb2R1bGVfaWQiO2k6MTQ7fXM6MTA6IgAqAGNoYW5nZXMiO2E6MDp7fXM6MTE6IgAqAHByZXZpb3VzIjthOjA6e31zOjg6IgAqAGNhc3RzIjthOjA6e31zOjE3OiIAKgBjbGFzc0Nhc3RDYWNoZSI7YTowOnt9czoyMToiACoAYXR0cmlidXRlQ2FzdENhY2hlIjthOjA6e31zOjEzOiIAKgBkYXRlRm9ybWF0IjtOO3M6MTA6IgAqAGFwcGVuZHMiO2E6MDp7fXM6MTk6IgAqAGRpc3BhdGNoZXNFdmVudHMiO2E6MDp7fXM6MTQ6IgAqAG9ic2VydmFibGVzIjthOjA6e31zOjEyOiIAKgByZWxhdGlvbnMiO2E6MDp7fXM6MTA6IgAqAHRvdWNoZXMiO2E6MDp7fXM6Mjc6IgAqAHJlbGF0aW9uQXV0b2xvYWRDYWxsYmFjayI7TjtzOjI2OiIAKgByZWxhdGlvbkF1dG9sb2FkQ29udGV4dCI7TjtzOjEwOiJ0aW1lc3RhbXBzIjtiOjA7czoxMzoidXNlc1VuaXF1ZUlkcyI7YjowO3M6OToiACoAaGlkZGVuIjthOjA6e31zOjEwOiIAKgB2aXNpYmxlIjthOjA6e31zOjExOiIAKgBmaWxsYWJsZSI7YTowOnt9czoxMDoiACoAZ3VhcmRlZCI7YTowOnt9czoxMToicGl2b3RQYXJlbnQiO3I6MjcwNDtzOjEyOiJwaXZvdFJlbGF0ZWQiO3I6Mjc0MjtzOjEzOiIAKgBmb3JlaWduS2V5IjtzOjEwOiJwYWNrYWdlX2lkIjtzOjEzOiIAKgByZWxhdGVkS2V5IjtzOjk6Im1vZHVsZV9pZCI7fX1zOjEwOiIAKgB0b3VjaGVzIjthOjA6e31zOjI3OiIAKgByZWxhdGlvbkF1dG9sb2FkQ2FsbGJhY2siO047czoyNjoiACoAcmVsYXRpb25BdXRvbG9hZENvbnRleHQiO047czoxMDoidGltZXN0YW1wcyI7YjoxO3M6MTM6InVzZXNVbmlxdWVJZHMiO2I6MDtzOjk6IgAqAGhpZGRlbiI7YTowOnt9czoxMDoiACoAdmlzaWJsZSI7YTowOnt9czoxMToiACoAZmlsbGFibGUiO2E6MDp7fXM6MTA6IgAqAGd1YXJkZWQiO2E6MTp7aTowO3M6MjoiaWQiO319aToxNDtPOjE3OiJBcHBcTW9kZWxzXE1vZHVsZSI6MzM6e3M6MTM6IgAqAGNvbm5lY3Rpb24iO3M6NToibXlzcWwiO3M6ODoiACoAdGFibGUiO3M6NzoibW9kdWxlcyI7czoxMzoiACoAcHJpbWFyeUtleSI7czoyOiJpZCI7czoxMDoiACoAa2V5VHlwZSI7czozOiJpbnQiO3M6MTI6ImluY3JlbWVudGluZyI7YjoxO3M6NzoiACoAd2l0aCI7YTowOnt9czoxMjoiACoAd2l0aENvdW50IjthOjA6e31zOjE5OiJwcmV2ZW50c0xhenlMb2FkaW5nIjtiOjA7czoxMDoiACoAcGVyUGFnZSI7aToxNTtzOjY6ImV4aXN0cyI7YjoxO3M6MTg6Indhc1JlY2VudGx5Q3JlYXRlZCI7YjowO3M6Mjg6IgAqAGVzY2FwZVdoZW5DYXN0aW5nVG9TdHJpbmciO2I6MDtzOjEzOiIAKgBhdHRyaWJ1dGVzIjthOjQ6e3M6MjoiaWQiO2k6MTU7czo0OiJuYW1lIjtzOjE0OiJXYWl0ZXIgUmVxdWVzdCI7czoxMDoiY3JlYXRlZF9hdCI7TjtzOjEwOiJ1cGRhdGVkX2F0IjtOO31zOjExOiIAKgBvcmlnaW5hbCI7YTo2OntzOjI6ImlkIjtpOjE1O3M6NDoibmFtZSI7czoxNDoiV2FpdGVyIFJlcXVlc3QiO3M6MTA6ImNyZWF0ZWRfYXQiO047czoxMDoidXBkYXRlZF9hdCI7TjtzOjE2OiJwaXZvdF9wYWNrYWdlX2lkIjtpOjc7czoxNToicGl2b3RfbW9kdWxlX2lkIjtpOjE1O31zOjEwOiIAKgBjaGFuZ2VzIjthOjA6e31zOjExOiIAKgBwcmV2aW91cyI7YTowOnt9czo4OiIAKgBjYXN0cyI7YTowOnt9czoxNzoiACoAY2xhc3NDYXN0Q2FjaGUiO2E6MDp7fXM6MjE6IgAqAGF0dHJpYnV0ZUNhc3RDYWNoZSI7YTowOnt9czoxMzoiACoAZGF0ZUZvcm1hdCI7TjtzOjEwOiIAKgBhcHBlbmRzIjthOjA6e31zOjE5OiIAKgBkaXNwYXRjaGVzRXZlbnRzIjthOjA6e31zOjE0OiIAKgBvYnNlcnZhYmxlcyI7YTowOnt9czoxMjoiACoAcmVsYXRpb25zIjthOjE6e3M6NToicGl2b3QiO086NDQ6IklsbHVtaW5hdGVcRGF0YWJhc2VcRWxvcXVlbnRcUmVsYXRpb25zXFBpdm90IjozNzp7czoxMzoiACoAY29ubmVjdGlvbiI7TjtzOjg6IgAqAHRhYmxlIjtzOjE1OiJwYWNrYWdlX21vZHVsZXMiO3M6MTM6IgAqAHByaW1hcnlLZXkiO3M6MjoiaWQiO3M6MTA6IgAqAGtleVR5cGUiO3M6MzoiaW50IjtzOjEyOiJpbmNyZW1lbnRpbmciO2I6MDtzOjc6IgAqAHdpdGgiO2E6MDp7fXM6MTI6IgAqAHdpdGhDb3VudCI7YTowOnt9czoxOToicHJldmVudHNMYXp5TG9hZGluZyI7YjowO3M6MTA6IgAqAHBlclBhZ2UiO2k6MTU7czo2OiJleGlzdHMiO2I6MTtzOjE4OiJ3YXNSZWNlbnRseUNyZWF0ZWQiO2I6MDtzOjI4OiIAKgBlc2NhcGVXaGVuQ2FzdGluZ1RvU3RyaW5nIjtiOjA7czoxMzoiACoAYXR0cmlidXRlcyI7YToyOntzOjEwOiJwYWNrYWdlX2lkIjtpOjc7czo5OiJtb2R1bGVfaWQiO2k6MTU7fXM6MTE6IgAqAG9yaWdpbmFsIjthOjI6e3M6MTA6InBhY2thZ2VfaWQiO2k6NztzOjk6Im1vZHVsZV9pZCI7aToxNTt9czoxMDoiACoAY2hhbmdlcyI7YTowOnt9czoxMToiACoAcHJldmlvdXMiO2E6MDp7fXM6ODoiACoAY2FzdHMiO2E6MDp7fXM6MTc6IgAqAGNsYXNzQ2FzdENhY2hlIjthOjA6e31zOjIxOiIAKgBhdHRyaWJ1dGVDYXN0Q2FjaGUiO2E6MDp7fXM6MTM6IgAqAGRhdGVGb3JtYXQiO047czoxMDoiACoAYXBwZW5kcyI7YTowOnt9czoxOToiACoAZGlzcGF0Y2hlc0V2ZW50cyI7YTowOnt9czoxNDoiACoAb2JzZXJ2YWJsZXMiO2E6MDp7fXM6MTI6IgAqAHJlbGF0aW9ucyI7YTowOnt9czoxMDoiACoAdG91Y2hlcyI7YTowOnt9czoyNzoiACoAcmVsYXRpb25BdXRvbG9hZENhbGxiYWNrIjtOO3M6MjY6IgAqAHJlbGF0aW9uQXV0b2xvYWRDb250ZXh0IjtOO3M6MTA6InRpbWVzdGFtcHMiO2I6MDtzOjEzOiJ1c2VzVW5pcXVlSWRzIjtiOjA7czo5OiIAKgBoaWRkZW4iO2E6MDp7fXM6MTA6IgAqAHZpc2libGUiO2E6MDp7fXM6MTE6IgAqAGZpbGxhYmxlIjthOjA6e31zOjEwOiIAKgBndWFyZGVkIjthOjA6e31zOjExOiJwaXZvdFBhcmVudCI7cjoyNzA0O3M6MTI6InBpdm90UmVsYXRlZCI7cjoyNzQyO3M6MTM6IgAqAGZvcmVpZ25LZXkiO3M6MTA6InBhY2thZ2VfaWQiO3M6MTM6IgAqAHJlbGF0ZWRLZXkiO3M6OToibW9kdWxlX2lkIjt9fXM6MTA6IgAqAHRvdWNoZXMiO2E6MDp7fXM6Mjc6IgAqAHJlbGF0aW9uQXV0b2xvYWRDYWxsYmFjayI7TjtzOjI2OiIAKgByZWxhdGlvbkF1dG9sb2FkQ29udGV4dCI7TjtzOjEwOiJ0aW1lc3RhbXBzIjtiOjE7czoxMzoidXNlc1VuaXF1ZUlkcyI7YjowO3M6OToiACoAaGlkZGVuIjthOjA6e31zOjEwOiIAKgB2aXNpYmxlIjthOjA6e31zOjExOiIAKgBmaWxsYWJsZSI7YTowOnt9czoxMDoiACoAZ3VhcmRlZCI7YToxOntpOjA7czoyOiJpZCI7fX19czoyODoiACoAZXNjYXBlV2hlbkNhc3RpbmdUb1N0cmluZyI7YjowO319czoxMDoiACoAdG91Y2hlcyI7YTowOnt9czoyNzoiACoAcmVsYXRpb25BdXRvbG9hZENhbGxiYWNrIjtOO3M6MjY6IgAqAHJlbGF0aW9uQXV0b2xvYWRDb250ZXh0IjtOO3M6MTA6InRpbWVzdGFtcHMiO2I6MTtzOjEzOiJ1c2VzVW5pcXVlSWRzIjtiOjA7czo5OiIAKgBoaWRkZW4iO2E6MDp7fXM6MTA6IgAqAHZpc2libGUiO2E6MDp7fXM6MTE6IgAqAGZpbGxhYmxlIjthOjA6e31zOjEwOiIAKgBndWFyZGVkIjthOjE6e2k6MDtzOjI6ImlkIjt9fXM6MTQ6InJlY2VpcHRTZXR0aW5nIjtPOjI1OiJBcHBcTW9kZWxzXFJlY2VpcHRTZXR0aW5nIjozMzp7czoxMzoiACoAY29ubmVjdGlvbiI7czo1OiJteXNxbCI7czo4OiIAKgB0YWJsZSI7czoxNjoicmVjZWlwdF9zZXR0aW5ncyI7czoxMzoiACoAcHJpbWFyeUtleSI7czoyOiJpZCI7czoxMDoiACoAa2V5VHlwZSI7czozOiJpbnQiO3M6MTI6ImluY3JlbWVudGluZyI7YjoxO3M6NzoiACoAd2l0aCI7YTowOnt9czoxMjoiACoAd2l0aENvdW50IjthOjA6e31zOjE5OiJwcmV2ZW50c0xhenlMb2FkaW5nIjtiOjA7czoxMDoiACoAcGVyUGFnZSI7aToxNTtzOjY6ImV4aXN0cyI7YjoxO3M6MTg6Indhc1JlY2VudGx5Q3JlYXRlZCI7YjowO3M6Mjg6IgAqAGVzY2FwZVdoZW5DYXN0aW5nVG9TdHJpbmciO2I6MDtzOjEzOiIAKgBhdHRyaWJ1dGVzIjthOjE0OntzOjI6ImlkIjtpOjM7czoxMzoicmVzdGF1cmFudF9pZCI7aTo2O3M6MTg6InNob3dfY3VzdG9tZXJfbmFtZSI7aToxO3M6MjE6InNob3dfY3VzdG9tZXJfYWRkcmVzcyI7aTowO3M6MTc6InNob3dfdGFibGVfbnVtYmVyIjtpOjE7czoxNToicGF5bWVudF9xcl9jb2RlIjtOO3M6MjA6InNob3dfcGF5bWVudF9xcl9jb2RlIjtpOjA7czoxMToic2hvd193YWl0ZXIiO2k6MTtzOjE2OiJzaG93X3RvdGFsX2d1ZXN0IjtpOjE7czoyMDoic2hvd19yZXN0YXVyYW50X2xvZ28iO2k6MDtzOjg6InNob3dfdGF4IjtpOjE7czoyMDoic2hvd19wYXltZW50X2RldGFpbHMiO2k6MTtzOjEwOiJjcmVhdGVkX2F0IjtzOjE5OiIyMDI1LTAxLTE0IDEzOjQwOjMyIjtzOjEwOiJ1cGRhdGVkX2F0IjtzOjE5OiIyMDI1LTAyLTA3IDE2OjEzOjQyIjt9czoxMToiACoAb3JpZ2luYWwiO2E6MTQ6e3M6MjoiaWQiO2k6MztzOjEzOiJyZXN0YXVyYW50X2lkIjtpOjY7czoxODoic2hvd19jdXN0b21lcl9uYW1lIjtpOjE7czoyMToic2hvd19jdXN0b21lcl9hZGRyZXNzIjtpOjA7czoxNzoic2hvd190YWJsZV9udW1iZXIiO2k6MTtzOjE1OiJwYXltZW50X3FyX2NvZGUiO047czoyMDoic2hvd19wYXltZW50X3FyX2NvZGUiO2k6MDtzOjExOiJzaG93X3dhaXRlciI7aToxO3M6MTY6InNob3dfdG90YWxfZ3Vlc3QiO2k6MTtzOjIwOiJzaG93X3Jlc3RhdXJhbnRfbG9nbyI7aTowO3M6ODoic2hvd190YXgiO2k6MTtzOjIwOiJzaG93X3BheW1lbnRfZGV0YWlscyI7aToxO3M6MTA6ImNyZWF0ZWRfYXQiO3M6MTk6IjIwMjUtMDEtMTQgMTM6NDA6MzIiO3M6MTA6InVwZGF0ZWRfYXQiO3M6MTk6IjIwMjUtMDItMDcgMTY6MTM6NDIiO31zOjEwOiIAKgBjaGFuZ2VzIjthOjA6e31zOjExOiIAKgBwcmV2aW91cyI7YTowOnt9czo4OiIAKgBjYXN0cyI7YTowOnt9czoxNzoiACoAY2xhc3NDYXN0Q2FjaGUiO2E6MDp7fXM6MjE6IgAqAGF0dHJpYnV0ZUNhc3RDYWNoZSI7YTowOnt9czoxMzoiACoAZGF0ZUZvcm1hdCI7TjtzOjEwOiIAKgBhcHBlbmRzIjthOjE6e2k6MDtzOjE5OiJwYXltZW50X3FyX2NvZGVfdXJsIjt9czoxOToiACoAZGlzcGF0Y2hlc0V2ZW50cyI7YTowOnt9czoxNDoiACoAb2JzZXJ2YWJsZXMiO2E6MDp7fXM6MTI6IgAqAHJlbGF0aW9ucyI7YTowOnt9czoxMDoiACoAdG91Y2hlcyI7YTowOnt9czoyNzoiACoAcmVsYXRpb25BdXRvbG9hZENhbGxiYWNrIjtOO3M6MjY6IgAqAHJlbGF0aW9uQXV0b2xvYWRDb250ZXh0IjtOO3M6MTA6InRpbWVzdGFtcHMiO2I6MTtzOjEzOiJ1c2VzVW5pcXVlSWRzIjtiOjA7czo5OiIAKgBoaWRkZW4iO2E6MDp7fXM6MTA6IgAqAHZpc2libGUiO2E6MDp7fXM6MTE6IgAqAGZpbGxhYmxlIjthOjA6e31zOjEwOiIAKgBndWFyZGVkIjthOjE6e2k6MDtzOjI6ImlkIjt9fX1zOjEwOiIAKgB0b3VjaGVzIjthOjA6e31zOjI3OiIAKgByZWxhdGlvbkF1dG9sb2FkQ2FsbGJhY2siO047czoyNjoiACoAcmVsYXRpb25BdXRvbG9hZENvbnRleHQiO047czoxMDoidGltZXN0YW1wcyI7YjoxO3M6MTM6InVzZXNVbmlxdWVJZHMiO2I6MDtzOjk6IgAqAGhpZGRlbiI7YTowOnt9czoxMDoiACoAdmlzaWJsZSI7YTowOnt9czoxMToiACoAZmlsbGFibGUiO2E6MDp7fXM6MTA6IgAqAGd1YXJkZWQiO2E6MTp7aTowO3M6MjoiaWQiO31zOjE3OiJjdXN0b21lcklwQWRkcmVzcyI7TjtzOjI0OiJlc3RpbWF0aW9uQmlsbGluZ0FkZHJlc3MiO2E6MDp7fXM6MTM6ImNvbGxlY3RUYXhJZHMiO2I6MDtzOjg6ImNvdXBvbklkIjtOO3M6MTU6InByb21vdGlvbkNvZGVJZCI7TjtzOjE5OiJhbGxvd1Byb21vdGlvbkNvZGVzIjtiOjA7fXM6ODoidGltZXpvbmUiO3M6MTI6IkFzaWEvS29sa2F0YSI7czo4OiJjdXJyZW5jeSI7czozOiLigrkiO3M6NToiaXNSdGwiO2I6MDt9', 1754838977);
INSERT INTO `sessions` (`id`, `user_id`, `ip_address`, `user_agent`, `payload`, `last_activity`) VALUES
('Cr4zHYJUugG5f9FMsHF0b2YSFhJjBuUpDfqKWWW2', NULL, '195.2.81.171', 'Mozilla/5.0 (Macintosh; Intel Mac OS X 10_15_7) AppleWebKit/537.36 (KHTML, like Gecko) Chrome/133.0.0.0 Safari/537.36', 'YTo1OntzOjY6Il90b2tlbiI7czo0MDoiWFdtdEhwaWVjNGlES1FhOWJWMmpESkdiYjVVak9TMk44ZWRwdU5hQyI7czoyMDoiY2hlY2tfbWlncmF0ZV9zdGF0dXMiO3M6NDoiR29vZCI7czo0OiJ1c2VyIjtOO3M6OToiX3ByZXZpb3VzIjthOjE6e3M6MzoidXJsIjtzOjQzOiJodHRwczovL3Jlc3Ryby5zaXN0ZW0uYXBwL3Jlc3RhdXJhbnQtc2lnbnVwIjt9czo2OiJfZmxhc2giO2E6Mjp7czozOiJvbGQiO2E6MDp7fXM6MzoibmV3IjthOjA6e319fQ==', 1754831908),
('iT7mBVa4cxarq69HdQ0JKaKJKhKSEn4VCaaxtWHv', NULL, '106.54.4.79', 'Mozilla/5.0 (Linux; Android 10; LIO-AN00 Build/HUAWEILIO-AN00; wv) MicroMessenger Weixin QQ AppleWebKit/537.36 (KHTML, like Gecko) Version/4.0 Chrome/78.0.3904.62 XWEB/2692 MMWEBSDK/200901 Mobile Safari/537.36', 'YTo2OntzOjY6Il90b2tlbiI7czo0MDoicGhpWXZaQ1lvQXBGVnhHSnhUbURrRWkxMVlFejhCOXpYN1ppcjVFZiI7czoyMDoiY2hlY2tfbWlncmF0ZV9zdGF0dXMiO3M6NDoiR29vZCI7czozMToiZ2xvYmFsX2N1cnJlbmN5X2Zvcm1hdF9zZXR0aW5nMiI7TzoyNToiQXBwXE1vZGVsc1xHbG9iYWxDdXJyZW5jeSI6MzE6e3M6MTM6IgAqAGNvbm5lY3Rpb24iO3M6NToibXlzcWwiO3M6ODoiACoAdGFibGUiO3M6MTc6Imdsb2JhbF9jdXJyZW5jaWVzIjtzOjEzOiIAKgBwcmltYXJ5S2V5IjtzOjI6ImlkIjtzOjEwOiIAKgBrZXlUeXBlIjtzOjM6ImludCI7czoxMjoiaW5jcmVtZW50aW5nIjtiOjE7czo3OiIAKgB3aXRoIjthOjA6e31zOjEyOiIAKgB3aXRoQ291bnQiO2E6MDp7fXM6MTk6InByZXZlbnRzTGF6eUxvYWRpbmciO2I6MDtzOjEwOiIAKgBwZXJQYWdlIjtpOjE1O3M6NjoiZXhpc3RzIjtiOjE7czoxODoid2FzUmVjZW50bHlDcmVhdGVkIjtiOjA7czoyODoiACoAZXNjYXBlV2hlbkNhc3RpbmdUb1N0cmluZyI7YjowO3M6MTM6IgAqAGF0dHJpYnV0ZXMiO2E6MTU6e3M6MjoiaWQiO2k6MjtzOjEzOiJjdXJyZW5jeV9uYW1lIjtzOjU6IlJ1cGVlIjtzOjE1OiJjdXJyZW5jeV9zeW1ib2wiO3M6Mzoi4oK5IjtzOjEzOiJjdXJyZW5jeV9jb2RlIjtzOjM6IklOUiI7czoxMzoiZXhjaGFuZ2VfcmF0ZSI7TjtzOjk6InVzZF9wcmljZSI7TjtzOjE3OiJpc19jcnlwdG9jdXJyZW5jeSI7czoyOiJubyI7czoxNzoiY3VycmVuY3lfcG9zaXRpb24iO3M6NDoibGVmdCI7czoxMzoibm9fb2ZfZGVjaW1hbCI7aToyO3M6MTg6InRob3VzYW5kX3NlcGFyYXRvciI7TjtzOjE3OiJkZWNpbWFsX3NlcGFyYXRvciI7TjtzOjY6InN0YXR1cyI7czo2OiJlbmFibGUiO3M6MTA6ImNyZWF0ZWRfYXQiO3M6MTk6IjIwMjUtMDEtMTAgMDE6NTQ6MzQiO3M6MTA6InVwZGF0ZWRfYXQiO3M6MTk6IjIwMjUtMDEtMTAgMDE6NTQ6MzQiO3M6MTA6ImRlbGV0ZWRfYXQiO047fXM6MTE6IgAqAG9yaWdpbmFsIjthOjE1OntzOjI6ImlkIjtpOjI7czoxMzoiY3VycmVuY3lfbmFtZSI7czo1OiJSdXBlZSI7czoxNToiY3VycmVuY3lfc3ltYm9sIjtzOjM6IuKCuSI7czoxMzoiY3VycmVuY3lfY29kZSI7czozOiJJTlIiO3M6MTM6ImV4Y2hhbmdlX3JhdGUiO047czo5OiJ1c2RfcHJpY2UiO047czoxNzoiaXNfY3J5cHRvY3VycmVuY3kiO3M6Mjoibm8iO3M6MTc6ImN1cnJlbmN5X3Bvc2l0aW9uIjtzOjQ6ImxlZnQiO3M6MTM6Im5vX29mX2RlY2ltYWwiO2k6MjtzOjE4OiJ0aG91c2FuZF9zZXBhcmF0b3IiO047czoxNzoiZGVjaW1hbF9zZXBhcmF0b3IiO047czo2OiJzdGF0dXMiO3M6NjoiZW5hYmxlIjtzOjEwOiJjcmVhdGVkX2F0IjtzOjE5OiIyMDI1LTAxLTEwIDAxOjU0OjM0IjtzOjEwOiJ1cGRhdGVkX2F0IjtzOjE5OiIyMDI1LTAxLTEwIDAxOjU0OjM0IjtzOjEwOiJkZWxldGVkX2F0IjtOO31zOjEwOiIAKgBjaGFuZ2VzIjthOjA6e31zOjg6IgAqAGNhc3RzIjthOjI6e3M6MTc6ImlzX2NyeXB0b2N1cnJlbmN5IjtzOjc6ImJvb2xlYW4iO3M6MTA6ImRlbGV0ZWRfYXQiO3M6ODoiZGF0ZXRpbWUiO31zOjE3OiIAKgBjbGFzc0Nhc3RDYWNoZSI7YTowOnt9czoyMToiACoAYXR0cmlidXRlQ2FzdENhY2hlIjthOjA6e31zOjEzOiIAKgBkYXRlRm9ybWF0IjtOO3M6MTA6IgAqAGFwcGVuZHMiO2E6MDp7fXM6MTk6IgAqAGRpc3BhdGNoZXNFdmVudHMiO2E6MDp7fXM6MTQ6IgAqAG9ic2VydmFibGVzIjthOjA6e31zOjEyOiIAKgByZWxhdGlvbnMiO2E6MDp7fXM6MTA6IgAqAHRvdWNoZXMiO2E6MDp7fXM6MTA6InRpbWVzdGFtcHMiO2I6MTtzOjEzOiJ1c2VzVW5pcXVlSWRzIjtiOjA7czo5OiIAKgBoaWRkZW4iO2E6MDp7fXM6MTA6IgAqAHZpc2libGUiO2E6MDp7fXM6MTE6IgAqAGZpbGxhYmxlIjthOjExOntpOjA7czoxMzoiY3VycmVuY3lfbmFtZSI7aToxO3M6MTU6ImN1cnJlbmN5X3N5bWJvbCI7aToyO3M6MTM6ImN1cnJlbmN5X2NvZGUiO2k6MztzOjEzOiJleGNoYW5nZV9yYXRlIjtpOjQ7czo5OiJ1c2RfcHJpY2UiO2k6NTtzOjE3OiJpc19jcnlwdG9jdXJyZW5jeSI7aTo2O3M6MTc6ImN1cnJlbmN5X3Bvc2l0aW9uIjtpOjc7czoxMzoibm9fb2ZfZGVjaW1hbCI7aTo4O3M6MTg6InRob3VzYW5kX3NlcGFyYXRvciI7aTo5O3M6MTc6ImRlY2ltYWxfc2VwYXJhdG9yIjtpOjEwO3M6Njoic3RhdHVzIjt9czoxMDoiACoAZ3VhcmRlZCI7YToxOntpOjA7czoxOiIqIjt9czoxNjoiACoAZm9yY2VEZWxldGluZyI7YjowO31zOjQ6InVzZXIiO047czo5OiJfcHJldmlvdXMiO2E6MTp7czozOiJ1cmwiO3M6MjU6Imh0dHBzOi8vcmVzdHJvLnNpc3RlbS5hcHAiO31zOjY6Il9mbGFzaCI7YToyOntzOjM6Im9sZCI7YTowOnt9czozOiJuZXciO2E6MDp7fX19', 1754825024),
('j4yTBrVBFJrBJbARss9SeOSJ3S7Ry8X3webjMVFc', NULL, '91.84.99.6', 'Mozilla/5.0 (Macintosh; Intel Mac OS X 10_15_7) AppleWebKit/537.36 (KHTML, like Gecko) Chrome/133.0.0.0 Safari/537.36', 'YTo1OntzOjY6Il90b2tlbiI7czo0MDoibE5FNUh5TThjME5RcUFrUkJNcXFnaWttcElJalE1Um9HUWRaRGVyWiI7czoyMDoiY2hlY2tfbWlncmF0ZV9zdGF0dXMiO3M6NDoiR29vZCI7czo0OiJ1c2VyIjtOO3M6OToiX3ByZXZpb3VzIjthOjE6e3M6MzoidXJsIjtzOjQzOiJodHRwczovL3Jlc3Ryby5zaXN0ZW0uYXBwL3Jlc3RhdXJhbnQtc2lnbnVwIjt9czo2OiJfZmxhc2giO2E6Mjp7czozOiJvbGQiO2E6MDp7fXM6MzoibmV3IjthOjA6e319fQ==', 1754834354),
('l3UJoQmCW79O4NVvHuAV9qy1YcxdwmKcsQ0LfpSZ', NULL, '195.2.81.171', 'Mozilla/5.0 (Macintosh; Intel Mac OS X 10_15_7) AppleWebKit/537.36 (KHTML, like Gecko) Chrome/133.0.0.0 Safari/537.36', 'YTo1OntzOjY6Il90b2tlbiI7czo0MDoibWx5amZxbjBXUlQwTmgwc2l3ZW1OUngyeUlsdVltZnVNSmlwN0tVTSI7czoyMDoiY2hlY2tfbWlncmF0ZV9zdGF0dXMiO3M6NDoiR29vZCI7czo0OiJ1c2VyIjtOO3M6OToiX3ByZXZpb3VzIjthOjE6e3M6MzoidXJsIjtzOjQzOiJodHRwczovL3Jlc3Ryby5zaXN0ZW0uYXBwL3Jlc3RhdXJhbnQtc2lnbnVwIjt9czo2OiJfZmxhc2giO2E6Mjp7czozOiJvbGQiO2E6MDp7fXM6MzoibmV3IjthOjA6e319fQ==', 1754828178);
INSERT INTO `sessions` (`id`, `user_id`, `ip_address`, `user_agent`, `payload`, `last_activity`) VALUES
('Ob6qJreoVjqH8WKrJ8zJKxXHrM7WSW5Bl1eCT22U', 12, '103.249.6.80', 'Mozilla/5.0 (Windows NT 10.0; Win64; x64) AppleWebKit/537.36 (KHTML, like Gecko) Chrome/139.0.0.0 Safari/537.36 Edg/139.0.0.0', 'YToxOTp7czo2OiJfdG9rZW4iO3M6NDA6IjZyelRZSW9hT2gydlBGRjRZR3FPdExNOG5JYXNYazFVOTMyd0pvV0giO3M6MjA6ImNoZWNrX21pZ3JhdGVfc3RhdHVzIjtzOjQ6Ikdvb2QiO3M6NDoidXNlciI7TzoxNToiQXBwXE1vZGVsc1xVc2VyIjozMzp7czoxMzoiACoAY29ubmVjdGlvbiI7czo1OiJteXNxbCI7czo4OiIAKgB0YWJsZSI7czo1OiJ1c2VycyI7czoxMzoiACoAcHJpbWFyeUtleSI7czoyOiJpZCI7czoxMDoiACoAa2V5VHlwZSI7czozOiJpbnQiO3M6MTI6ImluY3JlbWVudGluZyI7YjoxO3M6NzoiACoAd2l0aCI7YTowOnt9czoxMjoiACoAd2l0aENvdW50IjthOjA6e31zOjE5OiJwcmV2ZW50c0xhenlMb2FkaW5nIjtiOjA7czoxMDoiACoAcGVyUGFnZSI7aToxNTtzOjY6ImV4aXN0cyI7YjoxO3M6MTg6Indhc1JlY2VudGx5Q3JlYXRlZCI7YjowO3M6Mjg6IgAqAGVzY2FwZVdoZW5DYXN0aW5nVG9TdHJpbmciO2I6MDtzOjEzOiIAKgBhdHRyaWJ1dGVzIjthOjIwOntzOjI6ImlkIjtpOjEyO3M6MTM6InJlc3RhdXJhbnRfaWQiO2k6NjtzOjk6ImJyYW5jaF9pZCI7aTo3O3M6MTU6ImN1cnJlbnRfdGVhbV9pZCI7TjtzOjk6InN0cmlwZV9pZCI7TjtzOjQ6Im5hbWUiO3M6OToiU3RhZmYgT25lIjtzOjU6ImVtYWlsIjtzOjE0OiJ6ZXN0QGdtYWlsLmNvbSI7czoxNzoiZW1haWxfdmVyaWZpZWRfYXQiO047czo4OiJwYXNzd29yZCI7czo2MDoiJDJ5JDEyJGdIa2tURHRyNUdRRFcybjJaZmdQZnU1ZE10SmludDc3Zkd3ekFvdlZqSlF0ek9wTjZCZzQ2IjtzOjE3OiJ0d29fZmFjdG9yX3NlY3JldCI7czoyMjg6ImV5SnBkaUk2SWtZd1dERlROSGxpYnk5TVUwcDJWM052TUVwQ1drRTlQU0lzSW5aaGJIVmxJam9pTm1sS1dIQlNjbFJKUzNFM1ZuTnVNbXB6TXpKRmVrZEVhRTVJTm5SMFNtcEJkV2h3WVc1Q2JWcE9WVDBpTENKdFlXTWlPaUkwTUdVNVkySTBaVGRsWlRoaVptRTVNMlJpTURNNU9EWXhZMll6WXpCallqZzNNR0ptWWpJeE1qZzVOak5qWlRJNU9EQmpPV00wTXprNVpEazRaV1E1SWl3aWRHRm5Jam9pSW4wPSI7czoyNToidHdvX2ZhY3Rvcl9yZWNvdmVyeV9jb2RlcyI7czo1NDQ6ImV5SnBkaUk2SWxGekszRnJRamswZUhOd1dtdG1LMHQzU1dSU04yYzlQU0lzSW5aaGJIVmxJam9pTTBKVU5YVXJLMWh5Y2pjMGEyRnBNMGR5UlZGWk1XRkthalpZVEZGMGVUSjJOVUkyWlRRdllsRkRVM013TkVsdllsaG5hbFJNVHpsbGFsZHdkMnBpZEdKNFptRnJWVkpLVkc5SU15OUpMMHR0V2xoNlZVbGhaREJuWVVFMVN6VTJOVlpVWjJoTllURlBVbTlpYkVSQmEzQlZOamhyTkhZNVZrNUZVMVJsUkhSSGFqZEJRVmNyU25sbFlsaGljVWxXYTFOYUwxZGFZbGR1ZERadlNWcGxibFZYWjNZNWRraGtkekZVYlVONmFtZElaMDVGYzBZM2RWcGlTR2RvZERkcmF6ZEVjMmRPZUdORE9HUmhia2R5YVV0d1pHVm9RWGxEVG1KV1ltdzFWM1pLWVVaWmFHd3djbkU1VFhOb2RVZE5TV2N5YVVsTU1HbzJNVmsyYWs4eVVtVnFSR0ZYYVN0bllXVnphM0JNWVdwRFZVbFdUbWM5UFNJc0ltMWhZeUk2SWpKaU5XTXlPRFkyWldRMFlqVm1ZemMxWkdKallXRmtOVGN3TW1aaE5EZzBZalZrTkdFeE9EbGlNekF3T0RjNFl6STBNalUxTkdaak1UVmxPVFExWmpBaUxDSjBZV2NpT2lJaWZRPT0iO3M6MjM6InR3b19mYWN0b3JfY29uZmlybWVkX2F0IjtOO3M6MTQ6InJlbWVtYmVyX3Rva2VuIjtzOjYwOiJUSW5rWE5lT05jMkUzRjhlZTFiYU9BZzZaaVJXRzRORmlUUnlVVTdINmpuajE5V2RBa1IwT3FQM242OUMiO3M6MTg6InByb2ZpbGVfcGhvdG9fcGF0aCI7TjtzOjEwOiJjcmVhdGVkX2F0IjtzOjE5OiIyMDI1LTAxLTE0IDE0OjEwOjU4IjtzOjEwOiJ1cGRhdGVkX2F0IjtzOjE5OiIyMDI1LTA2LTI2IDIxOjU5OjIxIjtzOjY6ImxvY2FsZSI7czoyOiJlbiI7czo3OiJwbV90eXBlIjtOO3M6MTI6InBtX2xhc3RfZm91ciI7TjtzOjEzOiJ0cmlhbF9lbmRzX2F0IjtOO31zOjExOiIAKgBvcmlnaW5hbCI7YToyMDp7czoyOiJpZCI7aToxMjtzOjEzOiJyZXN0YXVyYW50X2lkIjtpOjY7czo5OiJicmFuY2hfaWQiO2k6NztzOjE1OiJjdXJyZW50X3RlYW1faWQiO047czo5OiJzdHJpcGVfaWQiO047czo0OiJuYW1lIjtzOjk6IlN0YWZmIE9uZSI7czo1OiJlbWFpbCI7czoxNDoiemVzdEBnbWFpbC5jb20iO3M6MTc6ImVtYWlsX3ZlcmlmaWVkX2F0IjtOO3M6ODoicGFzc3dvcmQiO3M6NjA6IiQyeSQxMiRnSGtrVER0cjVHUURXMm4yWmZnUGZ1NWRNdEppbnQ3N2ZHd3pBb3ZWakpRdHpPcE42Qmc0NiI7czoxNzoidHdvX2ZhY3Rvcl9zZWNyZXQiO3M6MjI4OiJleUpwZGlJNklrWXdXREZUTkhsaWJ5OU1VMHAyVjNOdk1FcENXa0U5UFNJc0luWmhiSFZsSWpvaU5tbEtXSEJTY2xSSlMzRTNWbk51TW1wek16SkZla2RFYUU1SU5uUjBTbXBCZFdod1lXNUNiVnBPVlQwaUxDSnRZV01pT2lJME1HVTVZMkkwWlRkbFpUaGlabUU1TTJSaU1ETTVPRFl4WTJZell6QmpZamczTUdKbVlqSXhNamc1TmpOalpUSTVPREJqT1dNME16azVaRGs0WldRNUlpd2lkR0ZuSWpvaUluMD0iO3M6MjU6InR3b19mYWN0b3JfcmVjb3ZlcnlfY29kZXMiO3M6NTQ0OiJleUpwZGlJNklsRnpLM0ZyUWprMGVITndXbXRtSzB0M1NXUlNOMmM5UFNJc0luWmhiSFZsSWpvaU0wSlVOWFVySzFoeWNqYzBhMkZwTTBkeVJWRlpNV0ZLYWpaWVRGRjBlVEoyTlVJMlpUUXZZbEZEVTNNd05FbHZZbGhuYWxSTVR6bGxhbGR3ZDJwaWRHSjRabUZyVlZKS1ZHOUlNeTlKTDB0dFdsaDZWVWxoWkRCbllVRTFTelUyTlZaVVoyaE5ZVEZQVW05aWJFUkJhM0JWTmpock5IWTVWazVGVTFSbFJIUkhhamRCUVZjclNubGxZbGhpY1VsV2ExTmFMMWRhWWxkdWREWnZTVnBsYmxWWFozWTVka2hrZHpGVWJVTjZhbWRJWjA1RmMwWTNkVnBpU0dkb2REZHJhemRFYzJkT2VHTkRPR1JoYmtkeWFVdHdaR1ZvUVhsRFRtSldZbXcxVjNaS1lVWlphR3d3Y25FNVRYTm9kVWROU1djeWFVbE1NR28yTVZrMmFrOHlVbVZxUkdGWGFTdG5ZV1Z6YTNCTVlXcERWVWxXVG1jOVBTSXNJbTFoWXlJNklqSmlOV015T0RZMlpXUTBZalZtWXpjMVpHSmpZV0ZrTlRjd01tWmhORGcwWWpWa05HRXhPRGxpTXpBd09EYzRZekkwTWpVMU5HWmpNVFZsT1RRMVpqQWlMQ0owWVdjaU9pSWlmUT09IjtzOjIzOiJ0d29fZmFjdG9yX2NvbmZpcm1lZF9hdCI7TjtzOjE0OiJyZW1lbWJlcl90b2tlbiI7czo2MDoiVElua1hOZU9OYzJFM0Y4ZWUxYmFPQWc2WmlSV0c0TkZpVFJ5VVU3SDZqbmoxOVdkQWtSME9xUDNuNjlDIjtzOjE4OiJwcm9maWxlX3Bob3RvX3BhdGgiO047czoxMDoiY3JlYXRlZF9hdCI7czoxOToiMjAyNS0wMS0xNCAxNDoxMDo1OCI7czoxMDoidXBkYXRlZF9hdCI7czoxOToiMjAyNS0wNi0yNiAyMTo1OToyMSI7czo2OiJsb2NhbGUiO3M6MjoiZW4iO3M6NzoicG1fdHlwZSI7TjtzOjEyOiJwbV9sYXN0X2ZvdXIiO047czoxMzoidHJpYWxfZW5kc19hdCI7Tjt9czoxMDoiACoAY2hhbmdlcyI7YTowOnt9czo4OiIAKgBjYXN0cyI7YTo0OntzOjE3OiJlbWFpbF92ZXJpZmllZF9hdCI7czo4OiJkYXRldGltZSI7czo4OiJwYXNzd29yZCI7czo2OiJoYXNoZWQiO3M6MTM6InJlc3RhdXJhbnRfaWQiO3M6NzoiaW50ZWdlciI7czo5OiJicmFuY2hfaWQiO3M6NzoiaW50ZWdlciI7fXM6MTc6IgAqAGNsYXNzQ2FzdENhY2hlIjthOjA6e31zOjIxOiIAKgBhdHRyaWJ1dGVDYXN0Q2FjaGUiO2E6MDp7fXM6MTM6IgAqAGRhdGVGb3JtYXQiO047czoxMDoiACoAYXBwZW5kcyI7YToxOntpOjA7czoxNzoicHJvZmlsZV9waG90b191cmwiO31zOjE5OiIAKgBkaXNwYXRjaGVzRXZlbnRzIjthOjA6e31zOjE0OiIAKgBvYnNlcnZhYmxlcyI7YTowOnt9czoxMjoiACoAcmVsYXRpb25zIjthOjI6e3M6NToicm9sZXMiO086Mzk6IklsbHVtaW5hdGVcRGF0YWJhc2VcRWxvcXVlbnRcQ29sbGVjdGlvbiI6Mjp7czo4OiIAKgBpdGVtcyI7YToxOntpOjA7TzoyOToiU3BhdGllXFBlcm1pc3Npb25cTW9kZWxzXFJvbGUiOjMwOntzOjEzOiIAKgBjb25uZWN0aW9uIjtzOjU6Im15c3FsIjtzOjg6IgAqAHRhYmxlIjtzOjU6InJvbGVzIjtzOjEzOiIAKgBwcmltYXJ5S2V5IjtzOjI6ImlkIjtzOjEwOiIAKgBrZXlUeXBlIjtzOjM6ImludCI7czoxMjoiaW5jcmVtZW50aW5nIjtiOjE7czo3OiIAKgB3aXRoIjthOjA6e31zOjEyOiIAKgB3aXRoQ291bnQiO2E6MDp7fXM6MTk6InByZXZlbnRzTGF6eUxvYWRpbmciO2I6MDtzOjEwOiIAKgBwZXJQYWdlIjtpOjE1O3M6NjoiZXhpc3RzIjtiOjE7czoxODoid2FzUmVjZW50bHlDcmVhdGVkIjtiOjA7czoyODoiACoAZXNjYXBlV2hlbkNhc3RpbmdUb1N0cmluZyI7YjowO3M6MTM6IgAqAGF0dHJpYnV0ZXMiO2E6Nzp7czoyOiJpZCI7aToxNDtzOjEzOiJyZXN0YXVyYW50X2lkIjtpOjY7czo0OiJuYW1lIjtzOjc6IkFkbWluXzYiO3M6MTI6ImRpc3BsYXlfbmFtZSI7czo1OiJBZG1pbiI7czoxMDoiZ3VhcmRfbmFtZSI7czozOiJ3ZWIiO3M6MTA6ImNyZWF0ZWRfYXQiO3M6MTk6IjIwMjUtMDEtMjEgMTc6NTA6MzQiO3M6MTA6InVwZGF0ZWRfYXQiO3M6MTk6IjIwMjUtMDEtMjEgMTc6NTA6MzQiO31zOjExOiIAKgBvcmlnaW5hbCI7YToxMDp7czoyOiJpZCI7aToxNDtzOjEzOiJyZXN0YXVyYW50X2lkIjtpOjY7czo0OiJuYW1lIjtzOjc6IkFkbWluXzYiO3M6MTI6ImRpc3BsYXlfbmFtZSI7czo1OiJBZG1pbiI7czoxMDoiZ3VhcmRfbmFtZSI7czozOiJ3ZWIiO3M6MTA6ImNyZWF0ZWRfYXQiO3M6MTk6IjIwMjUtMDEtMjEgMTc6NTA6MzQiO3M6MTA6InVwZGF0ZWRfYXQiO3M6MTk6IjIwMjUtMDEtMjEgMTc6NTA6MzQiO3M6MTQ6InBpdm90X21vZGVsX2lkIjtpOjEyO3M6MTM6InBpdm90X3JvbGVfaWQiO2k6MTQ7czoxNjoicGl2b3RfbW9kZWxfdHlwZSI7czoxNToiQXBwXE1vZGVsc1xVc2VyIjt9czoxMDoiACoAY2hhbmdlcyI7YTowOnt9czo4OiIAKgBjYXN0cyI7YTowOnt9czoxNzoiACoAY2xhc3NDYXN0Q2FjaGUiO2E6MDp7fXM6MjE6IgAqAGF0dHJpYnV0ZUNhc3RDYWNoZSI7YTowOnt9czoxMzoiACoAZGF0ZUZvcm1hdCI7TjtzOjEwOiIAKgBhcHBlbmRzIjthOjA6e31zOjE5OiIAKgBkaXNwYXRjaGVzRXZlbnRzIjthOjA6e31zOjE0OiIAKgBvYnNlcnZhYmxlcyI7YTowOnt9czoxMjoiACoAcmVsYXRpb25zIjthOjE6e3M6NToicGl2b3QiO086NDk6IklsbHVtaW5hdGVcRGF0YWJhc2VcRWxvcXVlbnRcUmVsYXRpb25zXE1vcnBoUGl2b3QiOjM2OntzOjEzOiIAKgBjb25uZWN0aW9uIjtzOjU6Im15c3FsIjtzOjg6IgAqAHRhYmxlIjtzOjE1OiJtb2RlbF9oYXNfcm9sZXMiO3M6MTM6IgAqAHByaW1hcnlLZXkiO3M6MjoiaWQiO3M6MTA6IgAqAGtleVR5cGUiO3M6MzoiaW50IjtzOjEyOiJpbmNyZW1lbnRpbmciO2I6MDtzOjc6IgAqAHdpdGgiO2E6MDp7fXM6MTI6IgAqAHdpdGhDb3VudCI7YTowOnt9czoxOToicHJldmVudHNMYXp5TG9hZGluZyI7YjowO3M6MTA6IgAqAHBlclBhZ2UiO2k6MTU7czo2OiJleGlzdHMiO2I6MTtzOjE4OiJ3YXNSZWNlbnRseUNyZWF0ZWQiO2I6MDtzOjI4OiIAKgBlc2NhcGVXaGVuQ2FzdGluZ1RvU3RyaW5nIjtiOjA7czoxMzoiACoAYXR0cmlidXRlcyI7YTozOntzOjEwOiJtb2RlbF90eXBlIjtzOjE1OiJBcHBcTW9kZWxzXFVzZXIiO3M6ODoibW9kZWxfaWQiO2k6MTI7czo3OiJyb2xlX2lkIjtpOjE0O31zOjExOiIAKgBvcmlnaW5hbCI7YTozOntzOjEwOiJtb2RlbF90eXBlIjtzOjE1OiJBcHBcTW9kZWxzXFVzZXIiO3M6ODoibW9kZWxfaWQiO2k6MTI7czo3OiJyb2xlX2lkIjtpOjE0O31zOjEwOiIAKgBjaGFuZ2VzIjthOjA6e31zOjg6IgAqAGNhc3RzIjthOjA6e31zOjE3OiIAKgBjbGFzc0Nhc3RDYWNoZSI7YTowOnt9czoyMToiACoAYXR0cmlidXRlQ2FzdENhY2hlIjthOjA6e31zOjEzOiIAKgBkYXRlRm9ybWF0IjtOO3M6MTA6IgAqAGFwcGVuZHMiO2E6MDp7fXM6MTk6IgAqAGRpc3BhdGNoZXNFdmVudHMiO2E6MDp7fXM6MTQ6IgAqAG9ic2VydmFibGVzIjthOjA6e31zOjEyOiIAKgByZWxhdGlvbnMiO2E6MDp7fXM6MTA6IgAqAHRvdWNoZXMiO2E6MDp7fXM6MTA6InRpbWVzdGFtcHMiO2I6MDtzOjEzOiJ1c2VzVW5pcXVlSWRzIjtiOjA7czo5OiIAKgBoaWRkZW4iO2E6MDp7fXM6MTA6IgAqAHZpc2libGUiO2E6MDp7fXM6MTE6IgAqAGZpbGxhYmxlIjthOjA6e31zOjEwOiIAKgBndWFyZGVkIjthOjA6e31zOjExOiJwaXZvdFBhcmVudCI7TzoxNToiQXBwXE1vZGVsc1xVc2VyIjozMzp7czoxMzoiACoAY29ubmVjdGlvbiI7czo1OiJteXNxbCI7czo4OiIAKgB0YWJsZSI7czo1OiJ1c2VycyI7czoxMzoiACoAcHJpbWFyeUtleSI7czoyOiJpZCI7czoxMDoiACoAa2V5VHlwZSI7czozOiJpbnQiO3M6MTI6ImluY3JlbWVudGluZyI7YjoxO3M6NzoiACoAd2l0aCI7YTowOnt9czoxMjoiACoAd2l0aENvdW50IjthOjA6e31zOjE5OiJwcmV2ZW50c0xhenlMb2FkaW5nIjtiOjA7czoxMDoiACoAcGVyUGFnZSI7aToxNTtzOjY6ImV4aXN0cyI7YjowO3M6MTg6Indhc1JlY2VudGx5Q3JlYXRlZCI7YjowO3M6Mjg6IgAqAGVzY2FwZVdoZW5DYXN0aW5nVG9TdHJpbmciO2I6MDtzOjEzOiIAKgBhdHRyaWJ1dGVzIjthOjA6e31zOjExOiIAKgBvcmlnaW5hbCI7YTowOnt9czoxMDoiACoAY2hhbmdlcyI7YTowOnt9czo4OiIAKgBjYXN0cyI7YTo0OntzOjE3OiJlbWFpbF92ZXJpZmllZF9hdCI7czo4OiJkYXRldGltZSI7czo4OiJwYXNzd29yZCI7czo2OiJoYXNoZWQiO3M6MTM6InJlc3RhdXJhbnRfaWQiO3M6NzoiaW50ZWdlciI7czo5OiJicmFuY2hfaWQiO3M6NzoiaW50ZWdlciI7fXM6MTc6IgAqAGNsYXNzQ2FzdENhY2hlIjthOjA6e31zOjIxOiIAKgBhdHRyaWJ1dGVDYXN0Q2FjaGUiO2E6MDp7fXM6MTM6IgAqAGRhdGVGb3JtYXQiO047czoxMDoiACoAYXBwZW5kcyI7YToxOntpOjA7czoxNzoicHJvZmlsZV9waG90b191cmwiO31zOjE5OiIAKgBkaXNwYXRjaGVzRXZlbnRzIjthOjA6e31zOjE0OiIAKgBvYnNlcnZhYmxlcyI7YTowOnt9czoxMjoiACoAcmVsYXRpb25zIjthOjA6e31zOjEwOiIAKgB0b3VjaGVzIjthOjA6e31zOjEwOiJ0aW1lc3RhbXBzIjtiOjE7czoxMzoidXNlc1VuaXF1ZUlkcyI7YjowO3M6OToiACoAaGlkZGVuIjthOjQ6e2k6MDtzOjg6InBhc3N3b3JkIjtpOjE7czoxNDoicmVtZW1iZXJfdG9rZW4iO2k6MjtzOjI1OiJ0d29fZmFjdG9yX3JlY292ZXJ5X2NvZGVzIjtpOjM7czoxNzoidHdvX2ZhY3Rvcl9zZWNyZXQiO31zOjEwOiIAKgB2aXNpYmxlIjthOjA6e31zOjExOiIAKgBmaWxsYWJsZSI7YTo2OntpOjA7czo0OiJuYW1lIjtpOjE7czo1OiJlbWFpbCI7aToyO3M6ODoicGFzc3dvcmQiO2k6MztzOjk6ImJyYW5jaF9pZCI7aTo0O3M6MTM6InJlc3RhdXJhbnRfaWQiO2k6NTtzOjY6ImxvY2FsZSI7fXM6MTA6IgAqAGd1YXJkZWQiO2E6MTp7aTowO3M6MToiKiI7fXM6MTk6IgAqAGF1dGhQYXNzd29yZE5hbWUiO3M6ODoicGFzc3dvcmQiO3M6MjA6IgAqAHJlbWVtYmVyVG9rZW5OYW1lIjtzOjE0OiJyZW1lbWJlcl90b2tlbiI7czoxNDoiACoAYWNjZXNzVG9rZW4iO047fXM6MTI6InBpdm90UmVsYXRlZCI7TzoyOToiU3BhdGllXFBlcm1pc3Npb25cTW9kZWxzXFJvbGUiOjMwOntzOjEzOiIAKgBjb25uZWN0aW9uIjtzOjU6Im15c3FsIjtzOjg6IgAqAHRhYmxlIjtzOjU6InJvbGVzIjtzOjEzOiIAKgBwcmltYXJ5S2V5IjtzOjI6ImlkIjtzOjEwOiIAKgBrZXlUeXBlIjtzOjM6ImludCI7czoxMjoiaW5jcmVtZW50aW5nIjtiOjE7czo3OiIAKgB3aXRoIjthOjA6e31zOjEyOiIAKgB3aXRoQ291bnQiO2E6MDp7fXM6MTk6InByZXZlbnRzTGF6eUxvYWRpbmciO2I6MDtzOjEwOiIAKgBwZXJQYWdlIjtpOjE1O3M6NjoiZXhpc3RzIjtiOjA7czoxODoid2FzUmVjZW50bHlDcmVhdGVkIjtiOjA7czoyODoiACoAZXNjYXBlV2hlbkNhc3RpbmdUb1N0cmluZyI7YjowO3M6MTM6IgAqAGF0dHJpYnV0ZXMiO2E6MTp7czoxMDoiZ3VhcmRfbmFtZSI7czozOiJ3ZWIiO31zOjExOiIAKgBvcmlnaW5hbCI7YTowOnt9czoxMDoiACoAY2hhbmdlcyI7YTowOnt9czo4OiIAKgBjYXN0cyI7YTowOnt9czoxNzoiACoAY2xhc3NDYXN0Q2FjaGUiO2E6MDp7fXM6MjE6IgAqAGF0dHJpYnV0ZUNhc3RDYWNoZSI7YTowOnt9czoxMzoiACoAZGF0ZUZvcm1hdCI7TjtzOjEwOiIAKgBhcHBlbmRzIjthOjA6e31zOjE5OiIAKgBkaXNwYXRjaGVzRXZlbnRzIjthOjA6e31zOjE0OiIAKgBvYnNlcnZhYmxlcyI7YTowOnt9czoxMjoiACoAcmVsYXRpb25zIjthOjA6e31zOjEwOiIAKgB0b3VjaGVzIjthOjA6e31zOjEwOiJ0aW1lc3RhbXBzIjtiOjE7czoxMzoidXNlc1VuaXF1ZUlkcyI7YjowO3M6OToiACoAaGlkZGVuIjthOjA6e31zOjEwOiIAKgB2aXNpYmxlIjthOjA6e31zOjExOiIAKgBmaWxsYWJsZSI7YTowOnt9czoxMDoiACoAZ3VhcmRlZCI7YToxOntpOjA7czoyOiJpZCI7fX1zOjEzOiIAKgBmb3JlaWduS2V5IjtzOjg6Im1vZGVsX2lkIjtzOjEzOiIAKgByZWxhdGVkS2V5IjtzOjc6InJvbGVfaWQiO3M6MTI6IgAqAG1vcnBoVHlwZSI7czoxMDoibW9kZWxfdHlwZSI7czoxMzoiACoAbW9ycGhDbGFzcyI7czoxNToiQXBwXE1vZGVsc1xVc2VyIjt9fXM6MTA6IgAqAHRvdWNoZXMiO2E6MDp7fXM6MTA6InRpbWVzdGFtcHMiO2I6MTtzOjEzOiJ1c2VzVW5pcXVlSWRzIjtiOjA7czo5OiIAKgBoaWRkZW4iO2E6MDp7fXM6MTA6IgAqAHZpc2libGUiO2E6MDp7fXM6MTE6IgAqAGZpbGxhYmxlIjthOjA6e31zOjEwOiIAKgBndWFyZGVkIjthOjE6e2k6MDtzOjI6ImlkIjt9fX1zOjI4OiIAKgBlc2NhcGVXaGVuQ2FzdGluZ1RvU3RyaW5nIjtiOjA7fXM6MTA6InJlc3RhdXJhbnQiO086MjE6IkFwcFxNb2RlbHNcUmVzdGF1cmFudCI6MzY6e3M6MTM6IgAqAGNvbm5lY3Rpb24iO3M6NToibXlzcWwiO3M6ODoiACoAdGFibGUiO3M6MTE6InJlc3RhdXJhbnRzIjtzOjEzOiIAKgBwcmltYXJ5S2V5IjtzOjI6ImlkIjtzOjEwOiIAKgBrZXlUeXBlIjtzOjM6ImludCI7czoxMjoiaW5jcmVtZW50aW5nIjtiOjE7czo3OiIAKgB3aXRoIjthOjA6e31zOjEyOiIAKgB3aXRoQ291bnQiO2E6MDp7fXM6MTk6InByZXZlbnRzTGF6eUxvYWRpbmciO2I6MDtzOjEwOiIAKgBwZXJQYWdlIjtpOjE1O3M6NjoiZXhpc3RzIjtiOjE7czoxODoid2FzUmVjZW50bHlDcmVhdGVkIjtiOjA7czoyODoiACoAZXNjYXBlV2hlbkNhc3RpbmdUb1N0cmluZyI7YjowO3M6MTM6IgAqAGF0dHJpYnV0ZXMiO2E6NjE6e3M6MjoiaWQiO2k6NjtzOjQ6Im5hbWUiO3M6MTQ6IlRoZSBaZXN0IC0gUFNLIjtzOjQ6Imhhc2giO3M6MTI6InRoZS16ZXN0LXBzayI7czo3OiJhZGRyZXNzIjtzOjcwOiIxNCwgRGlzdHJpY3QgQ2VudHJlLCBWaWthcyBNYXJnLCBMYXhtaSBOYWdhciwgTmV3IERlbGhpLCBEZWxoaSwgMTEwMDkyIjtzOjEyOiJwaG9uZV9udW1iZXIiO2k6ODEzMDY2MDA2MDtzOjU6ImVtYWlsIjtzOjE0OiJ6ZXN0QGdtYWlsLmNvbSI7czo4OiJ0aW1lem9uZSI7czoxMjoiQXNpYS9Lb2xrYXRhIjtzOjk6InRoZW1lX2hleCI7czo3OiIjN0MzQUVEIjtzOjk6InRoZW1lX3JnYiI7czoxMjoiMTI0LCA1OCwgMjM3IjtzOjQ6ImxvZ28iO047czoxMDoiY291bnRyeV9pZCI7aToxMDM7czoxNToiaGlkZV9uZXdfb3JkZXJzIjtpOjA7czoyMToiaGlkZV9uZXdfcmVzZXJ2YXRpb25zIjtpOjA7czoyMzoiaGlkZV9uZXdfd2FpdGVyX3JlcXVlc3QiO2k6MDtzOjExOiJjdXJyZW5jeV9pZCI7aToyMTtzOjEyOiJsaWNlbnNlX3R5cGUiO3M6NDoiZnJlZSI7czo5OiJpc19hY3RpdmUiO2k6MTtzOjEwOiJjcmVhdGVkX2F0IjtzOjE5OiIyMDI1LTAxLTE0IDE0OjEwOjU3IjtzOjEwOiJ1cGRhdGVkX2F0IjtzOjE5OiIyMDI1LTA2LTEyIDIyOjI5OjAzIjtzOjIzOiJjdXN0b21lcl9sb2dpbl9yZXF1aXJlZCI7aTowO3M6ODoiYWJvdXRfdXMiO047czozMDoiYWxsb3dfY3VzdG9tZXJfZGVsaXZlcnlfb3JkZXJzIjtpOjA7czoyODoiYWxsb3dfY3VzdG9tZXJfcGlja3VwX29yZGVycyI7aTowO3M6MjE6ImFsbG93X2N1c3RvbWVyX29yZGVycyI7aTowO3M6MjA6ImFsbG93X2RpbmVfaW5fb3JkZXJzIjtpOjE7czoxMDoicGFja2FnZV9pZCI7aTo3O3M6MTI6InBhY2thZ2VfdHlwZSI7czo3OiJtb250aGx5IjtzOjY6InN0YXR1cyI7czo2OiJhY3RpdmUiO3M6MTc6ImxpY2Vuc2VfZXhwaXJlX29uIjtzOjE5OiIyMDI2LTA3LTAxIDAwOjAwOjAwIjtzOjEzOiJ0cmlhbF9lbmRzX2F0IjtOO3M6MTg6ImxpY2Vuc2VfdXBkYXRlZF9hdCI7czoxOToiMjAyNS0wMS0yMSAwMDowMDowMCI7czoyMzoic3Vic2NyaXB0aW9uX3VwZGF0ZWRfYXQiO3M6MTk6IjIwMjUtMDEtMTQgMTQ6MTA6NTciO3M6OToic3RyaXBlX2lkIjtOO3M6NzoicG1fdHlwZSI7TjtzOjEyOiJwbV9sYXN0X2ZvdXIiO047czoyNToiaXNfd2FpdGVyX3JlcXVlc3RfZW5hYmxlZCI7aToxO3M6MzI6ImRlZmF1bHRfdGFibGVfcmVzZXJ2YXRpb25fc3RhdHVzIjtzOjk6IkNvbmZpcm1lZCI7czoxNToiYXBwcm92YWxfc3RhdHVzIjtzOjg6IkFwcHJvdmVkIjtzOjE2OiJyZWplY3Rpb25fcmVhc29uIjtOO3M6MTM6ImZhY2Vib29rX2xpbmsiO047czoxNDoiaW5zdGFncmFtX2xpbmsiO047czoxMjoidHdpdHRlcl9saW5rIjtOO3M6OToieWVscF9saW5rIjtOO3M6MTQ6InRhYmxlX3JlcXVpcmVkIjtpOjA7czoxNDoic2hvd19sb2dvX3RleHQiO2k6MTtzOjEyOiJtZXRhX2tleXdvcmQiO047czoxNjoibWV0YV9kZXNjcmlwdGlvbiI7TjtzOjM0OiJ1cGxvYWRfZmF2X2ljb25fYW5kcm9pZF9jaHJvbWVfMTkyIjtOO3M6MzQ6InVwbG9hZF9mYXZfaWNvbl9hbmRyb2lkX2Nocm9tZV81MTIiO047czozMjoidXBsb2FkX2Zhdl9pY29uX2FwcGxlX3RvdWNoX2ljb24iO047czoxNzoidXBsb2FkX2Zhdmljb25fMTYiO047czoxNzoidXBsb2FkX2Zhdmljb25fMzIiO047czo3OiJmYXZpY29uIjtOO3M6MzY6ImlzX3dhaXRlcl9yZXF1ZXN0X2VuYWJsZWRfb25fZGVza3RvcCI7aToxO3M6MzU6ImlzX3dhaXRlcl9yZXF1ZXN0X2VuYWJsZWRfb25fbW9iaWxlIjtpOjE7czozNjoiaXNfd2FpdGVyX3JlcXVlc3RfZW5hYmxlZF9vcGVuX2J5X3FyIjtpOjA7czoxMToid2VibWFuaWZlc3QiO047czoxNToiZW5hYmxlX3RpcF9zaG9wIjtpOjE7czoxNDoiZW5hYmxlX3RpcF9wb3MiO2k6MTtzOjI1OiJpc19wd2FfaW5zdGFsbF9hbGVydF9zaG93IjtpOjA7czoxOToiYXV0b19jb25maXJtX29yZGVycyI7aTowO31zOjExOiIAKgBvcmlnaW5hbCI7YTo2MTp7czoyOiJpZCI7aTo2O3M6NDoibmFtZSI7czoxNDoiVGhlIFplc3QgLSBQU0siO3M6NDoiaGFzaCI7czoxMjoidGhlLXplc3QtcHNrIjtzOjc6ImFkZHJlc3MiO3M6NzA6IjE0LCBEaXN0cmljdCBDZW50cmUsIFZpa2FzIE1hcmcsIExheG1pIE5hZ2FyLCBOZXcgRGVsaGksIERlbGhpLCAxMTAwOTIiO3M6MTI6InBob25lX251bWJlciI7czoxMDoiODEzMDY2MDA2MCI7czo1OiJlbWFpbCI7czoxNDoiemVzdEBnbWFpbC5jb20iO3M6ODoidGltZXpvbmUiO3M6MTI6IkFzaWEvS29sa2F0YSI7czo5OiJ0aGVtZV9oZXgiO3M6NzoiIzdDM0FFRCI7czo5OiJ0aGVtZV9yZ2IiO3M6MTI6IjEyNCwgNTgsIDIzNyI7czo0OiJsb2dvIjtOO3M6MTA6ImNvdW50cnlfaWQiO2k6MTAzO3M6MTU6ImhpZGVfbmV3X29yZGVycyI7aTowO3M6MjE6ImhpZGVfbmV3X3Jlc2VydmF0aW9ucyI7aTowO3M6MjM6ImhpZGVfbmV3X3dhaXRlcl9yZXF1ZXN0IjtpOjA7czoxMToiY3VycmVuY3lfaWQiO2k6MjE7czoxMjoibGljZW5zZV90eXBlIjtzOjQ6ImZyZWUiO3M6OToiaXNfYWN0aXZlIjtpOjE7czoxMDoiY3JlYXRlZF9hdCI7czoxOToiMjAyNS0wMS0xNCAxNDoxMDo1NyI7czoxMDoidXBkYXRlZF9hdCI7czoxOToiMjAyNS0wNi0xMiAyMjoyOTowMyI7czoyMzoiY3VzdG9tZXJfbG9naW5fcmVxdWlyZWQiO2k6MDtzOjg6ImFib3V0X3VzIjtOO3M6MzA6ImFsbG93X2N1c3RvbWVyX2RlbGl2ZXJ5X29yZGVycyI7aTowO3M6Mjg6ImFsbG93X2N1c3RvbWVyX3BpY2t1cF9vcmRlcnMiO2k6MDtzOjIxOiJhbGxvd19jdXN0b21lcl9vcmRlcnMiO2k6MDtzOjIwOiJhbGxvd19kaW5lX2luX29yZGVycyI7aToxO3M6MTA6InBhY2thZ2VfaWQiO2k6NztzOjEyOiJwYWNrYWdlX3R5cGUiO3M6NzoibW9udGhseSI7czo2OiJzdGF0dXMiO3M6NjoiYWN0aXZlIjtzOjE3OiJsaWNlbnNlX2V4cGlyZV9vbiI7czoxOToiMjAyNi0wNy0wMSAwMDowMDowMCI7czoxMzoidHJpYWxfZW5kc19hdCI7TjtzOjE4OiJsaWNlbnNlX3VwZGF0ZWRfYXQiO3M6MTk6IjIwMjUtMDEtMjEgMDA6MDA6MDAiO3M6MjM6InN1YnNjcmlwdGlvbl91cGRhdGVkX2F0IjtzOjE5OiIyMDI1LTAxLTE0IDE0OjEwOjU3IjtzOjk6InN0cmlwZV9pZCI7TjtzOjc6InBtX3R5cGUiO047czoxMjoicG1fbGFzdF9mb3VyIjtOO3M6MjU6ImlzX3dhaXRlcl9yZXF1ZXN0X2VuYWJsZWQiO2k6MTtzOjMyOiJkZWZhdWx0X3RhYmxlX3Jlc2VydmF0aW9uX3N0YXR1cyI7czo5OiJDb25maXJtZWQiO3M6MTU6ImFwcHJvdmFsX3N0YXR1cyI7czo4OiJBcHByb3ZlZCI7czoxNjoicmVqZWN0aW9uX3JlYXNvbiI7TjtzOjEzOiJmYWNlYm9va19saW5rIjtOO3M6MTQ6Imluc3RhZ3JhbV9saW5rIjtOO3M6MTI6InR3aXR0ZXJfbGluayI7TjtzOjk6InllbHBfbGluayI7TjtzOjE0OiJ0YWJsZV9yZXF1aXJlZCI7aTowO3M6MTQ6InNob3dfbG9nb190ZXh0IjtpOjE7czoxMjoibWV0YV9rZXl3b3JkIjtOO3M6MTY6Im1ldGFfZGVzY3JpcHRpb24iO047czozNDoidXBsb2FkX2Zhdl9pY29uX2FuZHJvaWRfY2hyb21lXzE5MiI7TjtzOjM0OiJ1cGxvYWRfZmF2X2ljb25fYW5kcm9pZF9jaHJvbWVfNTEyIjtOO3M6MzI6InVwbG9hZF9mYXZfaWNvbl9hcHBsZV90b3VjaF9pY29uIjtOO3M6MTc6InVwbG9hZF9mYXZpY29uXzE2IjtOO3M6MTc6InVwbG9hZF9mYXZpY29uXzMyIjtOO3M6NzoiZmF2aWNvbiI7TjtzOjM2OiJpc193YWl0ZXJfcmVxdWVzdF9lbmFibGVkX29uX2Rlc2t0b3AiO2k6MTtzOjM1OiJpc193YWl0ZXJfcmVxdWVzdF9lbmFibGVkX29uX21vYmlsZSI7aToxO3M6MzY6ImlzX3dhaXRlcl9yZXF1ZXN0X2VuYWJsZWRfb3Blbl9ieV9xciI7aTowO3M6MTE6IndlYm1hbmlmZXN0IjtOO3M6MTU6ImVuYWJsZV90aXBfc2hvcCI7aToxO3M6MTQ6ImVuYWJsZV90aXBfcG9zIjtpOjE7czoyNToiaXNfcHdhX2luc3RhbGxfYWxlcnRfc2hvdyI7aTowO3M6MTk6ImF1dG9fY29uZmlybV9vcmRlcnMiO2k6MDt9czoxMDoiACoAY2hhbmdlcyI7YTowOnt9czo4OiIAKgBjYXN0cyI7YTo2OntzOjE3OiJsaWNlbnNlX2V4cGlyZV9vbiI7czo4OiJkYXRldGltZSI7czoxNToidHJpYWxfZXhwaXJlX29uIjtzOjg6ImRhdGV0aW1lIjtzOjE4OiJsaWNlbnNlX3VwZGF0ZWRfYXQiO3M6ODoiZGF0ZXRpbWUiO3M6MjM6InN1YnNjcmlwdGlvbl91cGRhdGVkX2F0IjtzOjg6ImRhdGV0aW1lIjtzOjEwOiJjcmVhdGVkX2F0IjtzOjg6ImRhdGV0aW1lIjtzOjEwOiJ1cGRhdGVkX2F0IjtzOjg6ImRhdGV0aW1lIjt9czoxNzoiACoAY2xhc3NDYXN0Q2FjaGUiO2E6MDp7fXM6MjE6IgAqAGF0dHJpYnV0ZUNhc3RDYWNoZSI7YTowOnt9czoxMzoiACoAZGF0ZUZvcm1hdCI7TjtzOjEwOiIAKgBhcHBlbmRzIjthOjE6e2k6MDtzOjg6ImxvZ29fdXJsIjt9czoxOToiACoAZGlzcGF0Y2hlc0V2ZW50cyI7YTowOnt9czoxNDoiACoAb2JzZXJ2YWJsZXMiO2E6MDp7fXM6MTI6IgAqAHJlbGF0aW9ucyI7YToxOntzOjg6ImJyYW5jaGVzIjtPOjM5OiJJbGx1bWluYXRlXERhdGFiYXNlXEVsb3F1ZW50XENvbGxlY3Rpb24iOjI6e3M6ODoiACoAaXRlbXMiO2E6MTp7aTowO086MTc6IkFwcFxNb2RlbHNcQnJhbmNoIjozMDp7czoxMzoiACoAY29ubmVjdGlvbiI7czo1OiJteXNxbCI7czo4OiIAKgB0YWJsZSI7czo4OiJicmFuY2hlcyI7czoxMzoiACoAcHJpbWFyeUtleSI7czoyOiJpZCI7czoxMDoiACoAa2V5VHlwZSI7czozOiJpbnQiO3M6MTI6ImluY3JlbWVudGluZyI7YjoxO3M6NzoiACoAd2l0aCI7YTowOnt9czoxMjoiACoAd2l0aENvdW50IjthOjA6e31zOjE5OiJwcmV2ZW50c0xhenlMb2FkaW5nIjtiOjA7czoxMDoiACoAcGVyUGFnZSI7aToxNTtzOjY6ImV4aXN0cyI7YjoxO3M6MTg6Indhc1JlY2VudGx5Q3JlYXRlZCI7YjowO3M6Mjg6IgAqAGVzY2FwZVdoZW5DYXN0aW5nVG9TdHJpbmciO2I6MDtzOjEzOiIAKgBhdHRyaWJ1dGVzIjthOjg6e3M6MjoiaWQiO2k6NztzOjEzOiJyZXN0YXVyYW50X2lkIjtpOjY7czo0OiJuYW1lIjtzOjE3OiJQU0sgLSBMYXhtaSBOYWdhciI7czo3OiJhZGRyZXNzIjtzOjcwOiIxNCwgRGlzdHJpY3QgQ2VudHJlLCBWaWthcyBNYXJnLCBMYXhtaSBOYWdhciwgTmV3IERlbGhpLCBEZWxoaSwgMTEwMDkyIjtzOjM6ImxuZyI7czoxMDoiNzUuNzg3NTAwMCI7czozOiJsYXQiO3M6MTA6IjI2LjkxMjUwMDAiO3M6MTA6ImNyZWF0ZWRfYXQiO3M6MTk6IjIwMjUtMDEtMTQgMTQ6MTA6NTciO3M6MTA6InVwZGF0ZWRfYXQiO3M6MTk6IjIwMjUtMDYtMTEgMDg6NDk6NTYiO31zOjExOiIAKgBvcmlnaW5hbCI7YTo4OntzOjI6ImlkIjtpOjc7czoxMzoicmVzdGF1cmFudF9pZCI7aTo2O3M6NDoibmFtZSI7czoxNzoiUFNLIC0gTGF4bWkgTmFnYXIiO3M6NzoiYWRkcmVzcyI7czo3MDoiMTQsIERpc3RyaWN0IENlbnRyZSwgVmlrYXMgTWFyZywgTGF4bWkgTmFnYXIsIE5ldyBEZWxoaSwgRGVsaGksIDExMDA5MiI7czozOiJsbmciO3M6MTA6Ijc1Ljc4NzUwMDAiO3M6MzoibGF0IjtzOjEwOiIyNi45MTI1MDAwIjtzOjEwOiJjcmVhdGVkX2F0IjtzOjE5OiIyMDI1LTAxLTE0IDE0OjEwOjU3IjtzOjEwOiJ1cGRhdGVkX2F0IjtzOjE5OiIyMDI1LTA2LTExIDA4OjQ5OjU2Ijt9czoxMDoiACoAY2hhbmdlcyI7YTowOnt9czo4OiIAKgBjYXN0cyI7YToyOntzOjM6ImxhdCI7czo1OiJmbG9hdCI7czozOiJsbmciO3M6NToiZmxvYXQiO31zOjE3OiIAKgBjbGFzc0Nhc3RDYWNoZSI7YTowOnt9czoyMToiACoAYXR0cmlidXRlQ2FzdENhY2hlIjthOjA6e31zOjEzOiIAKgBkYXRlRm9ybWF0IjtOO3M6MTA6IgAqAGFwcGVuZHMiO2E6MDp7fXM6MTk6IgAqAGRpc3BhdGNoZXNFdmVudHMiO2E6MDp7fXM6MTQ6IgAqAG9ic2VydmFibGVzIjthOjA6e31zOjEyOiIAKgByZWxhdGlvbnMiO2E6MDp7fXM6MTA6IgAqAHRvdWNoZXMiO2E6MDp7fXM6MTA6InRpbWVzdGFtcHMiO2I6MTtzOjEzOiJ1c2VzVW5pcXVlSWRzIjtiOjA7czo5OiIAKgBoaWRkZW4iO2E6MDp7fXM6MTA6IgAqAHZpc2libGUiO2E6MDp7fXM6MTE6IgAqAGZpbGxhYmxlIjthOjA6e31zOjEwOiIAKgBndWFyZGVkIjthOjE6e2k6MDtzOjI6ImlkIjt9fX1zOjI4OiIAKgBlc2NhcGVXaGVuQ2FzdGluZ1RvU3RyaW5nIjtiOjA7fX1zOjEwOiIAKgB0b3VjaGVzIjthOjA6e31zOjEwOiJ0aW1lc3RhbXBzIjtiOjE7czoxMzoidXNlc1VuaXF1ZUlkcyI7YjowO3M6OToiACoAaGlkZGVuIjthOjA6e31zOjEwOiIAKgB2aXNpYmxlIjthOjA6e31zOjExOiIAKgBmaWxsYWJsZSI7YTowOnt9czoxMDoiACoAZ3VhcmRlZCI7YToxOntpOjA7czoyOiJpZCI7fXM6MTc6ImN1c3RvbWVySXBBZGRyZXNzIjtOO3M6MjQ6ImVzdGltYXRpb25CaWxsaW5nQWRkcmVzcyI7YTowOnt9czoxMzoiY29sbGVjdFRheElkcyI7YjowO3M6ODoiY291cG9uSWQiO047czoxNToicHJvbW90aW9uQ29kZUlkIjtOO3M6MTk6ImFsbG93UHJvbW90aW9uQ29kZXMiO2I6MDt9fXM6MTA6IgAqAHRvdWNoZXMiO2E6MDp7fXM6MTA6InRpbWVzdGFtcHMiO2I6MTtzOjEzOiJ1c2VzVW5pcXVlSWRzIjtiOjA7czo5OiIAKgBoaWRkZW4iO2E6NDp7aTowO3M6ODoicGFzc3dvcmQiO2k6MTtzOjE0OiJyZW1lbWJlcl90b2tlbiI7aToyO3M6MjU6InR3b19mYWN0b3JfcmVjb3ZlcnlfY29kZXMiO2k6MztzOjE3OiJ0d29fZmFjdG9yX3NlY3JldCI7fXM6MTA6IgAqAHZpc2libGUiO2E6MDp7fXM6MTE6IgAqAGZpbGxhYmxlIjthOjY6e2k6MDtzOjQ6Im5hbWUiO2k6MTtzOjU6ImVtYWlsIjtpOjI7czo4OiJwYXNzd29yZCI7aTozO3M6OToiYnJhbmNoX2lkIjtpOjQ7czoxMzoicmVzdGF1cmFudF9pZCI7aTo1O3M6NjoibG9jYWxlIjt9czoxMDoiACoAZ3VhcmRlZCI7YToxOntpOjA7czoxOiIqIjt9czoxOToiACoAYXV0aFBhc3N3b3JkTmFtZSI7czo4OiJwYXNzd29yZCI7czoyMDoiACoAcmVtZW1iZXJUb2tlbk5hbWUiO3M6MTQ6InJlbWVtYmVyX3Rva2VuIjtzOjE0OiIAKgBhY2Nlc3NUb2tlbiI7Tjt9czo5OiJfcHJldmlvdXMiO2E6MTp7czozOiJ1cmwiO3M6NDk6Imh0dHBzOi8vcmVzdHJvLnNpc3RlbS5hcHAvcmVzdGF1cmFudC90aGUtemVzdC1wc2siO31zOjY6Il9mbGFzaCI7YToyOntzOjM6Im9sZCI7YTowOnt9czozOiJuZXciO2E6MDp7fX1zOjUwOiJsb2dpbl93ZWJfNTliYTM2YWRkYzJiMmY5NDAxNTgwZjAxNGM3ZjU4ZWE0ZTMwOTg5ZCI7aToxMjtzOjEwOiJyZXN0YXVyYW50IjtPOjIxOiJBcHBcTW9kZWxzXFJlc3RhdXJhbnQiOjM2OntzOjEzOiIAKgBjb25uZWN0aW9uIjtzOjU6Im15c3FsIjtzOjg6IgAqAHRhYmxlIjtzOjExOiJyZXN0YXVyYW50cyI7czoxMzoiACoAcHJpbWFyeUtleSI7czoyOiJpZCI7czoxMDoiACoAa2V5VHlwZSI7czozOiJpbnQiO3M6MTI6ImluY3JlbWVudGluZyI7YjoxO3M6NzoiACoAd2l0aCI7YTowOnt9czoxMjoiACoAd2l0aENvdW50IjthOjA6e31zOjE5OiJwcmV2ZW50c0xhenlMb2FkaW5nIjtiOjA7czoxMDoiACoAcGVyUGFnZSI7aToxNTtzOjY6ImV4aXN0cyI7YjoxO3M6MTg6Indhc1JlY2VudGx5Q3JlYXRlZCI7YjowO3M6Mjg6IgAqAGVzY2FwZVdoZW5DYXN0aW5nVG9TdHJpbmciO2I6MDtzOjEzOiIAKgBhdHRyaWJ1dGVzIjthOjYxOntzOjI6ImlkIjtpOjY7czo0OiJuYW1lIjtzOjE0OiJUaGUgWmVzdCAtIFBTSyI7czo0OiJoYXNoIjtzOjEyOiJ0aGUtemVzdC1wc2siO3M6NzoiYWRkcmVzcyI7czo3MDoiMTQsIERpc3RyaWN0IENlbnRyZSwgVmlrYXMgTWFyZywgTGF4bWkgTmFnYXIsIE5ldyBEZWxoaSwgRGVsaGksIDExMDA5MiI7czoxMjoicGhvbmVfbnVtYmVyIjtpOjgxMzA2NjAwNjA7czo1OiJlbWFpbCI7czoxNDoiemVzdEBnbWFpbC5jb20iO3M6ODoidGltZXpvbmUiO3M6MTI6IkFzaWEvS29sa2F0YSI7czo5OiJ0aGVtZV9oZXgiO3M6NzoiIzdDM0FFRCI7czo5OiJ0aGVtZV9yZ2IiO3M6MTI6IjEyNCwgNTgsIDIzNyI7czo0OiJsb2dvIjtOO3M6MTA6ImNvdW50cnlfaWQiO2k6MTAzO3M6MTU6ImhpZGVfbmV3X29yZGVycyI7aTowO3M6MjE6ImhpZGVfbmV3X3Jlc2VydmF0aW9ucyI7aTowO3M6MjM6ImhpZGVfbmV3X3dhaXRlcl9yZXF1ZXN0IjtpOjA7czoxMToiY3VycmVuY3lfaWQiO2k6MjE7czoxMjoibGljZW5zZV90eXBlIjtzOjQ6ImZyZWUiO3M6OToiaXNfYWN0aXZlIjtpOjE7czoxMDoiY3JlYXRlZF9hdCI7czoxOToiMjAyNS0wMS0xNCAxNDoxMDo1NyI7czoxMDoidXBkYXRlZF9hdCI7czoxOToiMjAyNS0wNi0xMiAyMjoyOTowMyI7czoyMzoiY3VzdG9tZXJfbG9naW5fcmVxdWlyZWQiO2k6MDtzOjg6ImFib3V0X3VzIjtOO3M6MzA6ImFsbG93X2N1c3RvbWVyX2RlbGl2ZXJ5X29yZGVycyI7aTowO3M6Mjg6ImFsbG93X2N1c3RvbWVyX3BpY2t1cF9vcmRlcnMiO2k6MDtzOjIxOiJhbGxvd19jdXN0b21lcl9vcmRlcnMiO2k6MDtzOjIwOiJhbGxvd19kaW5lX2luX29yZGVycyI7aToxO3M6MTA6InBhY2thZ2VfaWQiO2k6NztzOjEyOiJwYWNrYWdlX3R5cGUiO3M6NzoibW9udGhseSI7czo2OiJzdGF0dXMiO3M6NjoiYWN0aXZlIjtzOjE3OiJsaWNlbnNlX2V4cGlyZV9vbiI7czoxOToiMjAyNi0wNy0wMSAwMDowMDowMCI7czoxMzoidHJpYWxfZW5kc19hdCI7TjtzOjE4OiJsaWNlbnNlX3VwZGF0ZWRfYXQiO3M6MTk6IjIwMjUtMDEtMjEgMDA6MDA6MDAiO3M6MjM6InN1YnNjcmlwdGlvbl91cGRhdGVkX2F0IjtzOjE5OiIyMDI1LTAxLTE0IDE0OjEwOjU3IjtzOjk6InN0cmlwZV9pZCI7TjtzOjc6InBtX3R5cGUiO047czoxMjoicG1fbGFzdF9mb3VyIjtOO3M6MjU6ImlzX3dhaXRlcl9yZXF1ZXN0X2VuYWJsZWQiO2k6MTtzOjMyOiJkZWZhdWx0X3RhYmxlX3Jlc2VydmF0aW9uX3N0YXR1cyI7czo5OiJDb25maXJtZWQiO3M6MTU6ImFwcHJvdmFsX3N0YXR1cyI7czo4OiJBcHByb3ZlZCI7czoxNjoicmVqZWN0aW9uX3JlYXNvbiI7TjtzOjEzOiJmYWNlYm9va19saW5rIjtOO3M6MTQ6Imluc3RhZ3JhbV9saW5rIjtOO3M6MTI6InR3aXR0ZXJfbGluayI7TjtzOjk6InllbHBfbGluayI7TjtzOjE0OiJ0YWJsZV9yZXF1aXJlZCI7aTowO3M6MTQ6InNob3dfbG9nb190ZXh0IjtpOjE7czoxMjoibWV0YV9rZXl3b3JkIjtOO3M6MTY6Im1ldGFfZGVzY3JpcHRpb24iO047czozNDoidXBsb2FkX2Zhdl9pY29uX2FuZHJvaWRfY2hyb21lXzE5MiI7TjtzOjM0OiJ1cGxvYWRfZmF2X2ljb25fYW5kcm9pZF9jaHJvbWVfNTEyIjtOO3M6MzI6InVwbG9hZF9mYXZfaWNvbl9hcHBsZV90b3VjaF9pY29uIjtOO3M6MTc6InVwbG9hZF9mYXZpY29uXzE2IjtOO3M6MTc6InVwbG9hZF9mYXZpY29uXzMyIjtOO3M6NzoiZmF2aWNvbiI7TjtzOjM2OiJpc193YWl0ZXJfcmVxdWVzdF9lbmFibGVkX29uX2Rlc2t0b3AiO2k6MTtzOjM1OiJpc193YWl0ZXJfcmVxdWVzdF9lbmFibGVkX29uX21vYmlsZSI7aToxO3M6MzY6ImlzX3dhaXRlcl9yZXF1ZXN0X2VuYWJsZWRfb3Blbl9ieV9xciI7aTowO3M6MTE6IndlYm1hbmlmZXN0IjtOO3M6MTU6ImVuYWJsZV90aXBfc2hvcCI7aToxO3M6MTQ6ImVuYWJsZV90aXBfcG9zIjtpOjE7czoyNToiaXNfcHdhX2luc3RhbGxfYWxlcnRfc2hvdyI7aTowO3M6MTk6ImF1dG9fY29uZmlybV9vcmRlcnMiO2k6MDt9czoxMToiACoAb3JpZ2luYWwiO2E6NjE6e3M6MjoiaWQiO2k6NjtzOjQ6Im5hbWUiO3M6MTQ6IlRoZSBaZXN0IC0gUFNLIjtzOjQ6Imhhc2giO3M6MTI6InRoZS16ZXN0LXBzayI7czo3OiJhZGRyZXNzIjtzOjcwOiIxNCwgRGlzdHJpY3QgQ2VudHJlLCBWaWthcyBNYXJnLCBMYXhtaSBOYWdhciwgTmV3IERlbGhpLCBEZWxoaSwgMTEwMDkyIjtzOjEyOiJwaG9uZV9udW1iZXIiO3M6MTA6IjgxMzA2NjAwNjAiO3M6NToiZW1haWwiO3M6MTQ6Inplc3RAZ21haWwuY29tIjtzOjg6InRpbWV6b25lIjtzOjEyOiJBc2lhL0tvbGthdGEiO3M6OToidGhlbWVfaGV4IjtzOjc6IiM3QzNBRUQiO3M6OToidGhlbWVfcmdiIjtzOjEyOiIxMjQsIDU4LCAyMzciO3M6NDoibG9nbyI7TjtzOjEwOiJjb3VudHJ5X2lkIjtpOjEwMztzOjE1OiJoaWRlX25ld19vcmRlcnMiO2k6MDtzOjIxOiJoaWRlX25ld19yZXNlcnZhdGlvbnMiO2k6MDtzOjIzOiJoaWRlX25ld193YWl0ZXJfcmVxdWVzdCI7aTowO3M6MTE6ImN1cnJlbmN5X2lkIjtpOjIxO3M6MTI6ImxpY2Vuc2VfdHlwZSI7czo0OiJmcmVlIjtzOjk6ImlzX2FjdGl2ZSI7aToxO3M6MTA6ImNyZWF0ZWRfYXQiO3M6MTk6IjIwMjUtMDEtMTQgMTQ6MTA6NTciO3M6MTA6InVwZGF0ZWRfYXQiO3M6MTk6IjIwMjUtMDYtMTIgMjI6Mjk6MDMiO3M6MjM6ImN1c3RvbWVyX2xvZ2luX3JlcXVpcmVkIjtpOjA7czo4OiJhYm91dF91cyI7TjtzOjMwOiJhbGxvd19jdXN0b21lcl9kZWxpdmVyeV9vcmRlcnMiO2k6MDtzOjI4OiJhbGxvd19jdXN0b21lcl9waWNrdXBfb3JkZXJzIjtpOjA7czoyMToiYWxsb3dfY3VzdG9tZXJfb3JkZXJzIjtpOjA7czoyMDoiYWxsb3dfZGluZV9pbl9vcmRlcnMiO2k6MTtzOjEwOiJwYWNrYWdlX2lkIjtpOjc7czoxMjoicGFja2FnZV90eXBlIjtzOjc6Im1vbnRobHkiO3M6Njoic3RhdHVzIjtzOjY6ImFjdGl2ZSI7czoxNzoibGljZW5zZV9leHBpcmVfb24iO3M6MTk6IjIwMjYtMDctMDEgMDA6MDA6MDAiO3M6MTM6InRyaWFsX2VuZHNfYXQiO047czoxODoibGljZW5zZV91cGRhdGVkX2F0IjtzOjE5OiIyMDI1LTAxLTIxIDAwOjAwOjAwIjtzOjIzOiJzdWJzY3JpcHRpb25fdXBkYXRlZF9hdCI7czoxOToiMjAyNS0wMS0xNCAxNDoxMDo1NyI7czo5OiJzdHJpcGVfaWQiO047czo3OiJwbV90eXBlIjtOO3M6MTI6InBtX2xhc3RfZm91ciI7TjtzOjI1OiJpc193YWl0ZXJfcmVxdWVzdF9lbmFibGVkIjtpOjE7czozMjoiZGVmYXVsdF90YWJsZV9yZXNlcnZhdGlvbl9zdGF0dXMiO3M6OToiQ29uZmlybWVkIjtzOjE1OiJhcHByb3ZhbF9zdGF0dXMiO3M6ODoiQXBwcm92ZWQiO3M6MTY6InJlamVjdGlvbl9yZWFzb24iO047czoxMzoiZmFjZWJvb2tfbGluayI7TjtzOjE0OiJpbnN0YWdyYW1fbGluayI7TjtzOjEyOiJ0d2l0dGVyX2xpbmsiO047czo5OiJ5ZWxwX2xpbmsiO047czoxNDoidGFibGVfcmVxdWlyZWQiO2k6MDtzOjE0OiJzaG93X2xvZ29fdGV4dCI7aToxO3M6MTI6Im1ldGFfa2V5d29yZCI7TjtzOjE2OiJtZXRhX2Rlc2NyaXB0aW9uIjtOO3M6MzQ6InVwbG9hZF9mYXZfaWNvbl9hbmRyb2lkX2Nocm9tZV8xOTIiO047czozNDoidXBsb2FkX2Zhdl9pY29uX2FuZHJvaWRfY2hyb21lXzUxMiI7TjtzOjMyOiJ1cGxvYWRfZmF2X2ljb25fYXBwbGVfdG91Y2hfaWNvbiI7TjtzOjE3OiJ1cGxvYWRfZmF2aWNvbl8xNiI7TjtzOjE3OiJ1cGxvYWRfZmF2aWNvbl8zMiI7TjtzOjc6ImZhdmljb24iO047czozNjoiaXNfd2FpdGVyX3JlcXVlc3RfZW5hYmxlZF9vbl9kZXNrdG9wIjtpOjE7czozNToiaXNfd2FpdGVyX3JlcXVlc3RfZW5hYmxlZF9vbl9tb2JpbGUiO2k6MTtzOjM2OiJpc193YWl0ZXJfcmVxdWVzdF9lbmFibGVkX29wZW5fYnlfcXIiO2k6MDtzOjExOiJ3ZWJtYW5pZmVzdCI7TjtzOjE1OiJlbmFibGVfdGlwX3Nob3AiO2k6MTtzOjE0OiJlbmFibGVfdGlwX3BvcyI7aToxO3M6MjU6ImlzX3B3YV9pbnN0YWxsX2FsZXJ0X3Nob3ciO2k6MDtzOjE5OiJhdXRvX2NvbmZpcm1fb3JkZXJzIjtpOjA7fXM6MTA6IgAqAGNoYW5nZXMiO2E6MDp7fXM6ODoiACoAY2FzdHMiO2E6Njp7czoxNzoibGljZW5zZV9leHBpcmVfb24iO3M6ODoiZGF0ZXRpbWUiO3M6MTU6InRyaWFsX2V4cGlyZV9vbiI7czo4OiJkYXRldGltZSI7czoxODoibGljZW5zZV91cGRhdGVkX2F0IjtzOjg6ImRhdGV0aW1lIjtzOjIzOiJzdWJzY3JpcHRpb25fdXBkYXRlZF9hdCI7czo4OiJkYXRldGltZSI7czoxMDoiY3JlYXRlZF9hdCI7czo4OiJkYXRldGltZSI7czoxMDoidXBkYXRlZF9hdCI7czo4OiJkYXRldGltZSI7fXM6MTc6IgAqAGNsYXNzQ2FzdENhY2hlIjthOjA6e31zOjIxOiIAKgBhdHRyaWJ1dGVDYXN0Q2FjaGUiO2E6MDp7fXM6MTM6IgAqAGRhdGVGb3JtYXQiO047czoxMDoiACoAYXBwZW5kcyI7YToxOntpOjA7czo4OiJsb2dvX3VybCI7fXM6MTk6IgAqAGRpc3BhdGNoZXNFdmVudHMiO2E6MDp7fXM6MTQ6IgAqAG9ic2VydmFibGVzIjthOjA6e31zOjEyOiIAKgByZWxhdGlvbnMiO2E6NDp7czo4OiJjdXJyZW5jeSI7TzoxOToiQXBwXE1vZGVsc1xDdXJyZW5jeSI6MzA6e3M6MTM6IgAqAGNvbm5lY3Rpb24iO3M6NToibXlzcWwiO3M6ODoiACoAdGFibGUiO3M6MTA6ImN1cnJlbmNpZXMiO3M6MTM6IgAqAHByaW1hcnlLZXkiO3M6MjoiaWQiO3M6MTA6IgAqAGtleVR5cGUiO3M6MzoiaW50IjtzOjEyOiJpbmNyZW1lbnRpbmciO2I6MTtzOjc6IgAqAHdpdGgiO2E6MDp7fXM6MTI6IgAqAHdpdGhDb3VudCI7YTowOnt9czoxOToicHJldmVudHNMYXp5TG9hZGluZyI7YjowO3M6MTA6IgAqAHBlclBhZ2UiO2k6MTU7czo2OiJleGlzdHMiO2I6MTtzOjE4OiJ3YXNSZWNlbnRseUNyZWF0ZWQiO2I6MDtzOjI4OiIAKgBlc2NhcGVXaGVuQ2FzdGluZ1RvU3RyaW5nIjtiOjA7czoxMzoiACoAYXR0cmlidXRlcyI7YToxMjp7czoyOiJpZCI7aToyMTtzOjEzOiJyZXN0YXVyYW50X2lkIjtpOjY7czoxMzoiY3VycmVuY3lfbmFtZSI7czo1OiJSdXBlZSI7czoxMzoiY3VycmVuY3lfY29kZSI7czozOiJJTlIiO3M6MTU6ImN1cnJlbmN5X3N5bWJvbCI7czozOiLigrkiO3M6MTc6ImN1cnJlbmN5X3Bvc2l0aW9uIjtzOjQ6ImxlZnQiO3M6MTM6Im5vX29mX2RlY2ltYWwiO2k6MjtzOjE4OiJ0aG91c2FuZF9zZXBhcmF0b3IiO3M6MToiLCI7czoxNzoiZGVjaW1hbF9zZXBhcmF0b3IiO3M6MToiLiI7czoxMzoiZXhjaGFuZ2VfcmF0ZSI7TjtzOjk6InVzZF9wcmljZSI7TjtzOjE3OiJpc19jcnlwdG9jdXJyZW5jeSI7czoyOiJubyI7fXM6MTE6IgAqAG9yaWdpbmFsIjthOjEyOntzOjI6ImlkIjtpOjIxO3M6MTM6InJlc3RhdXJhbnRfaWQiO2k6NjtzOjEzOiJjdXJyZW5jeV9uYW1lIjtzOjU6IlJ1cGVlIjtzOjEzOiJjdXJyZW5jeV9jb2RlIjtzOjM6IklOUiI7czoxNToiY3VycmVuY3lfc3ltYm9sIjtzOjM6IuKCuSI7czoxNzoiY3VycmVuY3lfcG9zaXRpb24iO3M6NDoibGVmdCI7czoxMzoibm9fb2ZfZGVjaW1hbCI7aToyO3M6MTg6InRob3VzYW5kX3NlcGFyYXRvciI7czoxOiIsIjtzOjE3OiJkZWNpbWFsX3NlcGFyYXRvciI7czoxOiIuIjtzOjEzOiJleGNoYW5nZV9yYXRlIjtOO3M6OToidXNkX3ByaWNlIjtOO3M6MTc6ImlzX2NyeXB0b2N1cnJlbmN5IjtzOjI6Im5vIjt9czoxMDoiACoAY2hhbmdlcyI7YTowOnt9czo4OiIAKgBjYXN0cyI7YTowOnt9czoxNzoiACoAY2xhc3NDYXN0Q2FjaGUiO2E6MDp7fXM6MjE6IgAqAGF0dHJpYnV0ZUNhc3RDYWNoZSI7YTowOnt9czoxMzoiACoAZGF0ZUZvcm1hdCI7TjtzOjEwOiIAKgBhcHBlbmRzIjthOjA6e31zOjE5OiIAKgBkaXNwYXRjaGVzRXZlbnRzIjthOjA6e31zOjE0OiIAKgBvYnNlcnZhYmxlcyI7YTowOnt9czoxMjoiACoAcmVsYXRpb25zIjthOjE6e3M6MTA6InJlc3RhdXJhbnQiO086MjE6IkFwcFxNb2RlbHNcUmVzdGF1cmFudCI6MzY6e3M6MTM6IgAqAGNvbm5lY3Rpb24iO3M6NToibXlzcWwiO3M6ODoiACoAdGFibGUiO3M6MTE6InJlc3RhdXJhbnRzIjtzOjEzOiIAKgBwcmltYXJ5S2V5IjtzOjI6ImlkIjtzOjEwOiIAKgBrZXlUeXBlIjtzOjM6ImludCI7czoxMjoiaW5jcmVtZW50aW5nIjtiOjE7czo3OiIAKgB3aXRoIjthOjA6e31zOjEyOiIAKgB3aXRoQ291bnQiO2E6MDp7fXM6MTk6InByZXZlbnRzTGF6eUxvYWRpbmciO2I6MDtzOjEwOiIAKgBwZXJQYWdlIjtpOjE1O3M6NjoiZXhpc3RzIjtiOjE7czoxODoid2FzUmVjZW50bHlDcmVhdGVkIjtiOjA7czoyODoiACoAZXNjYXBlV2hlbkNhc3RpbmdUb1N0cmluZyI7YjowO3M6MTM6IgAqAGF0dHJpYnV0ZXMiO2E6NjE6e3M6MjoiaWQiO2k6NjtzOjQ6Im5hbWUiO3M6MTQ6IlRoZSBaZXN0IC0gUFNLIjtzOjQ6Imhhc2giO3M6MTI6InRoZS16ZXN0LXBzayI7czo3OiJhZGRyZXNzIjtzOjcwOiIxNCwgRGlzdHJpY3QgQ2VudHJlLCBWaWthcyBNYXJnLCBMYXhtaSBOYWdhciwgTmV3IERlbGhpLCBEZWxoaSwgMTEwMDkyIjtzOjEyOiJwaG9uZV9udW1iZXIiO2k6ODEzMDY2MDA2MDtzOjU6ImVtYWlsIjtzOjE0OiJ6ZXN0QGdtYWlsLmNvbSI7czo4OiJ0aW1lem9uZSI7czoxMjoiQXNpYS9Lb2xrYXRhIjtzOjk6InRoZW1lX2hleCI7czo3OiIjN0MzQUVEIjtzOjk6InRoZW1lX3JnYiI7czoxMjoiMTI0LCA1OCwgMjM3IjtzOjQ6ImxvZ28iO047czoxMDoiY291bnRyeV9pZCI7aToxMDM7czoxNToiaGlkZV9uZXdfb3JkZXJzIjtpOjA7czoyMToiaGlkZV9uZXdfcmVzZXJ2YXRpb25zIjtpOjA7czoyMzoiaGlkZV9uZXdfd2FpdGVyX3JlcXVlc3QiO2k6MDtzOjExOiJjdXJyZW5jeV9pZCI7aToyMTtzOjEyOiJsaWNlbnNlX3R5cGUiO3M6NDoiZnJlZSI7czo5OiJpc19hY3RpdmUiO2k6MTtzOjEwOiJjcmVhdGVkX2F0IjtzOjE5OiIyMDI1LTAxLTE0IDE0OjEwOjU3IjtzOjEwOiJ1cGRhdGVkX2F0IjtzOjE5OiIyMDI1LTA2LTEyIDIyOjI5OjAzIjtzOjIzOiJjdXN0b21lcl9sb2dpbl9yZXF1aXJlZCI7aTowO3M6ODoiYWJvdXRfdXMiO047czozMDoiYWxsb3dfY3VzdG9tZXJfZGVsaXZlcnlfb3JkZXJzIjtpOjA7czoyODoiYWxsb3dfY3VzdG9tZXJfcGlja3VwX29yZGVycyI7aTowO3M6MjE6ImFsbG93X2N1c3RvbWVyX29yZGVycyI7aTowO3M6MjA6ImFsbG93X2RpbmVfaW5fb3JkZXJzIjtpOjE7czoxMDoicGFja2FnZV9pZCI7aTo3O3M6MTI6InBhY2thZ2VfdHlwZSI7czo3OiJtb250aGx5IjtzOjY6InN0YXR1cyI7czo2OiJhY3RpdmUiO3M6MTc6ImxpY2Vuc2VfZXhwaXJlX29uIjtzOjE5OiIyMDI2LTA3LTAxIDAwOjAwOjAwIjtzOjEzOiJ0cmlhbF9lbmRzX2F0IjtOO3M6MTg6ImxpY2Vuc2VfdXBkYXRlZF9hdCI7czoxOToiMjAyNS0wMS0yMSAwMDowMDowMCI7czoyMzoic3Vic2NyaXB0aW9uX3VwZGF0ZWRfYXQiO3M6MTk6IjIwMjUtMDEtMTQgMTQ6MTA6NTciO3M6OToic3RyaXBlX2lkIjtOO3M6NzoicG1fdHlwZSI7TjtzOjEyOiJwbV9sYXN0X2ZvdXIiO047czoyNToiaXNfd2FpdGVyX3JlcXVlc3RfZW5hYmxlZCI7aToxO3M6MzI6ImRlZmF1bHRfdGFibGVfcmVzZXJ2YXRpb25fc3RhdHVzIjtzOjk6IkNvbmZpcm1lZCI7czoxNToiYXBwcm92YWxfc3RhdHVzIjtzOjg6IkFwcHJvdmVkIjtzOjE2OiJyZWplY3Rpb25fcmVhc29uIjtOO3M6MTM6ImZhY2Vib29rX2xpbmsiO047czoxNDoiaW5zdGFncmFtX2xpbmsiO047czoxMjoidHdpdHRlcl9saW5rIjtOO3M6OToieWVscF9saW5rIjtOO3M6MTQ6InRhYmxlX3JlcXVpcmVkIjtpOjA7czoxNDoic2hvd19sb2dvX3RleHQiO2k6MTtzOjEyOiJtZXRhX2tleXdvcmQiO047czoxNjoibWV0YV9kZXNjcmlwdGlvbiI7TjtzOjM0OiJ1cGxvYWRfZmF2X2ljb25fYW5kcm9pZF9jaHJvbWVfMTkyIjtOO3M6MzQ6InVwbG9hZF9mYXZfaWNvbl9hbmRyb2lkX2Nocm9tZV81MTIiO047czozMjoidXBsb2FkX2Zhdl9pY29uX2FwcGxlX3RvdWNoX2ljb24iO047czoxNzoidXBsb2FkX2Zhdmljb25fMTYiO047czoxNzoidXBsb2FkX2Zhdmljb25fMzIiO047czo3OiJmYXZpY29uIjtOO3M6MzY6ImlzX3dhaXRlcl9yZXF1ZXN0X2VuYWJsZWRfb25fZGVza3RvcCI7aToxO3M6MzU6ImlzX3dhaXRlcl9yZXF1ZXN0X2VuYWJsZWRfb25fbW9iaWxlIjtpOjE7czozNjoiaXNfd2FpdGVyX3JlcXVlc3RfZW5hYmxlZF9vcGVuX2J5X3FyIjtpOjA7czoxMToid2VibWFuaWZlc3QiO047czoxNToiZW5hYmxlX3RpcF9zaG9wIjtpOjE7czoxNDoiZW5hYmxlX3RpcF9wb3MiO2k6MTtzOjI1OiJpc19wd2FfaW5zdGFsbF9hbGVydF9zaG93IjtpOjA7czoxOToiYXV0b19jb25maXJtX29yZGVycyI7aTowO31zOjExOiIAKgBvcmlnaW5hbCI7YTo2MTp7czoyOiJpZCI7aTo2O3M6NDoibmFtZSI7czoxNDoiVGhlIFplc3QgLSBQU0siO3M6NDoiaGFzaCI7czoxMjoidGhlLXplc3QtcHNrIjtzOjc6ImFkZHJlc3MiO3M6NzA6IjE0LCBEaXN0cmljdCBDZW50cmUsIFZpa2FzIE1hcmcsIExheG1pIE5hZ2FyLCBOZXcgRGVsaGksIERlbGhpLCAxMTAwOTIiO3M6MTI6InBob25lX251bWJlciI7czoxMDoiODEzMDY2MDA2MCI7czo1OiJlbWFpbCI7czoxNDoiemVzdEBnbWFpbC5jb20iO3M6ODoidGltZXpvbmUiO3M6MTI6IkFzaWEvS29sa2F0YSI7czo5OiJ0aGVtZV9oZXgiO3M6NzoiIzdDM0FFRCI7czo5OiJ0aGVtZV9yZ2IiO3M6MTI6IjEyNCwgNTgsIDIzNyI7czo0OiJsb2dvIjtOO3M6MTA6ImNvdW50cnlfaWQiO2k6MTAzO3M6MTU6ImhpZGVfbmV3X29yZGVycyI7aTowO3M6MjE6ImhpZGVfbmV3X3Jlc2VydmF0aW9ucyI7aTowO3M6MjM6ImhpZGVfbmV3X3dhaXRlcl9yZXF1ZXN0IjtpOjA7czoxMToiY3VycmVuY3lfaWQiO2k6MjE7czoxMjoibGljZW5zZV90eXBlIjtzOjQ6ImZyZWUiO3M6OToiaXNfYWN0aXZlIjtpOjE7czoxMDoiY3JlYXRlZF9hdCI7czoxOToiMjAyNS0wMS0xNCAxNDoxMDo1NyI7czoxMDoidXBkYXRlZF9hdCI7czoxOToiMjAyNS0wNi0xMiAyMjoyOTowMyI7czoyMzoiY3VzdG9tZXJfbG9naW5fcmVxdWlyZWQiO2k6MDtzOjg6ImFib3V0X3VzIjtOO3M6MzA6ImFsbG93X2N1c3RvbWVyX2RlbGl2ZXJ5X29yZGVycyI7aTowO3M6Mjg6ImFsbG93X2N1c3RvbWVyX3BpY2t1cF9vcmRlcnMiO2k6MDtzOjIxOiJhbGxvd19jdXN0b21lcl9vcmRlcnMiO2k6MDtzOjIwOiJhbGxvd19kaW5lX2luX29yZGVycyI7aToxO3M6MTA6InBhY2thZ2VfaWQiO2k6NztzOjEyOiJwYWNrYWdlX3R5cGUiO3M6NzoibW9udGhseSI7czo2OiJzdGF0dXMiO3M6NjoiYWN0aXZlIjtzOjE3OiJsaWNlbnNlX2V4cGlyZV9vbiI7czoxOToiMjAyNi0wNy0wMSAwMDowMDowMCI7czoxMzoidHJpYWxfZW5kc19hdCI7TjtzOjE4OiJsaWNlbnNlX3VwZGF0ZWRfYXQiO3M6MTk6IjIwMjUtMDEtMjEgMDA6MDA6MDAiO3M6MjM6InN1YnNjcmlwdGlvbl91cGRhdGVkX2F0IjtzOjE5OiIyMDI1LTAxLTE0IDE0OjEwOjU3IjtzOjk6InN0cmlwZV9pZCI7TjtzOjc6InBtX3R5cGUiO047czoxMjoicG1fbGFzdF9mb3VyIjtOO3M6MjU6ImlzX3dhaXRlcl9yZXF1ZXN0X2VuYWJsZWQiO2k6MTtzOjMyOiJkZWZhdWx0X3RhYmxlX3Jlc2VydmF0aW9uX3N0YXR1cyI7czo5OiJDb25maXJtZWQiO3M6MTU6ImFwcHJvdmFsX3N0YXR1cyI7czo4OiJBcHByb3ZlZCI7czoxNjoicmVqZWN0aW9uX3JlYXNvbiI7TjtzOjEzOiJmYWNlYm9va19saW5rIjtOO3M6MTQ6Imluc3RhZ3JhbV9saW5rIjtOO3M6MTI6InR3aXR0ZXJfbGluayI7TjtzOjk6InllbHBfbGluayI7TjtzOjE0OiJ0YWJsZV9yZXF1aXJlZCI7aTowO3M6MTQ6InNob3dfbG9nb190ZXh0IjtpOjE7czoxMjoibWV0YV9rZXl3b3JkIjtOO3M6MTY6Im1ldGFfZGVzY3JpcHRpb24iO047czozNDoidXBsb2FkX2Zhdl9pY29uX2FuZHJvaWRfY2hyb21lXzE5MiI7TjtzOjM0OiJ1cGxvYWRfZmF2X2ljb25fYW5kcm9pZF9jaHJvbWVfNTEyIjtOO3M6MzI6InVwbG9hZF9mYXZfaWNvbl9hcHBsZV90b3VjaF9pY29uIjtOO3M6MTc6InVwbG9hZF9mYXZpY29uXzE2IjtOO3M6MTc6InVwbG9hZF9mYXZpY29uXzMyIjtOO3M6NzoiZmF2aWNvbiI7TjtzOjM2OiJpc193YWl0ZXJfcmVxdWVzdF9lbmFibGVkX29uX2Rlc2t0b3AiO2k6MTtzOjM1OiJpc193YWl0ZXJfcmVxdWVzdF9lbmFibGVkX29uX21vYmlsZSI7aToxO3M6MzY6ImlzX3dhaXRlcl9yZXF1ZXN0X2VuYWJsZWRfb3Blbl9ieV9xciI7aTowO3M6MTE6IndlYm1hbmlmZXN0IjtOO3M6MTU6ImVuYWJsZV90aXBfc2hvcCI7aToxO3M6MTQ6ImVuYWJsZV90aXBfcG9zIjtpOjE7czoyNToiaXNfcHdhX2luc3RhbGxfYWxlcnRfc2hvdyI7aTowO3M6MTk6ImF1dG9fY29uZmlybV9vcmRlcnMiO2k6MDt9czoxMDoiACoAY2hhbmdlcyI7YTowOnt9czo4OiIAKgBjYXN0cyI7YTo2OntzOjE3OiJsaWNlbnNlX2V4cGlyZV9vbiI7czo4OiJkYXRldGltZSI7czoxNToidHJpYWxfZXhwaXJlX29uIjtzOjg6ImRhdGV0aW1lIjtzOjE4OiJsaWNlbnNlX3VwZGF0ZWRfYXQiO3M6ODoiZGF0ZXRpbWUiO3M6MjM6InN1YnNjcmlwdGlvbl91cGRhdGVkX2F0IjtzOjg6ImRhdGV0aW1lIjtzOjEwOiJjcmVhdGVkX2F0IjtzOjg6ImRhdGV0aW1lIjtzOjEwOiJ1cGRhdGVkX2F0IjtzOjg6ImRhdGV0aW1lIjt9czoxNzoiACoAY2xhc3NDYXN0Q2FjaGUiO2E6MDp7fXM6MjE6IgAqAGF0dHJpYnV0ZUNhc3RDYWNoZSI7YTowOnt9czoxMzoiACoAZGF0ZUZvcm1hdCI7TjtzOjEwOiIAKgBhcHBlbmRzIjthOjE6e2k6MDtzOjg6ImxvZ29fdXJsIjt9czoxOToiACoAZGlzcGF0Y2hlc0V2ZW50cyI7YTowOnt9czoxNDoiACoAb2JzZXJ2YWJsZXMiO2E6MDp7fXM6MTI6IgAqAHJlbGF0aW9ucyI7YToxOntzOjg6ImN1cnJlbmN5IjtPOjE5OiJBcHBcTW9kZWxzXEN1cnJlbmN5IjozMDp7czoxMzoiACoAY29ubmVjdGlvbiI7czo1OiJteXNxbCI7czo4OiIAKgB0YWJsZSI7czoxMDoiY3VycmVuY2llcyI7czoxMzoiACoAcHJpbWFyeUtleSI7czoyOiJpZCI7czoxMDoiACoAa2V5VHlwZSI7czozOiJpbnQiO3M6MTI6ImluY3JlbWVudGluZyI7YjoxO3M6NzoiACoAd2l0aCI7YTowOnt9czoxMjoiACoAd2l0aENvdW50IjthOjA6e31zOjE5OiJwcmV2ZW50c0xhenlMb2FkaW5nIjtiOjA7czoxMDoiACoAcGVyUGFnZSI7aToxNTtzOjY6ImV4aXN0cyI7YjoxO3M6MTg6Indhc1JlY2VudGx5Q3JlYXRlZCI7YjowO3M6Mjg6IgAqAGVzY2FwZVdoZW5DYXN0aW5nVG9TdHJpbmciO2I6MDtzOjEzOiIAKgBhdHRyaWJ1dGVzIjthOjEyOntzOjI6ImlkIjtpOjIxO3M6MTM6InJlc3RhdXJhbnRfaWQiO2k6NjtzOjEzOiJjdXJyZW5jeV9uYW1lIjtzOjU6IlJ1cGVlIjtzOjEzOiJjdXJyZW5jeV9jb2RlIjtzOjM6IklOUiI7czoxNToiY3VycmVuY3lfc3ltYm9sIjtzOjM6IuKCuSI7czoxNzoiY3VycmVuY3lfcG9zaXRpb24iO3M6NDoibGVmdCI7czoxMzoibm9fb2ZfZGVjaW1hbCI7aToyO3M6MTg6InRob3VzYW5kX3NlcGFyYXRvciI7czoxOiIsIjtzOjE3OiJkZWNpbWFsX3NlcGFyYXRvciI7czoxOiIuIjtzOjEzOiJleGNoYW5nZV9yYXRlIjtOO3M6OToidXNkX3ByaWNlIjtOO3M6MTc6ImlzX2NyeXB0b2N1cnJlbmN5IjtzOjI6Im5vIjt9czoxMToiACoAb3JpZ2luYWwiO2E6MTI6e3M6MjoiaWQiO2k6MjE7czoxMzoicmVzdGF1cmFudF9pZCI7aTo2O3M6MTM6ImN1cnJlbmN5X25hbWUiO3M6NToiUnVwZWUiO3M6MTM6ImN1cnJlbmN5X2NvZGUiO3M6MzoiSU5SIjtzOjE1OiJjdXJyZW5jeV9zeW1ib2wiO3M6Mzoi4oK5IjtzOjE3OiJjdXJyZW5jeV9wb3NpdGlvbiI7czo0OiJsZWZ0IjtzOjEzOiJub19vZl9kZWNpbWFsIjtpOjI7czoxODoidGhvdXNhbmRfc2VwYXJhdG9yIjtzOjE6IiwiO3M6MTc6ImRlY2ltYWxfc2VwYXJhdG9yIjtzOjE6Ii4iO3M6MTM6ImV4Y2hhbmdlX3JhdGUiO047czo5OiJ1c2RfcHJpY2UiO047czoxNzoiaXNfY3J5cHRvY3VycmVuY3kiO3M6Mjoibm8iO31zOjEwOiIAKgBjaGFuZ2VzIjthOjA6e31zOjg6IgAqAGNhc3RzIjthOjA6e31zOjE3OiIAKgBjbGFzc0Nhc3RDYWNoZSI7YTowOnt9czoyMToiACoAYXR0cmlidXRlQ2FzdENhY2hlIjthOjA6e31zOjEzOiIAKgBkYXRlRm9ybWF0IjtOO3M6MTA6IgAqAGFwcGVuZHMiO2E6MDp7fXM6MTk6IgAqAGRpc3BhdGNoZXNFdmVudHMiO2E6MDp7fXM6MTQ6IgAqAG9ic2VydmFibGVzIjthOjA6e31zOjEyOiIAKgByZWxhdGlvbnMiO2E6MDp7fXM6MTA6IgAqAHRvdWNoZXMiO2E6MDp7fXM6MTA6InRpbWVzdGFtcHMiO2I6MDtzOjEzOiJ1c2VzVW5pcXVlSWRzIjtiOjA7czo5OiIAKgBoaWRkZW4iO2E6MDp7fXM6MTA6IgAqAHZpc2libGUiO2E6MDp7fXM6MTE6IgAqAGZpbGxhYmxlIjthOjA6e31zOjEwOiIAKgBndWFyZGVkIjthOjE6e2k6MDtzOjE6IioiO319fXM6MTA6IgAqAHRvdWNoZXMiO2E6MDp7fXM6MTA6InRpbWVzdGFtcHMiO2I6MTtzOjEzOiJ1c2VzVW5pcXVlSWRzIjtiOjA7czo5OiIAKgBoaWRkZW4iO2E6MDp7fXM6MTA6IgAqAHZpc2libGUiO2E6MDp7fXM6MTE6IgAqAGZpbGxhYmxlIjthOjA6e31zOjEwOiIAKgBndWFyZGVkIjthOjE6e2k6MDtzOjI6ImlkIjt9czoxNzoiY3VzdG9tZXJJcEFkZHJlc3MiO047czoyNDoiZXN0aW1hdGlvbkJpbGxpbmdBZGRyZXNzIjthOjA6e31zOjEzOiJjb2xsZWN0VGF4SWRzIjtiOjA7czo4OiJjb3Vwb25JZCI7TjtzOjE1OiJwcm9tb3Rpb25Db2RlSWQiO047czoxOToiYWxsb3dQcm9tb3Rpb25Db2RlcyI7YjowO319czoxMDoiACoAdG91Y2hlcyI7YTowOnt9czoxMDoidGltZXN0YW1wcyI7YjowO3M6MTM6InVzZXNVbmlxdWVJZHMiO2I6MDtzOjk6IgAqAGhpZGRlbiI7YTowOnt9czoxMDoiACoAdmlzaWJsZSI7YTowOnt9czoxMToiACoAZmlsbGFibGUiO2E6MDp7fXM6MTA6IgAqAGd1YXJkZWQiO2E6MTp7aTowO3M6MToiKiI7fX1zOjc6InBhY2thZ2UiO086MTg6IkFwcFxNb2RlbHNcUGFja2FnZSI6MzA6e3M6MTM6IgAqAGNvbm5lY3Rpb24iO3M6NToibXlzcWwiO3M6ODoiACoAdGFibGUiO3M6ODoicGFja2FnZXMiO3M6MTM6IgAqAHByaW1hcnlLZXkiO3M6MjoiaWQiO3M6MTA6IgAqAGtleVR5cGUiO3M6MzoiaW50IjtzOjEyOiJpbmNyZW1lbnRpbmciO2I6MTtzOjc6IgAqAHdpdGgiO2E6MDp7fXM6MTI6IgAqAHdpdGhDb3VudCI7YTowOnt9czoxOToicHJldmVudHNMYXp5TG9hZGluZyI7YjowO3M6MTA6IgAqAHBlclBhZ2UiO2k6MTU7czo2OiJleGlzdHMiO2I6MTtzOjE4OiJ3YXNSZWNlbnRseUNyZWF0ZWQiO2I6MDtzOjI4OiIAKgBlc2NhcGVXaGVuQ2FzdGluZ1RvU3RyaW5nIjtiOjA7czoxMzoiACoAYXR0cmlidXRlcyI7YTozMzp7czoyOiJpZCI7aTo3O3M6MTE6ImN1cnJlbmN5X2lkIjtpOjI7czoxMjoicGFja2FnZV9uYW1lIjtzOjE2OiJQU0sgTW9udGhseSBQbGFuIjtzOjU6InByaWNlIjtkOjA7czoxMToiZGVzY3JpcHRpb24iO3M6Mzk6IlNwZWNpYWwgbW9udGhseSBwcmljZSBmb3IgUFNLIGN1c3RvbWVyLiI7czoxMjoiYW5udWFsX3ByaWNlIjtOO3M6MTM6Im1vbnRobHlfcHJpY2UiO2Q6NDAwMDtzOjE0OiJtb250aGx5X3N0YXR1cyI7aToxO3M6MTM6ImFubnVhbF9zdGF0dXMiO2k6MDtzOjIxOiJzdHJpcGVfYW5udWFsX3BsYW5faWQiO047czoyMjoic3RyaXBlX21vbnRobHlfcGxhbl9pZCI7TjtzOjIzOiJyYXpvcnBheV9hbm51YWxfcGxhbl9pZCI7TjtzOjI0OiJyYXpvcnBheV9tb250aGx5X3BsYW5faWQiO3M6MTk6InBsYW5fUTE1NHJUWnd6TnBscGQiO3M6MjY6ImZsdXR0ZXJ3YXZlX2FubnVhbF9wbGFuX2lkIjtOO3M6Mjc6ImZsdXR0ZXJ3YXZlX21vbnRobHlfcGxhbl9pZCI7TjtzOjIzOiJwYXlzdGFja19hbm51YWxfcGxhbl9pZCI7TjtzOjI0OiJwYXlzdGFja19tb250aGx5X3BsYW5faWQiO047czoyMzoic3RyaXBlX2xpZmV0aW1lX3BsYW5faWQiO047czoyNToicmF6b3JwYXlfbGlmZXRpbWVfcGxhbl9pZCI7TjtzOjEzOiJiaWxsaW5nX2N5Y2xlIjtOO3M6MTA6InNvcnRfb3JkZXIiO2k6OTtzOjEwOiJpc19wcml2YXRlIjtpOjE7czo3OiJpc19mcmVlIjtpOjA7czoxNDoiaXNfcmVjb21tZW5kZWQiO2k6MDtzOjEyOiJwYWNrYWdlX3R5cGUiO3M6ODoic3RhbmRhcmQiO3M6MTI6InRyaWFsX3N0YXR1cyI7TjtzOjEwOiJ0cmlhbF9kYXlzIjtOO3M6MzA6InRyaWFsX25vdGlmaWNhdGlvbl9iZWZvcmVfZGF5cyI7TjtzOjEzOiJ0cmlhbF9tZXNzYWdlIjtOO3M6MTA6InVwZGF0ZWRfYXQiO3M6MTk6IjIwMjUtMDItMjggMDk6MzE6MTMiO3M6MTk6ImFkZGl0aW9uYWxfZmVhdHVyZXMiO3M6ODM6IlsiVGhlbWUgU2V0dGluZyIsIkV4cG9ydCBSZXBvcnQiLCJUYWJsZSBSZXNlcnZhdGlvbiIsIlBheW1lbnQgR2F0ZXdheSBJbnRlZ3JhdGlvbiJdIjtzOjEwOiJjcmVhdGVkX2F0IjtzOjE5OiIyMDI1LTAyLTEyIDEwOjU2OjIzIjtzOjEyOiJicmFuY2hfbGltaXQiO2k6Mjt9czoxMToiACoAb3JpZ2luYWwiO2E6MzM6e3M6MjoiaWQiO2k6NztzOjExOiJjdXJyZW5jeV9pZCI7aToyO3M6MTI6InBhY2thZ2VfbmFtZSI7czoxNjoiUFNLIE1vbnRobHkgUGxhbiI7czo1OiJwcmljZSI7ZDowO3M6MTE6ImRlc2NyaXB0aW9uIjtzOjM5OiJTcGVjaWFsIG1vbnRobHkgcHJpY2UgZm9yIFBTSyBjdXN0b21lci4iO3M6MTI6ImFubnVhbF9wcmljZSI7TjtzOjEzOiJtb250aGx5X3ByaWNlIjtkOjQwMDA7czoxNDoibW9udGhseV9zdGF0dXMiO3M6MToiMSI7czoxMzoiYW5udWFsX3N0YXR1cyI7czoxOiIwIjtzOjIxOiJzdHJpcGVfYW5udWFsX3BsYW5faWQiO047czoyMjoic3RyaXBlX21vbnRobHlfcGxhbl9pZCI7TjtzOjIzOiJyYXpvcnBheV9hbm51YWxfcGxhbl9pZCI7TjtzOjI0OiJyYXpvcnBheV9tb250aGx5X3BsYW5faWQiO3M6MTk6InBsYW5fUTE1NHJUWnd6TnBscGQiO3M6MjY6ImZsdXR0ZXJ3YXZlX2FubnVhbF9wbGFuX2lkIjtOO3M6Mjc6ImZsdXR0ZXJ3YXZlX21vbnRobHlfcGxhbl9pZCI7TjtzOjIzOiJwYXlzdGFja19hbm51YWxfcGxhbl9pZCI7TjtzOjI0OiJwYXlzdGFja19tb250aGx5X3BsYW5faWQiO047czoyMzoic3RyaXBlX2xpZmV0aW1lX3BsYW5faWQiO047czoyNToicmF6b3JwYXlfbGlmZXRpbWVfcGxhbl9pZCI7TjtzOjEzOiJiaWxsaW5nX2N5Y2xlIjtOO3M6MTA6InNvcnRfb3JkZXIiO2k6OTtzOjEwOiJpc19wcml2YXRlIjtpOjE7czo3OiJpc19mcmVlIjtpOjA7czoxNDoiaXNfcmVjb21tZW5kZWQiO2k6MDtzOjEyOiJwYWNrYWdlX3R5cGUiO3M6ODoic3RhbmRhcmQiO3M6MTI6InRyaWFsX3N0YXR1cyI7TjtzOjEwOiJ0cmlhbF9kYXlzIjtOO3M6MzA6InRyaWFsX25vdGlmaWNhdGlvbl9iZWZvcmVfZGF5cyI7TjtzOjEzOiJ0cmlhbF9tZXNzYWdlIjtOO3M6MTA6InVwZGF0ZWRfYXQiO3M6MTk6IjIwMjUtMDItMjggMDk6MzE6MTMiO3M6MTk6ImFkZGl0aW9uYWxfZmVhdHVyZXMiO3M6ODM6IlsiVGhlbWUgU2V0dGluZyIsIkV4cG9ydCBSZXBvcnQiLCJUYWJsZSBSZXNlcnZhdGlvbiIsIlBheW1lbnQgR2F0ZXdheSBJbnRlZ3JhdGlvbiJdIjtzOjEwOiJjcmVhdGVkX2F0IjtzOjE5OiIyMDI1LTAyLTEyIDEwOjU2OjIzIjtzOjEyOiJicmFuY2hfbGltaXQiO2k6Mjt9czoxMDoiACoAY2hhbmdlcyI7YTowOnt9czo4OiIAKgBjYXN0cyI7YTozOntzOjEyOiJwYWNrYWdlX3R5cGUiO3M6MjE6IkFwcFxFbnVtc1xQYWNrYWdlVHlwZSI7czoxMDoidHJpYWxfZGF5cyI7czo3OiJpbnRlZ2VyIjtzOjMwOiJ0cmlhbF9ub3RpZmljYXRpb25fYmVmb3JlX2RheXMiO3M6NzoiaW50ZWdlciI7fXM6MTc6IgAqAGNsYXNzQ2FzdENhY2hlIjthOjA6e31zOjIxOiIAKgBhdHRyaWJ1dGVDYXN0Q2FjaGUiO2E6MDp7fXM6MTM6IgAqAGRhdGVGb3JtYXQiO047czoxMDoiACoAYXBwZW5kcyI7YTowOnt9czoxOToiACoAZGlzcGF0Y2hlc0V2ZW50cyI7YTowOnt9czoxNDoiACoAb2JzZXJ2YWJsZXMiO2E6MDp7fXM6MTI6IgAqAHJlbGF0aW9ucyI7YTowOnt9czoxMDoiACoAdG91Y2hlcyI7YTowOnt9czoxMDoidGltZXN0YW1wcyI7YjoxO3M6MTM6InVzZXNVbmlxdWVJZHMiO2I6MDtzOjk6IgAqAGhpZGRlbiI7YTowOnt9czoxMDoiACoAdmlzaWJsZSI7YTowOnt9czoxMToiACoAZmlsbGFibGUiO2E6MDp7fXM6MTA6IgAqAGd1YXJkZWQiO2E6MTp7aTowO3M6MjoiaWQiO319czo4OiJicmFuY2hlcyI7TzozOToiSWxsdW1pbmF0ZVxEYXRhYmFzZVxFbG9xdWVudFxDb2xsZWN0aW9uIjoyOntzOjg6IgAqAGl0ZW1zIjthOjE6e2k6MDtPOjE3OiJBcHBcTW9kZWxzXEJyYW5jaCI6MzA6e3M6MTM6IgAqAGNvbm5lY3Rpb24iO3M6NToibXlzcWwiO3M6ODoiACoAdGFibGUiO3M6ODoiYnJhbmNoZXMiO3M6MTM6IgAqAHByaW1hcnlLZXkiO3M6MjoiaWQiO3M6MTA6IgAqAGtleVR5cGUiO3M6MzoiaW50IjtzOjEyOiJpbmNyZW1lbnRpbmciO2I6MTtzOjc6IgAqAHdpdGgiO2E6MDp7fXM6MTI6IgAqAHdpdGhDb3VudCI7YTowOnt9czoxOToicHJldmVudHNMYXp5TG9hZGluZyI7YjowO3M6MTA6IgAqAHBlclBhZ2UiO2k6MTU7czo2OiJleGlzdHMiO2I6MTtzOjE4OiJ3YXNSZWNlbnRseUNyZWF0ZWQiO2I6MDtzOjI4OiIAKgBlc2NhcGVXaGVuQ2FzdGluZ1RvU3RyaW5nIjtiOjA7czoxMzoiACoAYXR0cmlidXRlcyI7YTo4OntzOjI6ImlkIjtpOjc7czoxMzoicmVzdGF1cmFudF9pZCI7aTo2O3M6NDoibmFtZSI7czoxNzoiUFNLIC0gTGF4bWkgTmFnYXIiO3M6NzoiYWRkcmVzcyI7czo3MDoiMTQsIERpc3RyaWN0IENlbnRyZSwgVmlrYXMgTWFyZywgTGF4bWkgTmFnYXIsIE5ldyBEZWxoaSwgRGVsaGksIDExMDA5MiI7czozOiJsbmciO3M6MTA6Ijc1Ljc4NzUwMDAiO3M6MzoibGF0IjtzOjEwOiIyNi45MTI1MDAwIjtzOjEwOiJjcmVhdGVkX2F0IjtzOjE5OiIyMDI1LTAxLTE0IDE0OjEwOjU3IjtzOjEwOiJ1cGRhdGVkX2F0IjtzOjE5OiIyMDI1LTA2LTExIDA4OjQ5OjU2Ijt9czoxMToiACoAb3JpZ2luYWwiO2E6ODp7czoyOiJpZCI7aTo3O3M6MTM6InJlc3RhdXJhbnRfaWQiO2k6NjtzOjQ6Im5hbWUiO3M6MTc6IlBTSyAtIExheG1pIE5hZ2FyIjtzOjc6ImFkZHJlc3MiO3M6NzA6IjE0LCBEaXN0cmljdCBDZW50cmUsIFZpa2FzIE1hcmcsIExheG1pIE5hZ2FyLCBOZXcgRGVsaGksIERlbGhpLCAxMTAwOTIiO3M6MzoibG5nIjtzOjEwOiI3NS43ODc1MDAwIjtzOjM6ImxhdCI7czoxMDoiMjYuOTEyNTAwMCI7czoxMDoiY3JlYXRlZF9hdCI7czoxOToiMjAyNS0wMS0xNCAxNDoxMDo1NyI7czoxMDoidXBkYXRlZF9hdCI7czoxOToiMjAyNS0wNi0xMSAwODo0OTo1NiI7fXM6MTA6IgAqAGNoYW5nZXMiO2E6MDp7fXM6ODoiACoAY2FzdHMiO2E6Mjp7czozOiJsYXQiO3M6NToiZmxvYXQiO3M6MzoibG5nIjtzOjU6ImZsb2F0Ijt9czoxNzoiACoAY2xhc3NDYXN0Q2FjaGUiO2E6MDp7fXM6MjE6IgAqAGF0dHJpYnV0ZUNhc3RDYWNoZSI7YTowOnt9czoxMzoiACoAZGF0ZUZvcm1hdCI7TjtzOjEwOiIAKgBhcHBlbmRzIjthOjA6e31zOjE5OiIAKgBkaXNwYXRjaGVzRXZlbnRzIjthOjA6e31zOjE0OiIAKgBvYnNlcnZhYmxlcyI7YTowOnt9czoxMjoiACoAcmVsYXRpb25zIjthOjA6e31zOjEwOiIAKgB0b3VjaGVzIjthOjA6e31zOjEwOiJ0aW1lc3RhbXBzIjtiOjE7czoxMzoidXNlc1VuaXF1ZUlkcyI7YjowO3M6OToiACoAaGlkZGVuIjthOjA6e31zOjEwOiIAKgB2aXNpYmxlIjthOjA6e31zOjExOiIAKgBmaWxsYWJsZSI7YTowOnt9czoxMDoiACoAZ3VhcmRlZCI7YToxOntpOjA7czoyOiJpZCI7fX19czoyODoiACoAZXNjYXBlV2hlbkNhc3RpbmdUb1N0cmluZyI7YjowO31zOjE0OiJyZWNlaXB0U2V0dGluZyI7TzoyNToiQXBwXE1vZGVsc1xSZWNlaXB0U2V0dGluZyI6MzA6e3M6MTM6IgAqAGNvbm5lY3Rpb24iO3M6NToibXlzcWwiO3M6ODoiACoAdGFibGUiO3M6MTY6InJlY2VpcHRfc2V0dGluZ3MiO3M6MTM6IgAqAHByaW1hcnlLZXkiO3M6MjoiaWQiO3M6MTA6IgAqAGtleVR5cGUiO3M6MzoiaW50IjtzOjEyOiJpbmNyZW1lbnRpbmciO2I6MTtzOjc6IgAqAHdpdGgiO2E6MDp7fXM6MTI6IgAqAHdpdGhDb3VudCI7YTowOnt9czoxOToicHJldmVudHNMYXp5TG9hZGluZyI7YjowO3M6MTA6IgAqAHBlclBhZ2UiO2k6MTU7czo2OiJleGlzdHMiO2I6MTtzOjE4OiJ3YXNSZWNlbnRseUNyZWF0ZWQiO2I6MDtzOjI4OiIAKgBlc2NhcGVXaGVuQ2FzdGluZ1RvU3RyaW5nIjtiOjA7czoxMzoiACoAYXR0cmlidXRlcyI7YToxNDp7czoyOiJpZCI7aTozO3M6MTM6InJlc3RhdXJhbnRfaWQiO2k6NjtzOjE4OiJzaG93X2N1c3RvbWVyX25hbWUiO2k6MTtzOjIxOiJzaG93X2N1c3RvbWVyX2FkZHJlc3MiO2k6MDtzOjE3OiJzaG93X3RhYmxlX251bWJlciI7aToxO3M6MTU6InBheW1lbnRfcXJfY29kZSI7TjtzOjIwOiJzaG93X3BheW1lbnRfcXJfY29kZSI7aTowO3M6MTE6InNob3dfd2FpdGVyIjtpOjE7czoxNjoic2hvd190b3RhbF9ndWVzdCI7aToxO3M6MjA6InNob3dfcmVzdGF1cmFudF9sb2dvIjtpOjA7czo4OiJzaG93X3RheCI7aToxO3M6MjA6InNob3dfcGF5bWVudF9kZXRhaWxzIjtpOjE7czoxMDoiY3JlYXRlZF9hdCI7czoxOToiMjAyNS0wMS0xNCAwODoxMDozMiI7czoxMDoidXBkYXRlZF9hdCI7czoxOToiMjAyNS0wMi0wNyAxMDo0Mzo0MiI7fXM6MTE6IgAqAG9yaWdpbmFsIjthOjE0OntzOjI6ImlkIjtpOjM7czoxMzoicmVzdGF1cmFudF9pZCI7aTo2O3M6MTg6InNob3dfY3VzdG9tZXJfbmFtZSI7aToxO3M6MjE6InNob3dfY3VzdG9tZXJfYWRkcmVzcyI7aTowO3M6MTc6InNob3dfdGFibGVfbnVtYmVyIjtpOjE7czoxNToicGF5bWVudF9xcl9jb2RlIjtOO3M6MjA6InNob3dfcGF5bWVudF9xcl9jb2RlIjtpOjA7czoxMToic2hvd193YWl0ZXIiO2k6MTtzOjE2OiJzaG93X3RvdGFsX2d1ZXN0IjtpOjE7czoyMDoic2hvd19yZXN0YXVyYW50X2xvZ28iO2k6MDtzOjg6InNob3dfdGF4IjtpOjE7czoyMDoic2hvd19wYXltZW50X2RldGFpbHMiO2k6MTtzOjEwOiJjcmVhdGVkX2F0IjtzOjE5OiIyMDI1LTAxLTE0IDA4OjEwOjMyIjtzOjEwOiJ1cGRhdGVkX2F0IjtzOjE5OiIyMDI1LTAyLTA3IDEwOjQzOjQyIjt9czoxMDoiACoAY2hhbmdlcyI7YTowOnt9czo4OiIAKgBjYXN0cyI7YTowOnt9czoxNzoiACoAY2xhc3NDYXN0Q2FjaGUiO2E6MDp7fXM6MjE6IgAqAGF0dHJpYnV0ZUNhc3RDYWNoZSI7YTowOnt9czoxMzoiACoAZGF0ZUZvcm1hdCI7TjtzOjEwOiIAKgBhcHBlbmRzIjthOjE6e2k6MDtzOjE5OiJwYXltZW50X3FyX2NvZGVfdXJsIjt9czoxOToiACoAZGlzcGF0Y2hlc0V2ZW50cyI7YTowOnt9czoxNDoiACoAb2JzZXJ2YWJsZXMiO2E6MDp7fXM6MTI6IgAqAHJlbGF0aW9ucyI7YTowOnt9czoxMDoiACoAdG91Y2hlcyI7YTowOnt9czoxMDoidGltZXN0YW1wcyI7YjoxO3M6MTM6InVzZXNVbmlxdWVJZHMiO2I6MDtzOjk6IgAqAGhpZGRlbiI7YTowOnt9czoxMDoiACoAdmlzaWJsZSI7YTowOnt9czoxMToiACoAZmlsbGFibGUiO2E6MDp7fXM6MTA6IgAqAGd1YXJkZWQiO2E6MTp7aTowO3M6MjoiaWQiO319fXM6MTA6IgAqAHRvdWNoZXMiO2E6MDp7fXM6MTA6InRpbWVzdGFtcHMiO2I6MTtzOjEzOiJ1c2VzVW5pcXVlSWRzIjtiOjA7czo5OiIAKgBoaWRkZW4iO2E6MDp7fXM6MTA6IgAqAHZpc2libGUiO2E6MDp7fXM6MTE6IgAqAGZpbGxhYmxlIjthOjA6e31zOjEwOiIAKgBndWFyZGVkIjthOjE6e2k6MDtzOjI6ImlkIjt9czoxNzoiY3VzdG9tZXJJcEFkZHJlc3MiO047czoyNDoiZXN0aW1hdGlvbkJpbGxpbmdBZGRyZXNzIjthOjA6e31zOjEzOiJjb2xsZWN0VGF4SWRzIjtiOjA7czo4OiJjb3Vwb25JZCI7TjtzOjE1OiJwcm9tb3Rpb25Db2RlSWQiO047czoxOToiYWxsb3dQcm9tb3Rpb25Db2RlcyI7YjowO31zOjY6ImJyYW5jaCI7TzoxNzoiQXBwXE1vZGVsc1xCcmFuY2giOjMwOntzOjEzOiIAKgBjb25uZWN0aW9uIjtzOjU6Im15c3FsIjtzOjg6IgAqAHRhYmxlIjtzOjg6ImJyYW5jaGVzIjtzOjEzOiIAKgBwcmltYXJ5S2V5IjtzOjI6ImlkIjtzOjEwOiIAKgBrZXlUeXBlIjtzOjM6ImludCI7czoxMjoiaW5jcmVtZW50aW5nIjtiOjE7czo3OiIAKgB3aXRoIjthOjA6e31zOjEyOiIAKgB3aXRoQ291bnQiO2E6MDp7fXM6MTk6InByZXZlbnRzTGF6eUxvYWRpbmciO2I6MDtzOjEwOiIAKgBwZXJQYWdlIjtpOjE1O3M6NjoiZXhpc3RzIjtiOjE7czoxODoid2FzUmVjZW50bHlDcmVhdGVkIjtiOjA7czoyODoiACoAZXNjYXBlV2hlbkNhc3RpbmdUb1N0cmluZyI7YjowO3M6MTM6IgAqAGF0dHJpYnV0ZXMiO2E6ODp7czoyOiJpZCI7aTo3O3M6MTM6InJlc3RhdXJhbnRfaWQiO2k6NjtzOjQ6Im5hbWUiO3M6MTc6IlBTSyAtIExheG1pIE5hZ2FyIjtzOjc6ImFkZHJlc3MiO3M6NzA6IjE0LCBEaXN0cmljdCBDZW50cmUsIFZpa2FzIE1hcmcsIExheG1pIE5hZ2FyLCBOZXcgRGVsaGksIERlbGhpLCAxMTAwOTIiO3M6MzoibG5nIjtzOjEwOiI3NS43ODc1MDAwIjtzOjM6ImxhdCI7czoxMDoiMjYuOTEyNTAwMCI7czoxMDoiY3JlYXRlZF9hdCI7czoxOToiMjAyNS0wMS0xNCAxNDoxMDo1NyI7czoxMDoidXBkYXRlZF9hdCI7czoxOToiMjAyNS0wNi0xMSAwODo0OTo1NiI7fXM6MTE6IgAqAG9yaWdpbmFsIjthOjg6e3M6MjoiaWQiO2k6NztzOjEzOiJyZXN0YXVyYW50X2lkIjtpOjY7czo0OiJuYW1lIjtzOjE3OiJQU0sgLSBMYXhtaSBOYWdhciI7czo3OiJhZGRyZXNzIjtzOjcwOiIxNCwgRGlzdHJpY3QgQ2VudHJlLCBWaWthcyBNYXJnLCBMYXhtaSBOYWdhciwgTmV3IERlbGhpLCBEZWxoaSwgMTEwMDkyIjtzOjM6ImxuZyI7czoxMDoiNzUuNzg3NTAwMCI7czozOiJsYXQiO3M6MTA6IjI2LjkxMjUwMDAiO3M6MTA6ImNyZWF0ZWRfYXQiO3M6MTk6IjIwMjUtMDEtMTQgMTQ6MTA6NTciO3M6MTA6InVwZGF0ZWRfYXQiO3M6MTk6IjIwMjUtMDYtMTEgMDg6NDk6NTYiO31zOjEwOiIAKgBjaGFuZ2VzIjthOjA6e31zOjg6IgAqAGNhc3RzIjthOjI6e3M6MzoibGF0IjtzOjU6ImZsb2F0IjtzOjM6ImxuZyI7czo1OiJmbG9hdCI7fXM6MTc6IgAqAGNsYXNzQ2FzdENhY2hlIjthOjA6e31zOjIxOiIAKgBhdHRyaWJ1dGVDYXN0Q2FjaGUiO2E6MDp7fXM6MTM6IgAqAGRhdGVGb3JtYXQiO047czoxMDoiACoAYXBwZW5kcyI7YTowOnt9czoxOToiACoAZGlzcGF0Y2hlc0V2ZW50cyI7YTowOnt9czoxNDoiACoAb2JzZXJ2YWJsZXMiO2E6MDp7fXM6MTI6IgAqAHJlbGF0aW9ucyI7YTowOnt9czoxMDoiACoAdG91Y2hlcyI7YTowOnt9czoxMDoidGltZXN0YW1wcyI7YjoxO3M6MTM6InVzZXNVbmlxdWVJZHMiO2I6MDtzOjk6IgAqAGhpZGRlbiI7YTowOnt9czoxMDoiACoAdmlzaWJsZSI7YTowOnt9czoxMToiACoAZmlsbGFibGUiO2E6MDp7fXM6MTA6IgAqAGd1YXJkZWQiO2E6MTp7aTowO3M6MjoiaWQiO319czoxNzoicGFzc3dvcmRfaGFzaF93ZWIiO3M6NjA6IiQyeSQxMiRnSGtrVER0cjVHUURXMm4yWmZnUGZ1NWRNdEppbnQ3N2ZHd3pBb3ZWakpRdHpPcE42Qmc0NiI7czo4OiJ0aW1lem9uZSI7czoxMjoiQXNpYS9Lb2xrYXRhIjtzOjE2OiJyb2xlX3Blcm1pc3Npb25zIjthOjUzOntpOjA7czoxMToiQ3JlYXRlIE1lbnUiO2k6MTtzOjk6IlNob3cgTWVudSI7aToyO3M6MTE6IlVwZGF0ZSBNZW51IjtpOjM7czoxMToiRGVsZXRlIE1lbnUiO2k6NDtzOjE2OiJDcmVhdGUgTWVudSBJdGVtIjtpOjU7czoxNDoiU2hvdyBNZW51IEl0ZW0iO2k6NjtzOjE2OiJVcGRhdGUgTWVudSBJdGVtIjtpOjc7czoxNjoiRGVsZXRlIE1lbnUgSXRlbSI7aTo4O3M6MjA6IkNyZWF0ZSBJdGVtIENhdGVnb3J5IjtpOjk7czoxODoiU2hvdyBJdGVtIENhdGVnb3J5IjtpOjEwO3M6MjA6IlVwZGF0ZSBJdGVtIENhdGVnb3J5IjtpOjExO3M6MjA6IkRlbGV0ZSBJdGVtIENhdGVnb3J5IjtpOjEyO3M6MTE6IkNyZWF0ZSBBcmVhIjtpOjEzO3M6OToiU2hvdyBBcmVhIjtpOjE0O3M6MTE6IlVwZGF0ZSBBcmVhIjtpOjE1O3M6MTE6IkRlbGV0ZSBBcmVhIjtpOjE2O3M6MTI6IkNyZWF0ZSBUYWJsZSI7aToxNztzOjEwOiJTaG93IFRhYmxlIjtpOjE4O3M6MTI6IlVwZGF0ZSBUYWJsZSI7aToxOTtzOjEyOiJEZWxldGUgVGFibGUiO2k6MjA7czoxODoiQ3JlYXRlIFJlc2VydmF0aW9uIjtpOjIxO3M6MTY6IlNob3cgUmVzZXJ2YXRpb24iO2k6MjI7czoxODoiVXBkYXRlIFJlc2VydmF0aW9uIjtpOjIzO3M6MTg6IkRlbGV0ZSBSZXNlcnZhdGlvbiI7aToyNDtzOjEwOiJNYW5hZ2UgS09UIjtpOjI1O3M6MTI6IkNyZWF0ZSBPcmRlciI7aToyNjtzOjEwOiJTaG93IE9yZGVyIjtpOjI3O3M6MTI6IlVwZGF0ZSBPcmRlciI7aToyODtzOjEyOiJEZWxldGUgT3JkZXIiO2k6Mjk7czoxMzoiU2hvdyBDdXN0b21lciI7aTozMDtzOjE1OiJVcGRhdGUgQ3VzdG9tZXIiO2k6MzE7czoxNToiRGVsZXRlIEN1c3RvbWVyIjtpOjMyO3M6MTk6IkNyZWF0ZSBTdGFmZiBNZW1iZXIiO2k6MzM7czoxNzoiU2hvdyBTdGFmZiBNZW1iZXIiO2k6MzQ7czoxOToiVXBkYXRlIFN0YWZmIE1lbWJlciI7aTozNTtzOjE5OiJEZWxldGUgU3RhZmYgTWVtYmVyIjtpOjM2O3M6MjU6IkNyZWF0ZSBEZWxpdmVyeSBFeGVjdXRpdmUiO2k6Mzc7czoyMzoiU2hvdyBEZWxpdmVyeSBFeGVjdXRpdmUiO2k6Mzg7czoyNToiVXBkYXRlIERlbGl2ZXJ5IEV4ZWN1dGl2ZSI7aTozOTtzOjI1OiJEZWxldGUgRGVsaXZlcnkgRXhlY3V0aXZlIjtpOjQwO3M6MTM6IlNob3cgUGF5bWVudHMiO2k6NDE7czoxMjoiU2hvdyBSZXBvcnRzIjtpOjQyO3M6MTU6Ik1hbmFnZSBTZXR0aW5ncyI7aTo0MztzOjIxOiJNYW5hZ2UgV2FpdGVyIFJlcXVlc3QiO2k6NDQ7czoxNToiQ3JlYXRlIEN1c3RvbWVyIjtpOjQ1O3M6MTQ6IkNyZWF0ZSBFeHBlbnNlIjtpOjQ2O3M6MTI6IlNob3cgRXhwZW5zZSI7aTo0NztzOjE0OiJVcGRhdGUgRXhwZW5zZSI7aTo0ODtzOjE0OiJEZWxldGUgRXhwZW5zZSI7aTo0OTtzOjIzOiJDcmVhdGUgRXhwZW5zZSBDYXRlZ29yeSI7aTo1MDtzOjIxOiJTaG93IEV4cGVuc2UgQ2F0ZWdvcnkiO2k6NTE7czoyMzoiVXBkYXRlIEV4cGVuc2UgQ2F0ZWdvcnkiO2k6NTI7czoyMzoiRGVsZXRlIEV4cGVuc2UgQ2F0ZWdvcnkiO31zOjI1OiJjdXJyZW5jeV9mb3JtYXRfc2V0dGluZzIxIjtPOjE5OiJBcHBcTW9kZWxzXEN1cnJlbmN5IjozMDp7czoxMzoiACoAY29ubmVjdGlvbiI7czo1OiJteXNxbCI7czo4OiIAKgB0YWJsZSI7czoxMDoiY3VycmVuY2llcyI7czoxMzoiACoAcHJpbWFyeUtleSI7czoyOiJpZCI7czoxMDoiACoAa2V5VHlwZSI7czozOiJpbnQiO3M6MTI6ImluY3JlbWVudGluZyI7YjoxO3M6NzoiACoAd2l0aCI7YTowOnt9czoxMjoiACoAd2l0aENvdW50IjthOjA6e31zOjE5OiJwcmV2ZW50c0xhenlMb2FkaW5nIjtiOjA7czoxMDoiACoAcGVyUGFnZSI7aToxNTtzOjY6ImV4aXN0cyI7YjoxO3M6MTg6Indhc1JlY2VudGx5Q3JlYXRlZCI7YjowO3M6Mjg6IgAqAGVzY2FwZVdoZW5DYXN0aW5nVG9TdHJpbmciO2I6MDtzOjEzOiIAKgBhdHRyaWJ1dGVzIjthOjEyOntzOjI6ImlkIjtpOjIxO3M6MTM6InJlc3RhdXJhbnRfaWQiO2k6NjtzOjEzOiJjdXJyZW5jeV9uYW1lIjtzOjU6IlJ1cGVlIjtzOjEzOiJjdXJyZW5jeV9jb2RlIjtzOjM6IklOUiI7czoxNToiY3VycmVuY3lfc3ltYm9sIjtzOjM6IuKCuSI7czoxNzoiY3VycmVuY3lfcG9zaXRpb24iO3M6NDoibGVmdCI7czoxMzoibm9fb2ZfZGVjaW1hbCI7aToyO3M6MTg6InRob3VzYW5kX3NlcGFyYXRvciI7czoxOiIsIjtzOjE3OiJkZWNpbWFsX3NlcGFyYXRvciI7czoxOiIuIjtzOjEzOiJleGNoYW5nZV9yYXRlIjtOO3M6OToidXNkX3ByaWNlIjtOO3M6MTc6ImlzX2NyeXB0b2N1cnJlbmN5IjtzOjI6Im5vIjt9czoxMToiACoAb3JpZ2luYWwiO2E6MTI6e3M6MjoiaWQiO2k6MjE7czoxMzoicmVzdGF1cmFudF9pZCI7aTo2O3M6MTM6ImN1cnJlbmN5X25hbWUiO3M6NToiUnVwZWUiO3M6MTM6ImN1cnJlbmN5X2NvZGUiO3M6MzoiSU5SIjtzOjE1OiJjdXJyZW5jeV9zeW1ib2wiO3M6Mzoi4oK5IjtzOjE3OiJjdXJyZW5jeV9wb3NpdGlvbiI7czo0OiJsZWZ0IjtzOjEzOiJub19vZl9kZWNpbWFsIjtpOjI7czoxODoidGhvdXNhbmRfc2VwYXJhdG9yIjtzOjE6IiwiO3M6MTc6ImRlY2ltYWxfc2VwYXJhdG9yIjtzOjE6Ii4iO3M6MTM6ImV4Y2hhbmdlX3JhdGUiO047czo5OiJ1c2RfcHJpY2UiO047czoxNzoiaXNfY3J5cHRvY3VycmVuY3kiO3M6Mjoibm8iO31zOjEwOiIAKgBjaGFuZ2VzIjthOjA6e31zOjg6IgAqAGNhc3RzIjthOjA6e31zOjE3OiIAKgBjbGFzc0Nhc3RDYWNoZSI7YTowOnt9czoyMToiACoAYXR0cmlidXRlQ2FzdENhY2hlIjthOjA6e31zOjEzOiIAKgBkYXRlRm9ybWF0IjtOO3M6MTA6IgAqAGFwcGVuZHMiO2E6MDp7fXM6MTk6IgAqAGRpc3BhdGNoZXNFdmVudHMiO2E6MDp7fXM6MTQ6IgAqAG9ic2VydmFibGVzIjthOjA6e31zOjEyOiIAKgByZWxhdGlvbnMiO2E6MTp7czoxMDoicmVzdGF1cmFudCI7TzoyMToiQXBwXE1vZGVsc1xSZXN0YXVyYW50IjozNjp7czoxMzoiACoAY29ubmVjdGlvbiI7czo1OiJteXNxbCI7czo4OiIAKgB0YWJsZSI7czoxMToicmVzdGF1cmFudHMiO3M6MTM6IgAqAHByaW1hcnlLZXkiO3M6MjoiaWQiO3M6MTA6IgAqAGtleVR5cGUiO3M6MzoiaW50IjtzOjEyOiJpbmNyZW1lbnRpbmciO2I6MTtzOjc6IgAqAHdpdGgiO2E6MDp7fXM6MTI6IgAqAHdpdGhDb3VudCI7YTowOnt9czoxOToicHJldmVudHNMYXp5TG9hZGluZyI7YjowO3M6MTA6IgAqAHBlclBhZ2UiO2k6MTU7czo2OiJleGlzdHMiO2I6MTtzOjE4OiJ3YXNSZWNlbnRseUNyZWF0ZWQiO2I6MDtzOjI4OiIAKgBlc2NhcGVXaGVuQ2FzdGluZ1RvU3RyaW5nIjtiOjA7czoxMzoiACoAYXR0cmlidXRlcyI7YTo2MTp7czoyOiJpZCI7aTo2O3M6NDoibmFtZSI7czoxNDoiVGhlIFplc3QgLSBQU0siO3M6NDoiaGFzaCI7czoxMjoidGhlLXplc3QtcHNrIjtzOjc6ImFkZHJlc3MiO3M6NzA6IjE0LCBEaXN0cmljdCBDZW50cmUsIFZpa2FzIE1hcmcsIExheG1pIE5hZ2FyLCBOZXcgRGVsaGksIERlbGhpLCAxMTAwOTIiO3M6MTI6InBob25lX251bWJlciI7aTo4MTMwNjYwMDYwO3M6NToiZW1haWwiO3M6MTQ6Inplc3RAZ21haWwuY29tIjtzOjg6InRpbWV6b25lIjtzOjEyOiJBc2lhL0tvbGthdGEiO3M6OToidGhlbWVfaGV4IjtzOjc6IiM3QzNBRUQiO3M6OToidGhlbWVfcmdiIjtzOjEyOiIxMjQsIDU4LCAyMzciO3M6NDoibG9nbyI7TjtzOjEwOiJjb3VudHJ5X2lkIjtpOjEwMztzOjE1OiJoaWRlX25ld19vcmRlcnMiO2k6MDtzOjIxOiJoaWRlX25ld19yZXNlcnZhdGlvbnMiO2k6MDtzOjIzOiJoaWRlX25ld193YWl0ZXJfcmVxdWVzdCI7aTowO3M6MTE6ImN1cnJlbmN5X2lkIjtpOjIxO3M6MTI6ImxpY2Vuc2VfdHlwZSI7czo0OiJmcmVlIjtzOjk6ImlzX2FjdGl2ZSI7aToxO3M6MTA6ImNyZWF0ZWRfYXQiO3M6MTk6IjIwMjUtMDEtMTQgMTQ6MTA6NTciO3M6MTA6InVwZGF0ZWRfYXQiO3M6MTk6IjIwMjUtMDYtMTIgMjI6Mjk6MDMiO3M6MjM6ImN1c3RvbWVyX2xvZ2luX3JlcXVpcmVkIjtpOjA7czo4OiJhYm91dF91cyI7TjtzOjMwOiJhbGxvd19jdXN0b21lcl9kZWxpdmVyeV9vcmRlcnMiO2k6MDtzOjI4OiJhbGxvd19jdXN0b21lcl9waWNrdXBfb3JkZXJzIjtpOjA7czoyMToiYWxsb3dfY3VzdG9tZXJfb3JkZXJzIjtpOjA7czoyMDoiYWxsb3dfZGluZV9pbl9vcmRlcnMiO2k6MTtzOjEwOiJwYWNrYWdlX2lkIjtpOjc7czoxMjoicGFja2FnZV90eXBlIjtzOjc6Im1vbnRobHkiO3M6Njoic3RhdHVzIjtzOjY6ImFjdGl2ZSI7czoxNzoibGljZW5zZV9leHBpcmVfb24iO3M6MTk6IjIwMjYtMDctMDEgMDA6MDA6MDAiO3M6MTM6InRyaWFsX2VuZHNfYXQiO047czoxODoibGljZW5zZV91cGRhdGVkX2F0IjtzOjE5OiIyMDI1LTAxLTIxIDAwOjAwOjAwIjtzOjIzOiJzdWJzY3JpcHRpb25fdXBkYXRlZF9hdCI7czoxOToiMjAyNS0wMS0xNCAxNDoxMDo1NyI7czo5OiJzdHJpcGVfaWQiO047czo3OiJwbV90eXBlIjtOO3M6MTI6InBtX2xhc3RfZm91ciI7TjtzOjI1OiJpc193YWl0ZXJfcmVxdWVzdF9lbmFibGVkIjtpOjE7czozMjoiZGVmYXVsdF90YWJsZV9yZXNlcnZhdGlvbl9zdGF0dXMiO3M6OToiQ29uZmlybWVkIjtzOjE1OiJhcHByb3ZhbF9zdGF0dXMiO3M6ODoiQXBwcm92ZWQiO3M6MTY6InJlamVjdGlvbl9yZWFzb24iO047czoxMzoiZmFjZWJvb2tfbGluayI7TjtzOjE0OiJpbnN0YWdyYW1fbGluayI7TjtzOjEyOiJ0d2l0dGVyX2xpbmsiO047czo5OiJ5ZWxwX2xpbmsiO047czoxNDoidGFibGVfcmVxdWlyZWQiO2k6MDtzOjE0OiJzaG93X2xvZ29fdGV4dCI7aToxO3M6MTI6Im1ldGFfa2V5d29yZCI7TjtzOjE2OiJtZXRhX2Rlc2NyaXB0aW9uIjtOO3M6MzQ6InVwbG9hZF9mYXZfaWNvbl9hbmRyb2lkX2Nocm9tZV8xOTIiO047czozNDoidXBsb2FkX2Zhdl9pY29uX2FuZHJvaWRfY2hyb21lXzUxMiI7TjtzOjMyOiJ1cGxvYWRfZmF2X2ljb25fYXBwbGVfdG91Y2hfaWNvbiI7TjtzOjE3OiJ1cGxvYWRfZmF2aWNvbl8xNiI7TjtzOjE3OiJ1cGxvYWRfZmF2aWNvbl8zMiI7TjtzOjc6ImZhdmljb24iO047czozNjoiaXNfd2FpdGVyX3JlcXVlc3RfZW5hYmxlZF9vbl9kZXNrdG9wIjtpOjE7czozNToiaXNfd2FpdGVyX3JlcXVlc3RfZW5hYmxlZF9vbl9tb2JpbGUiO2k6MTtzOjM2OiJpc193YWl0ZXJfcmVxdWVzdF9lbmFibGVkX29wZW5fYnlfcXIiO2k6MDtzOjExOiJ3ZWJtYW5pZmVzdCI7TjtzOjE1OiJlbmFibGVfdGlwX3Nob3AiO2k6MTtzOjE0OiJlbmFibGVfdGlwX3BvcyI7aToxO3M6MjU6ImlzX3B3YV9pbnN0YWxsX2FsZXJ0X3Nob3ciO2k6MDtzOjE5OiJhdXRvX2NvbmZpcm1fb3JkZXJzIjtpOjA7fXM6MTE6IgAqAG9yaWdpbmFsIjthOjYxOntzOjI6ImlkIjtpOjY7czo0OiJuYW1lIjtzOjE0OiJUaGUgWmVzdCAtIFBTSyI7czo0OiJoYXNoIjtzOjEyOiJ0aGUtemVzdC1wc2siO3M6NzoiYWRkcmVzcyI7czo3MDoiMTQsIERpc3RyaWN0IENlbnRyZSwgVmlrYXMgTWFyZywgTGF4bWkgTmFnYXIsIE5ldyBEZWxoaSwgRGVsaGksIDExMDA5MiI7czoxMjoicGhvbmVfbnVtYmVyIjtzOjEwOiI4MTMwNjYwMDYwIjtzOjU6ImVtYWlsIjtzOjE0OiJ6ZXN0QGdtYWlsLmNvbSI7czo4OiJ0aW1lem9uZSI7czoxMjoiQXNpYS9Lb2xrYXRhIjtzOjk6InRoZW1lX2hleCI7czo3OiIjN0MzQUVEIjtzOjk6InRoZW1lX3JnYiI7czoxMjoiMTI0LCA1OCwgMjM3IjtzOjQ6ImxvZ28iO047czoxMDoiY291bnRyeV9pZCI7aToxMDM7czoxNToiaGlkZV9uZXdfb3JkZXJzIjtpOjA7czoyMToiaGlkZV9uZXdfcmVzZXJ2YXRpb25zIjtpOjA7czoyMzoiaGlkZV9uZXdfd2FpdGVyX3JlcXVlc3QiO2k6MDtzOjExOiJjdXJyZW5jeV9pZCI7aToyMTtzOjEyOiJsaWNlbnNlX3R5cGUiO3M6NDoiZnJlZSI7czo5OiJpc19hY3RpdmUiO2k6MTtzOjEwOiJjcmVhdGVkX2F0IjtzOjE5OiIyMDI1LTAxLTE0IDE0OjEwOjU3IjtzOjEwOiJ1cGRhdGVkX2F0IjtzOjE5OiIyMDI1LTA2LTEyIDIyOjI5OjAzIjtzOjIzOiJjdXN0b21lcl9sb2dpbl9yZXF1aXJlZCI7aTowO3M6ODoiYWJvdXRfdXMiO047czozMDoiYWxsb3dfY3VzdG9tZXJfZGVsaXZlcnlfb3JkZXJzIjtpOjA7czoyODoiYWxsb3dfY3VzdG9tZXJfcGlja3VwX29yZGVycyI7aTowO3M6MjE6ImFsbG93X2N1c3RvbWVyX29yZGVycyI7aTowO3M6MjA6ImFsbG93X2RpbmVfaW5fb3JkZXJzIjtpOjE7czoxMDoicGFja2FnZV9pZCI7aTo3O3M6MTI6InBhY2thZ2VfdHlwZSI7czo3OiJtb250aGx5IjtzOjY6InN0YXR1cyI7czo2OiJhY3RpdmUiO3M6MTc6ImxpY2Vuc2VfZXhwaXJlX29uIjtzOjE5OiIyMDI2LTA3LTAxIDAwOjAwOjAwIjtzOjEzOiJ0cmlhbF9lbmRzX2F0IjtOO3M6MTg6ImxpY2Vuc2VfdXBkYXRlZF9hdCI7czoxOToiMjAyNS0wMS0yMSAwMDowMDowMCI7czoyMzoic3Vic2NyaXB0aW9uX3VwZGF0ZWRfYXQiO3M6MTk6IjIwMjUtMDEtMTQgMTQ6MTA6NTciO3M6OToic3RyaXBlX2lkIjtOO3M6NzoicG1fdHlwZSI7TjtzOjEyOiJwbV9sYXN0X2ZvdXIiO047czoyNToiaXNfd2FpdGVyX3JlcXVlc3RfZW5hYmxlZCI7aToxO3M6MzI6ImRlZmF1bHRfdGFibGVfcmVzZXJ2YXRpb25fc3RhdHVzIjtzOjk6IkNvbmZpcm1lZCI7czoxNToiYXBwcm92YWxfc3RhdHVzIjtzOjg6IkFwcHJvdmVkIjtzOjE2OiJyZWplY3Rpb25fcmVhc29uIjtOO3M6MTM6ImZhY2Vib29rX2xpbmsiO047czoxNDoiaW5zdGFncmFtX2xpbmsiO047czoxMjoidHdpdHRlcl9saW5rIjtOO3M6OToieWVscF9saW5rIjtOO3M6MTQ6InRhYmxlX3JlcXVpcmVkIjtpOjA7czoxNDoic2hvd19sb2dvX3RleHQiO2k6MTtzOjEyOiJtZXRhX2tleXdvcmQiO047czoxNjoibWV0YV9kZXNjcmlwdGlvbiI7TjtzOjM0OiJ1cGxvYWRfZmF2X2ljb25fYW5kcm9pZF9jaHJvbWVfMTkyIjtOO3M6MzQ6InVwbG9hZF9mYXZfaWNvbl9hbmRyb2lkX2Nocm9tZV81MTIiO047czozMjoidXBsb2FkX2Zhdl9pY29uX2FwcGxlX3RvdWNoX2ljb24iO047czoxNzoidXBsb2FkX2Zhdmljb25fMTYiO047czoxNzoidXBsb2FkX2Zhdmljb25fMzIiO047czo3OiJmYXZpY29uIjtOO3M6MzY6ImlzX3dhaXRlcl9yZXF1ZXN0X2VuYWJsZWRfb25fZGVza3RvcCI7aToxO3M6MzU6ImlzX3dhaXRlcl9yZXF1ZXN0X2VuYWJsZWRfb25fbW9iaWxlIjtpOjE7czozNjoiaXNfd2FpdGVyX3JlcXVlc3RfZW5hYmxlZF9vcGVuX2J5X3FyIjtpOjA7czoxMToid2VibWFuaWZlc3QiO047czoxNToiZW5hYmxlX3RpcF9zaG9wIjtpOjE7czoxNDoiZW5hYmxlX3RpcF9wb3MiO2k6MTtzOjI1OiJpc19wd2FfaW5zdGFsbF9hbGVydF9zaG93IjtpOjA7czoxOToiYXV0b19jb25maXJtX29yZGVycyI7aTowO31zOjEwOiIAKgBjaGFuZ2VzIjthOjA6e31zOjg6IgAqAGNhc3RzIjthOjY6e3M6MTc6ImxpY2Vuc2VfZXhwaXJlX29uIjtzOjg6ImRhdGV0aW1lIjtzOjE1OiJ0cmlhbF9leHBpcmVfb24iO3M6ODoiZGF0ZXRpbWUiO3M6MTg6ImxpY2Vuc2VfdXBkYXRlZF9hdCI7czo4OiJkYXRldGltZSI7czoyMzoic3Vic2NyaXB0aW9uX3VwZGF0ZWRfYXQiO3M6ODoiZGF0ZXRpbWUiO3M6MTA6ImNyZWF0ZWRfYXQiO3M6ODoiZGF0ZXRpbWUiO3M6MTA6InVwZGF0ZWRfYXQiO3M6ODoiZGF0ZXRpbWUiO31zOjE3OiIAKgBjbGFzc0Nhc3RDYWNoZSI7YTowOnt9czoyMToiACoAYXR0cmlidXRlQ2FzdENhY2hlIjthOjA6e31zOjEzOiIAKgBkYXRlRm9ybWF0IjtOO3M6MTA6IgAqAGFwcGVuZHMiO2E6MTp7aTowO3M6ODoibG9nb191cmwiO31zOjE5OiIAKgBkaXNwYXRjaGVzRXZlbnRzIjthOjA6e31zOjE0OiIAKgBvYnNlcnZhYmxlcyI7YTowOnt9czoxMjoiACoAcmVsYXRpb25zIjthOjA6e31zOjEwOiIAKgB0b3VjaGVzIjthOjA6e31zOjEwOiJ0aW1lc3RhbXBzIjtiOjE7czoxMzoidXNlc1VuaXF1ZUlkcyI7YjowO3M6OToiACoAaGlkZGVuIjthOjA6e31zOjEwOiIAKgB2aXNpYmxlIjthOjA6e31zOjExOiIAKgBmaWxsYWJsZSI7YTowOnt9czoxMDoiACoAZ3VhcmRlZCI7YToxOntpOjA7czoyOiJpZCI7fXM6MTc6ImN1c3RvbWVySXBBZGRyZXNzIjtOO3M6MjQ6ImVzdGltYXRpb25CaWxsaW5nQWRkcmVzcyI7YTowOnt9czoxMzoiY29sbGVjdFRheElkcyI7YjowO3M6ODoiY291cG9uSWQiO047czoxNToicHJvbW90aW9uQ29kZUlkIjtOO3M6MTk6ImFsbG93UHJvbW90aW9uQ29kZXMiO2I6MDt9fXM6MTA6IgAqAHRvdWNoZXMiO2E6MDp7fXM6MTA6InRpbWVzdGFtcHMiO2I6MDtzOjEzOiJ1c2VzVW5pcXVlSWRzIjtiOjA7czo5OiIAKgBoaWRkZW4iO2E6MDp7fXM6MTA6IgAqAHZpc2libGUiO2E6MDp7fXM6MTE6IgAqAGZpbGxhYmxlIjthOjA6e31zOjEwOiIAKgBndWFyZGVkIjthOjE6e2k6MDtzOjE6IioiO319czo4OiJjdXJyZW5jeSI7czozOiLigrkiO3M6NToiaXNSdGwiO2I6MDtzOjE3OiJ0b2RheV9vcmRlcl9jb3VudCI7aToxO3M6Mjg6ImFjdGl2ZV93YWl0ZXJfcmVxdWVzdHNfY291bnQiO2k6MDtzOjg6ImJyYW5jaGVzIjtyOjEwMjk7czoxNDoicHVzaGVyU2V0dGluZ3MiO086MjQ6IkFwcFxNb2RlbHNcUHVzaGVyU2V0dGluZyI6MzA6e3M6MTM6IgAqAGNvbm5lY3Rpb24iO3M6NToibXlzcWwiO3M6ODoiACoAdGFibGUiO3M6MTU6InB1c2hlcl9zZXR0aW5ncyI7czoxMzoiACoAcHJpbWFyeUtleSI7czoyOiJpZCI7czoxMDoiACoAa2V5VHlwZSI7czozOiJpbnQiO3M6MTI6ImluY3JlbWVudGluZyI7YjoxO3M6NzoiACoAd2l0aCI7YTowOnt9czoxMjoiACoAd2l0aENvdW50IjthOjA6e31zOjE5OiJwcmV2ZW50c0xhenlMb2FkaW5nIjtiOjA7czoxMDoiACoAcGVyUGFnZSI7aToxNTtzOjY6ImV4aXN0cyI7YjoxO3M6MTg6Indhc1JlY2VudGx5Q3JlYXRlZCI7YjowO3M6Mjg6IgAqAGVzY2FwZVdoZW5DYXN0aW5nVG9TdHJpbmciO2I6MDtzOjEzOiIAKgBhdHRyaWJ1dGVzIjthOjY6e3M6MjoiaWQiO2k6MTtzOjEzOiJiZWFtZXJfc3RhdHVzIjtpOjA7czoxMToiaW5zdGFuY2VfaWQiO047czoxMToiYmVhbV9zZWNyZXQiO047czoxMDoiY3JlYXRlZF9hdCI7czoxOToiMjAyNS0wMS0xMCAwMTo1NDozNCI7czoxMDoidXBkYXRlZF9hdCI7czoxOToiMjAyNS0wMS0xMCAwMTo1NDozNCI7fXM6MTE6IgAqAG9yaWdpbmFsIjthOjY6e3M6MjoiaWQiO2k6MTtzOjEzOiJiZWFtZXJfc3RhdHVzIjtpOjA7czoxMToiaW5zdGFuY2VfaWQiO047czoxMToiYmVhbV9zZWNyZXQiO047czoxMDoiY3JlYXRlZF9hdCI7czoxOToiMjAyNS0wMS0xMCAwMTo1NDozNCI7czoxMDoidXBkYXRlZF9hdCI7czoxOToiMjAyNS0wMS0xMCAwMTo1NDozNCI7fXM6MTA6IgAqAGNoYW5nZXMiO2E6MDp7fXM6ODoiACoAY2FzdHMiO2E6MDp7fXM6MTc6IgAqAGNsYXNzQ2FzdENhY2hlIjthOjA6e31zOjIxOiIAKgBhdHRyaWJ1dGVDYXN0Q2FjaGUiO2E6MDp7fXM6MTM6IgAqAGRhdGVGb3JtYXQiO047czoxMDoiACoAYXBwZW5kcyI7YTowOnt9czoxOToiACoAZGlzcGF0Y2hlc0V2ZW50cyI7YTowOnt9czoxNDoiACoAb2JzZXJ2YWJsZXMiO2E6MDp7fXM6MTI6IgAqAHJlbGF0aW9ucyI7YTowOnt9czoxMDoiACoAdG91Y2hlcyI7YTowOnt9czoxMDoidGltZXN0YW1wcyI7YjoxO3M6MTM6InVzZXNVbmlxdWVJZHMiO2I6MDtzOjk6IgAqAGhpZGRlbiI7YTowOnt9czoxMDoiACoAdmlzaWJsZSI7YTowOnt9czoxMToiACoAZmlsbGFibGUiO2E6MDp7fXM6MTA6IgAqAGd1YXJkZWQiO2E6MTp7aTowO3M6MjoiaWQiO319czoyMzoiY3VycmVuY3lfZm9ybWF0X3NldHRpbmciO3I6NjQ5O30=', 1754829808);
INSERT INTO `sessions` (`id`, `user_id`, `ip_address`, `user_agent`, `payload`, `last_activity`) VALUES
('P2Pwsf2tU4pQJpzLG9r8494z9nKLcKZtcoF5SG8m', NULL, '89.110.80.171', 'Mozilla/5.0 (Macintosh; Intel Mac OS X 10_15_7) AppleWebKit/537.36 (KHTML, like Gecko) Chrome/133.0.0.0 Safari/537.36', 'YTo1OntzOjY6Il90b2tlbiI7czo0MDoicVNtSTVSVHhCdlhWSzF6V0RmSW40SEg5NjRZMGpkaWY2eE85M1RiMSI7czoyMDoiY2hlY2tfbWlncmF0ZV9zdGF0dXMiO3M6NDoiR29vZCI7czo0OiJ1c2VyIjtOO3M6OToiX3ByZXZpb3VzIjthOjE6e3M6MzoidXJsIjtzOjQzOiJodHRwczovL3Jlc3Ryby5zaXN0ZW0uYXBwL3Jlc3RhdXJhbnQtc2lnbnVwIjt9czo2OiJfZmxhc2giO2E6Mjp7czozOiJvbGQiO2E6MDp7fXM6MzoibmV3IjthOjA6e319fQ==', 1754829045),
('rQilhWBkAp6dAd4HFd7cMZnRZVx2XlbwTXxfV9CI', NULL, '106.54.4.79', 'Mozilla/5.0 (Linux; Android 10; LIO-AN00 Build/HUAWEILIO-AN00; wv) MicroMessenger Weixin QQ AppleWebKit/537.36 (KHTML, like Gecko) Version/4.0 Chrome/78.0.3904.62 XWEB/2692 MMWEBSDK/200901 Mobile Safari/537.36', 'YTo2OntzOjY6Il90b2tlbiI7czo0MDoiMXhWTDJESE41a1N3aVJKbm1jQXpvbEhsR0o4MmxwVU1MRjBKdHpEdyI7czoyMDoiY2hlY2tfbWlncmF0ZV9zdGF0dXMiO3M6NDoiR29vZCI7czozMToiZ2xvYmFsX2N1cnJlbmN5X2Zvcm1hdF9zZXR0aW5nMiI7TzoyNToiQXBwXE1vZGVsc1xHbG9iYWxDdXJyZW5jeSI6MzE6e3M6MTM6IgAqAGNvbm5lY3Rpb24iO3M6NToibXlzcWwiO3M6ODoiACoAdGFibGUiO3M6MTc6Imdsb2JhbF9jdXJyZW5jaWVzIjtzOjEzOiIAKgBwcmltYXJ5S2V5IjtzOjI6ImlkIjtzOjEwOiIAKgBrZXlUeXBlIjtzOjM6ImludCI7czoxMjoiaW5jcmVtZW50aW5nIjtiOjE7czo3OiIAKgB3aXRoIjthOjA6e31zOjEyOiIAKgB3aXRoQ291bnQiO2E6MDp7fXM6MTk6InByZXZlbnRzTGF6eUxvYWRpbmciO2I6MDtzOjEwOiIAKgBwZXJQYWdlIjtpOjE1O3M6NjoiZXhpc3RzIjtiOjE7czoxODoid2FzUmVjZW50bHlDcmVhdGVkIjtiOjA7czoyODoiACoAZXNjYXBlV2hlbkNhc3RpbmdUb1N0cmluZyI7YjowO3M6MTM6IgAqAGF0dHJpYnV0ZXMiO2E6MTU6e3M6MjoiaWQiO2k6MjtzOjEzOiJjdXJyZW5jeV9uYW1lIjtzOjU6IlJ1cGVlIjtzOjE1OiJjdXJyZW5jeV9zeW1ib2wiO3M6Mzoi4oK5IjtzOjEzOiJjdXJyZW5jeV9jb2RlIjtzOjM6IklOUiI7czoxMzoiZXhjaGFuZ2VfcmF0ZSI7TjtzOjk6InVzZF9wcmljZSI7TjtzOjE3OiJpc19jcnlwdG9jdXJyZW5jeSI7czoyOiJubyI7czoxNzoiY3VycmVuY3lfcG9zaXRpb24iO3M6NDoibGVmdCI7czoxMzoibm9fb2ZfZGVjaW1hbCI7aToyO3M6MTg6InRob3VzYW5kX3NlcGFyYXRvciI7TjtzOjE3OiJkZWNpbWFsX3NlcGFyYXRvciI7TjtzOjY6InN0YXR1cyI7czo2OiJlbmFibGUiO3M6MTA6ImNyZWF0ZWRfYXQiO3M6MTk6IjIwMjUtMDEtMTAgMDE6NTQ6MzQiO3M6MTA6InVwZGF0ZWRfYXQiO3M6MTk6IjIwMjUtMDEtMTAgMDE6NTQ6MzQiO3M6MTA6ImRlbGV0ZWRfYXQiO047fXM6MTE6IgAqAG9yaWdpbmFsIjthOjE1OntzOjI6ImlkIjtpOjI7czoxMzoiY3VycmVuY3lfbmFtZSI7czo1OiJSdXBlZSI7czoxNToiY3VycmVuY3lfc3ltYm9sIjtzOjM6IuKCuSI7czoxMzoiY3VycmVuY3lfY29kZSI7czozOiJJTlIiO3M6MTM6ImV4Y2hhbmdlX3JhdGUiO047czo5OiJ1c2RfcHJpY2UiO047czoxNzoiaXNfY3J5cHRvY3VycmVuY3kiO3M6Mjoibm8iO3M6MTc6ImN1cnJlbmN5X3Bvc2l0aW9uIjtzOjQ6ImxlZnQiO3M6MTM6Im5vX29mX2RlY2ltYWwiO2k6MjtzOjE4OiJ0aG91c2FuZF9zZXBhcmF0b3IiO047czoxNzoiZGVjaW1hbF9zZXBhcmF0b3IiO047czo2OiJzdGF0dXMiO3M6NjoiZW5hYmxlIjtzOjEwOiJjcmVhdGVkX2F0IjtzOjE5OiIyMDI1LTAxLTEwIDAxOjU0OjM0IjtzOjEwOiJ1cGRhdGVkX2F0IjtzOjE5OiIyMDI1LTAxLTEwIDAxOjU0OjM0IjtzOjEwOiJkZWxldGVkX2F0IjtOO31zOjEwOiIAKgBjaGFuZ2VzIjthOjA6e31zOjg6IgAqAGNhc3RzIjthOjI6e3M6MTc6ImlzX2NyeXB0b2N1cnJlbmN5IjtzOjc6ImJvb2xlYW4iO3M6MTA6ImRlbGV0ZWRfYXQiO3M6ODoiZGF0ZXRpbWUiO31zOjE3OiIAKgBjbGFzc0Nhc3RDYWNoZSI7YTowOnt9czoyMToiACoAYXR0cmlidXRlQ2FzdENhY2hlIjthOjA6e31zOjEzOiIAKgBkYXRlRm9ybWF0IjtOO3M6MTA6IgAqAGFwcGVuZHMiO2E6MDp7fXM6MTk6IgAqAGRpc3BhdGNoZXNFdmVudHMiO2E6MDp7fXM6MTQ6IgAqAG9ic2VydmFibGVzIjthOjA6e31zOjEyOiIAKgByZWxhdGlvbnMiO2E6MDp7fXM6MTA6IgAqAHRvdWNoZXMiO2E6MDp7fXM6MTA6InRpbWVzdGFtcHMiO2I6MTtzOjEzOiJ1c2VzVW5pcXVlSWRzIjtiOjA7czo5OiIAKgBoaWRkZW4iO2E6MDp7fXM6MTA6IgAqAHZpc2libGUiO2E6MDp7fXM6MTE6IgAqAGZpbGxhYmxlIjthOjExOntpOjA7czoxMzoiY3VycmVuY3lfbmFtZSI7aToxO3M6MTU6ImN1cnJlbmN5X3N5bWJvbCI7aToyO3M6MTM6ImN1cnJlbmN5X2NvZGUiO2k6MztzOjEzOiJleGNoYW5nZV9yYXRlIjtpOjQ7czo5OiJ1c2RfcHJpY2UiO2k6NTtzOjE3OiJpc19jcnlwdG9jdXJyZW5jeSI7aTo2O3M6MTc6ImN1cnJlbmN5X3Bvc2l0aW9uIjtpOjc7czoxMzoibm9fb2ZfZGVjaW1hbCI7aTo4O3M6MTg6InRob3VzYW5kX3NlcGFyYXRvciI7aTo5O3M6MTc6ImRlY2ltYWxfc2VwYXJhdG9yIjtpOjEwO3M6Njoic3RhdHVzIjt9czoxMDoiACoAZ3VhcmRlZCI7YToxOntpOjA7czoxOiIqIjt9czoxNjoiACoAZm9yY2VEZWxldGluZyI7YjowO31zOjQ6InVzZXIiO047czo5OiJfcHJldmlvdXMiO2E6MTp7czozOiJ1cmwiO3M6MjU6Imh0dHBzOi8vcmVzdHJvLnNpc3RlbS5hcHAiO31zOjY6Il9mbGFzaCI7YToyOntzOjM6Im9sZCI7YTowOnt9czozOiJuZXciO2E6MDp7fX19', 1754825328),
('UIwPBlvbXxOmpHhsddz9eks55rCmYNYfrs58RRZR', NULL, '::1', 'Mozilla/5.0 (Windows NT 10.0; Win64; x64) AppleWebKit/537.36 (KHTML, like Gecko) Chrome/138.0.0.0 Safari/537.36', 'YTo3OntzOjY6Il90b2tlbiI7czo0MDoiME52TElwMGZYRGk4R2VpOFZibjNtbEp3elNqa3dYQ1NhcUR2SnZrcCI7czoyMDoiY2hlY2tfbWlncmF0ZV9zdGF0dXMiO3M6NDoiR29vZCI7czozMToiZ2xvYmFsX2N1cnJlbmN5X2Zvcm1hdF9zZXR0aW5nMiI7TzoyNToiQXBwXE1vZGVsc1xHbG9iYWxDdXJyZW5jeSI6MzQ6e3M6MTM6IgAqAGNvbm5lY3Rpb24iO3M6NToibXlzcWwiO3M6ODoiACoAdGFibGUiO3M6MTc6Imdsb2JhbF9jdXJyZW5jaWVzIjtzOjEzOiIAKgBwcmltYXJ5S2V5IjtzOjI6ImlkIjtzOjEwOiIAKgBrZXlUeXBlIjtzOjM6ImludCI7czoxMjoiaW5jcmVtZW50aW5nIjtiOjE7czo3OiIAKgB3aXRoIjthOjA6e31zOjEyOiIAKgB3aXRoQ291bnQiO2E6MDp7fXM6MTk6InByZXZlbnRzTGF6eUxvYWRpbmciO2I6MDtzOjEwOiIAKgBwZXJQYWdlIjtpOjE1O3M6NjoiZXhpc3RzIjtiOjE7czoxODoid2FzUmVjZW50bHlDcmVhdGVkIjtiOjA7czoyODoiACoAZXNjYXBlV2hlbkNhc3RpbmdUb1N0cmluZyI7YjowO3M6MTM6IgAqAGF0dHJpYnV0ZXMiO2E6MTU6e3M6MjoiaWQiO2k6MjtzOjEzOiJjdXJyZW5jeV9uYW1lIjtzOjU6IlJ1cGVlIjtzOjE1OiJjdXJyZW5jeV9zeW1ib2wiO3M6Mzoi4oK5IjtzOjEzOiJjdXJyZW5jeV9jb2RlIjtzOjM6IklOUiI7czoxMzoiZXhjaGFuZ2VfcmF0ZSI7TjtzOjk6InVzZF9wcmljZSI7TjtzOjE3OiJpc19jcnlwdG9jdXJyZW5jeSI7czoyOiJubyI7czoxNzoiY3VycmVuY3lfcG9zaXRpb24iO3M6NDoibGVmdCI7czoxMzoibm9fb2ZfZGVjaW1hbCI7aToyO3M6MTg6InRob3VzYW5kX3NlcGFyYXRvciI7czoxOiIsIjtzOjE3OiJkZWNpbWFsX3NlcGFyYXRvciI7czoxOiIuIjtzOjY6InN0YXR1cyI7czo2OiJlbmFibGUiO3M6MTA6ImNyZWF0ZWRfYXQiO3M6MTk6IjIwMjUtMDgtMDEgMTU6MDU6MjUiO3M6MTA6InVwZGF0ZWRfYXQiO3M6MTk6IjIwMjUtMDgtMDEgMTU6MDU6MjUiO3M6MTA6ImRlbGV0ZWRfYXQiO047fXM6MTE6IgAqAG9yaWdpbmFsIjthOjE1OntzOjI6ImlkIjtpOjI7czoxMzoiY3VycmVuY3lfbmFtZSI7czo1OiJSdXBlZSI7czoxNToiY3VycmVuY3lfc3ltYm9sIjtzOjM6IuKCuSI7czoxMzoiY3VycmVuY3lfY29kZSI7czozOiJJTlIiO3M6MTM6ImV4Y2hhbmdlX3JhdGUiO047czo5OiJ1c2RfcHJpY2UiO047czoxNzoiaXNfY3J5cHRvY3VycmVuY3kiO3M6Mjoibm8iO3M6MTc6ImN1cnJlbmN5X3Bvc2l0aW9uIjtzOjQ6ImxlZnQiO3M6MTM6Im5vX29mX2RlY2ltYWwiO2k6MjtzOjE4OiJ0aG91c2FuZF9zZXBhcmF0b3IiO3M6MToiLCI7czoxNzoiZGVjaW1hbF9zZXBhcmF0b3IiO3M6MToiLiI7czo2OiJzdGF0dXMiO3M6NjoiZW5hYmxlIjtzOjEwOiJjcmVhdGVkX2F0IjtzOjE5OiIyMDI1LTA4LTAxIDE1OjA1OjI1IjtzOjEwOiJ1cGRhdGVkX2F0IjtzOjE5OiIyMDI1LTA4LTAxIDE1OjA1OjI1IjtzOjEwOiJkZWxldGVkX2F0IjtOO31zOjEwOiIAKgBjaGFuZ2VzIjthOjA6e31zOjExOiIAKgBwcmV2aW91cyI7YTowOnt9czo4OiIAKgBjYXN0cyI7YToyOntzOjE3OiJpc19jcnlwdG9jdXJyZW5jeSI7czo3OiJib29sZWFuIjtzOjEwOiJkZWxldGVkX2F0IjtzOjg6ImRhdGV0aW1lIjt9czoxNzoiACoAY2xhc3NDYXN0Q2FjaGUiO2E6MDp7fXM6MjE6IgAqAGF0dHJpYnV0ZUNhc3RDYWNoZSI7YTowOnt9czoxMzoiACoAZGF0ZUZvcm1hdCI7TjtzOjEwOiIAKgBhcHBlbmRzIjthOjA6e31zOjE5OiIAKgBkaXNwYXRjaGVzRXZlbnRzIjthOjA6e31zOjE0OiIAKgBvYnNlcnZhYmxlcyI7YTowOnt9czoxMjoiACoAcmVsYXRpb25zIjthOjA6e31zOjEwOiIAKgB0b3VjaGVzIjthOjA6e31zOjI3OiIAKgByZWxhdGlvbkF1dG9sb2FkQ2FsbGJhY2siO047czoyNjoiACoAcmVsYXRpb25BdXRvbG9hZENvbnRleHQiO047czoxMDoidGltZXN0YW1wcyI7YjoxO3M6MTM6InVzZXNVbmlxdWVJZHMiO2I6MDtzOjk6IgAqAGhpZGRlbiI7YTowOnt9czoxMDoiACoAdmlzaWJsZSI7YTowOnt9czoxMToiACoAZmlsbGFibGUiO2E6MTE6e2k6MDtzOjEzOiJjdXJyZW5jeV9uYW1lIjtpOjE7czoxNToiY3VycmVuY3lfc3ltYm9sIjtpOjI7czoxMzoiY3VycmVuY3lfY29kZSI7aTozO3M6MTM6ImV4Y2hhbmdlX3JhdGUiO2k6NDtzOjk6InVzZF9wcmljZSI7aTo1O3M6MTc6ImlzX2NyeXB0b2N1cnJlbmN5IjtpOjY7czoxNzoiY3VycmVuY3lfcG9zaXRpb24iO2k6NztzOjEzOiJub19vZl9kZWNpbWFsIjtpOjg7czoxODoidGhvdXNhbmRfc2VwYXJhdG9yIjtpOjk7czoxNzoiZGVjaW1hbF9zZXBhcmF0b3IiO2k6MTA7czo2OiJzdGF0dXMiO31zOjEwOiIAKgBndWFyZGVkIjthOjE6e2k6MDtzOjE6IioiO31zOjE2OiIAKgBmb3JjZURlbGV0aW5nIjtiOjA7fXM6MzE6Imdsb2JhbF9jdXJyZW5jeV9mb3JtYXRfc2V0dGluZzEiO086MjU6IkFwcFxNb2RlbHNcR2xvYmFsQ3VycmVuY3kiOjM0OntzOjEzOiIAKgBjb25uZWN0aW9uIjtzOjU6Im15c3FsIjtzOjg6IgAqAHRhYmxlIjtzOjE3OiJnbG9iYWxfY3VycmVuY2llcyI7czoxMzoiACoAcHJpbWFyeUtleSI7czoyOiJpZCI7czoxMDoiACoAa2V5VHlwZSI7czozOiJpbnQiO3M6MTI6ImluY3JlbWVudGluZyI7YjoxO3M6NzoiACoAd2l0aCI7YTowOnt9czoxMjoiACoAd2l0aENvdW50IjthOjA6e31zOjE5OiJwcmV2ZW50c0xhenlMb2FkaW5nIjtiOjA7czoxMDoiACoAcGVyUGFnZSI7aToxNTtzOjY6ImV4aXN0cyI7YjoxO3M6MTg6Indhc1JlY2VudGx5Q3JlYXRlZCI7YjowO3M6Mjg6IgAqAGVzY2FwZVdoZW5DYXN0aW5nVG9TdHJpbmciO2I6MDtzOjEzOiIAKgBhdHRyaWJ1dGVzIjthOjE1OntzOjI6ImlkIjtpOjE7czoxMzoiY3VycmVuY3lfbmFtZSI7czo3OiJEb2xsYXJzIjtzOjE1OiJjdXJyZW5jeV9zeW1ib2wiO3M6MToiJCI7czoxMzoiY3VycmVuY3lfY29kZSI7czozOiJVU0QiO3M6MTM6ImV4Y2hhbmdlX3JhdGUiO047czo5OiJ1c2RfcHJpY2UiO047czoxNzoiaXNfY3J5cHRvY3VycmVuY3kiO3M6Mjoibm8iO3M6MTc6ImN1cnJlbmN5X3Bvc2l0aW9uIjtzOjQ6ImxlZnQiO3M6MTM6Im5vX29mX2RlY2ltYWwiO2k6MjtzOjE4OiJ0aG91c2FuZF9zZXBhcmF0b3IiO3M6MToiLCI7czoxNzoiZGVjaW1hbF9zZXBhcmF0b3IiO3M6MToiLiI7czo2OiJzdGF0dXMiO3M6NjoiZW5hYmxlIjtzOjEwOiJjcmVhdGVkX2F0IjtzOjE5OiIyMDI1LTA4LTAxIDE1OjA1OjI1IjtzOjEwOiJ1cGRhdGVkX2F0IjtzOjE5OiIyMDI1LTA4LTAxIDE1OjA1OjI1IjtzOjEwOiJkZWxldGVkX2F0IjtOO31zOjExOiIAKgBvcmlnaW5hbCI7YToxNTp7czoyOiJpZCI7aToxO3M6MTM6ImN1cnJlbmN5X25hbWUiO3M6NzoiRG9sbGFycyI7czoxNToiY3VycmVuY3lfc3ltYm9sIjtzOjE6IiQiO3M6MTM6ImN1cnJlbmN5X2NvZGUiO3M6MzoiVVNEIjtzOjEzOiJleGNoYW5nZV9yYXRlIjtOO3M6OToidXNkX3ByaWNlIjtOO3M6MTc6ImlzX2NyeXB0b2N1cnJlbmN5IjtzOjI6Im5vIjtzOjE3OiJjdXJyZW5jeV9wb3NpdGlvbiI7czo0OiJsZWZ0IjtzOjEzOiJub19vZl9kZWNpbWFsIjtpOjI7czoxODoidGhvdXNhbmRfc2VwYXJhdG9yIjtzOjE6IiwiO3M6MTc6ImRlY2ltYWxfc2VwYXJhdG9yIjtzOjE6Ii4iO3M6Njoic3RhdHVzIjtzOjY6ImVuYWJsZSI7czoxMDoiY3JlYXRlZF9hdCI7czoxOToiMjAyNS0wOC0wMSAxNTowNToyNSI7czoxMDoidXBkYXRlZF9hdCI7czoxOToiMjAyNS0wOC0wMSAxNTowNToyNSI7czoxMDoiZGVsZXRlZF9hdCI7Tjt9czoxMDoiACoAY2hhbmdlcyI7YTowOnt9czoxMToiACoAcHJldmlvdXMiO2E6MDp7fXM6ODoiACoAY2FzdHMiO2E6Mjp7czoxNzoiaXNfY3J5cHRvY3VycmVuY3kiO3M6NzoiYm9vbGVhbiI7czoxMDoiZGVsZXRlZF9hdCI7czo4OiJkYXRldGltZSI7fXM6MTc6IgAqAGNsYXNzQ2FzdENhY2hlIjthOjA6e31zOjIxOiIAKgBhdHRyaWJ1dGVDYXN0Q2FjaGUiO2E6MDp7fXM6MTM6IgAqAGRhdGVGb3JtYXQiO047czoxMDoiACoAYXBwZW5kcyI7YTowOnt9czoxOToiACoAZGlzcGF0Y2hlc0V2ZW50cyI7YTowOnt9czoxNDoiACoAb2JzZXJ2YWJsZXMiO2E6MDp7fXM6MTI6IgAqAHJlbGF0aW9ucyI7YTowOnt9czoxMDoiACoAdG91Y2hlcyI7YTowOnt9czoyNzoiACoAcmVsYXRpb25BdXRvbG9hZENhbGxiYWNrIjtOO3M6MjY6IgAqAHJlbGF0aW9uQXV0b2xvYWRDb250ZXh0IjtOO3M6MTA6InRpbWVzdGFtcHMiO2I6MTtzOjEzOiJ1c2VzVW5pcXVlSWRzIjtiOjA7czo5OiIAKgBoaWRkZW4iO2E6MDp7fXM6MTA6IgAqAHZpc2libGUiO2E6MDp7fXM6MTE6IgAqAGZpbGxhYmxlIjthOjExOntpOjA7czoxMzoiY3VycmVuY3lfbmFtZSI7aToxO3M6MTU6ImN1cnJlbmN5X3N5bWJvbCI7aToyO3M6MTM6ImN1cnJlbmN5X2NvZGUiO2k6MztzOjEzOiJleGNoYW5nZV9yYXRlIjtpOjQ7czo5OiJ1c2RfcHJpY2UiO2k6NTtzOjE3OiJpc19jcnlwdG9jdXJyZW5jeSI7aTo2O3M6MTc6ImN1cnJlbmN5X3Bvc2l0aW9uIjtpOjc7czoxMzoibm9fb2ZfZGVjaW1hbCI7aTo4O3M6MTg6InRob3VzYW5kX3NlcGFyYXRvciI7aTo5O3M6MTc6ImRlY2ltYWxfc2VwYXJhdG9yIjtpOjEwO3M6Njoic3RhdHVzIjt9czoxMDoiACoAZ3VhcmRlZCI7YToxOntpOjA7czoxOiIqIjt9czoxNjoiACoAZm9yY2VEZWxldGluZyI7YjowO31zOjQ6InVzZXIiO047czo5OiJfcHJldmlvdXMiO2E6MTp7czozOiJ1cmwiO3M6NTg6Imh0dHA6Ly9sb2NhbGhvc3QvbGFyYXZlbC9yZXN0dXJhbnRtb2QvcHVibGljL21hbmlmZXN0Lmpzb24iO31zOjY6Il9mbGFzaCI7YToyOntzOjM6Im9sZCI7YTowOnt9czozOiJuZXciO2E6MDp7fX19', 1755062247);

-- --------------------------------------------------------

--
-- Table structure for table `split_orders`
--

CREATE TABLE `split_orders` (
  `id` bigint(20) UNSIGNED NOT NULL,
  `order_id` bigint(20) UNSIGNED NOT NULL,
  `amount` decimal(16,2) NOT NULL,
  `status` enum('pending','paid') NOT NULL DEFAULT 'pending',
  `payment_method` enum('cash','upi','card','due','stripe','razorpay') NOT NULL DEFAULT 'cash',
  `created_at` timestamp NULL DEFAULT NULL,
  `updated_at` timestamp NULL DEFAULT NULL
) ENGINE=InnoDB DEFAULT CHARSET=utf8mb4 COLLATE=utf8mb4_unicode_ci;

--
-- Dumping data for table `split_orders`
--

INSERT INTO `split_orders` (`id`, `order_id`, `amount`, `status`, `payment_method`, `created_at`, `updated_at`) VALUES
(1, 3, 122.75, 'paid', 'upi', '2025-01-13 18:06:23', '2025-01-13 18:06:23'),
(2, 3, 603.75, 'paid', 'cash', '2025-01-13 18:06:23', '2025-01-13 18:06:23'),
(3, 9, 304.75, 'paid', 'cash', '2025-01-14 12:28:49', '2025-01-14 12:28:49'),
(4, 9, 304.75, 'paid', 'cash', '2025-01-14 12:28:49', '2025-01-14 12:28:49'),
(5, 10, 1000.00, 'paid', 'cash', '2025-01-14 12:29:30', '2025-01-14 12:29:30'),
(6, 10, 345.00, 'paid', 'cash', '2025-01-14 12:29:30', '2025-01-14 12:29:30'),
(7, 10, 667.00, 'paid', 'cash', '2025-01-14 12:31:40', '2025-01-14 12:31:40'),
(8, 10, 540.50, 'paid', 'cash', '2025-01-14 12:31:40', '2025-01-14 12:31:40'),
(9, 10, 138.00, 'paid', 'cash', '2025-01-14 12:31:40', '2025-01-14 12:31:40'),
(10, 138, 457.70, 'paid', 'card', '2025-02-06 17:11:29', '2025-02-06 17:11:29'),
(11, 138, 143.75, 'paid', 'cash', '2025-02-06 17:11:29', '2025-02-06 17:11:29');

-- --------------------------------------------------------

--
-- Table structure for table `split_order_items`
--

CREATE TABLE `split_order_items` (
  `id` bigint(20) UNSIGNED NOT NULL,
  `split_order_id` bigint(20) UNSIGNED NOT NULL,
  `order_item_id` bigint(20) UNSIGNED NOT NULL,
  `created_at` timestamp NULL DEFAULT NULL,
  `updated_at` timestamp NULL DEFAULT NULL
) ENGINE=InnoDB DEFAULT CHARSET=utf8mb4 COLLATE=utf8mb4_unicode_ci;

--
-- Dumping data for table `split_order_items`
--

INSERT INTO `split_order_items` (`id`, `split_order_id`, `order_item_id`, `created_at`, `updated_at`) VALUES
(1, 7, 28, '2025-01-14 12:31:40', '2025-01-14 12:31:40'),
(2, 7, 30, '2025-01-14 12:31:40', '2025-01-14 12:31:40'),
(3, 7, 33, '2025-01-14 12:31:40', '2025-01-14 12:31:40'),
(4, 8, 29, '2025-01-14 12:31:40', '2025-01-14 12:31:40'),
(5, 8, 31, '2025-01-14 12:31:40', '2025-01-14 12:31:40'),
(6, 8, 32, '2025-01-14 12:31:40', '2025-01-14 12:31:40'),
(7, 9, 34, '2025-01-14 12:31:40', '2025-01-14 12:31:40'),
(8, 10, 296, '2025-02-06 17:11:29', '2025-02-06 17:11:29'),
(9, 10, 297, '2025-02-06 17:11:29', '2025-02-06 17:11:29'),
(10, 11, 298, '2025-02-06 17:11:29', '2025-02-06 17:11:29');

-- --------------------------------------------------------

--
-- Table structure for table `stripe_payments`
--

CREATE TABLE `stripe_payments` (
  `id` bigint(20) UNSIGNED NOT NULL,
  `order_id` bigint(20) UNSIGNED NOT NULL,
  `payment_date` datetime DEFAULT NULL,
  `amount` decimal(16,2) DEFAULT NULL,
  `payment_status` enum('pending','requested','declined','completed') NOT NULL DEFAULT 'pending',
  `payment_error_response` text DEFAULT NULL,
  `stripe_payment_intent` varchar(191) DEFAULT NULL,
  `stripe_session_id` text DEFAULT NULL,
  `created_at` timestamp NULL DEFAULT NULL,
  `updated_at` timestamp NULL DEFAULT NULL
) ENGINE=InnoDB DEFAULT CHARSET=utf8mb4 COLLATE=utf8mb4_unicode_ci;

-- --------------------------------------------------------

--
-- Table structure for table `superadmin_payment_gateways`
--

CREATE TABLE `superadmin_payment_gateways` (
  `id` bigint(20) UNSIGNED NOT NULL,
  `razorpay_type` enum('test','live') NOT NULL DEFAULT 'test',
  `test_razorpay_key` text DEFAULT NULL,
  `test_razorpay_secret` text DEFAULT NULL,
  `razorpay_test_webhook_key` text DEFAULT NULL,
  `live_razorpay_key` text DEFAULT NULL,
  `live_razorpay_secret` text DEFAULT NULL,
  `razorpay_live_webhook_key` text DEFAULT NULL,
  `razorpay_status` tinyint(1) NOT NULL DEFAULT 0,
  `stripe_type` enum('test','live') NOT NULL DEFAULT 'test',
  `test_stripe_key` text DEFAULT NULL,
  `test_stripe_secret` text DEFAULT NULL,
  `stripe_test_webhook_key` text DEFAULT NULL,
  `live_stripe_key` text DEFAULT NULL,
  `live_stripe_secret` text DEFAULT NULL,
  `stripe_live_webhook_key` text DEFAULT NULL,
  `stripe_status` tinyint(1) NOT NULL DEFAULT 0,
  `created_at` timestamp NULL DEFAULT NULL,
  `updated_at` timestamp NULL DEFAULT NULL,
  `flutterwave_status` tinyint(1) NOT NULL DEFAULT 0,
  `flutterwave_type` enum('test','live') NOT NULL DEFAULT 'test',
  `test_flutterwave_key` text DEFAULT NULL,
  `test_flutterwave_secret` text DEFAULT NULL,
  `test_flutterwave_hash` text DEFAULT NULL,
  `flutterwave_test_webhook_key` text DEFAULT NULL,
  `live_flutterwave_key` text DEFAULT NULL,
  `live_flutterwave_secret` text DEFAULT NULL,
  `live_flutterwave_hash` text DEFAULT NULL,
  `flutterwave_live_webhook_key` text DEFAULT NULL,
  `live_paypal_client_id` varchar(191) DEFAULT NULL,
  `live_paypal_secret` varchar(191) DEFAULT NULL,
  `test_paypal_client_id` varchar(191) DEFAULT NULL,
  `test_paypal_secret` varchar(191) DEFAULT NULL,
  `paypal_status` tinyint(1) NOT NULL DEFAULT 0,
  `paypal_mode` enum('sandbox','live') NOT NULL DEFAULT 'sandbox',
  `payfast_merchant_id` varchar(191) DEFAULT NULL,
  `payfast_merchant_key` varchar(191) DEFAULT NULL,
  `payfast_passphrase` varchar(191) DEFAULT NULL,
  `test_payfast_merchant_id` varchar(191) DEFAULT NULL,
  `test_payfast_merchant_key` varchar(191) DEFAULT NULL,
  `test_payfast_passphrase` varchar(191) DEFAULT NULL,
  `payfast_mode` enum('sandbox','live') NOT NULL DEFAULT 'sandbox',
  `payfast_status` tinyint(1) NOT NULL DEFAULT 0,
  `live_paystack_key` varchar(191) DEFAULT NULL,
  `live_paystack_secret` varchar(191) DEFAULT NULL,
  `live_paystack_merchant_email` varchar(191) DEFAULT NULL,
  `test_paystack_key` varchar(191) DEFAULT NULL,
  `test_paystack_secret` varchar(191) DEFAULT NULL,
  `test_paystack_merchant_email` varchar(191) DEFAULT NULL,
  `paystack_payment_url` varchar(191) DEFAULT 'https://api.paystack.co',
  `paystack_status` tinyint(1) NOT NULL DEFAULT 0,
  `paystack_mode` enum('sandbox','live') NOT NULL DEFAULT 'sandbox'
) ENGINE=InnoDB DEFAULT CHARSET=utf8mb4 COLLATE=utf8mb4_unicode_ci;

--
-- Dumping data for table `superadmin_payment_gateways`
--

INSERT INTO `superadmin_payment_gateways` (`id`, `razorpay_type`, `test_razorpay_key`, `test_razorpay_secret`, `razorpay_test_webhook_key`, `live_razorpay_key`, `live_razorpay_secret`, `razorpay_live_webhook_key`, `razorpay_status`, `stripe_type`, `test_stripe_key`, `test_stripe_secret`, `stripe_test_webhook_key`, `live_stripe_key`, `live_stripe_secret`, `stripe_live_webhook_key`, `stripe_status`, `created_at`, `updated_at`, `flutterwave_status`, `flutterwave_type`, `test_flutterwave_key`, `test_flutterwave_secret`, `test_flutterwave_hash`, `flutterwave_test_webhook_key`, `live_flutterwave_key`, `live_flutterwave_secret`, `live_flutterwave_hash`, `flutterwave_live_webhook_key`, `live_paypal_client_id`, `live_paypal_secret`, `test_paypal_client_id`, `test_paypal_secret`, `paypal_status`, `paypal_mode`, `payfast_merchant_id`, `payfast_merchant_key`, `payfast_passphrase`, `test_payfast_merchant_id`, `test_payfast_merchant_key`, `test_payfast_passphrase`, `payfast_mode`, `payfast_status`, `live_paystack_key`, `live_paystack_secret`, `live_paystack_merchant_email`, `test_paystack_key`, `test_paystack_secret`, `test_paystack_merchant_email`, `paystack_payment_url`, `paystack_status`, `paystack_mode`) VALUES
(1, 'test', NULL, NULL, NULL, NULL, NULL, NULL, 0, 'test', NULL, NULL, NULL, NULL, NULL, NULL, 0, '2025-08-01 09:35:17', '2025-08-01 09:35:17', 0, 'test', NULL, NULL, NULL, NULL, NULL, NULL, NULL, NULL, NULL, NULL, NULL, NULL, 0, 'sandbox', NULL, NULL, NULL, NULL, NULL, NULL, 'sandbox', 0, NULL, NULL, NULL, NULL, NULL, NULL, 'https://api.paystack.co', 0, 'sandbox'),
(2, 'test', NULL, NULL, NULL, NULL, NULL, NULL, 0, 'test', NULL, NULL, NULL, NULL, NULL, NULL, 0, '2025-08-01 09:38:00', '2025-08-01 09:38:00', 0, 'test', NULL, NULL, NULL, NULL, NULL, NULL, NULL, NULL, NULL, NULL, NULL, NULL, 0, 'sandbox', NULL, NULL, NULL, NULL, NULL, NULL, 'sandbox', 0, NULL, NULL, NULL, NULL, NULL, NULL, 'https://api.paystack.co', 0, 'sandbox');

-- --------------------------------------------------------

--
-- Table structure for table `tables`
--

CREATE TABLE `tables` (
  `id` bigint(20) UNSIGNED NOT NULL,
  `branch_id` bigint(20) UNSIGNED DEFAULT NULL,
  `table_code` varchar(191) NOT NULL,
  `hash` varchar(191) NOT NULL,
  `status` enum('active','inactive') NOT NULL DEFAULT 'active',
  `available_status` enum('available','reserved','running') NOT NULL DEFAULT 'available',
  `area_id` bigint(20) UNSIGNED NOT NULL,
  `seating_capacity` tinyint(3) UNSIGNED NOT NULL,
  `created_at` timestamp NULL DEFAULT NULL,
  `updated_at` timestamp NULL DEFAULT NULL
) ENGINE=InnoDB DEFAULT CHARSET=utf8mb4 COLLATE=utf8mb4_unicode_ci;

--
-- Dumping data for table `tables`
--

INSERT INTO `tables` (`id`, `branch_id`, `table_code`, `hash`, `status`, `available_status`, `area_id`, `seating_capacity`, `created_at`, `updated_at`) VALUES
(1, 3, 'L01', 'ae59ebde6ca4695a73ca6b752eb4f1e7', 'active', 'running', 1, 6, '2025-01-11 07:31:38', '2025-01-26 11:06:37'),
(2, 3, 'L02', '8fdf66ddd8e7944b089214210c06789b', 'active', 'running', 1, 6, '2025-01-11 07:31:50', '2025-06-11 17:12:00'),
(3, 3, 'L03', '21384a23688d6d6a983be94f557c734f', 'inactive', 'available', 1, 6, '2025-01-11 07:32:03', '2025-01-14 14:29:05'),
(4, 3, 'L04', 'ea1ccc9aaec33bd05d1b7580737e0a71', 'active', 'running', 1, 10, '2025-01-11 07:32:14', '2025-01-18 20:57:48'),
(5, 3, 'L05', '5e42b2eab61beab29052b6922bd0ef14', 'active', 'available', 1, 10, '2025-01-11 07:32:23', '2025-01-13 18:06:23'),
(6, 3, 'L06', 'd48653076ecb8ebb444005c740f0fc8f', 'active', 'available', 1, 10, '2025-01-11 07:32:37', '2025-02-08 11:47:41'),
(7, 3, 'G01', 'd44e8ab0a90ab59f8752a27222f6126e', 'active', 'running', 3, 4, '2025-01-11 07:32:50', '2025-01-21 17:13:46'),
(8, 3, 'G02', '35e6884c5d80da4dcb0465767e32765a', 'active', 'running', 3, 4, '2025-01-11 07:32:59', '2025-02-07 11:40:25'),
(9, 3, 'G03', '41eb0a541fdcaab79a417bba26cfcc78', 'active', 'available', 3, 4, '2025-01-11 07:33:09', '2025-01-11 07:33:09'),
(10, 3, 'G04', 'd70bac20a131204994eda5279c916c17', 'active', 'available', 3, 4, '2025-01-11 07:33:18', '2025-01-11 07:33:18'),
(11, 3, 'G05', '41a761068d20d83a18ebde4e7f671f31', 'active', 'available', 3, 6, '2025-01-11 07:33:37', '2025-01-11 07:33:37'),
(12, 3, 'G06', '37d0d152590ddf3615e50f08a4dfed80', 'active', 'available', 3, 6, '2025-01-11 07:33:46', '2025-01-11 07:33:46'),
(13, 3, 'G07', '5d16fe1644f73196c90e0a3a4b2d73fd', 'active', 'available', 3, 10, '2025-01-11 07:33:58', '2025-01-11 07:33:58'),
(14, 3, 'G08', 'e335bdeea02e9e6deaf6bd251233a54d', 'active', 'available', 3, 10, '2025-01-11 07:34:08', '2025-01-11 07:34:08'),
(15, 3, 'R01', '614df526571ebed5b3de3a8dc20870f5', 'active', 'running', 2, 6, '2025-01-11 07:35:41', '2025-06-11 08:42:03'),
(16, 3, 'R02', '15b2d61e298d319c8f86529dccd2e658', 'active', 'running', 2, 6, '2025-01-11 07:35:50', '2025-01-18 20:30:29'),
(17, 3, 'R03', '58ba381f5420e91292f8328a5aa46f3b', 'active', 'available', 2, 6, '2025-01-11 07:35:59', '2025-01-11 07:35:59'),
(18, 3, 'R04', '521bf72418388470c93840e68a6b3d20', 'active', 'available', 2, 10, '2025-01-11 07:36:07', '2025-01-11 07:36:07'),
(19, 3, 'R05', '3c6538a5ff8891050cb1bf832fdb95f9', 'active', 'available', 2, 10, '2025-01-11 07:36:14', '2025-01-11 07:36:14'),
(20, 3, 'R06', '700de0fc8f3134e7350311479fb250d5', 'active', 'available', 2, 10, '2025-01-11 07:36:35', '2025-01-11 07:36:35'),
(22, 3, 'R07', 'a949425c12fd311bfd14510eb47faca2', 'active', 'available', 2, 10, '2025-01-11 07:38:44', '2025-01-11 07:38:44'),
(23, 3, 'L07', 'bdf6fc4ab9664840175c493ebd5a83eb', 'active', 'running', 1, 10, '2025-01-11 07:39:12', '2025-01-17 12:01:50'),
(24, 3, 'R08', '6dc24422e5462ebcdc5146905e400d30', 'active', 'available', 2, 10, '2025-01-12 15:39:09', '2025-01-12 15:39:09'),
(25, 3, 'R09', '92a62664d8a56f8af2923272cff1f3f2', 'active', 'available', 2, 10, '2025-01-12 15:40:17', '2025-01-12 15:40:17'),
(26, 3, 'L08', 'c65133f2abecd0f81078960589e9fa9a', 'active', 'running', 1, 10, '2025-01-12 15:58:11', '2025-01-14 12:41:09'),
(30, 7, 'M1', '223b13b27978d668f58f5021eed29226', 'active', 'available', 18, 4, '2025-01-21 03:52:29', '2025-08-06 15:27:46'),
(31, 7, 'M2', '8446dbbc301f7bf2dd509acb3056e360', 'active', 'available', 18, 2, '2025-01-21 03:52:39', '2025-07-20 21:26:26'),
(32, 7, 'M3', '6ae9383f5a946750acbbc978b1127850', 'active', 'available', 18, 4, '2025-01-21 03:52:50', '2025-07-04 22:17:47'),
(33, 7, 'M4', '41d1ffee945a962e3b951e6fc7254d10', 'active', 'available', 18, 4, '2025-01-21 03:53:05', '2025-06-12 16:54:57'),
(34, 7, 'M5', '09ea0b139ebe38127a5498082f69933c', 'active', 'available', 18, 4, '2025-01-21 03:53:14', '2025-05-08 08:41:34'),
(35, 7, 'M6', '2d1fa527a362e068a1337d7677cb1655', 'active', 'available', 18, 4, '2025-01-21 03:53:23', '2025-02-18 14:29:04'),
(36, 7, 'M7', '893456016208b6f41d3db03b1412be68', 'active', 'available', 18, 4, '2025-01-21 03:53:33', '2025-02-18 14:19:54'),
(37, 7, 'M8', '0a10d9c64835a0710b5992e39ba9b14d', 'active', 'available', 18, 4, '2025-01-21 03:53:52', '2025-01-21 14:40:43'),
(38, 7, 'T1', '9bdddb2edf9a0fb0d7cc48ca00120f96', 'active', 'available', 19, 4, '2025-01-21 03:54:04', '2025-08-08 22:28:55'),
(39, 7, 'T2', '007191f60e78aca114f796a011680bee', 'active', 'available', 19, 4, '2025-01-21 03:54:12', '2025-07-25 14:08:14'),
(40, 7, 'M9', '3e9931a4478c9a8b55c8c74d1500da45', 'active', 'available', 18, 9, '2025-01-21 14:34:16', '2025-02-21 14:23:27'),
(41, 7, 'M10', '582b083b111ce2197c4975caa38a26b9', 'active', 'available', 18, 4, '2025-01-21 14:34:40', '2025-06-08 08:59:49'),
(42, 7, 'T3', '076d2d8f40606903077e639d979cb141', 'active', 'running', 19, 4, '2025-01-21 14:35:52', '2025-02-20 13:06:55'),
(43, 7, 'T4', 'b8663e28c7f1d5a3bafbadbea3f99495', 'active', 'available', 19, 4, '2025-01-21 14:36:05', '2025-02-22 13:33:48'),
(44, 7, 'T5', '00ee2243d520cd466ed83a50ff4f8a13', 'active', 'available', 19, 4, '2025-01-21 14:36:14', '2025-07-19 22:24:46'),
(45, 7, 'T6', '388253773da5441083937f93f8e3596b', 'active', 'available', 19, 4, '2025-01-21 14:36:21', '2025-01-21 14:36:21'),
(46, 7, 'T7', '87e67d967ffd435792ce927ea480a078', 'active', 'running', 19, 4, '2025-01-21 14:36:32', '2025-02-20 13:07:29'),
(47, 7, 'T8', '7b812e7d3bb9ca294fac796e1659a3d3', 'active', 'available', 19, 4, '2025-01-21 14:36:42', '2025-01-21 14:36:42'),
(48, 7, 'T9', 'd032a345444f4a7ca442b6658d128021', 'active', 'available', 19, 4, '2025-01-21 14:36:51', '2025-03-24 14:45:41'),
(49, 7, 'T10', '5064633dd538968376b89cbe4fa4353d', 'active', 'available', 19, 4, '2025-01-21 14:37:12', '2025-01-21 14:37:12'),
(50, 7, 'T11', '24edff9af8b91c19b448236c2483cec2', 'active', 'available', 19, 4, '2025-01-21 14:37:19', '2025-01-21 14:37:19'),
(51, 7, 'T12', '52231bb1c57aa1cce17971899b04a429', 'active', 'available', 19, 4, '2025-01-21 14:37:27', '2025-01-21 14:37:27'),
(52, 7, 'T13', '654a67225186d3fc12b3381a9b546276', 'active', 'available', 19, 4, '2025-01-21 14:37:37', '2025-01-21 14:37:37'),
(53, 7, 'T14', 'e00c80789b4d4dddc53e5cf1f79fd118', 'active', 'available', 19, 4, '2025-01-21 14:37:46', '2025-01-21 14:37:46'),
(54, 7, 'T15', 'e541b101525bd679dddd1e755fcf8218', 'active', 'available', 19, 4, '2025-01-21 14:37:54', '2025-01-21 14:37:54'),
(55, 7, 'T16', '798d7da7b736c7d7e0b2445921f0b82c', 'active', 'available', 19, 4, '2025-01-21 14:38:01', '2025-01-21 14:38:01'),
(56, 7, 'T17', 'e4166cf2835bff4afc27c44c43f376a9', 'active', 'available', 19, 4, '2025-01-21 14:38:09', '2025-01-21 14:38:09'),
(57, 7, 'T18', '12e623a84e4f915a7aa86e833bf6bc8f', 'active', 'available', 19, 4, '2025-01-21 14:38:17', '2025-01-21 14:38:17'),
(58, 7, 'T19', '44cc8d96f050372a2c123a0754cbe495', 'active', 'available', 19, 4, '2025-01-21 14:38:23', '2025-01-21 14:38:23'),
(59, 7, 'T20', '2c017ce35210634dcbbd2c861a973361', 'active', 'available', 19, 4, '2025-01-21 14:38:33', '2025-01-21 14:38:33'),
(60, 7, 'VIP AREA', '19ccfe163e5229412e59abfbe53eef9b', 'active', 'running', 20, 10, '2025-01-21 14:42:20', '2025-01-31 10:13:13'),
(61, 3, '01', 'f06e4c1a88286a8e8f5be90557c66d30', 'active', 'running', 21, 2, '2025-01-21 15:36:59', '2025-02-06 13:32:07'),
(62, 3, '02', '730210ee19dd5ce6ca0b43cb544b41a4', 'active', 'running', 21, 2, '2025-01-21 15:37:10', '2025-06-09 05:11:40'),
(63, 3, '03', '7a1d5e643e8644b3d23d9ca1213cd39d', 'inactive', 'available', 21, 4, '2025-01-21 15:37:19', '2025-01-21 15:37:39'),
(64, 3, '04', 'a2f1ed2126d409dfe9c2faa1ea1d37d3', 'active', 'available', 21, 4, '2025-01-21 15:37:29', '2025-01-21 15:37:29'),
(65, 3, 'VIP 01', '4ff530dd70fde37b18c20cb5a0944a92', 'active', 'running', 22, 2, '2025-02-07 09:14:11', '2025-02-12 09:08:09'),
(66, 3, 'VIP 02', '08d4b1f7f8fcdc35f9cc6c08401e86b8', 'active', 'available', 22, 4, '2025-02-07 09:14:26', '2025-02-07 09:14:26'),
(67, 3, 'L09', 'db42b804e9985f6804e12f7125fb09f8', 'active', 'available', 1, 4, '2025-02-07 09:34:17', '2025-02-07 09:34:17'),
(68, 1, 'Table 1', '2067da14e4906141387e192aef21d0d6', 'active', 'available', 25, 6, '2025-07-24 12:32:35', '2025-07-24 12:32:35');

-- --------------------------------------------------------

--
-- Table structure for table `taxes`
--

CREATE TABLE `taxes` (
  `id` bigint(20) UNSIGNED NOT NULL,
  `restaurant_id` bigint(20) UNSIGNED DEFAULT NULL,
  `tax_name` varchar(191) NOT NULL,
  `tax_percent` decimal(16,2) NOT NULL,
  `created_at` timestamp NULL DEFAULT NULL,
  `updated_at` timestamp NULL DEFAULT NULL
) ENGINE=InnoDB DEFAULT CHARSET=utf8mb4 COLLATE=utf8mb4_unicode_ci;

--
-- Dumping data for table `taxes`
--

INSERT INTO `taxes` (`id`, `restaurant_id`, `tax_name`, `tax_percent`, `created_at`, `updated_at`) VALUES
(1, 1, 'SGST', 2.50, '2025-08-01 09:38:00', '2025-08-01 09:38:00'),
(2, 1, 'CGST', 2.50, '2025-08-01 09:38:00', '2025-08-01 09:38:00'),
(3, 2, 'CGST', 2.50, '2025-01-11 07:56:03', '2025-01-11 08:27:49'),
(4, 2, 'SGST', 2.50, '2025-01-11 08:28:00', '2025-01-11 08:28:00'),
(8, 6, 'CGST', 2.50, '2025-01-21 14:09:37', '2025-01-21 14:09:37'),
(9, 6, 'SGST', 2.50, '2025-01-21 14:09:43', '2025-01-21 14:09:43');

-- --------------------------------------------------------

--
-- Table structure for table `users`
--

CREATE TABLE `users` (
  `id` bigint(20) UNSIGNED NOT NULL,
  `restaurant_id` bigint(20) UNSIGNED DEFAULT NULL,
  `branch_id` bigint(20) UNSIGNED DEFAULT NULL,
  `name` varchar(191) NOT NULL,
  `email` varchar(191) NOT NULL,
  `phone_number` varchar(191) DEFAULT NULL,
  `phone_code` varchar(191) DEFAULT NULL,
  `email_verified_at` timestamp NULL DEFAULT NULL,
  `password` varchar(191) NOT NULL,
  `two_factor_secret` text DEFAULT NULL,
  `two_factor_recovery_codes` text DEFAULT NULL,
  `two_factor_confirmed_at` timestamp NULL DEFAULT NULL,
  `remember_token` varchar(100) DEFAULT NULL,
  `current_team_id` bigint(20) UNSIGNED DEFAULT NULL,
  `profile_photo_path` varchar(2048) DEFAULT NULL,
  `created_at` timestamp NULL DEFAULT NULL,
  `updated_at` timestamp NULL DEFAULT NULL,
  `locale` varchar(191) NOT NULL DEFAULT 'en',
  `stripe_id` varchar(191) DEFAULT NULL,
  `pm_type` varchar(191) DEFAULT NULL,
  `pm_last_four` varchar(4) DEFAULT NULL,
  `trial_ends_at` timestamp NULL DEFAULT NULL
) ENGINE=InnoDB DEFAULT CHARSET=utf8mb4 COLLATE=utf8mb4_unicode_ci;

--
-- Dumping data for table `users`
--

INSERT INTO `users` (`id`, `restaurant_id`, `branch_id`, `name`, `email`, `phone_number`, `phone_code`, `email_verified_at`, `password`, `two_factor_secret`, `two_factor_recovery_codes`, `two_factor_confirmed_at`, `remember_token`, `current_team_id`, `profile_photo_path`, `created_at`, `updated_at`, `locale`, `stripe_id`, `pm_type`, `pm_last_four`, `trial_ends_at`) VALUES
(1, NULL, NULL, 'Ashutosh Srivastava', 'superadmin@gmail.com', NULL, NULL, NULL, '$2y$12$L8QsQaHiZQfRA7x5/7NfXuV0sOY48cksCgvC.6RXqCQaNWgE02b0K', NULL, NULL, NULL, NULL, NULL, NULL, '2025-08-01 09:37:52', '2025-08-01 09:37:52', 'en', NULL, NULL, NULL, NULL),
(2, 1, NULL, 'Subrata Saha', 'admin@gmail.com', NULL, NULL, NULL, '$2y$12$L8QsQaHiZQfRA7x5/7NfXuV0sOY48cksCgvC.6RXqCQaNWgE02b0K', NULL, NULL, NULL, NULL, NULL, NULL, '2025-08-01 09:38:01', '2025-08-01 09:38:01', 'en', NULL, NULL, NULL, NULL),
(3, 1, 1, 'Sumanta', 'waiter@gmail.com', NULL, NULL, NULL, '$2y$12$L8QsQaHiZQfRA7x5/7NfXuV0sOY48cksCgvC.6RXqCQaNWgE02b0K', NULL, NULL, NULL, NULL, NULL, NULL, '2025-08-01 09:38:01', '2025-08-01 09:38:01', 'en', NULL, NULL, NULL, NULL),
(4, 2, 3, 'Sushovan Mitra', 'sushovan.mitra@gmail.com', NULL, NULL, NULL, '$2y$12$jhjZnFjxxX5br3CMd1kGS.9cZwLKZeFufoaUwQqL5D55Xqs6w9zUS', NULL, NULL, NULL, 'xwD9oJPb2yEeRcuC0RlgAWWOPulwFT1opuRt5k4lJxu2w8nNvNWssxumNeSe', NULL, NULL, '2025-01-11 01:44:36', '2025-06-26 16:29:21', 'en', NULL, NULL, NULL, NULL),
(8, 2, 3, 'Zoya A.', 'zoya@gmail.com', NULL, NULL, NULL, '$2y$12$A.PRUWv8UEnn.Kp0VMsg4.xc0w/PvdwqScjX/vr6nAIx40w2DD15G', NULL, NULL, NULL, NULL, NULL, NULL, '2025-01-14 07:14:08', '2025-06-26 16:29:21', 'en', NULL, NULL, NULL, NULL),
(12, 6, 7, 'Staff One', 'zest@gmail.com', NULL, NULL, NULL, '$2y$12$gHkkTDtr5GQDW2n2ZfgPfu5dMtJint77fGwzAovVjJQtzOpN6Bg46', 'eyJpdiI6IkYwWDFTNHliby9MU0p2V3NvMEpCWkE9PSIsInZhbHVlIjoiNmlKWHBSclRJS3E3VnNuMmpzMzJFekdEaE5INnR0SmpBdWhwYW5CbVpOVT0iLCJtYWMiOiI0MGU5Y2I0ZTdlZThiZmE5M2RiMDM5ODYxY2YzYzBjYjg3MGJmYjIxMjg5NjNjZTI5ODBjOWM0Mzk5ZDk4ZWQ5IiwidGFnIjoiIn0=', 'eyJpdiI6IlFzK3FrQjk0eHNwWmtmK0t3SWRSN2c9PSIsInZhbHVlIjoiM0JUNXUrK1hycjc0a2FpM0dyRVFZMWFKajZYTFF0eTJ2NUI2ZTQvYlFDU3MwNElvYlhnalRMTzllaldwd2pidGJ4ZmFrVVJKVG9IMy9JL0ttWlh6VUlhZDBnYUE1SzU2NVZUZ2hNYTFPUm9ibERBa3BVNjhrNHY5Vk5FU1RlRHRHajdBQVcrSnllYlhicUlWa1NaL1daYldudDZvSVplblVXZ3Y5dkhkdzFUbUN6amdIZ05Fc0Y3dVpiSGdodDdrazdEc2dOeGNDOGRhbkdyaUtwZGVoQXlDTmJWYmw1V3ZKYUZZaGwwcnE5TXNodUdNSWcyaUlMMGo2MVk2ak8yUmVqRGFXaStnYWVza3BMYWpDVUlWTmc9PSIsIm1hYyI6IjJiNWMyODY2ZWQ0YjVmYzc1ZGJjYWFkNTcwMmZhNDg0YjVkNGExODliMzAwODc4YzI0MjU1NGZjMTVlOTQ1ZjAiLCJ0YWciOiIifQ==', NULL, 'TInkXNeONc2E3F8ee1baOAg6ZiRWG4NFiTRyUU7H6jnj19WdAkR0OqP3n69C', NULL, NULL, '2025-01-14 08:40:58', '2025-06-26 16:29:21', 'en', NULL, NULL, NULL, NULL),
(15, 2, 3, 'Swetanki', 'swetanki@gmail.com', NULL, NULL, NULL, '$2y$12$B/hX08wCZaiTUkki55GITeTuSIcaNAMsP4zY8s0cJzCE62KqgWbQi', NULL, NULL, NULL, NULL, NULL, NULL, '2025-01-30 06:17:28', '2025-06-26 16:29:21', 'en', NULL, NULL, NULL, NULL),
(20, 7, 8, 'Ranjan Kumar', 'ranjan@kormon.in', NULL, NULL, NULL, '$2y$12$Jrehzgk0q2PUgsOCU.3YXeGZRJmVPiETfrMrqL7VyOB3ug0PGizYm', NULL, NULL, NULL, NULL, NULL, NULL, '2025-02-07 05:34:12', '2025-06-26 16:29:21', 'en', NULL, NULL, NULL, NULL),
(22, 2, 3, 'Chef', 'chef@restro.com', NULL, NULL, NULL, '$2y$12$2Se6GtPwdJ9zsjOgbjGQI.fWnOblRRDfVaVwzpspuWFrVjryH5pwi', NULL, NULL, NULL, NULL, NULL, NULL, '2025-02-10 03:58:22', '2025-06-26 16:29:21', 'en', NULL, NULL, NULL, NULL),
(23, 2, 3, 'Waiter', 'waiter@restro.com', NULL, NULL, NULL, '$2y$12$fgJnYiLebv2Dxii3gd2tZudVEaShm1MEaByrseQ/5xEpiQfnyysCe', NULL, NULL, NULL, NULL, NULL, NULL, '2025-02-10 04:07:39', '2025-06-26 16:29:21', 'en', NULL, NULL, NULL, NULL),
(24, 8, 9, 'Kitchen & Bar', 'kitchenbar@gmail.com', NULL, NULL, NULL, '$2y$12$2nAsxLZnxtclKQjuamnRWewDkabB7pjOsRB9iNkO1lkNkomX2f4I2', NULL, NULL, NULL, NULL, NULL, NULL, '2025-02-12 05:05:51', '2025-06-26 16:29:21', 'en', NULL, NULL, NULL, NULL),
(26, 6, 7, 'Surya Prakash ( Manager)', 'gsuryaiecihm@gmail.com', NULL, NULL, NULL, '$2y$12$KjrkpfrgYgw8.GTflXpMc.8Sg9SzULYwSDhqTpNaOsfbha.HGCdpq', NULL, NULL, NULL, '29TkZBR8XLhOiQknRQ5zzROgKiWuhb7CxhLalnEf3yqg82LlePLXwHvxgq4E', NULL, NULL, '2025-05-08 05:54:37', '2025-06-26 16:29:21', 'en', NULL, NULL, NULL, NULL),
(27, 6, 7, 'JAY CHOUDHARY  ', 'JAYPHOJDAR277@GMAIL.COM', NULL, NULL, NULL, '$2y$12$bQ6tuMZm68ATMYj5JkWha.31U9N.DpxYSrW4tg0v1IHwidR3XaxXS', NULL, NULL, NULL, NULL, NULL, 'profile-photos/1551b9852b0e7ca9a983de009b918ae8.jpg', '2025-05-08 06:24:58', '2025-07-14 07:02:36', 'en', NULL, NULL, NULL, NULL),
(29, 6, 7, 'VIVEK KATHAYAT', 'VISHJEETKATHAYAT@GMAIL.COM', NULL, NULL, NULL, '$2y$12$L8X0GEI6lpMeRwvPhyDkAef18aVZ7qWdnd7tLD0plF2/FPIMuYI32', NULL, NULL, NULL, NULL, NULL, NULL, '2025-05-08 06:27:57', '2025-06-26 16:29:21', 'en', NULL, NULL, NULL, NULL),
(30, 6, 7, 'AJAY KUMAR', 'AJAYIECIHM@GMAIL.COM', NULL, NULL, NULL, '$2y$12$3t9OlQPhz047Pgm4NClBwe8a/4q7Rk7xqWxlnicwGqQFz9NTduM5.', NULL, NULL, NULL, NULL, NULL, NULL, '2025-05-08 06:29:19', '2025-06-26 16:29:21', 'en', NULL, NULL, NULL, NULL),
(31, 6, 7, 'NARENDER KUMAR', 'NARENDERKUMAR3003NK@GMAIL.COM', NULL, NULL, NULL, '$2y$12$p0eV.ElxKK6mJ2/mvakUhO8RQArPtqDWCB16iuy4UTqtLtwce4iqW', NULL, NULL, NULL, NULL, NULL, NULL, '2025-05-08 06:30:33', '2025-06-26 16:29:21', 'en', NULL, NULL, NULL, NULL),
(32, 6, 7, 'POOJA THAKUR', 'PT1597171@GMAIL.COM', NULL, NULL, NULL, '$2y$12$D3DqceZ5XSfJS6Bi.XOBtePQgHQ6/OQCHdjEcGeMoHq0OWkA5zBFe', NULL, NULL, NULL, NULL, NULL, NULL, '2025-05-08 06:31:45', '2025-06-26 16:29:21', 'en', NULL, NULL, NULL, NULL),
(34, 6, 7, 'DSIIDC', 'psk.delhi92@gmail.com', NULL, NULL, NULL, '$2y$12$bCh2h629iuCudtKwPYdvh.dsLGEq8GmxHWP47nN2nj1OgysO/UVl2', NULL, NULL, NULL, 'PeZN0PriT6zCl7dJI0Vx4kreqasHfQYnsMHvM0i5RvGKToJC36cFCRTq1rmt', NULL, NULL, '2025-05-16 03:45:48', '2025-06-26 16:29:21', 'en', NULL, NULL, NULL, NULL),
(35, 9, 10, 'claudio lestan', 'bigco62@gmail.com', NULL, NULL, NULL, '$2y$12$Yzfsbve6ygX6QbhLW4I1ouLTgkgAcO3YLbKs3XRC8qmhzpua5JMV2', NULL, NULL, NULL, NULL, NULL, NULL, '2025-05-18 02:16:49', '2025-06-26 16:29:21', 'en', NULL, NULL, NULL, NULL),
(36, 6, 7, 'Manita Mam (HR)', 'Manitanoida@gmail.com', NULL, NULL, NULL, '$2y$12$YVpNcO1DPjKkUHJ5TrWsI.bJViNh7p7o9KcDHu53N21WVt2E4Rj4m', NULL, NULL, NULL, NULL, NULL, NULL, '2025-05-29 04:19:45', '2025-06-26 16:29:21', 'en', NULL, NULL, NULL, NULL);

-- --------------------------------------------------------

--
-- Table structure for table `waiter_requests`
--

CREATE TABLE `waiter_requests` (
  `id` bigint(20) UNSIGNED NOT NULL,
  `branch_id` bigint(20) UNSIGNED NOT NULL,
  `table_id` bigint(20) UNSIGNED NOT NULL,
  `status` enum('pending','completed') NOT NULL DEFAULT 'pending',
  `created_at` timestamp NULL DEFAULT NULL,
  `updated_at` timestamp NULL DEFAULT NULL
) ENGINE=InnoDB DEFAULT CHARSET=utf8mb4 COLLATE=utf8mb4_unicode_ci;

--
-- Dumping data for table `waiter_requests`
--

INSERT INTO `waiter_requests` (`id`, `branch_id`, `table_id`, `status`, `created_at`, `updated_at`) VALUES
(1, 7, 30, 'completed', '2025-02-06 04:27:16', '2025-02-06 09:56:01'),
(2, 7, 30, 'completed', '2025-02-06 05:46:25', '2025-02-06 09:56:01'),
(3, 7, 30, 'completed', '2025-02-06 08:23:33', '2025-02-06 09:56:01'),
(4, 7, 38, 'completed', '2025-02-06 09:57:34', '2025-02-06 09:58:20'),
(5, 3, 65, 'completed', '2025-02-07 09:16:10', '2025-02-07 09:18:42'),
(6, 3, 65, 'completed', '2025-02-07 09:17:01', '2025-02-07 09:18:42'),
(7, 3, 67, 'completed', '2025-02-07 09:34:55', '2025-02-07 09:42:23'),
(8, 3, 65, 'pending', '2025-02-12 09:06:49', '2025-02-12 09:06:49');

--
-- Indexes for dumped tables
--

--
-- Indexes for table `areas`
--
ALTER TABLE `areas`
  ADD PRIMARY KEY (`id`),
  ADD KEY `areas_branch_id_foreign` (`branch_id`);

--
-- Indexes for table `branches`
--
ALTER TABLE `branches`
  ADD PRIMARY KEY (`id`),
  ADD UNIQUE KEY `branches_unique_hash_unique` (`unique_hash`),
  ADD KEY `branches_restaurant_id_foreign` (`restaurant_id`);

--
-- Indexes for table `branch_delivery_settings`
--
ALTER TABLE `branch_delivery_settings`
  ADD PRIMARY KEY (`id`),
  ADD KEY `branch_delivery_settings_branch_id_foreign` (`branch_id`);

--
-- Indexes for table `cache`
--
ALTER TABLE `cache`
  ADD PRIMARY KEY (`key`);

--
-- Indexes for table `cache_locks`
--
ALTER TABLE `cache_locks`
  ADD PRIMARY KEY (`key`);

--
-- Indexes for table `contacts`
--
ALTER TABLE `contacts`
  ADD PRIMARY KEY (`id`),
  ADD KEY `contacts_language_setting_id_foreign` (`language_setting_id`);

--
-- Indexes for table `countries`
--
ALTER TABLE `countries`
  ADD PRIMARY KEY (`id`),
  ADD KEY `countries_countries_code_index` (`countries_code`);

--
-- Indexes for table `currencies`
--
ALTER TABLE `currencies`
  ADD PRIMARY KEY (`id`),
  ADD KEY `currencies_restaurant_id_foreign` (`restaurant_id`);

--
-- Indexes for table `customers`
--
ALTER TABLE `customers`
  ADD PRIMARY KEY (`id`),
  ADD UNIQUE KEY `customers_phone_unique` (`phone`),
  ADD UNIQUE KEY `customers_email_unique` (`email`),
  ADD KEY `customers_restaurant_id_foreign` (`restaurant_id`);

--
-- Indexes for table `customer_addresses`
--
ALTER TABLE `customer_addresses`
  ADD PRIMARY KEY (`id`),
  ADD KEY `customer_addresses_customer_id_foreign` (`customer_id`);

--
-- Indexes for table `custom_menus`
--
ALTER TABLE `custom_menus`
  ADD PRIMARY KEY (`id`),
  ADD UNIQUE KEY `custom_menus_menu_slug_unique` (`menu_slug`);

--
-- Indexes for table `delivery_executives`
--
ALTER TABLE `delivery_executives`
  ADD PRIMARY KEY (`id`),
  ADD KEY `delivery_executives_branch_id_foreign` (`branch_id`);

--
-- Indexes for table `delivery_fee_tiers`
--
ALTER TABLE `delivery_fee_tiers`
  ADD PRIMARY KEY (`id`),
  ADD KEY `delivery_fee_tiers_branch_id_foreign` (`branch_id`);

--
-- Indexes for table `desktop_applications`
--
ALTER TABLE `desktop_applications`
  ADD PRIMARY KEY (`id`);

--
-- Indexes for table `email_settings`
--
ALTER TABLE `email_settings`
  ADD PRIMARY KEY (`id`);

--
-- Indexes for table `expenses`
--
ALTER TABLE `expenses`
  ADD PRIMARY KEY (`id`),
  ADD KEY `expenses_expense_category_id_foreign` (`expense_category_id`),
  ADD KEY `expenses_branch_id_foreign` (`branch_id`);

--
-- Indexes for table `expense_categories`
--
ALTER TABLE `expense_categories`
  ADD PRIMARY KEY (`id`),
  ADD KEY `expense_categories_branch_id_foreign` (`branch_id`);

--
-- Indexes for table `failed_jobs`
--
ALTER TABLE `failed_jobs`
  ADD PRIMARY KEY (`id`),
  ADD UNIQUE KEY `failed_jobs_uuid_unique` (`uuid`);

--
-- Indexes for table `file_storage`
--
ALTER TABLE `file_storage`
  ADD PRIMARY KEY (`id`),
  ADD KEY `file_storage_restaurant_id_foreign` (`restaurant_id`);

--
-- Indexes for table `file_storage_settings`
--
ALTER TABLE `file_storage_settings`
  ADD PRIMARY KEY (`id`);

--
-- Indexes for table `flags`
--
ALTER TABLE `flags`
  ADD PRIMARY KEY (`id`);

--
-- Indexes for table `flutterwave_payments`
--
ALTER TABLE `flutterwave_payments`
  ADD PRIMARY KEY (`id`),
  ADD KEY `flutterwave_payments_order_id_foreign` (`order_id`);

--
-- Indexes for table `front_details`
--
ALTER TABLE `front_details`
  ADD PRIMARY KEY (`id`),
  ADD KEY `front_details_language_setting_id_foreign` (`language_setting_id`);

--
-- Indexes for table `front_faq_settings`
--
ALTER TABLE `front_faq_settings`
  ADD PRIMARY KEY (`id`),
  ADD KEY `front_faq_settings_language_setting_id_foreign` (`language_setting_id`);

--
-- Indexes for table `front_features`
--
ALTER TABLE `front_features`
  ADD PRIMARY KEY (`id`),
  ADD KEY `front_features_language_setting_id_foreign` (`language_setting_id`);

--
-- Indexes for table `front_review_settings`
--
ALTER TABLE `front_review_settings`
  ADD PRIMARY KEY (`id`),
  ADD KEY `front_review_settings_language_setting_id_foreign` (`language_setting_id`);

--
-- Indexes for table `global_currencies`
--
ALTER TABLE `global_currencies`
  ADD PRIMARY KEY (`id`);

--
-- Indexes for table `global_invoices`
--
ALTER TABLE `global_invoices`
  ADD PRIMARY KEY (`id`),
  ADD KEY `global_invoices_restaurant_id_foreign` (`restaurant_id`),
  ADD KEY `global_invoices_currency_id_foreign` (`currency_id`),
  ADD KEY `global_invoices_package_id_foreign` (`package_id`),
  ADD KEY `global_invoices_global_subscription_id_foreign` (`global_subscription_id`),
  ADD KEY `global_invoices_offline_method_id_foreign` (`offline_method_id`);

--
-- Indexes for table `global_settings`
--
ALTER TABLE `global_settings`
  ADD PRIMARY KEY (`id`),
  ADD KEY `global_settings_default_currency_id_foreign` (`default_currency_id`);

--
-- Indexes for table `global_subscriptions`
--
ALTER TABLE `global_subscriptions`
  ADD PRIMARY KEY (`id`),
  ADD KEY `global_subscriptions_restaurant_id_foreign` (`restaurant_id`),
  ADD KEY `global_subscriptions_package_id_foreign` (`package_id`),
  ADD KEY `global_subscriptions_currency_id_foreign` (`currency_id`);

--
-- Indexes for table `item_categories`
--
ALTER TABLE `item_categories`
  ADD PRIMARY KEY (`id`),
  ADD KEY `item_categories_branch_id_foreign` (`branch_id`);

--
-- Indexes for table `item_modifiers`
--
ALTER TABLE `item_modifiers`
  ADD PRIMARY KEY (`id`),
  ADD KEY `item_modifiers_menu_item_id_foreign` (`menu_item_id`),
  ADD KEY `item_modifiers_modifier_group_id_foreign` (`modifier_group_id`);

--
-- Indexes for table `jobs`
--
ALTER TABLE `jobs`
  ADD PRIMARY KEY (`id`),
  ADD KEY `jobs_queue_index` (`queue`);

--
-- Indexes for table `job_batches`
--
ALTER TABLE `job_batches`
  ADD PRIMARY KEY (`id`);

--
-- Indexes for table `kots`
--
ALTER TABLE `kots`
  ADD PRIMARY KEY (`id`),
  ADD KEY `kots_order_id_foreign` (`order_id`),
  ADD KEY `kots_branch_id_foreign` (`branch_id`),
  ADD KEY `kots_cancel_reason_id_foreign` (`cancel_reason_id`);

--
-- Indexes for table `kot_cancel_reasons`
--
ALTER TABLE `kot_cancel_reasons`
  ADD PRIMARY KEY (`id`),
  ADD KEY `kot_cancel_reasons_restaurant_id_foreign` (`restaurant_id`);

--
-- Indexes for table `kot_items`
--
ALTER TABLE `kot_items`
  ADD PRIMARY KEY (`id`),
  ADD KEY `kot_items_kot_id_foreign` (`kot_id`),
  ADD KEY `kot_items_menu_item_id_foreign` (`menu_item_id`),
  ADD KEY `kot_items_menu_item_variation_id_foreign` (`menu_item_variation_id`);

--
-- Indexes for table `kot_item_modifier_options`
--
ALTER TABLE `kot_item_modifier_options`
  ADD PRIMARY KEY (`id`),
  ADD KEY `kot_item_modifier_options_kot_item_id_foreign` (`kot_item_id`),
  ADD KEY `kot_item_modifier_options_modifier_option_id_foreign` (`modifier_option_id`);

--
-- Indexes for table `kot_places`
--
ALTER TABLE `kot_places`
  ADD PRIMARY KEY (`id`),
  ADD KEY `kot_places_branch_id_foreign` (`branch_id`),
  ADD KEY `kot_places_printer_id_foreign` (`printer_id`);

--
-- Indexes for table `kot_settings`
--
ALTER TABLE `kot_settings`
  ADD PRIMARY KEY (`id`),
  ADD KEY `kot_settings_branch_id_foreign` (`branch_id`);

--
-- Indexes for table `language_settings`
--
ALTER TABLE `language_settings`
  ADD PRIMARY KEY (`id`);

--
-- Indexes for table `ltm_translations`
--
ALTER TABLE `ltm_translations`
  ADD PRIMARY KEY (`id`);

--
-- Indexes for table `menus`
--
ALTER TABLE `menus`
  ADD PRIMARY KEY (`id`),
  ADD KEY `menus_branch_id_foreign` (`branch_id`);

--
-- Indexes for table `menu_items`
--
ALTER TABLE `menu_items`
  ADD PRIMARY KEY (`id`),
  ADD KEY `menu_items_menu_id_foreign` (`menu_id`),
  ADD KEY `menu_items_item_category_id_foreign` (`item_category_id`),
  ADD KEY `idx_branch_available` (`branch_id`,`is_available`);

--
-- Indexes for table `menu_item_tax`
--
ALTER TABLE `menu_item_tax`
  ADD PRIMARY KEY (`id`),
  ADD KEY `menu_item_tax_menu_item_id_foreign` (`menu_item_id`),
  ADD KEY `menu_item_tax_tax_id_foreign` (`tax_id`);

--
-- Indexes for table `menu_item_translations`
--
ALTER TABLE `menu_item_translations`
  ADD PRIMARY KEY (`id`),
  ADD UNIQUE KEY `menu_item_translations_menu_item_id_locale_unique` (`menu_item_id`,`locale`),
  ADD KEY `menu_item_translations_locale_index` (`locale`);

--
-- Indexes for table `menu_item_variations`
--
ALTER TABLE `menu_item_variations`
  ADD PRIMARY KEY (`id`),
  ADD KEY `menu_item_variations_menu_item_id_foreign` (`menu_item_id`);

--
-- Indexes for table `migrations`
--
ALTER TABLE `migrations`
  ADD PRIMARY KEY (`id`);

--
-- Indexes for table `model_has_permissions`
--
ALTER TABLE `model_has_permissions`
  ADD PRIMARY KEY (`permission_id`,`model_id`,`model_type`),
  ADD KEY `model_has_permissions_model_id_model_type_index` (`model_id`,`model_type`);

--
-- Indexes for table `model_has_roles`
--
ALTER TABLE `model_has_roles`
  ADD PRIMARY KEY (`role_id`,`model_id`,`model_type`),
  ADD KEY `model_has_roles_model_id_model_type_index` (`model_id`,`model_type`);

--
-- Indexes for table `modifier_groups`
--
ALTER TABLE `modifier_groups`
  ADD PRIMARY KEY (`id`),
  ADD KEY `modifier_groups_branch_id_foreign` (`branch_id`);

--
-- Indexes for table `modifier_group_translations`
--
ALTER TABLE `modifier_group_translations`
  ADD PRIMARY KEY (`id`),
  ADD UNIQUE KEY `modifier_group_translations_modifier_group_id_locale_unique` (`modifier_group_id`,`locale`),
  ADD KEY `modifier_group_translations_locale_index` (`locale`);

--
-- Indexes for table `modifier_options`
--
ALTER TABLE `modifier_options`
  ADD PRIMARY KEY (`id`),
  ADD KEY `modifier_options_modifier_group_id_foreign` (`modifier_group_id`);

--
-- Indexes for table `modules`
--
ALTER TABLE `modules`
  ADD PRIMARY KEY (`id`);

--
-- Indexes for table `notification_settings`
--
ALTER TABLE `notification_settings`
  ADD PRIMARY KEY (`id`),
  ADD KEY `notification_settings_restaurant_id_foreign` (`restaurant_id`);

--
-- Indexes for table `offline_payment_methods`
--
ALTER TABLE `offline_payment_methods`
  ADD PRIMARY KEY (`id`),
  ADD KEY `offline_payment_methods_restaurant_id_foreign` (`restaurant_id`);

--
-- Indexes for table `offline_plan_changes`
--
ALTER TABLE `offline_plan_changes`
  ADD PRIMARY KEY (`id`),
  ADD KEY `offline_plan_changes_restaurant_id_foreign` (`restaurant_id`),
  ADD KEY `offline_plan_changes_package_id_foreign` (`package_id`),
  ADD KEY `offline_plan_changes_invoice_id_foreign` (`invoice_id`),
  ADD KEY `offline_plan_changes_offline_method_id_foreign` (`offline_method_id`);

--
-- Indexes for table `onboarding_steps`
--
ALTER TABLE `onboarding_steps`
  ADD PRIMARY KEY (`id`),
  ADD KEY `onboarding_steps_branch_id_foreign` (`branch_id`);

--
-- Indexes for table `orders`
--
ALTER TABLE `orders`
  ADD PRIMARY KEY (`id`),
  ADD UNIQUE KEY `orders_uuid_unique` (`uuid`),
  ADD KEY `orders_table_id_foreign` (`table_id`),
  ADD KEY `orders_customer_id_foreign` (`customer_id`),
  ADD KEY `orders_delivery_executive_id_foreign` (`delivery_executive_id`),
  ADD KEY `orders_waiter_id_foreign` (`waiter_id`),
  ADD KEY `orders_cancel_reason_id_foreign` (`cancel_reason_id`),
  ADD KEY `idx_branch_date` (`branch_id`,`date_time`);

--
-- Indexes for table `order_charges`
--
ALTER TABLE `order_charges`
  ADD PRIMARY KEY (`id`),
  ADD KEY `order_charges_order_id_foreign` (`order_id`),
  ADD KEY `order_charges_charge_id_foreign` (`charge_id`);

--
-- Indexes for table `order_histories`
--
ALTER TABLE `order_histories`
  ADD PRIMARY KEY (`id`),
  ADD KEY `order_histories_order_id_foreign` (`order_id`);

--
-- Indexes for table `order_items`
--
ALTER TABLE `order_items`
  ADD PRIMARY KEY (`id`),
  ADD KEY `order_items_order_id_foreign` (`order_id`),
  ADD KEY `order_items_menu_item_id_foreign` (`menu_item_id`),
  ADD KEY `order_items_menu_item_variation_id_foreign` (`menu_item_variation_id`),
  ADD KEY `order_items_branch_id_foreign` (`branch_id`);

--
-- Indexes for table `order_item_modifier_options`
--
ALTER TABLE `order_item_modifier_options`
  ADD PRIMARY KEY (`id`),
  ADD KEY `order_item_modifier_options_order_item_id_foreign` (`order_item_id`),
  ADD KEY `order_item_modifier_options_modifier_option_id_foreign` (`modifier_option_id`);

--
-- Indexes for table `order_places`
--
ALTER TABLE `order_places`
  ADD PRIMARY KEY (`id`),
  ADD KEY `order_places_branch_id_foreign` (`branch_id`),
  ADD KEY `order_places_printer_id_foreign` (`printer_id`);

--
-- Indexes for table `order_taxes`
--
ALTER TABLE `order_taxes`
  ADD PRIMARY KEY (`id`),
  ADD KEY `order_taxes_order_id_foreign` (`order_id`),
  ADD KEY `order_taxes_tax_id_foreign` (`tax_id`);

--
-- Indexes for table `packages`
--
ALTER TABLE `packages`
  ADD PRIMARY KEY (`id`),
  ADD KEY `packages_currency_id_foreign` (`currency_id`);

--
-- Indexes for table `package_modules`
--
ALTER TABLE `package_modules`
  ADD PRIMARY KEY (`id`),
  ADD KEY `package_modules_package_id_foreign` (`package_id`),
  ADD KEY `package_modules_module_id_foreign` (`module_id`);

--
-- Indexes for table `password_reset_tokens`
--
ALTER TABLE `password_reset_tokens`
  ADD PRIMARY KEY (`email`);

--
-- Indexes for table `payfast_payments`
--
ALTER TABLE `payfast_payments`
  ADD PRIMARY KEY (`id`),
  ADD KEY `payfast_payments_order_id_foreign` (`order_id`);

--
-- Indexes for table `payments`
--
ALTER TABLE `payments`
  ADD PRIMARY KEY (`id`),
  ADD KEY `payments_order_id_foreign` (`order_id`),
  ADD KEY `payments_branch_id_foreign` (`branch_id`);

--
-- Indexes for table `payment_gateway_credentials`
--
ALTER TABLE `payment_gateway_credentials`
  ADD PRIMARY KEY (`id`),
  ADD KEY `payment_gateway_credentials_restaurant_id_foreign` (`restaurant_id`);

--
-- Indexes for table `paypal_payments`
--
ALTER TABLE `paypal_payments`
  ADD PRIMARY KEY (`id`),
  ADD KEY `paypal_payments_order_id_foreign` (`order_id`);

--
-- Indexes for table `paystack_payments`
--
ALTER TABLE `paystack_payments`
  ADD PRIMARY KEY (`id`),
  ADD KEY `paystack_payments_order_id_foreign` (`order_id`);

--
-- Indexes for table `permissions`
--
ALTER TABLE `permissions`
  ADD PRIMARY KEY (`id`),
  ADD UNIQUE KEY `permissions_name_guard_name_unique` (`name`,`guard_name`),
  ADD KEY `permissions_module_id_foreign` (`module_id`);

--
-- Indexes for table `personal_access_tokens`
--
ALTER TABLE `personal_access_tokens`
  ADD PRIMARY KEY (`id`),
  ADD UNIQUE KEY `personal_access_tokens_token_unique` (`token`),
  ADD KEY `personal_access_tokens_tokenable_type_tokenable_id_index` (`tokenable_type`,`tokenable_id`);

--
-- Indexes for table `predefined_amounts`
--
ALTER TABLE `predefined_amounts`
  ADD PRIMARY KEY (`id`),
  ADD KEY `predefined_amounts_restaurant_id_foreign` (`restaurant_id`);

--
-- Indexes for table `printers`
--
ALTER TABLE `printers`
  ADD PRIMARY KEY (`id`),
  ADD KEY `printers_restaurant_id_foreign` (`restaurant_id`),
  ADD KEY `printers_branch_id_foreign` (`branch_id`);

--
-- Indexes for table `print_jobs`
--
ALTER TABLE `print_jobs`
  ADD PRIMARY KEY (`id`),
  ADD KEY `print_jobs_printer_id_foreign` (`printer_id`),
  ADD KEY `print_jobs_restaurant_id_foreign` (`restaurant_id`),
  ADD KEY `print_jobs_branch_id_foreign` (`branch_id`);

--
-- Indexes for table `pusher_settings`
--
ALTER TABLE `pusher_settings`
  ADD PRIMARY KEY (`id`);

--
-- Indexes for table `razorpay_payments`
--
ALTER TABLE `razorpay_payments`
  ADD PRIMARY KEY (`id`),
  ADD KEY `razorpay_payments_order_id_foreign` (`order_id`);

--
-- Indexes for table `receipt_settings`
--
ALTER TABLE `receipt_settings`
  ADD PRIMARY KEY (`id`),
  ADD KEY `receipt_settings_restaurant_id_foreign` (`restaurant_id`);

--
-- Indexes for table `reservations`
--
ALTER TABLE `reservations`
  ADD PRIMARY KEY (`id`),
  ADD KEY `reservations_table_id_foreign` (`table_id`),
  ADD KEY `reservations_customer_id_foreign` (`customer_id`),
  ADD KEY `reservations_branch_id_foreign` (`branch_id`);

--
-- Indexes for table `reservation_settings`
--
ALTER TABLE `reservation_settings`
  ADD PRIMARY KEY (`id`),
  ADD KEY `reservation_settings_branch_id_foreign` (`branch_id`);

--
-- Indexes for table `restaurants`
--
ALTER TABLE `restaurants`
  ADD PRIMARY KEY (`id`),
  ADD KEY `restaurant_settings_country_id_foreign` (`country_id`),
  ADD KEY `restaurant_settings_currency_id_foreign` (`currency_id`),
  ADD KEY `restaurants_package_id_foreign` (`package_id`);

--
-- Indexes for table `restaurant_charges`
--
ALTER TABLE `restaurant_charges`
  ADD PRIMARY KEY (`id`),
  ADD KEY `restaurant_charges_restaurant_id_foreign` (`restaurant_id`),
  ADD KEY `restaurant_charges_charge_name_index` (`charge_name`);

--
-- Indexes for table `restaurant_payments`
--
ALTER TABLE `restaurant_payments`
  ADD PRIMARY KEY (`id`),
  ADD KEY `restaurant_payments_restaurant_id_foreign` (`restaurant_id`),
  ADD KEY `restaurant_payments_package_id_foreign` (`package_id`);

--
-- Indexes for table `restaurant_taxes`
--
ALTER TABLE `restaurant_taxes`
  ADD PRIMARY KEY (`id`),
  ADD KEY `restaurant_taxes_restaurant_id_foreign` (`restaurant_id`);

--
-- Indexes for table `roles`
--
ALTER TABLE `roles`
  ADD PRIMARY KEY (`id`),
  ADD UNIQUE KEY `roles_name_guard_name_unique` (`name`,`guard_name`),
  ADD KEY `roles_restaurant_id_foreign` (`restaurant_id`);

--
-- Indexes for table `role_has_permissions`
--
ALTER TABLE `role_has_permissions`
  ADD PRIMARY KEY (`permission_id`,`role_id`),
  ADD KEY `role_has_permissions_role_id_foreign` (`role_id`);

--
-- Indexes for table `sessions`
--
ALTER TABLE `sessions`
  ADD PRIMARY KEY (`id`),
  ADD KEY `sessions_user_id_index` (`user_id`),
  ADD KEY `sessions_last_activity_index` (`last_activity`);

--
-- Indexes for table `split_orders`
--
ALTER TABLE `split_orders`
  ADD PRIMARY KEY (`id`),
  ADD KEY `split_orders_order_id_foreign` (`order_id`);

--
-- Indexes for table `split_order_items`
--
ALTER TABLE `split_order_items`
  ADD PRIMARY KEY (`id`),
  ADD KEY `split_order_items_split_order_id_foreign` (`split_order_id`),
  ADD KEY `split_order_items_order_item_id_foreign` (`order_item_id`);

--
-- Indexes for table `stripe_payments`
--
ALTER TABLE `stripe_payments`
  ADD PRIMARY KEY (`id`),
  ADD KEY `stripe_payments_order_id_foreign` (`order_id`);

--
-- Indexes for table `superadmin_payment_gateways`
--
ALTER TABLE `superadmin_payment_gateways`
  ADD PRIMARY KEY (`id`);

--
-- Indexes for table `tables`
--
ALTER TABLE `tables`
  ADD PRIMARY KEY (`id`),
  ADD KEY `tables_area_id_foreign` (`area_id`),
  ADD KEY `tables_branch_id_foreign` (`branch_id`);

--
-- Indexes for table `taxes`
--
ALTER TABLE `taxes`
  ADD PRIMARY KEY (`id`),
  ADD KEY `taxes_restaurant_id_foreign` (`restaurant_id`);

--
-- Indexes for table `users`
--
ALTER TABLE `users`
  ADD PRIMARY KEY (`id`),
  ADD UNIQUE KEY `users_email_unique` (`email`),
  ADD KEY `users_restaurant_id_foreign` (`restaurant_id`),
  ADD KEY `users_stripe_id_index` (`stripe_id`),
  ADD KEY `idx_branch_email` (`branch_id`,`email`);

--
-- Indexes for table `waiter_requests`
--
ALTER TABLE `waiter_requests`
  ADD PRIMARY KEY (`id`),
  ADD KEY `waiter_requests_branch_id_foreign` (`branch_id`),
  ADD KEY `waiter_requests_table_id_foreign` (`table_id`);

--
-- AUTO_INCREMENT for dumped tables
--

--
-- AUTO_INCREMENT for table `areas`
--
ALTER TABLE `areas`
  MODIFY `id` bigint(20) UNSIGNED NOT NULL AUTO_INCREMENT, AUTO_INCREMENT=26;

--
-- AUTO_INCREMENT for table `branches`
--
ALTER TABLE `branches`
  MODIFY `id` bigint(20) UNSIGNED NOT NULL AUTO_INCREMENT, AUTO_INCREMENT=11;

--
-- AUTO_INCREMENT for table `branch_delivery_settings`
--
ALTER TABLE `branch_delivery_settings`
  MODIFY `id` bigint(20) UNSIGNED NOT NULL AUTO_INCREMENT;

--
-- AUTO_INCREMENT for table `contacts`
--
ALTER TABLE `contacts`
  MODIFY `id` bigint(20) UNSIGNED NOT NULL AUTO_INCREMENT, AUTO_INCREMENT=2;

--
-- AUTO_INCREMENT for table `countries`
--
ALTER TABLE `countries`
  MODIFY `id` bigint(20) UNSIGNED NOT NULL AUTO_INCREMENT, AUTO_INCREMENT=250;

--
-- AUTO_INCREMENT for table `currencies`
--
ALTER TABLE `currencies`
  MODIFY `id` bigint(20) UNSIGNED NOT NULL AUTO_INCREMENT, AUTO_INCREMENT=37;

--
-- AUTO_INCREMENT for table `customers`
--
ALTER TABLE `customers`
  MODIFY `id` bigint(20) UNSIGNED NOT NULL AUTO_INCREMENT, AUTO_INCREMENT=379;

--
-- AUTO_INCREMENT for table `customer_addresses`
--
ALTER TABLE `customer_addresses`
  MODIFY `id` bigint(20) UNSIGNED NOT NULL AUTO_INCREMENT;

--
-- AUTO_INCREMENT for table `custom_menus`
--
ALTER TABLE `custom_menus`
  MODIFY `id` bigint(20) UNSIGNED NOT NULL AUTO_INCREMENT;

--
-- AUTO_INCREMENT for table `delivery_executives`
--
ALTER TABLE `delivery_executives`
  MODIFY `id` bigint(20) UNSIGNED NOT NULL AUTO_INCREMENT, AUTO_INCREMENT=5;

--
-- AUTO_INCREMENT for table `delivery_fee_tiers`
--
ALTER TABLE `delivery_fee_tiers`
  MODIFY `id` bigint(20) UNSIGNED NOT NULL AUTO_INCREMENT;

--
-- AUTO_INCREMENT for table `desktop_applications`
--
ALTER TABLE `desktop_applications`
  MODIFY `id` bigint(20) UNSIGNED NOT NULL AUTO_INCREMENT, AUTO_INCREMENT=2;

--
-- AUTO_INCREMENT for table `email_settings`
--
ALTER TABLE `email_settings`
  MODIFY `id` bigint(20) UNSIGNED NOT NULL AUTO_INCREMENT, AUTO_INCREMENT=2;

--
-- AUTO_INCREMENT for table `expenses`
--
ALTER TABLE `expenses`
  MODIFY `id` bigint(20) UNSIGNED NOT NULL AUTO_INCREMENT;

--
-- AUTO_INCREMENT for table `expense_categories`
--
ALTER TABLE `expense_categories`
  MODIFY `id` bigint(20) UNSIGNED NOT NULL AUTO_INCREMENT;

--
-- AUTO_INCREMENT for table `failed_jobs`
--
ALTER TABLE `failed_jobs`
  MODIFY `id` bigint(20) UNSIGNED NOT NULL AUTO_INCREMENT;

--
-- AUTO_INCREMENT for table `file_storage`
--
ALTER TABLE `file_storage`
  MODIFY `id` int(10) UNSIGNED NOT NULL AUTO_INCREMENT, AUTO_INCREMENT=571;

--
-- AUTO_INCREMENT for table `file_storage_settings`
--
ALTER TABLE `file_storage_settings`
  MODIFY `id` int(10) UNSIGNED NOT NULL AUTO_INCREMENT, AUTO_INCREMENT=2;

--
-- AUTO_INCREMENT for table `flags`
--
ALTER TABLE `flags`
  MODIFY `id` bigint(20) UNSIGNED NOT NULL AUTO_INCREMENT, AUTO_INCREMENT=267;

--
-- AUTO_INCREMENT for table `flutterwave_payments`
--
ALTER TABLE `flutterwave_payments`
  MODIFY `id` bigint(20) UNSIGNED NOT NULL AUTO_INCREMENT;

--
-- AUTO_INCREMENT for table `front_details`
--
ALTER TABLE `front_details`
  MODIFY `id` bigint(20) UNSIGNED NOT NULL AUTO_INCREMENT, AUTO_INCREMENT=2;

--
-- AUTO_INCREMENT for table `front_faq_settings`
--
ALTER TABLE `front_faq_settings`
  MODIFY `id` bigint(20) UNSIGNED NOT NULL AUTO_INCREMENT, AUTO_INCREMENT=7;

--
-- AUTO_INCREMENT for table `front_features`
--
ALTER TABLE `front_features`
  MODIFY `id` int(10) UNSIGNED NOT NULL AUTO_INCREMENT, AUTO_INCREMENT=12;

--
-- AUTO_INCREMENT for table `front_review_settings`
--
ALTER TABLE `front_review_settings`
  MODIFY `id` bigint(20) UNSIGNED NOT NULL AUTO_INCREMENT, AUTO_INCREMENT=4;

--
-- AUTO_INCREMENT for table `global_currencies`
--
ALTER TABLE `global_currencies`
  MODIFY `id` bigint(20) UNSIGNED NOT NULL AUTO_INCREMENT, AUTO_INCREMENT=5;

--
-- AUTO_INCREMENT for table `global_invoices`
--
ALTER TABLE `global_invoices`
  MODIFY `id` bigint(20) UNSIGNED NOT NULL AUTO_INCREMENT, AUTO_INCREMENT=29;

--
-- AUTO_INCREMENT for table `global_settings`
--
ALTER TABLE `global_settings`
  MODIFY `id` bigint(20) UNSIGNED NOT NULL AUTO_INCREMENT, AUTO_INCREMENT=2;

--
-- AUTO_INCREMENT for table `global_subscriptions`
--
ALTER TABLE `global_subscriptions`
  MODIFY `id` bigint(20) UNSIGNED NOT NULL AUTO_INCREMENT, AUTO_INCREMENT=29;

--
-- AUTO_INCREMENT for table `item_categories`
--
ALTER TABLE `item_categories`
  MODIFY `id` bigint(20) UNSIGNED NOT NULL AUTO_INCREMENT, AUTO_INCREMENT=37;

--
-- AUTO_INCREMENT for table `item_modifiers`
--
ALTER TABLE `item_modifiers`
  MODIFY `id` bigint(20) UNSIGNED NOT NULL AUTO_INCREMENT;

--
-- AUTO_INCREMENT for table `jobs`
--
ALTER TABLE `jobs`
  MODIFY `id` bigint(20) UNSIGNED NOT NULL AUTO_INCREMENT;

--
-- AUTO_INCREMENT for table `kots`
--
ALTER TABLE `kots`
  MODIFY `id` bigint(20) UNSIGNED NOT NULL AUTO_INCREMENT, AUTO_INCREMENT=241;

--
-- AUTO_INCREMENT for table `kot_cancel_reasons`
--
ALTER TABLE `kot_cancel_reasons`
  MODIFY `id` bigint(20) UNSIGNED NOT NULL AUTO_INCREMENT, AUTO_INCREMENT=11;

--
-- AUTO_INCREMENT for table `kot_items`
--
ALTER TABLE `kot_items`
  MODIFY `id` bigint(20) UNSIGNED NOT NULL AUTO_INCREMENT, AUTO_INCREMENT=719;

--
-- AUTO_INCREMENT for table `kot_item_modifier_options`
--
ALTER TABLE `kot_item_modifier_options`
  MODIFY `id` bigint(20) UNSIGNED NOT NULL AUTO_INCREMENT;

--
-- AUTO_INCREMENT for table `kot_places`
--
ALTER TABLE `kot_places`
  MODIFY `id` bigint(20) UNSIGNED NOT NULL AUTO_INCREMENT, AUTO_INCREMENT=8;

--
-- AUTO_INCREMENT for table `kot_settings`
--
ALTER TABLE `kot_settings`
  MODIFY `id` bigint(20) UNSIGNED NOT NULL AUTO_INCREMENT, AUTO_INCREMENT=15;

--
-- AUTO_INCREMENT for table `language_settings`
--
ALTER TABLE `language_settings`
  MODIFY `id` bigint(20) UNSIGNED NOT NULL AUTO_INCREMENT, AUTO_INCREMENT=19;

--
-- AUTO_INCREMENT for table `ltm_translations`
--
ALTER TABLE `ltm_translations`
  MODIFY `id` bigint(20) UNSIGNED NOT NULL AUTO_INCREMENT;

--
-- AUTO_INCREMENT for table `menus`
--
ALTER TABLE `menus`
  MODIFY `id` bigint(20) UNSIGNED NOT NULL AUTO_INCREMENT, AUTO_INCREMENT=19;

--
-- AUTO_INCREMENT for table `menu_items`
--
ALTER TABLE `menu_items`
  MODIFY `id` bigint(20) UNSIGNED NOT NULL AUTO_INCREMENT, AUTO_INCREMENT=235;

--
-- AUTO_INCREMENT for table `menu_item_tax`
--
ALTER TABLE `menu_item_tax`
  MODIFY `id` bigint(20) UNSIGNED NOT NULL AUTO_INCREMENT;

--
-- AUTO_INCREMENT for table `menu_item_translations`
--
ALTER TABLE `menu_item_translations`
  MODIFY `id` bigint(20) UNSIGNED NOT NULL AUTO_INCREMENT, AUTO_INCREMENT=51;

--
-- AUTO_INCREMENT for table `menu_item_variations`
--
ALTER TABLE `menu_item_variations`
  MODIFY `id` bigint(20) UNSIGNED NOT NULL AUTO_INCREMENT, AUTO_INCREMENT=59;

--
-- AUTO_INCREMENT for table `migrations`
--
ALTER TABLE `migrations`
  MODIFY `id` int(10) UNSIGNED NOT NULL AUTO_INCREMENT, AUTO_INCREMENT=175;

--
-- AUTO_INCREMENT for table `modifier_groups`
--
ALTER TABLE `modifier_groups`
  MODIFY `id` bigint(20) UNSIGNED NOT NULL AUTO_INCREMENT;

--
-- AUTO_INCREMENT for table `modifier_group_translations`
--
ALTER TABLE `modifier_group_translations`
  MODIFY `id` bigint(20) UNSIGNED NOT NULL AUTO_INCREMENT;

--
-- AUTO_INCREMENT for table `modifier_options`
--
ALTER TABLE `modifier_options`
  MODIFY `id` bigint(20) UNSIGNED NOT NULL AUTO_INCREMENT;

--
-- AUTO_INCREMENT for table `modules`
--
ALTER TABLE `modules`
  MODIFY `id` bigint(20) UNSIGNED NOT NULL AUTO_INCREMENT, AUTO_INCREMENT=17;

--
-- AUTO_INCREMENT for table `notification_settings`
--
ALTER TABLE `notification_settings`
  MODIFY `id` bigint(20) UNSIGNED NOT NULL AUTO_INCREMENT, AUTO_INCREMENT=46;

--
-- AUTO_INCREMENT for table `offline_payment_methods`
--
ALTER TABLE `offline_payment_methods`
  MODIFY `id` bigint(20) UNSIGNED NOT NULL AUTO_INCREMENT, AUTO_INCREMENT=2;

--
-- AUTO_INCREMENT for table `offline_plan_changes`
--
ALTER TABLE `offline_plan_changes`
  MODIFY `id` bigint(20) UNSIGNED NOT NULL AUTO_INCREMENT, AUTO_INCREMENT=5;

--
-- AUTO_INCREMENT for table `onboarding_steps`
--
ALTER TABLE `onboarding_steps`
  MODIFY `id` bigint(20) UNSIGNED NOT NULL AUTO_INCREMENT, AUTO_INCREMENT=11;

--
-- AUTO_INCREMENT for table `orders`
--
ALTER TABLE `orders`
  MODIFY `id` bigint(20) UNSIGNED NOT NULL AUTO_INCREMENT, AUTO_INCREMENT=337;

--
-- AUTO_INCREMENT for table `order_charges`
--
ALTER TABLE `order_charges`
  MODIFY `id` bigint(20) UNSIGNED NOT NULL AUTO_INCREMENT, AUTO_INCREMENT=48;

--
-- AUTO_INCREMENT for table `order_histories`
--
ALTER TABLE `order_histories`
  MODIFY `id` bigint(20) UNSIGNED NOT NULL AUTO_INCREMENT;

--
-- AUTO_INCREMENT for table `order_items`
--
ALTER TABLE `order_items`
  MODIFY `id` bigint(20) UNSIGNED NOT NULL AUTO_INCREMENT, AUTO_INCREMENT=1124;

--
-- AUTO_INCREMENT for table `order_item_modifier_options`
--
ALTER TABLE `order_item_modifier_options`
  MODIFY `id` bigint(20) UNSIGNED NOT NULL AUTO_INCREMENT;

--
-- AUTO_INCREMENT for table `order_places`
--
ALTER TABLE `order_places`
  MODIFY `id` bigint(20) UNSIGNED NOT NULL AUTO_INCREMENT, AUTO_INCREMENT=3;

--
-- AUTO_INCREMENT for table `order_taxes`
--
ALTER TABLE `order_taxes`
  MODIFY `id` bigint(20) UNSIGNED NOT NULL AUTO_INCREMENT, AUTO_INCREMENT=869;

--
-- AUTO_INCREMENT for table `packages`
--
ALTER TABLE `packages`
  MODIFY `id` bigint(20) UNSIGNED NOT NULL AUTO_INCREMENT, AUTO_INCREMENT=12;

--
-- AUTO_INCREMENT for table `package_modules`
--
ALTER TABLE `package_modules`
  MODIFY `id` bigint(20) UNSIGNED NOT NULL AUTO_INCREMENT, AUTO_INCREMENT=152;

--
-- AUTO_INCREMENT for table `payfast_payments`
--
ALTER TABLE `payfast_payments`
  MODIFY `id` bigint(20) UNSIGNED NOT NULL AUTO_INCREMENT;

--
-- AUTO_INCREMENT for table `payments`
--
ALTER TABLE `payments`
  MODIFY `id` bigint(20) UNSIGNED NOT NULL AUTO_INCREMENT, AUTO_INCREMENT=208;

--
-- AUTO_INCREMENT for table `payment_gateway_credentials`
--
ALTER TABLE `payment_gateway_credentials`
  MODIFY `id` bigint(20) UNSIGNED NOT NULL AUTO_INCREMENT, AUTO_INCREMENT=11;

--
-- AUTO_INCREMENT for table `paypal_payments`
--
ALTER TABLE `paypal_payments`
  MODIFY `id` bigint(20) UNSIGNED NOT NULL AUTO_INCREMENT;

--
-- AUTO_INCREMENT for table `paystack_payments`
--
ALTER TABLE `paystack_payments`
  MODIFY `id` bigint(20) UNSIGNED NOT NULL AUTO_INCREMENT;

--
-- AUTO_INCREMENT for table `permissions`
--
ALTER TABLE `permissions`
  MODIFY `id` bigint(20) UNSIGNED NOT NULL AUTO_INCREMENT, AUTO_INCREMENT=54;

--
-- AUTO_INCREMENT for table `personal_access_tokens`
--
ALTER TABLE `personal_access_tokens`
  MODIFY `id` bigint(20) UNSIGNED NOT NULL AUTO_INCREMENT;

--
-- AUTO_INCREMENT for table `predefined_amounts`
--
ALTER TABLE `predefined_amounts`
  MODIFY `id` bigint(20) UNSIGNED NOT NULL AUTO_INCREMENT, AUTO_INCREMENT=9;

--
-- AUTO_INCREMENT for table `printers`
--
ALTER TABLE `printers`
  MODIFY `id` bigint(20) UNSIGNED NOT NULL AUTO_INCREMENT, AUTO_INCREMENT=8;

--
-- AUTO_INCREMENT for table `print_jobs`
--
ALTER TABLE `print_jobs`
  MODIFY `id` bigint(20) UNSIGNED NOT NULL AUTO_INCREMENT;

--
-- AUTO_INCREMENT for table `pusher_settings`
--
ALTER TABLE `pusher_settings`
  MODIFY `id` bigint(20) UNSIGNED NOT NULL AUTO_INCREMENT, AUTO_INCREMENT=3;

--
-- AUTO_INCREMENT for table `razorpay_payments`
--
ALTER TABLE `razorpay_payments`
  MODIFY `id` bigint(20) UNSIGNED NOT NULL AUTO_INCREMENT, AUTO_INCREMENT=3;

--
-- AUTO_INCREMENT for table `receipt_settings`
--
ALTER TABLE `receipt_settings`
  MODIFY `id` bigint(20) UNSIGNED NOT NULL AUTO_INCREMENT, AUTO_INCREMENT=7;

--
-- AUTO_INCREMENT for table `reservations`
--
ALTER TABLE `reservations`
  MODIFY `id` bigint(20) UNSIGNED NOT NULL AUTO_INCREMENT, AUTO_INCREMENT=10;

--
-- AUTO_INCREMENT for table `reservation_settings`
--
ALTER TABLE `reservation_settings`
  MODIFY `id` bigint(20) UNSIGNED NOT NULL AUTO_INCREMENT, AUTO_INCREMENT=190;

--
-- AUTO_INCREMENT for table `restaurants`
--
ALTER TABLE `restaurants`
  MODIFY `id` bigint(20) UNSIGNED NOT NULL AUTO_INCREMENT, AUTO_INCREMENT=10;

--
-- AUTO_INCREMENT for table `restaurant_charges`
--
ALTER TABLE `restaurant_charges`
  MODIFY `id` bigint(20) UNSIGNED NOT NULL AUTO_INCREMENT, AUTO_INCREMENT=5;

--
-- AUTO_INCREMENT for table `restaurant_payments`
--
ALTER TABLE `restaurant_payments`
  MODIFY `id` bigint(20) UNSIGNED NOT NULL AUTO_INCREMENT;

--
-- AUTO_INCREMENT for table `restaurant_taxes`
--
ALTER TABLE `restaurant_taxes`
  MODIFY `id` bigint(20) UNSIGNED NOT NULL AUTO_INCREMENT, AUTO_INCREMENT=3;

--
-- AUTO_INCREMENT for table `roles`
--
ALTER TABLE `roles`
  MODIFY `id` bigint(20) UNSIGNED NOT NULL AUTO_INCREMENT, AUTO_INCREMENT=30;

--
-- AUTO_INCREMENT for table `split_orders`
--
ALTER TABLE `split_orders`
  MODIFY `id` bigint(20) UNSIGNED NOT NULL AUTO_INCREMENT, AUTO_INCREMENT=12;

--
-- AUTO_INCREMENT for table `split_order_items`
--
ALTER TABLE `split_order_items`
  MODIFY `id` bigint(20) UNSIGNED NOT NULL AUTO_INCREMENT, AUTO_INCREMENT=11;

--
-- AUTO_INCREMENT for table `stripe_payments`
--
ALTER TABLE `stripe_payments`
  MODIFY `id` bigint(20) UNSIGNED NOT NULL AUTO_INCREMENT;

--
-- AUTO_INCREMENT for table `superadmin_payment_gateways`
--
ALTER TABLE `superadmin_payment_gateways`
  MODIFY `id` bigint(20) UNSIGNED NOT NULL AUTO_INCREMENT, AUTO_INCREMENT=3;

--
-- AUTO_INCREMENT for table `tables`
--
ALTER TABLE `tables`
  MODIFY `id` bigint(20) UNSIGNED NOT NULL AUTO_INCREMENT, AUTO_INCREMENT=69;

--
-- AUTO_INCREMENT for table `taxes`
--
ALTER TABLE `taxes`
  MODIFY `id` bigint(20) UNSIGNED NOT NULL AUTO_INCREMENT, AUTO_INCREMENT=10;

--
-- AUTO_INCREMENT for table `users`
--
ALTER TABLE `users`
  MODIFY `id` bigint(20) UNSIGNED NOT NULL AUTO_INCREMENT, AUTO_INCREMENT=37;

--
-- AUTO_INCREMENT for table `waiter_requests`
--
ALTER TABLE `waiter_requests`
  MODIFY `id` bigint(20) UNSIGNED NOT NULL AUTO_INCREMENT, AUTO_INCREMENT=9;

--
-- Constraints for dumped tables
--

--
-- Constraints for table `areas`
--
ALTER TABLE `areas`
  ADD CONSTRAINT `areas_branch_id_foreign` FOREIGN KEY (`branch_id`) REFERENCES `branches` (`id`) ON DELETE CASCADE ON UPDATE CASCADE;

--
-- Constraints for table `branches`
--
ALTER TABLE `branches`
  ADD CONSTRAINT `branches_restaurant_id_foreign` FOREIGN KEY (`restaurant_id`) REFERENCES `restaurants` (`id`) ON DELETE CASCADE ON UPDATE CASCADE;

--
-- Constraints for table `branch_delivery_settings`
--
ALTER TABLE `branch_delivery_settings`
  ADD CONSTRAINT `branch_delivery_settings_branch_id_foreign` FOREIGN KEY (`branch_id`) REFERENCES `branches` (`id`) ON DELETE CASCADE ON UPDATE CASCADE;

--
-- Constraints for table `contacts`
--
ALTER TABLE `contacts`
  ADD CONSTRAINT `contacts_language_setting_id_foreign` FOREIGN KEY (`language_setting_id`) REFERENCES `language_settings` (`id`) ON DELETE CASCADE ON UPDATE CASCADE;

--
-- Constraints for table `currencies`
--
ALTER TABLE `currencies`
  ADD CONSTRAINT `currencies_restaurant_id_foreign` FOREIGN KEY (`restaurant_id`) REFERENCES `restaurants` (`id`) ON DELETE CASCADE ON UPDATE CASCADE;

--
-- Constraints for table `customers`
--
ALTER TABLE `customers`
  ADD CONSTRAINT `customers_restaurant_id_foreign` FOREIGN KEY (`restaurant_id`) REFERENCES `restaurants` (`id`) ON DELETE CASCADE ON UPDATE CASCADE;

--
-- Constraints for table `customer_addresses`
--
ALTER TABLE `customer_addresses`
  ADD CONSTRAINT `customer_addresses_customer_id_foreign` FOREIGN KEY (`customer_id`) REFERENCES `customers` (`id`) ON DELETE CASCADE ON UPDATE CASCADE;

--
-- Constraints for table `delivery_executives`
--
ALTER TABLE `delivery_executives`
  ADD CONSTRAINT `delivery_executives_branch_id_foreign` FOREIGN KEY (`branch_id`) REFERENCES `branches` (`id`) ON DELETE CASCADE;

--
-- Constraints for table `delivery_fee_tiers`
--
ALTER TABLE `delivery_fee_tiers`
  ADD CONSTRAINT `delivery_fee_tiers_branch_id_foreign` FOREIGN KEY (`branch_id`) REFERENCES `branches` (`id`) ON DELETE CASCADE;

--
-- Constraints for table `expenses`
--
ALTER TABLE `expenses`
  ADD CONSTRAINT `expenses_branch_id_foreign` FOREIGN KEY (`branch_id`) REFERENCES `branches` (`id`) ON DELETE CASCADE ON UPDATE CASCADE,
  ADD CONSTRAINT `expenses_expense_category_id_foreign` FOREIGN KEY (`expense_category_id`) REFERENCES `expense_categories` (`id`) ON DELETE SET NULL;

--
-- Constraints for table `expense_categories`
--
ALTER TABLE `expense_categories`
  ADD CONSTRAINT `expense_categories_branch_id_foreign` FOREIGN KEY (`branch_id`) REFERENCES `branches` (`id`) ON DELETE CASCADE ON UPDATE CASCADE;

--
-- Constraints for table `file_storage`
--
ALTER TABLE `file_storage`
  ADD CONSTRAINT `file_storage_restaurant_id_foreign` FOREIGN KEY (`restaurant_id`) REFERENCES `restaurants` (`id`) ON DELETE CASCADE ON UPDATE CASCADE;

--
-- Constraints for table `flutterwave_payments`
--
ALTER TABLE `flutterwave_payments`
  ADD CONSTRAINT `flutterwave_payments_order_id_foreign` FOREIGN KEY (`order_id`) REFERENCES `orders` (`id`) ON DELETE CASCADE;

--
-- Constraints for table `front_details`
--
ALTER TABLE `front_details`
  ADD CONSTRAINT `front_details_language_setting_id_foreign` FOREIGN KEY (`language_setting_id`) REFERENCES `language_settings` (`id`) ON DELETE CASCADE ON UPDATE CASCADE;

--
-- Constraints for table `front_faq_settings`
--
ALTER TABLE `front_faq_settings`
  ADD CONSTRAINT `front_faq_settings_language_setting_id_foreign` FOREIGN KEY (`language_setting_id`) REFERENCES `language_settings` (`id`) ON DELETE CASCADE ON UPDATE CASCADE;

--
-- Constraints for table `front_features`
--
ALTER TABLE `front_features`
  ADD CONSTRAINT `front_features_language_setting_id_foreign` FOREIGN KEY (`language_setting_id`) REFERENCES `language_settings` (`id`) ON DELETE CASCADE ON UPDATE CASCADE;

--
-- Constraints for table `front_review_settings`
--
ALTER TABLE `front_review_settings`
  ADD CONSTRAINT `front_review_settings_language_setting_id_foreign` FOREIGN KEY (`language_setting_id`) REFERENCES `language_settings` (`id`) ON DELETE CASCADE ON UPDATE CASCADE;

--
-- Constraints for table `global_invoices`
--
ALTER TABLE `global_invoices`
  ADD CONSTRAINT `global_invoices_currency_id_foreign` FOREIGN KEY (`currency_id`) REFERENCES `global_currencies` (`id`) ON DELETE CASCADE ON UPDATE CASCADE,
  ADD CONSTRAINT `global_invoices_global_subscription_id_foreign` FOREIGN KEY (`global_subscription_id`) REFERENCES `global_subscriptions` (`id`) ON DELETE CASCADE ON UPDATE CASCADE,
  ADD CONSTRAINT `global_invoices_offline_method_id_foreign` FOREIGN KEY (`offline_method_id`) REFERENCES `offline_payment_methods` (`id`) ON DELETE CASCADE ON UPDATE CASCADE,
  ADD CONSTRAINT `global_invoices_package_id_foreign` FOREIGN KEY (`package_id`) REFERENCES `packages` (`id`) ON DELETE CASCADE ON UPDATE CASCADE,
  ADD CONSTRAINT `global_invoices_restaurant_id_foreign` FOREIGN KEY (`restaurant_id`) REFERENCES `restaurants` (`id`) ON DELETE CASCADE ON UPDATE CASCADE;

--
-- Constraints for table `global_settings`
--
ALTER TABLE `global_settings`
  ADD CONSTRAINT `global_settings_default_currency_id_foreign` FOREIGN KEY (`default_currency_id`) REFERENCES `global_currencies` (`id`) ON DELETE CASCADE ON UPDATE CASCADE;

--
-- Constraints for table `global_subscriptions`
--
ALTER TABLE `global_subscriptions`
  ADD CONSTRAINT `global_subscriptions_currency_id_foreign` FOREIGN KEY (`currency_id`) REFERENCES `global_currencies` (`id`) ON DELETE CASCADE ON UPDATE CASCADE,
  ADD CONSTRAINT `global_subscriptions_package_id_foreign` FOREIGN KEY (`package_id`) REFERENCES `packages` (`id`) ON DELETE SET NULL ON UPDATE CASCADE,
  ADD CONSTRAINT `global_subscriptions_restaurant_id_foreign` FOREIGN KEY (`restaurant_id`) REFERENCES `restaurants` (`id`) ON DELETE CASCADE ON UPDATE CASCADE;

--
-- Constraints for table `item_categories`
--
ALTER TABLE `item_categories`
  ADD CONSTRAINT `item_categories_branch_id_foreign` FOREIGN KEY (`branch_id`) REFERENCES `branches` (`id`) ON DELETE CASCADE ON UPDATE CASCADE;

--
-- Constraints for table `item_modifiers`
--
ALTER TABLE `item_modifiers`
  ADD CONSTRAINT `item_modifiers_menu_item_id_foreign` FOREIGN KEY (`menu_item_id`) REFERENCES `menu_items` (`id`) ON DELETE CASCADE ON UPDATE CASCADE,
  ADD CONSTRAINT `item_modifiers_modifier_group_id_foreign` FOREIGN KEY (`modifier_group_id`) REFERENCES `modifier_groups` (`id`) ON DELETE CASCADE ON UPDATE CASCADE;

--
-- Constraints for table `kots`
--
ALTER TABLE `kots`
  ADD CONSTRAINT `kots_branch_id_foreign` FOREIGN KEY (`branch_id`) REFERENCES `branches` (`id`) ON DELETE CASCADE ON UPDATE CASCADE,
  ADD CONSTRAINT `kots_cancel_reason_id_foreign` FOREIGN KEY (`cancel_reason_id`) REFERENCES `kot_cancel_reasons` (`id`) ON DELETE CASCADE ON UPDATE CASCADE,
  ADD CONSTRAINT `kots_order_id_foreign` FOREIGN KEY (`order_id`) REFERENCES `orders` (`id`) ON DELETE CASCADE;

--
-- Constraints for table `kot_cancel_reasons`
--
ALTER TABLE `kot_cancel_reasons`
  ADD CONSTRAINT `kot_cancel_reasons_restaurant_id_foreign` FOREIGN KEY (`restaurant_id`) REFERENCES `restaurants` (`id`) ON DELETE CASCADE ON UPDATE CASCADE;

--
-- Constraints for table `kot_items`
--
ALTER TABLE `kot_items`
  ADD CONSTRAINT `kot_items_kot_id_foreign` FOREIGN KEY (`kot_id`) REFERENCES `kots` (`id`) ON DELETE CASCADE ON UPDATE CASCADE,
  ADD CONSTRAINT `kot_items_menu_item_id_foreign` FOREIGN KEY (`menu_item_id`) REFERENCES `menu_items` (`id`) ON DELETE CASCADE,
  ADD CONSTRAINT `kot_items_menu_item_variation_id_foreign` FOREIGN KEY (`menu_item_variation_id`) REFERENCES `menu_item_variations` (`id`) ON DELETE CASCADE;

--
-- Constraints for table `kot_item_modifier_options`
--
ALTER TABLE `kot_item_modifier_options`
  ADD CONSTRAINT `kot_item_modifier_options_kot_item_id_foreign` FOREIGN KEY (`kot_item_id`) REFERENCES `kot_items` (`id`) ON DELETE CASCADE ON UPDATE CASCADE,
  ADD CONSTRAINT `kot_item_modifier_options_modifier_option_id_foreign` FOREIGN KEY (`modifier_option_id`) REFERENCES `modifier_options` (`id`) ON DELETE CASCADE ON UPDATE CASCADE;

--
-- Constraints for table `kot_places`
--
ALTER TABLE `kot_places`
  ADD CONSTRAINT `kot_places_branch_id_foreign` FOREIGN KEY (`branch_id`) REFERENCES `branches` (`id`) ON DELETE CASCADE,
  ADD CONSTRAINT `kot_places_printer_id_foreign` FOREIGN KEY (`printer_id`) REFERENCES `printers` (`id`) ON DELETE SET NULL;

--
-- Constraints for table `kot_settings`
--
ALTER TABLE `kot_settings`
  ADD CONSTRAINT `kot_settings_branch_id_foreign` FOREIGN KEY (`branch_id`) REFERENCES `branches` (`id`) ON DELETE CASCADE;

--
-- Constraints for table `menus`
--
ALTER TABLE `menus`
  ADD CONSTRAINT `menus_branch_id_foreign` FOREIGN KEY (`branch_id`) REFERENCES `branches` (`id`) ON DELETE CASCADE ON UPDATE CASCADE;

--
-- Constraints for table `menu_items`
--
ALTER TABLE `menu_items`
  ADD CONSTRAINT `menu_items_branch_id_foreign` FOREIGN KEY (`branch_id`) REFERENCES `branches` (`id`) ON DELETE CASCADE ON UPDATE CASCADE,
  ADD CONSTRAINT `menu_items_item_category_id_foreign` FOREIGN KEY (`item_category_id`) REFERENCES `item_categories` (`id`) ON DELETE CASCADE ON UPDATE CASCADE,
  ADD CONSTRAINT `menu_items_menu_id_foreign` FOREIGN KEY (`menu_id`) REFERENCES `menus` (`id`) ON DELETE CASCADE ON UPDATE CASCADE;

--
-- Constraints for table `menu_item_tax`
--
ALTER TABLE `menu_item_tax`
  ADD CONSTRAINT `menu_item_tax_menu_item_id_foreign` FOREIGN KEY (`menu_item_id`) REFERENCES `menu_items` (`id`) ON DELETE CASCADE ON UPDATE CASCADE,
  ADD CONSTRAINT `menu_item_tax_tax_id_foreign` FOREIGN KEY (`tax_id`) REFERENCES `taxes` (`id`) ON DELETE CASCADE;

--
-- Constraints for table `menu_item_translations`
--
ALTER TABLE `menu_item_translations`
  ADD CONSTRAINT `menu_item_translations_menu_item_id_foreign` FOREIGN KEY (`menu_item_id`) REFERENCES `menu_items` (`id`) ON DELETE CASCADE;

--
-- Constraints for table `menu_item_variations`
--
ALTER TABLE `menu_item_variations`
  ADD CONSTRAINT `menu_item_variations_menu_item_id_foreign` FOREIGN KEY (`menu_item_id`) REFERENCES `menu_items` (`id`) ON DELETE CASCADE ON UPDATE CASCADE;

--
-- Constraints for table `model_has_permissions`
--
ALTER TABLE `model_has_permissions`
  ADD CONSTRAINT `model_has_permissions_permission_id_foreign` FOREIGN KEY (`permission_id`) REFERENCES `permissions` (`id`) ON DELETE CASCADE;

--
-- Constraints for table `model_has_roles`
--
ALTER TABLE `model_has_roles`
  ADD CONSTRAINT `model_has_roles_role_id_foreign` FOREIGN KEY (`role_id`) REFERENCES `roles` (`id`) ON DELETE CASCADE;

--
-- Constraints for table `modifier_groups`
--
ALTER TABLE `modifier_groups`
  ADD CONSTRAINT `modifier_groups_branch_id_foreign` FOREIGN KEY (`branch_id`) REFERENCES `branches` (`id`) ON DELETE CASCADE ON UPDATE CASCADE;

--
-- Constraints for table `modifier_group_translations`
--
ALTER TABLE `modifier_group_translations`
  ADD CONSTRAINT `modifier_group_translations_modifier_group_id_foreign` FOREIGN KEY (`modifier_group_id`) REFERENCES `modifier_groups` (`id`) ON DELETE CASCADE;

--
-- Constraints for table `modifier_options`
--
ALTER TABLE `modifier_options`
  ADD CONSTRAINT `modifier_options_modifier_group_id_foreign` FOREIGN KEY (`modifier_group_id`) REFERENCES `modifier_groups` (`id`) ON DELETE CASCADE ON UPDATE CASCADE;

--
-- Constraints for table `notification_settings`
--
ALTER TABLE `notification_settings`
  ADD CONSTRAINT `notification_settings_restaurant_id_foreign` FOREIGN KEY (`restaurant_id`) REFERENCES `restaurants` (`id`) ON DELETE CASCADE ON UPDATE CASCADE;

--
-- Constraints for table `offline_payment_methods`
--
ALTER TABLE `offline_payment_methods`
  ADD CONSTRAINT `offline_payment_methods_restaurant_id_foreign` FOREIGN KEY (`restaurant_id`) REFERENCES `restaurants` (`id`) ON DELETE CASCADE ON UPDATE CASCADE;

--
-- Constraints for table `offline_plan_changes`
--
ALTER TABLE `offline_plan_changes`
  ADD CONSTRAINT `offline_plan_changes_invoice_id_foreign` FOREIGN KEY (`invoice_id`) REFERENCES `global_invoices` (`id`) ON DELETE CASCADE ON UPDATE CASCADE,
  ADD CONSTRAINT `offline_plan_changes_offline_method_id_foreign` FOREIGN KEY (`offline_method_id`) REFERENCES `offline_payment_methods` (`id`) ON DELETE CASCADE ON UPDATE CASCADE,
  ADD CONSTRAINT `offline_plan_changes_package_id_foreign` FOREIGN KEY (`package_id`) REFERENCES `packages` (`id`) ON DELETE CASCADE ON UPDATE CASCADE,
  ADD CONSTRAINT `offline_plan_changes_restaurant_id_foreign` FOREIGN KEY (`restaurant_id`) REFERENCES `restaurants` (`id`) ON DELETE CASCADE ON UPDATE CASCADE;

--
-- Constraints for table `onboarding_steps`
--
ALTER TABLE `onboarding_steps`
  ADD CONSTRAINT `onboarding_steps_branch_id_foreign` FOREIGN KEY (`branch_id`) REFERENCES `branches` (`id`) ON DELETE CASCADE;

--
-- Constraints for table `orders`
--
ALTER TABLE `orders`
  ADD CONSTRAINT `orders_branch_id_foreign` FOREIGN KEY (`branch_id`) REFERENCES `branches` (`id`) ON DELETE CASCADE ON UPDATE CASCADE,
  ADD CONSTRAINT `orders_cancel_reason_id_foreign` FOREIGN KEY (`cancel_reason_id`) REFERENCES `kot_cancel_reasons` (`id`) ON DELETE CASCADE ON UPDATE CASCADE,
  ADD CONSTRAINT `orders_customer_id_foreign` FOREIGN KEY (`customer_id`) REFERENCES `customers` (`id`) ON DELETE SET NULL ON UPDATE CASCADE,
  ADD CONSTRAINT `orders_delivery_executive_id_foreign` FOREIGN KEY (`delivery_executive_id`) REFERENCES `delivery_executives` (`id`) ON DELETE SET NULL,
  ADD CONSTRAINT `orders_table_id_foreign` FOREIGN KEY (`table_id`) REFERENCES `tables` (`id`) ON DELETE CASCADE ON UPDATE CASCADE,
  ADD CONSTRAINT `orders_waiter_id_foreign` FOREIGN KEY (`waiter_id`) REFERENCES `users` (`id`) ON DELETE SET NULL;

--
-- Constraints for table `order_charges`
--
ALTER TABLE `order_charges`
  ADD CONSTRAINT `order_charges_charge_id_foreign` FOREIGN KEY (`charge_id`) REFERENCES `restaurant_charges` (`id`) ON DELETE CASCADE,
  ADD CONSTRAINT `order_charges_order_id_foreign` FOREIGN KEY (`order_id`) REFERENCES `orders` (`id`) ON DELETE CASCADE;

--
-- Constraints for table `order_histories`
--
ALTER TABLE `order_histories`
  ADD CONSTRAINT `order_histories_order_id_foreign` FOREIGN KEY (`order_id`) REFERENCES `orders` (`id`) ON DELETE CASCADE;

--
-- Constraints for table `order_items`
--
ALTER TABLE `order_items`
  ADD CONSTRAINT `order_items_branch_id_foreign` FOREIGN KEY (`branch_id`) REFERENCES `branches` (`id`) ON DELETE CASCADE ON UPDATE CASCADE,
  ADD CONSTRAINT `order_items_menu_item_id_foreign` FOREIGN KEY (`menu_item_id`) REFERENCES `menu_items` (`id`) ON DELETE CASCADE,
  ADD CONSTRAINT `order_items_menu_item_variation_id_foreign` FOREIGN KEY (`menu_item_variation_id`) REFERENCES `menu_item_variations` (`id`) ON DELETE CASCADE,
  ADD CONSTRAINT `order_items_order_id_foreign` FOREIGN KEY (`order_id`) REFERENCES `orders` (`id`) ON DELETE CASCADE;

--
-- Constraints for table `order_item_modifier_options`
--
ALTER TABLE `order_item_modifier_options`
  ADD CONSTRAINT `order_item_modifier_options_modifier_option_id_foreign` FOREIGN KEY (`modifier_option_id`) REFERENCES `modifier_options` (`id`) ON DELETE CASCADE ON UPDATE CASCADE,
  ADD CONSTRAINT `order_item_modifier_options_order_item_id_foreign` FOREIGN KEY (`order_item_id`) REFERENCES `order_items` (`id`) ON DELETE CASCADE ON UPDATE CASCADE;

--
-- Constraints for table `order_places`
--
ALTER TABLE `order_places`
  ADD CONSTRAINT `order_places_branch_id_foreign` FOREIGN KEY (`branch_id`) REFERENCES `branches` (`id`) ON DELETE CASCADE,
  ADD CONSTRAINT `order_places_printer_id_foreign` FOREIGN KEY (`printer_id`) REFERENCES `printers` (`id`) ON DELETE SET NULL;

--
-- Constraints for table `order_taxes`
--
ALTER TABLE `order_taxes`
  ADD CONSTRAINT `order_taxes_order_id_foreign` FOREIGN KEY (`order_id`) REFERENCES `orders` (`id`) ON DELETE CASCADE,
  ADD CONSTRAINT `order_taxes_tax_id_foreign` FOREIGN KEY (`tax_id`) REFERENCES `taxes` (`id`) ON DELETE CASCADE;

--
-- Constraints for table `packages`
--
ALTER TABLE `packages`
  ADD CONSTRAINT `packages_currency_id_foreign` FOREIGN KEY (`currency_id`) REFERENCES `global_currencies` (`id`) ON DELETE CASCADE;

--
-- Constraints for table `package_modules`
--
ALTER TABLE `package_modules`
  ADD CONSTRAINT `package_modules_module_id_foreign` FOREIGN KEY (`module_id`) REFERENCES `modules` (`id`) ON DELETE CASCADE ON UPDATE CASCADE,
  ADD CONSTRAINT `package_modules_package_id_foreign` FOREIGN KEY (`package_id`) REFERENCES `packages` (`id`) ON DELETE CASCADE ON UPDATE CASCADE;

--
-- Constraints for table `payfast_payments`
--
ALTER TABLE `payfast_payments`
  ADD CONSTRAINT `payfast_payments_order_id_foreign` FOREIGN KEY (`order_id`) REFERENCES `orders` (`id`) ON DELETE CASCADE;

--
-- Constraints for table `payments`
--
ALTER TABLE `payments`
  ADD CONSTRAINT `payments_branch_id_foreign` FOREIGN KEY (`branch_id`) REFERENCES `branches` (`id`) ON DELETE CASCADE ON UPDATE CASCADE,
  ADD CONSTRAINT `payments_order_id_foreign` FOREIGN KEY (`order_id`) REFERENCES `orders` (`id`) ON DELETE CASCADE;

--
-- Constraints for table `payment_gateway_credentials`
--
ALTER TABLE `payment_gateway_credentials`
  ADD CONSTRAINT `payment_gateway_credentials_restaurant_id_foreign` FOREIGN KEY (`restaurant_id`) REFERENCES `restaurants` (`id`) ON DELETE CASCADE ON UPDATE CASCADE;

--
-- Constraints for table `paypal_payments`
--
ALTER TABLE `paypal_payments`
  ADD CONSTRAINT `paypal_payments_order_id_foreign` FOREIGN KEY (`order_id`) REFERENCES `orders` (`id`) ON DELETE CASCADE;

--
-- Constraints for table `paystack_payments`
--
ALTER TABLE `paystack_payments`
  ADD CONSTRAINT `paystack_payments_order_id_foreign` FOREIGN KEY (`order_id`) REFERENCES `orders` (`id`) ON DELETE CASCADE;

--
-- Constraints for table `permissions`
--
ALTER TABLE `permissions`
  ADD CONSTRAINT `permissions_module_id_foreign` FOREIGN KEY (`module_id`) REFERENCES `modules` (`id`) ON DELETE CASCADE;

--
-- Constraints for table `predefined_amounts`
--
ALTER TABLE `predefined_amounts`
  ADD CONSTRAINT `predefined_amounts_restaurant_id_foreign` FOREIGN KEY (`restaurant_id`) REFERENCES `restaurants` (`id`) ON DELETE CASCADE;

--
-- Constraints for table `printers`
--
ALTER TABLE `printers`
  ADD CONSTRAINT `printers_branch_id_foreign` FOREIGN KEY (`branch_id`) REFERENCES `branches` (`id`) ON DELETE CASCADE,
  ADD CONSTRAINT `printers_restaurant_id_foreign` FOREIGN KEY (`restaurant_id`) REFERENCES `restaurants` (`id`) ON DELETE CASCADE;

--
-- Constraints for table `print_jobs`
--
ALTER TABLE `print_jobs`
  ADD CONSTRAINT `print_jobs_branch_id_foreign` FOREIGN KEY (`branch_id`) REFERENCES `branches` (`id`) ON DELETE CASCADE,
  ADD CONSTRAINT `print_jobs_printer_id_foreign` FOREIGN KEY (`printer_id`) REFERENCES `printers` (`id`) ON DELETE CASCADE,
  ADD CONSTRAINT `print_jobs_restaurant_id_foreign` FOREIGN KEY (`restaurant_id`) REFERENCES `restaurants` (`id`) ON DELETE CASCADE;

--
-- Constraints for table `razorpay_payments`
--
ALTER TABLE `razorpay_payments`
  ADD CONSTRAINT `razorpay_payments_order_id_foreign` FOREIGN KEY (`order_id`) REFERENCES `orders` (`id`) ON DELETE CASCADE;

--
-- Constraints for table `receipt_settings`
--
ALTER TABLE `receipt_settings`
  ADD CONSTRAINT `receipt_settings_restaurant_id_foreign` FOREIGN KEY (`restaurant_id`) REFERENCES `restaurants` (`id`) ON DELETE CASCADE ON UPDATE CASCADE;

--
-- Constraints for table `reservations`
--
ALTER TABLE `reservations`
  ADD CONSTRAINT `reservations_branch_id_foreign` FOREIGN KEY (`branch_id`) REFERENCES `branches` (`id`) ON DELETE CASCADE ON UPDATE CASCADE,
  ADD CONSTRAINT `reservations_customer_id_foreign` FOREIGN KEY (`customer_id`) REFERENCES `customers` (`id`) ON DELETE SET NULL ON UPDATE CASCADE,
  ADD CONSTRAINT `reservations_table_id_foreign` FOREIGN KEY (`table_id`) REFERENCES `tables` (`id`) ON DELETE CASCADE ON UPDATE CASCADE;

--
-- Constraints for table `reservation_settings`
--
ALTER TABLE `reservation_settings`
  ADD CONSTRAINT `reservation_settings_branch_id_foreign` FOREIGN KEY (`branch_id`) REFERENCES `branches` (`id`) ON DELETE CASCADE ON UPDATE CASCADE;

--
-- Constraints for table `restaurants`
--
ALTER TABLE `restaurants`
  ADD CONSTRAINT `restaurant_settings_country_id_foreign` FOREIGN KEY (`country_id`) REFERENCES `countries` (`id`) ON DELETE CASCADE,
  ADD CONSTRAINT `restaurant_settings_currency_id_foreign` FOREIGN KEY (`currency_id`) REFERENCES `currencies` (`id`) ON DELETE CASCADE,
  ADD CONSTRAINT `restaurants_package_id_foreign` FOREIGN KEY (`package_id`) REFERENCES `packages` (`id`) ON DELETE SET NULL ON UPDATE CASCADE;

--
-- Constraints for table `restaurant_charges`
--
ALTER TABLE `restaurant_charges`
  ADD CONSTRAINT `restaurant_charges_restaurant_id_foreign` FOREIGN KEY (`restaurant_id`) REFERENCES `restaurants` (`id`) ON DELETE CASCADE ON UPDATE CASCADE;

--
-- Constraints for table `restaurant_payments`
--
ALTER TABLE `restaurant_payments`
  ADD CONSTRAINT `restaurant_payments_package_id_foreign` FOREIGN KEY (`package_id`) REFERENCES `packages` (`id`) ON DELETE CASCADE,
  ADD CONSTRAINT `restaurant_payments_restaurant_id_foreign` FOREIGN KEY (`restaurant_id`) REFERENCES `restaurants` (`id`) ON DELETE CASCADE;

--
-- Constraints for table `restaurant_taxes`
--
ALTER TABLE `restaurant_taxes`
  ADD CONSTRAINT `restaurant_taxes_restaurant_id_foreign` FOREIGN KEY (`restaurant_id`) REFERENCES `restaurants` (`id`) ON DELETE CASCADE;

--
-- Constraints for table `roles`
--
ALTER TABLE `roles`
  ADD CONSTRAINT `roles_restaurant_id_foreign` FOREIGN KEY (`restaurant_id`) REFERENCES `restaurants` (`id`) ON DELETE CASCADE;

--
-- Constraints for table `role_has_permissions`
--
ALTER TABLE `role_has_permissions`
  ADD CONSTRAINT `role_has_permissions_permission_id_foreign` FOREIGN KEY (`permission_id`) REFERENCES `permissions` (`id`) ON DELETE CASCADE,
  ADD CONSTRAINT `role_has_permissions_role_id_foreign` FOREIGN KEY (`role_id`) REFERENCES `roles` (`id`) ON DELETE CASCADE;

--
-- Constraints for table `split_orders`
--
ALTER TABLE `split_orders`
  ADD CONSTRAINT `split_orders_order_id_foreign` FOREIGN KEY (`order_id`) REFERENCES `orders` (`id`);

--
-- Constraints for table `split_order_items`
--
ALTER TABLE `split_order_items`
  ADD CONSTRAINT `split_order_items_order_item_id_foreign` FOREIGN KEY (`order_item_id`) REFERENCES `order_items` (`id`) ON DELETE CASCADE,
  ADD CONSTRAINT `split_order_items_split_order_id_foreign` FOREIGN KEY (`split_order_id`) REFERENCES `split_orders` (`id`) ON DELETE CASCADE;

--
-- Constraints for table `stripe_payments`
--
ALTER TABLE `stripe_payments`
  ADD CONSTRAINT `stripe_payments_order_id_foreign` FOREIGN KEY (`order_id`) REFERENCES `orders` (`id`) ON DELETE CASCADE;

--
-- Constraints for table `tables`
--
ALTER TABLE `tables`
  ADD CONSTRAINT `tables_area_id_foreign` FOREIGN KEY (`area_id`) REFERENCES `areas` (`id`) ON DELETE CASCADE ON UPDATE CASCADE,
  ADD CONSTRAINT `tables_branch_id_foreign` FOREIGN KEY (`branch_id`) REFERENCES `branches` (`id`) ON DELETE CASCADE ON UPDATE CASCADE;

--
-- Constraints for table `taxes`
--
ALTER TABLE `taxes`
  ADD CONSTRAINT `taxes_restaurant_id_foreign` FOREIGN KEY (`restaurant_id`) REFERENCES `restaurants` (`id`) ON DELETE CASCADE ON UPDATE CASCADE;

--
-- Constraints for table `users`
--
ALTER TABLE `users`
  ADD CONSTRAINT `users_branch_id_foreign` FOREIGN KEY (`branch_id`) REFERENCES `branches` (`id`) ON DELETE CASCADE ON UPDATE CASCADE,
  ADD CONSTRAINT `users_restaurant_id_foreign` FOREIGN KEY (`restaurant_id`) REFERENCES `restaurants` (`id`) ON DELETE CASCADE ON UPDATE CASCADE;

--
-- Constraints for table `waiter_requests`
--
ALTER TABLE `waiter_requests`
  ADD CONSTRAINT `waiter_requests_branch_id_foreign` FOREIGN KEY (`branch_id`) REFERENCES `branches` (`id`) ON DELETE CASCADE,
  ADD CONSTRAINT `waiter_requests_table_id_foreign` FOREIGN KEY (`table_id`) REFERENCES `tables` (`id`) ON DELETE CASCADE;
COMMIT;

/*!40101 SET CHARACTER_SET_CLIENT=@OLD_CHARACTER_SET_CLIENT */;
/*!40101 SET CHARACTER_SET_RESULTS=@OLD_CHARACTER_SET_RESULTS */;
/*!40101 SET COLLATION_CONNECTION=@OLD_COLLATION_CONNECTION */;
